Survey Year,UNITID,OPE ID,Institution Name,State CD,Classification Name,Classification Other,Sanction Code,Sanction Name,Male Undergraduates,Female Undergraduates,Total Undergraduates,Sport Code,Sport Name,# Participants Men's Team,# Participants Women's Team,# Participants Men Coed Team,# Participants Women Coed Team,Total # Participants Men's Team/Men Coed Team,Total # Participants Women's Team/Women Coed Team,Operating Expenses per Participant/Men's Team,Operating Expenses per Team/Men's Team,Operating Expenses per Participant/Women's Team,Operating Expenses per Team/Women's Team,Total Operating Expenses Men's Team and Women's Team,Operating Expenses per Participant/Men Coed Team,Operating Expenses per Team/Men Coed Team,Operating Expenses per Participant/Women Coed Team,Operating Expenses per Team/Women Coed Team,Total Operating Expenses Men Coed Team/Women Coed Team,Revenues Men's Team,Revenues Women's Team,Total Revenues For Men's Team and Women's Team,Revenues Men Coed Team,Revenues Women Coed Team,Total Revenues Men Coed Team/Women Coed Team,Total Revenues Men's Team and Men Coed Team,Total Revenues Women's Team and Women Coed Team,Total Revenues Men's Team/Women's Team and Coed Team,Expenses Men's Team,Expenses Women's Team,Total Expenses Men's Team and Women's Team,Expenses Men Coed Team,Expenses Women Coed Team,Total Expenses Men Coed Team and Women Coed Team,Total Expenses Men's Team and Men Coed Team,Total Expenses Women's Team and  Women Coed Team,Total Expenses Men's Team/Women's Team and Coed Team
2024,222178,00353700,Abilene Christian University,TX,2,,1,NCAA,1258,1843,3101,2,Basketball,14,12,,,14,12,46360,649043,38288,459456,1108499,,,,,,2946756,1636762,4583518,,,,2946756,1636762,4583518,2430158,1832333,4262491,,,,2430158,1832333,4262491
2024,138558,00154100,Abraham Baldwin Agricultural College,GA,9,,2,NAIA,1062,1398,2460,2,Basketball,15,18,,,15,18,2865,42969,2152,38727,81696,,,,,,146949,67199,214148,,,,146949,67199,214148,146949,67199,214148,,,,146949,67199,214148
2024,126182,00134500,Adams State University,CO,4,,1,NCAA,485,430,915,2,Basketball,16,12,,,16,12,6986,111779,8604,103246,215025,,,,,,549915,611928,1161843,,,,549915,611928,1161843,549915,611928,1161843,,,,549915,611928,1161843
2024,188429,00266600,Adelphi University,NY,5,,1,NCAA,1696,3433,5129,2,Basketball,12,20,,,12,20,10964,131563,3916,78313,209876,,,,,,732806,634563,1367369,,,,732806,634563,1367369,732806,634563,1367369,,,,732806,634563,1367369
2024,168528,00223400,Adrian College,MI,6,,1,NCAA,917,676,1593,2,Basketball,28,18,,,28,18,1738,48660,2418,43528,92188,,,,,,155715,137799,293514,,,,155715,137799,293514,155715,137799,293514,,,,155715,137799,293514
2024,100654,00100200,Alabama A & M University,AL,2,,1,NCAA,2375,3293,5668,2,Basketball,27,20,,,27,20,18578,501600,22803,456057,957657,,,,,,1591243,1293631,2884874,,,,1591243,1293631,2884874,1235045,1183091,2418136,,,,1235045,1183091,2418136
2024,100724,00100500,Alabama State University,AL,2,,1,NCAA,1177,2066,3243,2,Basketball,15,17,,,15,17,5747,86202,5194,88290,174492,,,,,,1131147,1129829,2260976,,,,1131147,1129829,2260976,1131147,1129829,2260976,,,,1131147,1129829,2260976
2024,188526,00288500,Albany College of Pharmacy and Health Sciences,NY,20,,8,other,169,304,473,2,Basketball,13,13,,,13,13,2331,30307,1474,19166,49473,,,,,,47306,34165,81471,,,,47306,34165,81471,47306,34165,81471,,,,47306,34165,81471
2024,138716,00154400,Albany State University,GA,4,,1,NCAA,1271,3157,4428,2,Basketball,14,18,,,14,18,874,12230,679,12230,24460,,,,,,378885,378885,757770,,,,378885,378885,757770,276220,276220,552440,,,,276220,276220,552440
2024,138682,00560100,Albany Technical College,GA,12,,3,NJCAA,324,615,939,2,Basketball,13,14,,,13,14,3711,48242,3247,45452,93694,,,,,,110304,108252,218556,,,,110304,108252,218556,110304,108252,218556,,,,110304,108252,218556
2024,128498,00137400,Albertus Magnus College,CT,7,,1,NCAA,360,575,935,2,Basketball,18,17,,,18,17,2477,44578,2468,41955,86533,,,,,,148650,93674,242324,,,,148650,93674,242324,148650,93674,242324,,,,148650,93674,242324
2024,168546,00223500,Albion College,MI,6,,1,NCAA,604,690,1294,2,Basketball,30,17,,,30,17,4677,140297,4072,69231,209528,,,,,,269335,244517,513852,,,,269335,244517,513852,252474,236435,488909,,,,252474,236435,488909
2024,210571,00322900,Albright College,PA,6,,1,NCAA,546,604,1150,2,Basketball,17,18,,,17,18,1252,21286,910,16377,37663,,,,,,106032,101083,207115,,,,106032,101083,207115,106032,101083,207115,,,,106032,101083,207115
2024,175342,00239600,Alcorn State University,MS,2,,1,NCAA,701,1357,2058,2,Basketball,13,15,,,13,15,51905,674769,39668,595014,1269783,,,,,,1386731,1225522,2612253,,,,1386731,1225522,2612253,1386731,1225522,2612253,,,,1386731,1225522,2612253
2024,188641,00266800,Alfred University,NY,6,,1,NCAA,675,729,1404,2,Basketball,19,16,,,19,16,2740,52066,3607,57715,109781,,,,,,171824,161486,333310,,,,171824,161486,333310,153765,158722,312487,,,,153765,158722,312487
2024,156189,00195100,Alice Lloyd College,KY,9,,2,NAIA,275,277,552,2,Basketball,31,17,,,31,17,1432,44378,2287,38876,83254,,,,,,161514,149709,311223,,,,161514,149709,311223,127070,111398,238468,,,,127070,111398,238468
2024,108807,00111100,Allan Hancock College,CA,17,,8,other,1528,1651,3179,2,Basketball,15,15,,,15,15,5626,84387,5322,79825,164212,,,,,,206209,192160,398369,,,,206209,192160,398369,186987,185825,372812,,,,186987,185825,372812
2024,161688,00205700,Allegany College of Maryland,MD,13,,3,NJCAA,301,472,773,2,Basketball,20,12,,,20,12,2062,41245,1333,15999,57244,,,,,,90151,52548,142699,,,,90151,52548,142699,90151,52548,142699,,,,90151,52548,142699
2024,210669,00323000,Allegheny College,PA,6,,1,NCAA,536,575,1111,2,Basketball,17,13,,,17,13,4644,78956,7444,96766,175722,,,,,,211061,223984,435045,,,,211061,223984,435045,211061,223984,435045,,,,211061,223984,435045
2024,154642,00190100,Allen County Community College,KS,12,,3,NJCAA,232,225,457,2,Basketball,14,13,,,14,13,2345,32832,3109,40419,73251,,,,,,159286,146487,305773,,,,159286,146487,305773,159286,146487,305773,,,,159286,146487,305773
2024,217624,00341700,Allen University,SC,4,,1,NCAA,316,244,560,2,Basketball,21,19,,,21,19,2221,46640,2897,55040,101680,,,,,,311927,247691,559618,,,,311927,247691,559618,311927,247691,559618,,,,311927,247691,559618
2024,168591,00223600,Alma College,MI,6,,1,NCAA,532,596,1128,2,Basketball,36,23,,,36,23,2161,77795,3351,77076,154871,,,,,,226020,204434,430454,,,,226020,204434,430454,226020,204434,430454,,,,226020,204434,430454
2024,168607,00223700,Alpena Community College,MI,13,,3,NJCAA,251,218,469,2,Basketball,14,10,,,14,10,416,5829,611,6114,11943,,,,,,83576,85068,168644,,,,83576,85068,168644,83576,85068,168644,,,,83576,85068,168644
2024,210775,00323300,Alvernia University,PA,6,,1,NCAA,687,1047,1734,2,Basketball,28,13,,,28,13,2035,56969,2496,32445,89414,,,,,,141399,146987,288386,,,,141399,146987,288386,138791,133599,272390,,,,138791,133599,272390
2024,238193,00383200,Alverno College,WI,7,,1,NCAA,2,525,527,2,Basketball,,13,,,0,13,0,0,3113,40470,40470,,,,,,,86096,86096,,,,0,86096,86096,,87293,87293,,,,0,87293,87293
2024,164447,00211400,American International College,MA,4,,1,NCAA,537,441,978,2,Basketball,17,17,,,17,17,2029,34493,2013,34224,68717,,,,,,736644,637295,1373939,,,,736644,637295,1373939,736644,637295,1373939,,,,736644,637295,1373939
2024,109208,00123200,American River College,CA,17,,8,other,2370,2682,5052,2,Basketball,15,16,,,15,16,1843,27648,957,15306,42954,,,,,,138729,120234,258963,,,,138729,120234,258963,133780,117805,251585,,,,133780,117805,251585
2024,131159,00143400,American University,DC,3,,1,NCAA,2646,4415,7061,2,Basketball,19,13,,,19,13,27079,514509,18800,244396,758905,,,,,,2085642,1831091,3916733,,,,2085642,1831091,3916733,2085642,1831091,3916733,,,,2085642,1831091,3916733
2024,164465,00211500,Amherst College,MA,6,,1,NCAA,861,1050,1911,2,Basketball,14,11,,,14,11,5038,70537,9443,103872,174409,,,,,,362409,310494,672903,,,,362409,310494,672903,362409,310494,672903,,,,362409,310494,672903
2024,150066,00178500,Anderson University,IN,6,,1,NCAA,531,494,1025,2,Basketball,17,17,,,17,17,3477,59101,2418,41103,100204,,,,,,237258,177259,414517,,,,237258,177259,414517,214652,154386,369038,,,,214652,154386,369038
2024,217633,00341800,Anderson University,SC,6,,1,NCAA,1171,1913,3084,2,Basketball,16,15,,,16,15,5062,80991,6974,104612,185603,,,,,,726915,765577,1492492,,,,726915,765577,1492492,769131,780562,1549693,,,,769131,780562,1549693
2024,138761,00154500,Andrew College,GA,12,,3,NJCAA,277,107,384,2,Basketball,23,17,,,23,17,750,17241,919,15620,32861,,,,,,191990,163773,355763,,,,191990,163773,355763,191990,163773,355763,,,,191990,163773,355763
2024,168740,00223800,Andrews University,MI,20,,8,other,512,583,1095,2,Basketball,12,,,,12,0,3142,37701,0,0,37701,,,,,,55151,,55151,,,,55151,0,55151,55151,,55151,,,,55151,0,55151
2024,222822,00666100,Angelina College,TX,12,,3,NJCAA,452,805,1257,2,Basketball,15,14,,,15,14,9781,146714,5626,78768,225482,,,,,,313437,191590,505027,,,,313437,191590,505027,313437,191590,505027,,,,313437,191590,505027
2024,222831,00354100,Angelo State University,TX,4,,1,NCAA,2198,2892,5090,2,Basketball,14,18,,,14,18,6852,95925,5668,102031,197956,,,,,,681658,585684,1267342,,,,681658,585684,1267342,621042,580286,1201328,,,,621042,580286,1201328
2024,164492,00211700,Anna Maria College,MA,6,,1,NCAA,471,311,782,2,Basketball,20,19,,,20,19,1658,33161,1538,29225,62386,,,,,,112133,98219,210352,,,,112133,98219,210352,112133,98219,210352,,,,112133,98219,210352
2024,161767,00205800,Anne Arundel Community College,MD,13,,3,NJCAA,1337,1586,2923,2,Basketball,11,,,,11,0,2092,23012,0,0,23012,,,,,,43209,,43209,,,,43209,0,43209,43209,,43209,,,,43209,0,43209
2024,172963,00233200,Anoka-Ramsey Community College,MN,14,,3,NJCAA,828,1054,1882,2,Basketball,15,10,,,15,10,1899,28492,2747,27470,55962,,,,,,64538,52418,116956,,,,64538,52418,116956,64538,52418,116956,,,,64538,52418,116956
2024,109350,00111300,Antelope Valley Community College District,CA,17,,8,other,1895,2152,4047,2,Basketball,18,11,,,18,11,3497,62941,3267,35932,98873,,,,,,94429,77401,171830,,,,94429,77401,171830,94429,77401,171830,,,,94429,77401,171830
2024,237136,00754400,Appalachian Bible College,WV,16,,4,NCCAA,107,77,184,2,Basketball,10,9,,,10,9,1420,14204,1222,10994,25198,,,,,,19700,16490,36190,,,,19700,16490,36190,19700,16490,36190,,,,19700,16490,36190
2024,197869,00290600,Appalachian State University,NC,1,,1,NCAA,8122,9976,18098,2,Basketball,17,15,,,17,15,36759,624906,27390,410849,1035755,,,,,,2450811,1784640,4235451,,,,2450811,1784640,4235451,2450811,1784640,4235451,,,,2450811,1784640,4235451
2024,168786,00223900,Aquinas College,MI,10,,2,NAIA,473,496,969,2,Basketball,20,20,,,20,20,3701,74014,4450,89008,163022,,,,,,289472,303701,593173,,,,289472,303701,593173,289472,303701,593173,,,,289472,303701,593173
2024,211088,00323500,Arcadia University,PA,7,,1,NCAA,664,1152,1816,2,Basketball,20,16,,,20,16,2262,45245,2095,33527,78772,,,,,,206540,160399,366939,,,,206540,160399,366939,206540,160399,366939,,,,206540,160399,366939
2024,105899,00711300,Arizona Christian University,AZ,9,,2,NAIA,664,434,1098,2,Basketball,20,23,,,20,23,4625,92490,3709,85314,177804,,,,,,927779,677759,1605538,,,,927779,677759,1605538,927779,677759,1605538,,,,927779,677759,1605538
2024,104151,00108100,Arizona State University Campus Immersion,AZ,1,,1,NCAA,30671,29606,60277,2,Basketball,15,28,,,15,28,114103,1711541,39490,1105708,2817249,,,,,,10063114,6733622,16796736,,,,10063114,6733622,16796736,10063114,6733622,16796736,,,,10063114,6733622,16796736
2024,104160,00107100,Arizona Western College,AZ,12,,3,NJCAA,835,1131,1966,2,Basketball,15,11,,,15,11,6934,104010,8750,96250,200260,,,,,,379689,335633,715322,,,,379689,335633,715322,379689,335633,715322,,,,379689,335633,715322
2024,106306,00108700,Arkansas Baptist College,AR,9,,2,NAIA,240,60,300,2,Basketball,30,15,,,30,15,1263,37889,2526,37889,75778,,,,,,159789,178089,337878,,,,159789,178089,337878,159789,178089,337878,,,,159789,178089,337878
2024,106458,00109000,Arkansas State University,AR,1,,1,NCAA,2210,3310,5520,2,Basketball,16,12,,,16,12,93790,1500642,67406,808870,2309512,,,,,,3024737,1959761,4984498,,,,3024737,1959761,4984498,3024737,1959761,4984498,,,,3024737,1959761,4984498
2024,107318,02348200,Arkansas State University Mid-South,AR,13,,3,NJCAA,94,90,184,2,Basketball,14,10,,,14,10,7075,99047,6053,60525,159572,,,,,,153681,103204,256885,,,,153681,103204,256885,153681,103204,256885,,,,153681,103204,256885
2024,440402,04203400,Arkansas State University-Newport,AR,13,Other,3,NJCAA,241,425,666,2,Basketball,15,,,,15,0,5051,75771,0,0,75771,,,,,,147457,,147457,,,,147457,0,147457,146240,,146240,,,,146240,0,146240
2024,106467,00108900,Arkansas Tech University,AR,4,,1,NCAA,1980,2505,4485,2,Basketball,24,16,,,24,16,1189,28545,740,11846,40391,,,,,,561220,486311,1047531,,,,561220,486311,1047531,561220,486311,1047531,,,,561220,486311,1047531
2024,222877,02081400,Arlington Baptist University,TX,16,,4,NCCAA,191,87,278,2,Basketball,35,19,,,35,19,756,26458,1403,26650,53108,,,,,,190053,131500,321553,,,,190053,131500,321553,140042,97859,237901,,,,140042,97859,237901
2024,156213,00195200,Asbury University,KY,7,,1,NCAA,492,783,1275,2,Basketball,20,19,,,20,19,1903,38065,1750,33253,71318,,,,,,110712,137159,247871,,,,110712,137159,247871,110712,137159,247871,,,,110712,137159,247871
2024,201104,00301200,Ashland University,OH,4,,1,NCAA,870,975,1845,2,Basketball,20,13,,,20,13,5486,109726,8734,113547,223273,,,,,,733507,911255,1644762,,,,733507,911255,1644762,733507,911255,1644762,,,,733507,911255,1644762
2024,164562,00211800,Assumption University,MA,4,,1,NCAA,753,907,1660,2,Basketball,19,15,,,19,15,5672,107762,7993,119901,227663,,,,,,803885,848745,1652630,,,,803885,848745,1652630,769444,841958,1611402,,,,769444,841958,1611402
2024,183655,00259600,Atlantic Cape Community College,NJ,14,,3,NJCAA,626,898,1524,2,Basketball,14,8,,,14,8,1300,18202,1207,9659,27861,,,,,,30626,25902,56528,,,,30626,25902,56528,30626,25902,56528,,,,30626,25902,56528
2024,485768,04233900,Atlantis University,FL,20,,8,other,267,63,330,2,Basketball,43,9,,,43,9,2108,90650,2418,21762,112412,,,,,,342111,109069,451180,,,,342111,109069,451180,342111,109069,451180,,,,342111,109069,451180
2024,100858,00100900,Auburn University,AL,1,,1,NCAA,12326,12851,25177,2,Basketball,18,21,,,18,21,152615,2747071,69509,1459687,4206758,,,,,,26568984,847898,27416882,,,,26568984,847898,27416882,20535097,5812213,26347310,,,,20535097,5812213,26347310
2024,100830,00831000,Auburn University at Montgomery,AL,5,,1,NCAA,693,1331,2024,2,Basketball,15,17,,,15,17,5507,82609,5282,89788,172397,,,,,,569524,590351,1159875,,,,569524,590351,1159875,569524,590351,1159875,,,,569524,590351,1159875
2024,173045,00233400,Augsburg University,MN,6,,1,NCAA,1079,1289,2368,2,Basketball,20,15,,,20,15,1675,33491,1978,29675,63166,,,,,,284360,131686,416046,,,,284360,131686,416046,284360,131686,416046,,,,284360,131686,416046
2024,482149,00157900,Augusta University,GA,5,,1,NCAA,1782,3072,4854,2,Basketball,14,15,,,14,15,4298,60174,3726,55884,116058,,,,,,644672,517549,1162221,,,,644672,517549,1162221,606357,494820,1101177,,,,606357,494820,1101177
2024,143084,00163300,Augustana College,IL,6,,1,NCAA,1156,1318,2474,2,Basketball,27,20,,,27,20,3400,91810,3700,74000,165810,,,,,,267976,197519,465495,,,,267976,197519,465495,267976,197519,465495,,,,267976,197519,465495
2024,219000,00345800,Augustana University,SD,4,,1,NCAA,759,1178,1937,2,Basketball,15,17,,,15,17,1677,25148,915,15555,40703,,,,,,827631,858532,1686163,,,,827631,858532,1686163,827631,858532,1686163,,,,827631,858532,1686163
2024,143118,00163400,Aurora University,IL,6,,1,NCAA,1253,2407,3660,2,Basketball,24,25,,,24,25,1777,42652,1556,38901,81553,,,,,,238035,215830,453865,,,,238035,215830,453865,238035,215830,453865,,,,238035,215830,453865
2024,222983,00354300,Austin College,TX,6,,1,NCAA,565,597,1162,2,Basketball,17,18,,,17,18,4729,80396,4129,74320,154716,,,,,,197360,222099,419459,,,,197360,222099,419459,193927,225162,419089,,,,193927,225162,419089
2024,219602,00347800,Austin Peay State University,TN,2,,1,NCAA,2183,3303,5486,2,Basketball,15,13,,,15,13,35994,539914,30527,396845,936759,,,,,,2590785,1654538,4245323,,,,2590785,1654538,4245323,2590785,1654538,4245323,,,,2590785,1654538,4245323
2024,446048,03941300,Ave Maria University,FL,10,,2,NAIA,602,681,1283,2,Basketball,56,33,,,56,33,1379,77212,2055,67800,145012,,,,,,735367,569682,1305049,,,,735367,569682,1305049,735367,569682,1305049,,,,735367,569682,1305049
2024,231420,00370200,Averett University,VA,6,,1,NCAA,565,576,1141,2,Basketball,17,20,,,17,20,3637,61833,2474,49485,111318,,,,,,199235,165160,364395,,,,199235,165160,364395,199235,165160,364395,,,,199235,165160,364395
2024,176628,00244900,Avila University,MO,9,,2,NAIA,447,732,1179,2,Basketball,31,13,,,31,13,1723,53416,2610,33925,87341,,,,,,377533,225546,603079,,,,377533,225546,603079,498619,262878,761497,,,,498619,262878,761497
2024,109785,00111700,Azusa Pacific University,CA,5,,1,NCAA,803,1640,2443,2,Basketball,17,13,,,17,13,5813,98820,8286,107720,206540,,,,,,695129,667417,1362546,,,,695129,667417,1362546,695129,655456,1350585,,,,695129,655456,1350585
2024,164580,00212100,Babson College,MA,7,,1,NCAA,1523,1186,2709,2,Basketball,20,17,,,20,17,4433,88667,4843,82328,170995,,,,,,340600,266109,606709,,,,340600,266109,606709,340600,266109,606709,,,,340600,266109,606709
2024,154688,00190300,Baker University,KS,9,,2,NAIA,461,496,957,2,Basketball,31,11,,,31,11,2820,87417,2900,31902,119319,,,,,,956037,455681,1411718,,,,956037,455681,1411718,943167,451981,1395148,,,,943167,451981,1395148
2024,109819,00111800,Bakersfield College,CA,17,,8,other,2644,3576,6220,2,Basketball,16,15,,,16,15,3348,53561,4521,67817,121378,,,,,,364675,272281,636956,,,,364675,272281,636956,286299,251603,537902,,,,286299,251603,537902
2024,201195,00301400,Baldwin Wallace University,OH,6,,1,NCAA,1268,1482,2750,2,Basketball,19,24,,,19,24,2663,50606,2716,65186,115792,,,,,,233973,287117,521090,,,,233973,287117,521090,233973,287117,521090,,,,233973,287117,521090
2024,150136,00178600,Ball State University,IN,1,,1,NCAA,5163,7864,13027,2,Basketball,14,14,,,14,14,49620,694682,34002,476031,1170713,,,,,,2598976,2198485,4797461,,,,2598976,2198485,4797461,2598976,2198485,4797461,,,,2598976,2198485,4797461
2024,161864,00206100,Baltimore City Community College,MD,12,,3,NJCAA,267,504,771,2,Basketball,16,14,,,16,14,2736,43777,1325,18550,62327,,,,,,185268,127464,312732,,,,185268,127464,312732,185268,127464,312732,,,,185268,127464,312732
2024,155070,00191700,Barclay College,KS,16,,4,NCCAA,72,51,123,2,Basketball,13,14,,,13,14,1963,25518,1706,23886,49404,,,,,,43856,42888,86744,,,,43856,42888,86744,43856,42888,86744,,,,43856,42888,86744
2024,189088,00267100,Bard College,NY,7,,1,NCAA,906,1297,2203,2,Basketball,18,11,,,18,11,3492,62852,4971,54679,117531,,,,,,173201,150580,323781,,,,173201,150580,323781,173201,150580,323781,,,,173201,150580,323781
2024,132471,00146600,Barry University,FL,5,,1,NCAA,784,1313,2097,2,Basketball,17,19,,,17,19,4541,77198,5745,109152,186350,,,,,,663824,707668,1371492,,,,663824,707668,1371492,663824,707668,1371492,,,,663824,707668,1371492
2024,109907,00111900,Barstow Community College,CA,17,,8,other,433,827,1260,2,Basketball,15,8,,,15,8,2137,32048,2676,21408,53456,,,,,,68253,76878,145131,,,,68253,76878,145131,68253,76878,145131,,,,68253,76878,145131
2024,197911,00290800,Barton College,NC,4,,1,NCAA,501,417,918,2,Basketball,45,24,,,45,24,1665,74926,3313,79502,154428,,,,,,684861,477610,1162471,,,,684861,477610,1162471,684861,477610,1162471,,,,684861,477610,1162471
2024,154697,00460800,Barton County Community College,KS,12,,3,NJCAA,526,701,1227,2,Basketball,20,15,,,20,15,2405,48107,2109,31638,79745,,,,,,435910,346192,782102,,,,435910,346192,782102,435910,346192,782102,,,,435910,346192,782102
2024,160977,00203600,Bates College,ME,6,,1,NCAA,848,912,1760,2,Basketball,17,15,,,17,15,6423,109185,4368,65520,174705,,,,,,527456,371575,899031,,,,527456,371575,899031,431288,346827,778115,,,,431288,346827,778115
2024,437103,03730300,Baton Rouge Community College,LA,12,,3,NJCAA,1508,2700,4208,2,Basketball,20,15,,,20,15,1889,37777,2496,37447,75224,,,,,,245194,233140,478334,,,,245194,233140,478334,245194,233140,478334,,,,245194,233140,478334
2024,168883,00224000,Bay de Noc Community College,MI,13,,3,NJCAA,226,335,561,2,Basketball,19,10,,,19,10,5667,107676,9791,97907,205583,,,,,,198236,164000,362236,,,,198236,164000,362236,198236,164000,362236,,,,198236,164000,362236
2024,223232,00354500,Baylor University,TX,1,,1,NCAA,5908,8646,14554,2,Basketball,14,34,,,14,34,284064,3976890,101519,3451653,7428543,,,,,,18424983,9328990,27753973,,,,18424983,9328990,27753973,18424983,9328990,27753973,,,,18424983,9328990,27753973
2024,384254,03373300,Beacon College,FL,20,,8,other,323,174,497,2,Basketball,15,5,,,15,5,7482,112227,7482,37409,149636,,,,,,441135,355320,796455,,,,441135,355320,796455,441135,355320,796455,,,,441135,355320,796455
2024,175421,00239700,Belhaven University,MS,6,,1,NCAA,463,679,1142,2,Basketball,24,22,,,24,22,5040,120948,3695,81282,202230,,,,,,229244,183861,413105,,,,229244,183861,413105,229244,183861,413105,,,,229244,183861,413105
2024,156286,00195400,Bellarmine University,KY,3,,1,NCAA,817,1293,2110,2,Basketball,16,13,,,16,13,36687,586986,34721,451378,1038364,,,,,,2523448,1660186,4183634,,,,2523448,1660186,4183634,2523448,1660186,4183634,,,,2523448,1660186,4183634
2024,234669,00376900,Bellevue College,WA,19,,8,other,1839,2245,4084,2,Basketball,14,12,,,14,12,3156,44182,3098,37178,81360,,,,,,106409,65609,172018,,,,106409,65609,172018,88168,69608,157776,,,,88168,69608,157776
2024,180814,00974300,Bellevue University,NE,10,,2,NAIA,3224,3476,6700,2,Basketball,17,15,,,17,15,7039,119655,7434,111513,231168,,,,,,482325,494868,977193,,,,482325,494868,977193,482325,494868,977193,,,,482325,494868,977193
2024,197984,00291000,Belmont Abbey College,NC,5,,1,NCAA,668,564,1232,2,Basketball,59,27,,,59,27,1065,62822,2430,65620,128442,,,,,,544355,435151,979506,,,,544355,435151,979506,544355,435151,979506,,,,544355,435151,979506
2024,219709,00347900,Belmont University,TN,3,,1,NCAA,2401,4505,6906,2,Basketball,16,13,,,16,13,54146,866335,48382,628966,1495301,,,,,,4280448,2980390,7260838,,,,4280448,2980390,7260838,4280448,2980390,7260838,,,,4280448,2980390,7260838
2024,238333,00383500,Beloit College,WI,6,,1,NCAA,457,467,924,2,Basketball,20,16,,,20,16,2967,59343,1908,30534,89877,,,,,,137603,96818,234421,,,,137603,96818,234421,137603,96818,234421,,,,137603,96818,234421
2024,173124,00233600,Bemidji State University,MN,4,,1,NCAA,964,1339,2303,2,Basketball,19,17,,,19,17,7253,137805,5524,93910,231715,,,,,,632866,528197,1161063,,,,632866,528197,1161063,632866,528197,1161063,,,,632866,528197,1161063
2024,217721,00342000,Benedict College,SC,4,,1,NCAA,725,762,1487,2,Basketball,16,25,,,16,25,8196,131130,4573,114326,245456,,,,,,274255,274255,548510,,,,274255,274255,548510,508222,460622,968844,,,,508222,460622,968844
2024,154712,01025600,Benedictine College,KS,9,,2,NAIA,1140,1115,2255,2,Basketball,17,16,,,17,16,1637,27825,1542,24676,52501,,,,,,716499,758254,1474753,,,,716499,758254,1474753,716499,758254,1474753,,,,716499,758254,1474753
2024,145619,00176700,Benedictine University,IL,6,,1,NCAA,940,874,1814,2,Basketball,51,33,,,51,33,821,41858,448,14787,56645,,,,,,626600,558120,1184720,,,,626600,558120,1184720,466250,336113,802363,,,,466250,336113,802363
2024,164739,00212400,Bentley University,MA,4,,1,NCAA,2682,1751,4433,2,Basketball,15,15,,,15,15,7702,115535,9948,149214,264749,,,,,,1353864,1440889,2794753,,,,1353864,1440889,2794753,1305093,1305416,2610509,,,,1305093,1305416,2610509
2024,156295,00195500,Berea College,KY,7,,1,NCAA,619,891,1510,2,Basketball,19,14,,,19,14,3815,72488,5613,78576,151064,,,,,,153014,132639,285653,,,,153014,132639,285653,145272,263145,408417,,,,145272,263145,408417
2024,183743,00473600,Bergen Community College,NJ,14,,3,NJCAA,2730,2945,5675,2,Basketball,11,12,,,11,12,2637,29006,2528,30334,59340,,,,,,46559,47483,94042,,,,46559,47483,94042,46559,47483,94042,,,,46559,47483,94042
2024,189228,00739400,Berkeley College-New York,NY,8,USCAA/Hudson Valley Intercollegiate Athletic Confe,8,other,257,533,790,2,Basketball,15,8,,,15,8,9330,139950,10368,82943,222893,,,,,,249682,118253,367935,,,,249682,118253,367935,249682,118253,367935,,,,249682,118253,367935
2024,139144,00155400,Berry College,GA,6,,1,NCAA,839,1389,2228,2,Basketball,14,15,,,14,15,5460,76441,6417,96250,172691,,,,,,222630,279312,501942,,,,222630,279312,501942,219733,268152,487885,,,,219733,268152,487885
2024,154721,00190400,Bethany College,KS,10,,2,NAIA,376,190,566,2,Basketball,40,34,,,40,34,1176,47058,1128,38345,85403,,,,,,807932,838263,1646195,,,,807932,838263,1646195,786779,824653,1611432,,,,786779,824653,1611432
2024,237181,00380800,Bethany College,WV,6,,1,NCAA,359,254,613,2,Basketball,38,26,,,38,26,1233,46837,1182,30731,77568,,,,,,160286,148385,308671,,,,160286,148385,308671,144287,131190,275477,,,,144287,131190,275477
2024,173142,00233700,Bethany Lutheran College,MN,7,,1,NCAA,318,338,656,2,Basketball,25,25,,,25,25,2411,60276,1768,44199,104475,,,,,,230260,153221,383481,,,,230260,153221,383481,242667,149379,392046,,,,242667,149379,392046
2024,154749,00190500,Bethel College-North Newton,KS,10,,2,NAIA,250,241,491,2,Basketball,43,24,,,43,24,1556,66918,1751,42021,108939,,,,,,493170,328591,821761,,,,493170,328591,821761,492918,308105,801023,,,,492918,308105,801023
2024,150145,00178700,Bethel University,IN,10,,2,NAIA,417,534,951,2,Basketball,33,27,,,33,27,1452,47923,1426,38490,86413,,,,,,512901,468171,981072,,,,512901,468171,981072,512901,468171,981072,,,,512901,468171,981072
2024,173160,00905800,Bethel University,MN,6,,1,NCAA,742,901,1643,2,Basketball,16,18,,,16,18,3944,63099,2364,42560,105659,,,,,,195338,159158,354496,,,,195338,159158,354496,195338,159158,354496,,,,195338,159158,354496
2024,219718,00348000,Bethel University,TN,9,,2,NAIA,815,652,1467,2,Basketball,33,16,,,33,16,1979,65309,7356,117696,183005,,,,,,830687,275051,1105738,,,,830687,275051,1105738,595568,670796,1266364,,,,595568,670796,1266364
2024,110060,03266300,Bethesda University,CA,15,,4,NCCAA,137,46,183,2,Basketball,24,14,,,24,14,1378,33075,2138,29936,63011,,,,,,139051,95901,234952,,,,139051,95901,234952,139051,95901,234952,,,,139051,95901,234952
2024,132602,00146700,Bethune-Cookman University,FL,2,,1,NCAA,1007,1661,2668,2,Basketball,16,15,,,16,15,69796,1116728,28440,426602,1543330,,,,,,1970796,1172246,3143042,,,,1970796,1172246,3143042,1970796,1172246,3143042,,,,1970796,1172246,3143042
2024,102429,00573300,Bevill State Community College,AL,13,,3,NJCAA,445,600,1045,2,Basketball,15,,,,15,0,2384,35754,0,0,35754,,,,,,138098,,138098,,,,138098,0,138098,119788,,119788,,,,119788,0,119788
2024,234711,00377000,Big Bend Community College,WA,19,,8,other,383,539,922,2,Basketball,20,12,,,20,12,1369,27380,1306,15672,43052,,,,,,151313,95099,246412,,,,151313,95099,246412,151313,95099,246412,,,,151313,95099,246412
2024,196079,00283600,Binghamton University,NY,3,,1,NCAA,6842,7476,14318,2,Basketball,14,14,,,14,14,23985,335792,16484,230779,566571,,,,,,2437431,1978160,4415591,,,,2437431,1978160,4415591,2437431,1978160,4415591,,,,2437431,1978160,4415591
2024,110097,00112200,Biola University,CA,5,,1,NCAA,1318,1860,3178,2,Basketball,17,14,,,17,14,5680,96566,6267,87733,184299,,,,,,1036987,752276,1789263,,,,1036987,752276,1789263,940043,744202,1684245,,,,940043,744202,1684245
2024,102030,00103000,Bishop State Community College,AL,12,,3,NJCAA,493,677,1170,2,Basketball,15,13,,,15,13,107,1603,123,1603,3206,,,,,,263854,190353,454207,,,,263854,190353,454207,263854,190353,454207,,,,263854,190353,454207
2024,200022,00298800,Bismarck State College,ND,12,,3,NJCAA,1147,908,2055,2,Basketball,12,13,,,12,13,2264,27166,1953,25383,52549,,,,,,218287,193161,411448,,,,218287,193161,411448,218287,193161,411448,,,,218287,193161,411448
2024,143279,00163800,Black Hawk College,IL,13,,3,NJCAA,526,762,1288,2,Basketball,11,10,,,11,10,2102,23120,2358,23577,46697,,,,,,75333,65030,140363,,,,75333,65030,140363,75333,65030,140363,,,,75333,65030,140363
2024,219046,00345900,Black Hills State University,SD,4,,1,NCAA,523,1034,1557,2,Basketball,18,14,,,18,14,8465,152367,7086,99206,251573,,,,,,825568,569716,1395284,,,,825568,569716,1395284,813327,527979,1341306,,,,813327,527979,1341306
2024,143288,00163900,Blackburn College,IL,7,,1,NCAA,196,261,457,2,Basketball,20,12,,,20,12,2642,52840,3481,41777,94617,,,,,,238674,148710,387384,,,,238674,148710,387384,238674,148710,387384,,,,238674,148710,387384
2024,238397,00539000,Blackhawk Technical College,WI,13,,3,NJCAA,246,333,579,2,Basketball,13,7,,,13,7,327,4245,447,3127,7372,,,,,,26183,26423,52606,,,,26183,26423,52606,26061,20767,46828,,,,26061,20767,46828
2024,223427,00354900,Blinn College District,TX,12,,3,NJCAA,4224,3887,8111,2,Basketball,17,18,,,17,18,4883,83014,3926,70661,153675,,,,,,496585,469405,965990,,,,496585,469405,965990,496072,461689,957761,,,,496072,461689,957761
2024,183822,00261704,Bloomfield College of Montclair State University,NJ,5,,1,NCAA,296,398,694,2,Basketball,18,17,,,18,17,1981,35649,2273,38639,74288,,,,,,102794,105896,208690,,,,102794,105896,208690,102794,105896,208690,,,,102794,105896,208690
2024,175430,00239800,Blue Mountain Christian University,MS,9,,2,NAIA,245,233,478,2,Basketball,28,26,,,28,26,2556,71576,2682,69733,141309,,,,,,536146,451093,987239,,,,536146,451093,987239,536146,451093,987239,,,,536146,451093,987239
2024,208275,00318600,Blue Mountain Community College,OR,19,,8,other,262,287,549,2,Basketball,12,12,,,12,12,3579,42947,2496,29956,72903,,,,,,102676,85878,188554,,,,102676,85878,188554,99053,84851,183904,,,,99053,84851,183904
2024,237215,00380900,Bluefield State University,WV,4,CIAA,1,NCAA,365,519,884,2,Basketball,20,18,,,20,18,4361,87228,4299,77383,164611,,,,,,432473,449598,882071,,,,432473,449598,882071,432473,449598,882071,,,,432473,449598,882071
2024,231554,00370300,Bluefield University,VA,9,,2,NAIA,324,227,551,2,Basketball,28,11,,,28,11,1093,30608,2020,22220,52828,,,,,,390761,240356,631117,,,,390761,240356,631117,390761,240356,631117,,,,390761,240356,631117
2024,201371,00301600,Bluffton University,OH,6,,1,NCAA,334,241,575,2,Basketball,28,18,,,28,18,1354,37901,1861,33500,71401,,,,,,121060,94161,215221,,,,121060,94161,215221,118022,89749,207771,,,,118022,89749,207771
2024,217749,00342100,Bob Jones University,SC,16,,4,NCCAA,894,1012,1906,2,Basketball,14,14,,,14,14,1400,19603,1247,17458,37061,,,,,,91682,113744,205426,,,,91682,113744,205426,91682,113744,205426,,,,91682,113744,205426
2024,142115,00161600,Boise State University,ID,1,,1,NCAA,6072,8020,14092,2,Basketball,14,18,,,14,18,82204,1150854,44829,806928,1957782,,,,,,6124714,2995649,9120363,,,,6124714,2995649,9120363,5295924,2995649,8291573,,,,5295924,2995649,8291573
2024,158431,02055400,Bossier Parish Community College,LA,12,,3,NJCAA,829,1597,2426,2,Basketball,16,,,,16,0,3982,63711,0,0,63711,,,,,,331481,,331481,,,,331481,0,331481,331481,,331481,,,,331481,0,331481
2024,164924,00212800,Boston College,MA,1,,1,NCAA,4664,5148,9812,2,Basketball,15,15,,,15,15,190649,2859732,135210,2028150,4887882,,,,,,9971317,2035289,12006606,,,,9971317,2035289,12006606,10805531,6218313,17023844,,,,10805531,6218313,17023844
2024,164988,00213000,Boston University,MA,3,,1,NCAA,7540,10501,18041,2,Basketball,15,16,,,15,16,28158,422376,18506,296094,718470,,,,,,3210362,2440732,5651094,,,,3210362,2440732,5651094,3210362,2440732,5651094,,,,3210362,2440732,5651094
2024,161004,00203800,Bowdoin College,ME,6,,1,NCAA,897,975,1872,2,Basketball,16,13,,,16,13,5398,86368,9875,128378,214746,,,,,,318048,488514,806562,,,,318048,488514,806562,301963,406663,708626,,,,301963,406663,708626
2024,162007,00206200,Bowie State University,MD,4,,1,NCAA,1703,2599,4302,2,Basketball,16,17,,,16,17,11327,181224,9115,154954,336178,,,,,,898863,892200,1791063,,,,898863,892200,1791063,689650,680831,1370481,,,,689650,680831,1370481
2024,201441,00301800,Bowling Green State University-Main Campus,OH,1,,1,NCAA,5196,6978,12174,2,Basketball,14,14,,,14,14,12686,177602,9572,134013,311615,,,,,,2731737,1978102,4709839,,,,2731737,1978102,4709839,2626397,1956351,4582748,,,,2626397,1956351,4582748
2024,143358,00164100,Bradley University,IL,3,,1,NCAA,1702,1796,3498,2,Basketball,16,16,,,16,16,44154,706462,23510,376161,1082623,,,,,,3870120,1837235,5707355,,,,3870120,1837235,5707355,3870120,1837235,5707355,,,,3870120,1837235,5707355
2024,165015,00213300,Brandeis University,MA,7,,1,NCAA,1548,2063,3611,2,Basketball,18,16,,,18,16,6970,125455,6586,105372,230827,,,,,,422911,385175,808086,,,,422911,385175,808086,422911,385175,808086,,,,422911,385175,808086
2024,139199,00155600,Brenau University,GA,9,,2,NAIA,80,793,873,2,Basketball,,27,,,0,27,0,0,1193,32207,32207,,,,,,,353199,353199,,,,0,353199,353199,,351361,351361,,,,0,351361,351361
2024,156356,00195800,Brescia University,KY,9,,2,NAIA,219,258,477,2,Basketball,37,25,,,37,25,931,34449,935,23371,57820,,,,,,335075,366831,701906,,,,335075,366831,701906,310838,349566,660404,,,,310838,349566,660404
2024,198066,00291200,Brevard College,NC,6,,1,NCAA,504,305,809,2,Basketball,16,18,,,16,18,5568,89089,3711,66789,155878,,,,,,170396,156114,326510,,,,170396,156114,326510,170396,156114,326510,,,,170396,156114,326510
2024,139205,00155700,Brewton-Parker College,GA,9,,2,NAIA,387,229,616,2,Basketball,19,21,,,19,21,4111,78118,3393,71253,149371,,,,,,556730,401854,958584,,,,556730,401854,958584,556730,401854,958584,,,,556730,401854,958584
2024,152992,00184600,Briar Cliff University,IA,10,,2,NAIA,322,240,562,2,Basketball,30,29,,,30,29,928,27845,1139,33031,60876,,,,,,516587,562471,1079058,,,,516587,562471,1079058,515034,561800,1076834,,,,515034,561800,1076834
2024,231581,00370400,Bridgewater College,VA,6,,1,NCAA,735,661,1396,2,Basketball,17,18,,,17,18,3683,62608,4688,84382,146990,,,,,,218794,244961,463755,,,,218794,244961,463755,218794,244961,463755,,,,218794,244961,463755
2024,165024,00218300,Bridgewater State University,MA,6,,1,NCAA,2832,3791,6623,2,Basketball,16,16,,,16,16,1688,27008,5049,80780,107788,,,,,,79468,139168,218636,,,,79468,139168,218636,78479,139168,217647,,,,78479,139168,217647
2024,230038,00367000,Brigham Young University,UT,1,,1,NCAA,14605,15542,30147,2,Basketball,17,16,,,17,16,181172,3079926,103413,1654615,4734541,,,,,,28047261,1566760,29614021,,,,28047261,1566760,29614021,17030052,5082856,22112908,,,,17030052,5082856,22112908
2024,165033,00217600,Bristol Community College,MA,14,,3,NJCAA,778,1230,2008,2,Basketball,15,12,,,15,12,241,3608,256,3068,6676,,,,,,24968,18991,43959,,,,24968,18991,43959,24968,18991,43959,,,,24968,18991,43959
2024,183859,00840400,Brookdale Community College,NJ,14,,3,NJCAA,2099,1987,4086,2,Basketball,16,12,,,16,12,1499,23988,1840,22076,46064,,,,,,40331,35776,76107,,,,40331,35776,76107,40331,35776,76107,,,,40331,35776,76107
2024,217156,00340100,Brown University,RI,2,,1,NCAA,3588,3597,7185,2,Basketball,16,15,,,16,15,23960,383358,15898,238463,621821,,,,,,1919760,1045745,2965505,,,,1919760,1045745,2965505,1919760,1045745,2965505,,,,1919760,1045745,2965505
2024,198084,02170700,Brunswick Community College,NC,13,,3,NJCAA,162,197,359,2,Basketball,15,12,,,15,12,5523,82838,1384,16610,99448,,,,,,114268,42370,156638,,,,114268,42370,156638,114268,42370,156638,,,,114268,42370,156638
2024,219790,00353600,Bryan College-Dayton,TN,10,,2,NAIA,376,346,722,2,Basketball,42,23,,,42,23,1628,68387,2714,62428,130815,,,,,,430571,300965,731536,,,,430571,300965,731536,429764,292392,722156,,,,429764,292392,722156
2024,188517,00267807,Bryant & Stratton College-Albany,NY,20,,8,other,93,113,206,2,Basketball,11,8,,,11,8,6499,71486,7429,59432,130918,,,,,,176934,148412,325346,,,,176934,148412,325346,176934,148412,325346,,,,176934,148412,325346
2024,189583,00267800,Bryant & Stratton College-Buffalo,NY,20,,8,other,147,435,582,2,Basketball,22,12,,,22,12,3578,78710,5203,62434,141144,,,,,,342559,303173,645732,,,,342559,303173,645732,342559,303173,645732,,,,342559,303173,645732
2024,189592,00267803,Bryant & Stratton College-Greece,NY,20,,8,other,95,205,300,2,Basketball,19,,,,19,0,1688,32070,0,0,32070,,,,,,173024,,173024,,,,173024,0,173024,173024,,173024,,,,173024,0,173024
2024,201469,00267808,Bryant & Stratton College-Parma,OH,13,,3,NJCAA,118,275,393,2,Basketball,44,14,,,44,14,1777,78202,3635,50896,129098,,,,,,448462,212318,660780,,,,448462,212318,660780,448462,212318,660780,,,,448462,212318,660780
2024,189565,00267806,Bryant & Stratton College-Syracuse North,NY,20,,8,other,105,266,371,2,Basketball,18,24,,,18,24,7615,137065,4221,101310,238375,,,,,,380870,368883,749753,,,,380870,368883,749753,380870,368883,749753,,,,380870,368883,749753
2024,231785,00267811,Bryant & Stratton College-Virginia Beach,VA,13,,3,NJCAA,224,657,881,2,Basketball,16,13,,,16,13,5348,85564,7402,96228,181792,,,,,,339445,339232,678677,,,,339445,339232,678677,339445,338732,678177,,,,339445,338732,678177
2024,451750,00267814,Bryant & Stratton College-Wauwatosa,WI,13,,3,NJCAA,184,450,634,2,Basketball,29,11,,,29,11,3623,105058,3967,43638,148696,,,,,,499344,231284,730628,,,,499344,231284,730628,499344,231284,730628,,,,499344,231284,730628
2024,217165,00340200,Bryant University,RI,2,,1,NCAA,2045,1127,3172,2,Basketball,19,25,,,19,25,38797,737143,11794,294857,1032000,,,,,,2706415,1846316,4552731,,,,2706415,1846316,4552731,2706415,1846316,4552731,,,,2706415,1846316,4552731
2024,211291,00323800,Bucknell University,PA,2,,1,NCAA,1852,2016,3868,2,Basketball,15,19,,,15,19,35211,528164,14192,269647,797811,,,,,,2944796,2139055,5083851,,,,2944796,2139055,5083851,2944796,2139055,5083851,,,,2944796,2139055,5083851
2024,211307,00323900,Bucks County Community College,PA,20,,8,other,995,1134,2129,2,Basketball,14,11,,,14,11,579,8101,436,4795,12896,,,,,,21873,18433,40306,,,,21873,18433,40306,21873,18433,40306,,,,21873,18433,40306
2024,153001,00184700,Buena Vista University,IA,6,,1,NCAA,456,739,1195,2,Basketball,21,25,,,21,25,2972,62413,2050,51258,113671,,,,,,226751,221194,447945,,,,226751,221194,447945,226751,213434,440185,,,,226751,213434,440185
2024,165112,01121000,Bunker Hill Community College,MA,14,,3,NJCAA,1641,2000,3641,2,Basketball,13,10,,,13,10,4346,56502,4264,42639,99141,,,,,,74192,56839,131031,,,,74192,56839,131031,74192,56839,131031,,,,74192,56839,131031
2024,209409,00320800,Bushnell University,OR,10,,2,NAIA,223,236,459,2,Basketball,18,14,,,18,14,4218,75918,5425,75948,151866,,,,,,291338,256928,548266,,,,291338,256928,548266,291338,256928,548266,,,,291338,256928,548266
2024,154800,00190600,Butler Community College,KS,12,,3,NJCAA,1069,1517,2586,2,Basketball,15,12,,,15,12,1770,26543,1799,21585,48128,,,,,,394661,361971,756632,,,,394661,361971,756632,394661,361971,756632,,,,394661,361971,756632
2024,211343,00324000,Butler County Community College,PA,14,,3,NJCAA,377,501,878,2,Basketball,12,,,,12,0,2546,30548,0,0,30548,,,,,,44439,,44439,,,,44439,0,44439,44439,,44439,,,,44439,0,44439
2024,150163,00178800,Butler University,IN,2,,1,NCAA,1694,2573,4267,2,Basketball,14,29,,,14,29,39646,555042,3563,103335,658377,,,,,,12918057,3168933,16086990,,,,12918057,3168933,16086990,9560281,3200508,12760789,,,,9560281,3200508,12760789
2024,110246,00807300,Butte College,CA,17,,8,other,2252,2686,4938,2,Basketball,13,7,,,13,7,1051,13665,998,6986,20651,,,,,,85512,68059,153571,,,,85512,68059,153571,85512,68059,153571,,,,85512,68059,153571
2024,110334,00112400,Cabrillo College,CA,17,,8,other,1287,1499,2786,2,Basketball,16,11,,,16,11,1667,26677,1148,12629,39306,,,,,,79177,91496,170673,,,,79177,91496,170673,74533,85417,159950,,,,74533,85417,159950
2024,215114,00335100,Cairn University-Langhorne,PA,7,,1,NCAA,362,361,723,2,Basketball,18,9,,,18,9,2299,41379,2064,18578,59957,,,,,,73518,37234,110752,,,,73518,37234,110752,73518,37234,110752,,,,73518,37234,110752
2024,198118,00483500,Caldwell Community College and Technical Institute,NC,12,,3,NJCAA,435,624,1059,2,Basketball,16,,,,16,0,1521,24342,0,0,24342,,,,,,68676,,68676,,,,68676,0,68676,62003,,62003,,,,62003,0,62003
2024,183910,00259800,Caldwell University,NJ,5,,1,NCAA,655,888,1543,2,Basketball,19,18,,,19,18,2672,50766,2977,53594,104360,,,,,,492496,403467,895963,,,,492496,403467,895963,472655,399937,872592,,,,472655,399937,872592
2024,110361,00112500,California Baptist University,CA,3,,1,NCAA,2811,4644,7455,2,Basketball,15,13,,,15,13,46798,701975,40151,521957,1223932,,,,,,4593847,2723106,7316953,,,,4593847,2723106,7316953,3836972,2552659,6389631,,,,3836972,2552659,6389631
2024,110404,00113100,California Institute of Technology,CA,7,,1,NCAA,541,446,987,2,Basketball,14,12,,,14,12,2669,37368,3682,44179,81547,,,,,,218974,186361,405335,,,,218974,186361,405335,218974,186361,405335,,,,218974,186361,405335
2024,110413,00113300,California Lutheran University,CA,6,,1,NCAA,1020,1228,2248,2,Basketball,20,20,,,20,20,4473,89456,3928,78566,168022,,,,,,265847,240258,506105,,,,265847,240258,506105,265847,240258,506105,,,,265847,240258,506105
2024,110422,00114300,California Polytechnic State University-San Luis Obispo,CA,2,,1,NCAA,10391,10839,21230,2,Basketball,21,30,,,21,30,24286,509998,13910,417305,927303,,,,,,2537259,2109008,4646267,,,,2537259,2109008,4646267,2537259,2109008,4646267,,,,2537259,2109008,4646267
2024,115755,00114900,California State Polytechnic University-Humboldt,CA,5,,1,NCAA,2248,2672,4920,2,Basketball,15,15,,,15,15,10714,160709,10233,153501,314210,,,,,,549092,532602,1081694,,,,549092,532602,1081694,651947,636578,1288525,,,,651947,636578,1288525
2024,110529,00114400,California State Polytechnic University-Pomona,CA,5,,1,NCAA,12262,9772,22034,2,Basketball,17,14,,,17,14,7124,121107,6917,96834,217941,,,,,,828974,701607,1530581,,,,828974,701607,1530581,785728,675587,1461315,,,,785728,675587,1461315
2024,111188,00113400,California State University Maritime Academy,CA,9,,2,NAIA,639,137,776,2,Basketball,17,13,,,17,13,3269,55578,2489,32361,87939,,,,,,253974,250971,504945,,,,253974,250971,504945,286418,239706,526124,,,,286418,239706,526124
2024,110486,00799300,California State University-Bakersfield,CA,3,,1,NCAA,2503,4657,7160,2,Basketball,15,14,,,15,14,30325,454880,25834,361675,816555,,,,,,2268332,1752736,4021068,,,,2268332,1752736,4021068,2268332,1752736,4021068,,,,2268332,1752736,4021068
2024,110538,00114600,California State University-Chico,CA,5,,1,NCAA,5468,6918,12386,2,Basketball,15,12,,,15,12,12820,192305,14234,170811,363116,,,,,,696885,627101,1323986,,,,696885,627101,1323986,677071,594799,1271870,,,,677071,594799,1271870
2024,110547,00114100,California State University-Dominguez Hills,CA,5,,1,NCAA,3936,5697,9633,2,Basketball,16,17,,,16,17,18011,288183,15139,257367,545550,,,,,,719988,617007,1336995,,,,719988,617007,1336995,719988,617007,1336995,,,,719988,617007,1336995
2024,110574,00113800,California State University-East Bay,CA,5,,1,NCAA,3151,4428,7579,2,Basketball,17,13,,,17,13,13279,225740,11521,149768,375508,,,,,,945333,785229,1730562,,,,945333,785229,1730562,945333,785229,1730562,,,,945333,785229,1730562
2024,110556,00114700,California State University-Fresno,CA,1,,1,NCAA,7452,10773,18225,2,Basketball,18,30,,,18,30,52433,943796,19805,594140,1537936,,,,,,4478222,2943941,7422163,,,,4478222,2943941,7422163,4478222,2943941,7422163,,,,4478222,2943941,7422163
2024,110565,00113700,California State University-Fullerton,CA,3,,1,NCAA,13873,17820,31693,2,Basketball,15,12,,,15,12,26702,400524,24986,299826,700350,,,,,,2214622,1501478,3716100,,,,2214622,1501478,3716100,2214622,1501478,3716100,,,,2214622,1501478,3716100
2024,110583,00113900,California State University-Long Beach,CA,3,,1,NCAA,12551,18144,30695,2,Basketball,15,22,,,15,22,35284,529265,16855,370819,900084,,,,,,2541381,1859352,4400733,,,,2541381,1859352,4400733,2541381,1859352,4400733,,,,2541381,1859352,4400733
2024,110592,00114000,California State University-Los Angeles,CA,5,,1,NCAA,7125,8988,16113,2,Basketball,16,16,,,16,16,10034,160548,8006,128098,288646,,,,,,788516,785781,1574297,,,,788516,785781,1574297,788516,785781,1574297,,,,788516,785781,1574297
2024,409698,03260300,California State University-Monterey Bay,CA,5,,1,NCAA,2422,3666,6088,2,Basketball,16,15,,,16,15,9701,155209,8627,129409,284618,,,,,,602570,513155,1115725,,,,602570,513155,1115725,601090,512711,1113801,,,,601090,512711,1113801
2024,110608,00115300,California State University-Northridge,CA,3,,1,NCAA,12736,14838,27574,2,Basketball,19,13,,,19,13,40177,763371,20696,269044,1032415,,,,,,3100831,1754174,4855005,,,,3100831,1754174,4855005,3024543,1792998,4817541,,,,3024543,1792998,4817541
2024,110617,00115000,California State University-Sacramento,CA,2,,1,NCAA,10064,12786,22850,2,Basketball,14,15,,,14,15,27807,389301,23994,359908,749209,,,,,,2265832,2071873,4337705,,,,2265832,2071873,4337705,2265832,2071873,4337705,,,,2265832,2071873,4337705
2024,110510,00114200,California State University-San Bernardino,CA,5,,1,NCAA,4910,7608,12518,2,Basketball,16,14,,,16,14,19952,319234,14528,203395,522629,,,,,,2128321,967851,3096172,,,,2128321,967851,3096172,1402680,955510,2358190,,,,1402680,955510,2358190
2024,366711,03011300,California State University-San Marcos,CA,5,,1,NCAA,5199,7248,12447,2,Basketball,16,18,,,16,18,5173,82762,5318,95720,178482,,,,,,553559,528967,1082526,,,,553559,528967,1082526,553559,528967,1082526,,,,553559,528967,1082526
2024,110495,00115700,California State University-Stanislaus,CA,5,,1,NCAA,2322,4396,6718,2,Basketball,17,11,,,17,11,7423,126198,10662,117285,243483,,,,,,666421,500146,1166567,,,,666421,500146,1166567,666421,500146,1166567,,,,666421,500146,1166567
2024,150172,00183400,Calumet College of Saint Joseph,IN,10,,2,NAIA,244,139,383,2,Basketball,53,14,,,53,14,1128,59773,984,13777,73550,,,,,,798277,199309,997586,,,,798277,199309,997586,798277,199309,997586,,,,798277,199309,997586
2024,176789,00245000,Calvary University,MO,16,,4,NCCAA,49,58,107,2,Basketball,14,10,,,14,10,2626,36763,2835,28348,65111,,,,,,64471,52349,116820,,,,64471,52349,116820,60773,50849,111622,,,,60773,50849,111622
2024,169080,00224100,Calvin University,MI,6,,1,NCAA,1475,1527,3002,2,Basketball,22,22,,,22,22,5311,116847,3438,75646,192493,,,,,,341018,246260,587278,,,,341018,246260,587278,341018,245064,586082,,,,341018,245064,586082
2024,183938,00686500,Camden County College,NJ,14,,3,NJCAA,1498,1708,3206,2,Basketball,17,12,,,17,12,824,14001,1191,14290,28291,,,,,,30444,30414,60858,,,,30444,30414,60858,30444,30414,60858,,,,30444,30414,60858
2024,206914,00315000,Cameron University,OK,5,,1,NCAA,704,1192,1896,2,Basketball,14,14,,,14,14,6988,97830,5471,76590,174420,,,,,,396614,355559,752173,,,,396614,355559,752173,395163,346034,741197,,,,395163,346034,741197
2024,198136,00291300,Campbell University,NC,2,,1,NCAA,1058,1221,2279,2,Basketball,16,13,,,16,13,31250,499994,32066,416859,916853,,,,,,2126965,1953562,4080527,,,,2126965,1953562,4080527,2126966,1953563,4080529,,,,2126966,1953563,4080529
2024,156365,00195900,Campbellsville University,KY,9,,2,NAIA,1057,1527,2584,2,Basketball,12,13,,,12,13,11724,140693,11930,155095,295788,,,,,,602862,678841,1281703,,,,602862,678841,1281703,602862,678841,1281703,,,,602862,678841,1281703
2024,111434,00697300,Canada College,CA,17,,8,other,380,426,806,2,Basketball,12,,,,12,0,6091,73092,0,0,73092,,,,,,249064,,249064,,,,249064,0,249064,188768,,188768,,,,188768,0,188768
2024,189705,00268100,Canisius University,NY,3,,1,NCAA,804,842,1646,2,Basketball,16,15,,,16,15,23930,382872,19683,295241,678113,,,,,,1898239,1749622,3647861,,,,1898239,1749622,3647861,1898239,1749620,3647859,,,,1898239,1749620,3647859
2024,198154,00532000,Cape Fear Community College,NC,8,"NJCAA: Men's Basketball Div I, all other Div II",8,other,1322,1757,3079,2,Basketball,14,14,,,14,14,2847,39862,1863,26086,65948,,,,,,98441,74165,172606,,,,98441,74165,172606,98441,74165,172606,,,,98441,74165,172606
2024,201548,00302300,Capital University,OH,6,,1,NCAA,672,887,1559,2,Basketball,18,16,,,18,16,2670,48062,3791,60663,108725,,,,,,253984,216828,470812,,,,253984,216828,470812,253984,216828,470812,,,,253984,216828,470812
2024,241377,01252500,Caribbean University-Bayamon,PR,8,Liga Atletica Interuniversitaria (LAI),8,other,198,281,479,2,Basketball,51,22,,,51,22,126,6410,275,6050,12460,,,,,,103878,87378,191256,,,,103878,87378,191256,103878,87378,191256,,,,103878,87378,191256
2024,143613,00726500,Carl Sandburg College,IL,13,,3,NJCAA,238,393,631,2,Basketball,13,11,,,13,11,756,9833,1011,11123,20956,,,,,,102912,112721,215633,,,,102912,112721,215633,135543,105054,240597,,,,135543,105054,240597
2024,173258,00234000,Carleton College,MN,6,,1,NCAA,1036,1050,2086,2,Basketball,14,13,,,14,13,3053,42736,2146,27897,70633,,,,,,134512,145957,280469,,,,134512,145957,280469,130896,128918,259814,,,,130896,128918,259814
2024,211431,00330300,Carlow University,PA,7,,1,NCAA,176,866,1042,2,Basketball,17,14,,,17,14,4812,81812,6495,90928,172740,,,,,,170058,165184,335242,,,,170058,165184,335242,170058,165184,335242,,,,170058,165184,335242
2024,211440,00324200,Carnegie Mellon University,PA,6,,1,NCAA,3645,3488,7133,2,Basketball,18,15,,,18,15,7832,140977,8016,120247,261224,,,,,,314145,296065,610210,,,,314145,296065,610210,317288,283811,601099,,,,317288,283811,601099
2024,199971,03570300,Carolina Christian College,NC,8,NCCAA,8,other,27,25,52,2,Basketball,18,,,,18,0,750,13497,0,0,13497,,,,,,56400,,56400,,,,56400,0,56400,29497,,29497,,,,29497,0,29497
2024,489937,00295600,Carolina University,NC,9,,2,NAIA,255,188,443,2,Basketball,59,18,,,59,18,1331,78529,1754,31572,110101,,,,,,647951,172343,820294,,,,647951,172343,820294,623877,238956,862833,,,,623877,238956,862833
2024,180106,00252600,Carroll College,MT,9,,2,NAIA,443,632,1075,2,Basketball,13,15,,,13,15,7033,91426,9911,148658,240084,,,,,,518986,624177,1143163,,,,518986,624177,1143163,518986,624177,1143163,,,,518986,624177,1143163
2024,238458,00383800,Carroll University,WI,6,,1,NCAA,794,1645,2439,2,Basketball,20,18,,,20,18,1667,33331,1603,28854,62185,,,,,,260657,218546,479203,,,,260657,218546,479203,218307,199920,418227,,,,218307,199920,418227
2024,219806,00348100,Carson-Newman University,TN,4,,1,NCAA,667,678,1345,2,Basketball,14,13,,,14,13,11876,166264,10233,133028,299292,,,,,,796079,687229,1483308,,,,796079,687229,1483308,751231,645642,1396873,,,,751231,645642,1396873
2024,238476,00383900,Carthage College,WI,6,,1,NCAA,1123,1517,2640,2,Basketball,29,22,,,29,22,2747,79661,3422,75284,154945,,,,,,249461,245016,494477,,,,249461,245016,494477,174803,159945,334748,,,,174803,159945,334748
2024,201645,00302400,Case Western Reserve University,OH,6,,1,NCAA,3326,3065,6391,2,Basketball,20,19,,,20,19,4744,94882,5289,100492,195374,,,,,,271853,276896,548749,,,,271853,276896,548749,271853,276896,548749,,,,271853,276896,548749
2024,240505,00392800,Casper College,WY,12,,3,NJCAA,516,857,1373,2,Basketball,18,13,,,18,13,4693,84479,6257,81336,165815,,,,,,482316,506251,988567,,,,482316,506251,988567,482316,506251,988567,,,,482316,506251,988567
2024,198215,00291400,Catawba College,NC,4,,1,NCAA,576,571,1147,2,Basketball,33,18,,,33,18,1681,55464,2814,50648,106112,,,,,,674667,667200,1341867,,,,674667,667200,1341867,779402,645545,1424947,,,,779402,645545,1424947
2024,198233,00531800,Catawba Valley Community College,NC,13,,3,NJCAA,490,486,976,2,Basketball,10,8,,,10,8,3255,32547,2722,21776,54323,,,,,,57577,69911,127488,,,,57577,69911,127488,57577,69911,127488,,,,57577,69911,127488
2024,189839,00286100,Cayuga County Community College,NY,14,,3,NJCAA,331,406,737,2,Basketball,12,7,,,12,7,2605,31255,5045,35316,66571,,,,,,43367,49754,93121,,,,43367,49754,93121,43367,49754,93121,,,,43367,49754,93121
2024,162104,00830800,Cecil College,MD,13,,3,NJCAA,233,246,479,2,Basketball,13,7,,,13,7,2571,33419,818,5728,39147,,,,,,77149,24478,101627,,,,77149,24478,101627,77149,24478,101627,,,,77149,24478,101627
2024,211468,00324300,Cedar Crest College,PA,7,,1,NCAA,50,616,666,2,Basketball,,13,,,0,13,0,0,2706,35182,35182,,,,,,,105425,105425,,,,0,105425,105425,,105425,105425,,,,0,105425,105425
2024,201654,00302500,Cedarville University,OH,5,,1,NCAA,1844,2139,3983,2,Basketball,14,15,,,14,15,4954,69361,5216,78244,147605,,,,,,784706,783353,1568059,,,,784706,783353,1568059,784706,783353,1568059,,,,784706,783353,1568059
2024,158477,00200300,Centenary College of Louisiana,LA,6,,1,NCAA,337,345,682,2,Basketball,18,20,,,18,20,2281,41060,2669,53370,94430,,,,,,183689,151385,335074,,,,183689,151385,335074,183689,151385,335074,,,,183689,151385,335074
2024,183974,00259900,Centenary University,NJ,7,,1,NCAA,336,519,855,2,Basketball,17,16,,,17,16,1790,30423,1810,28957,59380,,,,,,84869,110785,195654,,,,84869,110785,195654,84869,110785,195654,,,,84869,110785,195654
2024,104346,00728300,Central Arizona College,AZ,12,,3,NJCAA,633,735,1368,2,Basketball,8,16,,,8,16,3891,31130,1680,26872,58002,,,,,,229655,233605,463260,,,,229655,233605,463260,229655,233605,463260,,,,229655,233605,463260
2024,106713,00109300,Central Baptist College,AR,9,,2,NAIA,257,192,449,2,Basketball,15,11,,,15,11,2496,37435,1886,20742,58177,,,,,,313786,297412,611198,,,,313786,297412,611198,355545,306500,662045,,,,355545,306500,662045
2024,198251,00544900,Central Carolina Community College,NC,13,,3,NJCAA,549,697,1246,2,Basketball,16,,,,16,0,1299,20788,0,0,20788,,,,,,62885,,62885,,,,62885,0,62885,62885,,62885,,,,62885,0,62885
2024,154855,00190800,Central Christian College of Kansas,KS,9,,2,NAIA,203,164,367,2,Basketball,27,18,,,27,18,2699,72864,3084,55512,128376,,,,,,822066,396708,1218774,,,,822066,396708,1218774,822066,396708,1218774,,,,822066,396708,1218774
2024,176910,02266400,Central Christian College of the Bible,MO,16,,4,NCCAA,75,40,115,2,Basketball,10,8,,,10,8,3500,35000,3375,27000,62000,,,,,,111080,103026,214106,,,,111080,103026,214106,111080,103026,214106,,,,111080,103026,214106
2024,153108,00185000,Central College,IA,6,,1,NCAA,573,477,1050,2,Basketball,35,25,,,35,25,908,31764,1473,36831,68595,,,,,,215391,216469,431860,,,,215391,216469,431860,215391,216469,431860,,,,215391,216469,431860
2024,180902,02099500,Central Community College,NE,8,"Soccer is NJCCA Div I, everything else is Div II",8,other,851,867,1718,2,Basketball,13,13,,,13,13,4187,54429,2674,34768,89197,,,,,,183239,137738,320977,,,,183239,137738,320977,183239,137738,320977,,,,183239,137738,320977
2024,128771,00137800,Central Connecticut State University,CT,2,,1,NCAA,3514,3037,6551,2,Basketball,16,14,,,16,14,14981,239696,13645,191028,430724,,,,,,1261296,1199000,2460296,,,,1261296,1199000,2460296,1261296,1199000,2460296,,,,1261296,1199000,2460296
2024,483045,00576300,Central Georgia Technical College,GA,12,,3,NJCAA,805,1208,2013,2,Basketball,10,13,,,10,13,2521,25207,1812,23555,48762,,,,,,189086,155242,344328,,,,189086,155242,344328,189086,155242,344328,,,,189086,155242,344328
2024,173203,00233900,Central Lakes College-Brainerd,MN,14,,3,NJCAA,548,417,965,2,Basketball,18,12,,,18,12,2221,39978,2163,25956,65934,,,,,,101419,67307,168726,,,,101419,67307,168726,101419,67307,168726,,,,101419,67307,168726
2024,161077,00527600,Central Maine Community College,ME,20,,8,other,844,850,1694,2,Basketball,20,18,,,20,18,2295,45897,3301,59423,105320,,,,,,77950,71068,149018,,,,77950,71068,149018,53267,68022,121289,,,,53267,68022,121289
2024,176947,00245300,Central Methodist University-College of Liberal Arts and Sciences,MO,9,,2,NAIA,505,532,1037,2,Basketball,38,36,,,38,36,1681,63890,905,32591,96481,,,,,,968467,780732,1749199,,,,968467,780732,1749199,953685,779300,1732985,,,,953685,779300,1732985
2024,169248,00224300,Central Michigan University,MI,1,,1,NCAA,3439,5227,8666,2,Basketball,17,16,,,17,16,35412,601999,22538,360606,962605,,,,,,2549633,1858197,4407830,,,,2549633,1858197,4407830,2549633,1858197,4407830,,,,2549633,1858197,4407830
2024,211477,00489000,Central Penn College,PA,20,,8,other,52,82,134,2,Basketball,15,10,,,15,10,2422,36332,2042,20417,56749,,,,,,47932,33854,81786,,,,47932,33854,81786,47932,33854,81786,,,,47932,33854,81786
2024,201690,00302600,Central State University,OH,4,,1,NCAA,804,1259,2063,2,Basketball,19,16,,,19,16,5568,105800,6165,98645,204445,,,,,,444998,354887,799885,,,,444998,354887,799885,444998,354887,799885,,,,444998,354887,799885
2024,234827,00377100,Central Washington University,WA,4,,1,NCAA,3153,3631,6784,2,Basketball,16,14,,,16,14,10547,168746,12515,175209,343955,,,,,,764163,732730,1496893,,,,764163,732730,1496893,726479,580014,1306493,,,,726479,580014,1306493
2024,240514,00728900,Central Wyoming College,WY,12,,3,NJCAA,213,332,545,2,Basketball,12,12,,,12,12,3973,47672,3599,43188,90860,,,,,,119011,125424,244435,,,,119011,125424,244435,119011,125424,244435,,,,119011,125424,244435
2024,234845,00377200,Centralia College,WA,19,,8,other,478,610,1088,2,Basketball,13,12,,,13,12,2264,29435,1729,20748,50183,,,,,,77291,56636,133927,,,,77291,56636,133927,73601,53158,126759,,,,73601,53158,126759
2024,156408,00196100,Centre College,KY,6,,1,NCAA,669,726,1395,2,Basketball,20,14,,,20,14,3852,77046,6446,90237,167283,,,,,,179588,197509,377097,,,,179588,197509,377097,179588,197506,377094,,,,179588,197506,377094
2024,111887,00116100,Cerritos College,CA,17,,8,other,3950,4559,8509,2,Basketball,18,12,,,18,12,3174,57126,2548,30573,87699,,,,,,336485,176379,512864,,,,336485,176379,512864,236019,165225,401244,,,,236019,165225,401244
2024,111896,01011100,Cerro Coso Community College,CA,17,,8,other,260,398,658,2,Basketball,14,16,,,14,16,2538,35526,3279,52463,87989,,,,,,137829,115434,253263,,,,137829,115434,253263,124026,114779,238805,,,,124026,114779,238805
2024,111920,00116200,Chabot College,CA,17,,8,other,1942,1778,3720,2,Basketball,17,14,,,17,14,3779,64237,3512,49168,113405,,,,,,126758,99921,226679,,,,126758,99921,226679,126758,99921,226679,,,,126758,99921,226679
2024,180948,00253900,Chadron State College,NE,4,,1,NCAA,484,885,1369,2,Basketball,15,17,,,15,17,8453,126791,5544,94253,221044,,,,,,388536,429031,817567,,,,388536,429031,817567,388536,429031,817567,,,,388536,429031,817567
2024,111939,00116300,Chaffey College,CA,17,,8,other,2957,3929,6886,2,Basketball,23,19,,,23,19,1690,38860,1546,29380,68240,,,,,,192462,216305,408767,,,,192462,216305,408767,211904,192798,404702,,,,211904,192798,404702
2024,141486,00160500,Chaminade University of Honolulu,HI,5,,1,NCAA,426,963,1389,2,Basketball,15,15,,,15,15,5779,86690,5714,85704,172394,,,,,,876955,282062,1159017,,,,876955,282062,1159017,876955,282062,1159017,,,,876955,282062,1159017
2024,492069,04276100,Champion Christian College,AR,16,,4,NCCAA,101,34,135,2,Basketball,36,18,,,36,18,299,10746,464,8356,19102,,,,,,152825,170500,323325,,,,152825,170500,323325,152825,170500,323325,,,,152825,170500,323325
2024,364025,03072200,Chandler-Gilbert Community College,AZ,13,,3,NJCAA,1058,875,1933,2,Basketball,23,14,,,23,14,1456,33497,1880,26320,59817,,,,,,134532,153880,288412,,,,134532,153880,288412,114278,118345,232623,,,,114278,118345,232623
2024,111948,00116400,Chapman University,CA,6,,1,NCAA,2757,4485,7242,2,Basketball,20,16,,,20,16,3759,75177,3888,62215,137392,,,,,,312477,302958,615435,,,,312477,302958,615435,312477,302958,615435,,,,312477,302958,615435
2024,217688,00341900,Charleston Southern University,SC,2,,1,NCAA,1003,1707,2710,2,Basketball,15,15,,,15,15,34351,515262,17316,259740,775002,,,,,,1688815,1283458,2972273,,,,1688815,1283458,2972273,1688815,1283458,2972273,,,,1688815,1283458,2972273
2024,211556,00324400,Chatham University,PA,7,,1,NCAA,391,754,1145,2,Basketball,21,22,,,21,22,3687,77424,2828,62205,139629,,,,,,155344,159698,315042,,,,155344,159698,315042,155344,159698,315042,,,,155344,159698,315042
2024,101028,01218200,Chattahoochee Valley Community College,AL,13,,3,NJCAA,214,309,523,2,Basketball,13,13,,,13,13,2728,35464,2656,34525,69989,,,,,,266601,252023,518624,,,,266601,252023,518624,269950,229654,499604,,,,269950,229654,499604
2024,219824,00399800,Chattanooga State Community College,TN,12,,3,NJCAA,1161,1850,3011,2,Basketball,15,11,,,15,11,3507,52606,4329,47618,100224,,,,,,246484,262001,508485,,,,246484,262001,508485,246484,262001,508485,,,,246484,262001,508485
2024,208390,00321800,Chemeketa Community College,OR,19,,8,other,1340,1902,3242,2,Basketball,12,12,,,12,12,2064,24770,2020,24234,49004,,,,,,71545,66917,138462,,,,71545,66917,138462,71545,66917,138462,,,,71545,66917,138462
2024,162168,00465000,Chesapeake College,MD,13,,3,NJCAA,181,221,402,2,Basketball,13,10,,,13,10,3948,51324,3023,30229,81553,,,,,,80244,55685,135929,,,,80244,55685,135929,80244,55685,135929,,,,80244,55685,135929
2024,211583,00324500,Chestnut Hill College,PA,5,,1,NCAA,340,359,699,2,Basketball,16,17,,,16,17,3401,54415,3477,59101,113516,,,,,,275654,293760,569414,,,,275654,293760,569414,268819,295357,564176,,,,268819,295357,564176
2024,211608,00331700,Cheyney University of Pennsylvania,PA,18,,8,other,187,379,566,2,Basketball,15,10,,,15,10,6580,98694,9415,94146,192840,,,,,,193487,214980,408467,,,,193487,214980,408467,193487,214980,408467,,,,193487,214980,408467
2024,144005,00169400,Chicago State University,IL,3,,1,NCAA,324,625,949,2,Basketball,19,14,,,19,14,5791,110020,7687,107624,217644,,,,,,1355956,1174142,2530098,,,,1355956,1174142,2530098,1355956,1174142,2530098,,,,1355956,1174142,2530098
2024,133021,00147200,Chipola College,FL,12,,3,NJCAA,350,418,768,2,Basketball,14,15,,,14,15,5840,81756,5336,80043,161799,,,,,,522477,509642,1032119,,,,522477,509642,1032119,522477,509642,1032119,,,,522477,509642,1032119
2024,198303,00291600,Chowan University,NC,4,,1,NCAA,354,222,576,2,Basketball,34,17,,,34,17,3332,113275,4845,82358,195633,,,,,,473748,423956,897704,,,,473748,423956,897704,473748,423956,897704,,,,473748,423956,897704
2024,219833,00348200,Christian Brothers University,TN,5,,1,NCAA,395,440,835,2,Basketball,20,20,,,20,20,4074,81480,4167,83349,164829,,,,,,620892,632961,1253853,,,,620892,632961,1253853,660770,671448,1332218,,,,660770,671448,1332218
2024,231712,00370600,Christopher Newport University,VA,6,,1,NCAA,2039,2250,4289,2,Basketball,21,18,,,21,18,10488,220252,9694,174495,394747,,,,,,499539,456029,955568,,,,499539,456029,955568,499539,456029,955568,,,,499539,456029,955568
2024,223898,00355300,Cisco College,TX,12,,3,NJCAA,359,470,829,2,Basketball,,14,,,0,14,0,0,4960,69442,69442,,,,,,,269887,269887,,,,0,269887,269887,,269887,269887,,,,0,269887,269887
2024,217864,00342300,Citadel Military College of South Carolina,SC,2,,1,NCAA,2218,331,2549,2,Basketball,21,,,,21,0,24726,519255,0,0,519255,,,,,,2195887,,2195887,,,,2195887,0,2195887,2020125,,2020125,,,,2020125,0,2020125
2024,112172,00116600,Citrus College,CA,17,,8,other,1863,2126,3989,2,Basketball,17,12,,,17,12,3132,53245,2563,30755,84000,,,,,,261032,143483,404515,,,,261032,143483,404515,252978,117579,370557,,,,252978,117579,370557
2024,112190,00450200,City College of San Francisco,CA,17,,8,other,2642,2507,5149,2,Basketball,16,13,,,16,13,4606,73689,3893,50610,124299,,,,,,160065,103767,263832,,,,160065,103767,263832,155065,98767,253832,,,,155065,98767,253832
2024,144184,00164800,City Colleges of Chicago-Harry S Truman College,IL,12,,3,NJCAA,425,541,966,2,Basketball,13,13,,,13,13,1796,23347,1546,20094,43441,,,,,,123021,112765,235786,,,,123021,112765,235786,123021,112765,235786,,,,123021,112765,235786
2024,144157,00165400,City Colleges of Chicago-Kennedy-King College,IL,12,,3,NJCAA,499,413,912,2,Basketball,15,15,,,15,15,592,8885,592,8885,17770,,,,,,42963,45229,88192,,,,42963,45229,88192,107974,105449,213423,,,,107974,105449,213423
2024,144166,00165000,City Colleges of Chicago-Malcolm X College,IL,12,,3,NJCAA,574,1881,2455,2,Basketball,20,16,,,20,16,1847,36946,1681,26897,63843,,,,,,170126,152077,322203,,,,170126,152077,322203,170126,152077,322203,,,,170126,152077,322203
2024,144175,00976700,City Colleges of Chicago-Olive-Harvey College,IL,12,,3,NJCAA,380,374,754,2,Basketball,11,15,,,11,15,2844,31279,2490,37351,68630,,,,,,137625,159635,297260,,,,137625,159635,297260,137625,159635,297260,,,,137625,159635,297260
2024,144193,00164900,City Colleges of Chicago-Richard J Daley College,IL,8,NJCAA Division I & NJCAA Division II,8,other,1035,458,1493,2,Basketball,15,13,,,15,13,2119,31784,1859,24169,55953,,,,,,85468,82825,168293,,,,85468,82825,168293,85468,82825,168293,,,,85468,82825,168293
2024,144218,00165500,City Colleges of Chicago-Wilbur Wright College,IL,12,,3,NJCAA,1214,943,2157,2,Basketball,13,14,,,13,14,2554,33196,2371,33196,66392,,,,,,126996,131969,258965,,,,126996,131969,258965,126996,131969,258965,,,,126996,131969,258965
2024,208406,00487800,Clackamas Community College,OR,19,,8,other,959,1074,2033,2,Basketball,13,10,,,13,10,2116,27504,3505,35051,62555,,,,,,127955,108141,236096,,,,127955,108141,236096,111103,106190,217293,,,,111103,106190,217293
2024,217873,00342400,Claflin University,SC,5,,1,NCAA,468,1127,1595,2,Basketball,16,16,,,16,16,7704,123256,8525,136403,259659,,,,,,571404,464150,1035554,,,,571404,464150,1035554,571404,464150,1035554,,,,571404,464150,1035554
2024,112260,00117000,Claremont McKenna College,CA,6,,1,NCAA,690,691,1381,2,Basketball,18,13,,,18,13,4746,85436,5311,69047,154483,,,,,,295201,235747,530948,,,,295201,235747,530948,295201,235747,530948,,,,295201,235747,530948
2024,223922,00355400,Clarendon College,TX,12,,3,NJCAA,274,344,618,2,Basketball,22,22,,,22,22,2763,60796,1696,37316,98112,,,,,,176725,179178,355903,,,,176725,179178,355903,197202,188731,385933,,,,197202,188731,385933
2024,138947,00155900,Clark Atlanta University,GA,4,,1,NCAA,802,2728,3530,2,Basketball,16,17,,,16,17,9621,153942,9108,154834,308776,,,,,,855484,775134,1630618,,,,855484,775134,1630618,817315,775134,1592449,,,,817315,775134,1592449
2024,234933,00377300,Clark College,WA,19,,8,other,1105,1572,2677,2,Basketball,12,14,,,12,14,3501,42012,2079,29106,71118,,,,,,105662,75695,181357,,,,105662,75695,181357,101304,66390,167694,,,,101304,66390,167694
2024,201973,00485200,Clark State College,OH,13,,3,NJCAA,267,432,699,2,Basketball,20,10,,,20,10,169,3370,233,2325,5695,,,,,,32229,36229,68458,,,,32229,36229,68458,32229,36229,68458,,,,32229,36229,68458
2024,165334,00213900,Clark University,MA,7,,1,NCAA,955,1244,2199,2,Basketball,17,16,,,17,16,2629,44701,3978,63653,108354,,,,,,228021,238849,466870,,,,228021,238849,466870,228021,238849,466870,,,,228021,238849,466870
2024,153126,00185200,Clarke University,IA,9,,2,NAIA,394,330,724,2,Basketball,29,26,,,29,26,2921,84715,3611,93895,178610,,,,,,695058,877568,1572626,,,,695058,877568,1572626,695058,877568,1572626,,,,695058,877568,1572626
2024,190044,00269900,Clarkson University,NY,7,,1,NCAA,1520,669,2189,2,Basketball,16,12,,,16,12,3338,53411,3361,40328,93739,,,,,,152092,122424,274516,,,,152092,122424,274516,152028,126789,278817,,,,152028,126789,278817
2024,139311,00897600,Clayton  State University,GA,5,,1,NCAA,841,1857,2698,2,Basketball,18,18,,,18,18,3089,55595,3586,64549,120144,,,,,,477892,510892,988784,,,,477892,510892,988784,408998,410397,819395,,,,408998,410397,819395
2024,169327,00224600,Cleary University,MI,9,,2,NAIA,345,195,540,2,Basketball,16,15,,,16,15,3976,63617,4096,61439,125056,,,,,,308136,276588,584724,,,,308136,276588,584724,308136,276588,584724,,,,308136,276588,584724
2024,217882,00342500,Clemson University,SC,1,,1,NCAA,10292,12341,22633,2,Basketball,17,17,,,17,17,115290,1959936,68013,1156229,3116165,,,,,,12592738,6607428,19200166,,,,12592738,6607428,19200166,12592738,6607428,19200166,,,,12592738,6607428,19200166
2024,198321,00808200,Cleveland Community College,NC,13,,3,NJCAA,222,277,499,2,Basketball,15,11,,,15,11,2047,30698,2673,29398,60096,,,,,,54596,55169,109765,,,,54596,55169,109765,54596,55169,109765,,,,54596,55169,109765
2024,219879,00399900,Cleveland State Community College,TN,12,,3,NJCAA,635,736,1371,2,Basketball,15,10,,,15,10,3557,53348,3541,35410,88758,,,,,,255044,221684,476728,,,,255044,221684,476728,245686,194714,440400,,,,245686,194714,440400
2024,202134,00303200,Cleveland State University,OH,3,,1,NCAA,3506,3951,7457,2,Basketball,14,14,,,14,14,39824,557537,24503,343039,900576,,,,,,2667151,1729798,4396949,,,,2667151,1729798,4396949,2579603,2019310,4598913,,,,2579603,2019310,4598913
2024,217891,00492300,Clinton College,SC,15,MBB NCCAA   WBB  NCCAA,4,NCCAA,46,77,123,2,Basketball,31,27,,,31,27,2419,75000,2778,75000,150000,,,,,,273313,312349,585662,,,,273313,312349,585662,273313,312349,585662,,,,273313,312349,585662
2024,190053,00678700,Clinton Community College,NY,14,,3,NJCAA,126,125,251,2,Basketball,15,,,,15,0,2166,32489,0,0,32489,,,,,,55049,,55049,,,,55049,0,55049,55049,,55049,,,,55049,0,55049
2024,154907,00190900,Cloud County Community College,KS,12,,3,NJCAA,229,270,499,2,Basketball,13,12,,,13,12,3099,40289,2378,28531,68820,,,,,,276564,255380,531944,,,,276564,255380,531944,251824,241494,493318,,,,251824,241494,493318
2024,175519,00240100,Coahoma Community College,MS,12,,3,NJCAA,422,566,988,2,Basketball,15,12,,,15,12,4545,68168,6886,82628,150796,,,,,,299554,315110,614664,,,,299554,315110,614664,299554,315110,614664,,,,299554,315110,614664
2024,125462,00117600,Coalinga College,CA,17,,8,other,254,282,536,2,Basketball,15,,,,15,0,3972,59580,0,0,59580,,,,,,111141,,111141,,,,111141,0,111141,111141,,111141,,,,111141,0,111141
2024,101161,00106000,Coastal Alabama Community College,AL,12,,3,NJCAA,1061,1638,2699,2,Basketball,33,28,,,33,28,2926,96549,3340,93532,190081,,,,,,508374,493754,1002128,,,,508374,493754,1002128,508374,493754,1002128,,,,508374,493754,1002128
2024,223320,00354600,Coastal Bend College,TX,12,,3,NJCAA,322,582,904,2,Basketball,13,15,,,13,15,545,7080,4651,69770,76850,,,,,,342818,291215,634033,,,,342818,291215,634033,342818,291215,634033,,,,342818,291215,634033
2024,218724,00345100,Coastal Carolina University,SC,1,,1,NCAA,4379,5631,10010,2,Basketball,16,14,,,16,14,37322,597152,45808,641318,1238470,,,,,,3249057,2446380,5695437,,,,3249057,2446380,5695437,3249057,2446380,5695437,,,,3249057,2446380,5695437
2024,104425,00107200,Cochise County Community College District,AZ,12,,3,NJCAA,628,824,1452,2,Basketball,14,13,,,14,13,5339,74744,6661,86587,161331,,,,,,389747,382423,772170,,,,389747,382423,772170,389747,382423,772170,,,,389747,382423,772170
2024,153144,00185400,Coe College,IA,6,,1,NCAA,575,573,1148,2,Basketball,24,21,,,24,21,1930,46308,1648,34607,80915,,,,,,151157,143492,294649,,,,151157,143492,294649,151157,143492,294649,,,,151157,143492,294649
2024,154925,00191000,Coffeyville Community College,KS,12,,3,NJCAA,463,303,766,2,Basketball,17,17,,,17,17,4993,84888,3581,60869,145757,,,,,,216531,276965,493496,,,,216531,276965,493496,420348,365129,785477,,,,420348,365129,785477
2024,217907,00342700,Coker University,SC,5,,1,NCAA,356,453,809,2,Basketball,22,18,,,22,18,4374,96237,4589,82600,178837,,,,,,621561,542838,1164399,,,,621561,542838,1164399,603715,526750,1130465,,,,603715,526750,1130465
2024,161086,00203900,Colby College,ME,6,,1,NCAA,1175,1232,2407,2,Basketball,18,15,,,18,15,5013,90226,5820,87298,177524,,,,,,393354,331549,724903,,,,393354,331549,724903,393354,331549,724903,,,,393354,331549,724903
2024,154934,00191100,Colby Community College,KS,12,,3,NJCAA,207,328,535,2,Basketball,12,12,,,12,12,4512,54139,3879,46544,100683,,,,,,274715,259112,533827,,,,274715,259112,533827,277349,254684,532033,,,,277349,254684,532033
2024,182634,00257200,Colby-Sawyer College,NH,7,,1,NCAA,225,489,714,2,Basketball,21,16,,,21,16,1503,31559,1783,28532,60091,,,,,,90047,86011,176058,,,,90047,86011,176058,90047,86011,176058,,,,90047,86011,176058
2024,190099,00270100,Colgate University,NY,2,,1,NCAA,1365,1803,3168,2,Basketball,15,16,,,15,16,28353,425288,21495,343922,769210,,,,,,2998744,2534252,5532996,,,,2998744,2534252,5532996,2998744,2534252,5532996,,,,2998744,2534252,5532996
2024,108667,00672000,College of Alameda,CA,17,,8,other,346,332,678,2,Basketball,16,,,,16,0,2188,35000,0,0,35000,,,,,,69524,,69524,,,,69524,0,69524,68524,,68524,,,,68524,0,68524
2024,388520,03422400,College of Biblical Studies-Houston,TX,5,,1,NCAA,37,23,60,2,Basketball,13,13,,,13,13,459,5964,459,5964,11928,,,,,,185627,185627,371254,,,,185627,185627,371254,184333,184333,368666,,,,184333,184333,368666
2024,217819,00342800,College of Charleston,SC,3,,1,NCAA,3196,6897,10093,2,Basketball,16,30,,,16,30,84837,1357399,17973,539176,1896575,,,,,,5415376,2431065,7846441,,,,5415376,2431065,7846441,5415376,2431065,7846441,,,,5415376,2431065,7846441
2024,139250,00155800,College of Coastal Georgia,GA,9,,2,NAIA,589,1345,1934,2,Basketball,15,14,,,15,14,2527,37901,3451,48307,86208,,,,,,243562,237209,480771,,,,243562,237209,480771,243562,237209,480771,,,,243562,237209,480771
2024,144865,00665600,College of DuPage,IL,14,,3,NJCAA,3661,3423,7084,2,Basketball,11,13,,,11,13,3615,39768,2978,38715,78483,,,,,,139331,137131,276462,,,,139331,137131,276462,133649,131531,265180,,,,133649,131531,265180
2024,146472,00769400,College of Lake County,IL,13,,3,NJCAA,1751,1758,3509,2,Basketball,11,13,,,11,13,3531,38842,3753,48784,87626,,,,,,87144,99921,187065,,,,87144,99921,187065,87144,98099,185243,,,,87144,98099,185243
2024,118347,00117800,College of Marin,CA,17,,8,other,636,607,1243,2,Basketball,17,16,,,17,16,924,15710,1309,20937,36647,,,,,,110006,105414,215420,,,,110006,105414,215420,110006,105414,215420,,,,110006,105414,215420
2024,167394,00214000,College of Our Lady of the Elms,MA,7,,1,NCAA,239,623,862,2,Basketball,15,15,,,15,15,2896,43445,3030,45449,88894,,,,,,98041,105998,204039,,,,98041,105998,204039,98041,105998,204039,,,,98041,105998,204039
2024,122791,00118100,College of San Mateo,CA,17,,8,other,1169,971,2140,2,Basketball,16,12,,,16,12,3470,55513,4711,56528,112041,,,,,,176543,196194,372737,,,,176543,196194,372737,146532,174235,320767,,,,146532,174235,320767
2024,142559,00161900,College of Southern Idaho,ID,12,,3,NJCAA,777,1015,1792,2,Basketball,16,13,,,16,13,7798,124764,8929,116072,240836,,,,,,511506,470457,981963,,,,511506,470457,981963,511506,470457,981963,,,,511506,470457,981963
2024,162122,00206400,College of Southern Maryland,MD,13,,3,NJCAA,724,926,1650,2,Basketball,15,8,,,15,8,3220,48302,2961,23690,71992,,,,,,114822,105151,219973,,,,114822,105151,219973,114822,105151,219973,,,,114822,105151,219973
2024,182005,01036200,College of Southern Nevada,NV,12,,3,NJCAA,4053,5252,9305,2,Basketball,13,14,,,13,14,4669,60698,6553,91735,152433,,,,,,96207,133205,229412,,,,96207,133205,229412,88676,122343,211019,,,,88676,122343,211019
2024,190558,00269800,College of Staten Island CUNY,NY,5,,1,NCAA,3785,3826,7611,2,Basketball,14,10,,,14,10,5219,73068,6077,60774,133842,,,,,,318297,293612,611909,,,,318297,293612,611909,318297,293612,611909,,,,318297,293612,611909
2024,111461,00890300,College of the Canyons,CA,17,,8,other,2685,2665,5350,2,Basketball,16,11,,,16,11,3355,53677,4643,51072,104749,,,,,,165193,118742,283935,,,,165193,118742,283935,158096,117408,275504,,,,158096,117408,275504
2024,113573,00118200,College of the Desert,CA,17,,8,other,1851,2235,4086,2,Basketball,16,10,,,16,10,2049,32787,1662,16615,49402,,,,,,110407,103341,213748,,,,110407,103341,213748,110407,103341,213748,,,,110407,103341,213748
2024,166124,00214100,College of the Holy Cross,MA,2,,1,NCAA,1429,1677,3106,2,Basketball,16,13,,,16,13,35111,561783,24621,320077,881860,,,,,,2799702,2047301,4847003,,,,2799702,2047301,4847003,2799702,2047301,4847003,,,,2799702,2047301,4847003
2024,178697,00250000,College of the Ozarks,MO,9,,2,NAIA,633,793,1426,2,Basketball,15,13,,,15,13,7566,113486,7566,98355,211841,,,,,,288830,264364,553194,,,,288830,264364,553194,288830,264364,553194,,,,288830,264364,553194
2024,121707,00118500,College of the Redwoods,CA,17,,8,other,725,792,1517,2,Basketball,14,10,,,14,10,4116,57621,4016,40159,97780,,,,,,139665,93951,233616,,,,139665,93951,233616,117279,88320,205599,,,,117279,88320,205599
2024,123217,00118600,College of the Sequoias,CA,17,,8,other,2470,2903,5373,2,Basketball,11,13,,,11,13,3489,38383,4687,60934,99317,,,,,,169750,239665,409415,,,,169750,239665,409415,153997,206011,360008,,,,153997,206011,360008
2024,123484,00118700,College of the Siskiyous,CA,17,,8,other,341,277,618,2,Basketball,23,8,,,23,8,2569,59092,5106,40851,99943,,,,,,113412,94400,207812,,,,113412,94400,207812,113412,94400,207812,,,,113412,94400,207812
2024,247834,02361400,Collin County Community College District,TX,12,,3,NJCAA,6135,5710,11845,2,Basketball,13,13,,,13,13,4839,62905,5980,77735,140640,,,,,,307877,305723,613600,,,,307877,305723,613600,307877,305723,613600,,,,307877,305723,613600
2024,126669,00940100,Colorado Christian University,CO,5,,1,NCAA,597,1155,1752,2,Basketball,17,16,,,17,16,6957,118267,5801,92818,211085,,,,,,592943,529327,1122270,,,,592943,529327,1122270,592943,529327,1122270,,,,592943,529327,1122270
2024,126678,00134700,Colorado College,CO,7,,1,NCAA,873,1113,1986,2,Basketball,18,15,,,18,15,13041,234746,14905,223570,458316,,,,,,337419,348238,685657,,,,337419,348238,685657,403092,403269,806361,,,,403092,403269,806361
2024,127556,00135800,Colorado Mesa University,CO,4,,1,NCAA,3172,3748,6920,2,Basketball,15,23,,,15,23,15641,234613,6031,138711,373324,,,,,,946243,797769,1744012,,,,946243,797769,1744012,962709,798343,1761052,,,,962709,798343,1761052
2024,126748,00135900,Colorado Northwestern Community College,CO,12,,3,NJCAA,156,206,362,2,Basketball,16,14,,,16,14,2909,46548,2886,40400,86948,,,,,,201800,157095,358895,,,,201800,157095,358895,199428,156757,356185,,,,199428,156757,356185
2024,126775,00134800,Colorado School of Mines,CO,4,,1,NCAA,4049,1882,5931,2,Basketball,18,14,,,18,14,11380,204842,8813,123382,328224,,,,,,1160364,763253,1923617,,,,1160364,763253,1923617,1160364,763253,1923617,,,,1160364,763253,1923617
2024,128106,00136500,Colorado State University Pueblo,CO,4,,1,NCAA,1147,1339,2486,2,Basketball,17,13,,,17,13,7352,124985,9010,117126,242111,,,,,,593702,482634,1076336,,,,593702,482634,1076336,593702,482634,1076336,,,,593702,482634,1076336
2024,126818,00135000,Colorado State University-Fort Collins,CO,1,,1,NCAA,10278,12701,22979,2,Basketball,15,19,,,15,19,115951,1739259,58405,1109690,2848949,,,,,,6966054,3293058,10259112,,,,6966054,3293058,10259112,6966054,3293058,10259112,,,,6966054,3293058,10259112
2024,234979,00377400,Columbia Basin College,WA,19,,8,other,1088,1647,2735,2,Basketball,15,12,,,15,12,2865,42971,3425,41100,84071,,,,,,95480,93399,188879,,,,95480,93399,188879,95480,93399,188879,,,,95480,93399,188879
2024,217934,00343000,Columbia College,SC,9,,2,NAIA,232,723,955,2,Basketball,16,21,,,16,21,2212,35384,488,10241,45625,,,,,,257700,254523,512223,,,,257700,254523,512223,257700,254523,512223,,,,257700,254523,512223
2024,112561,00770700,Columbia College,CA,17,,8,other,293,403,696,2,Basketball,14,,,,14,0,4587,64214,0,0,64214,,,,,,96894,,96894,,,,96894,0,96894,96894,,96894,,,,96894,0,96894
2024,177065,00245600,Columbia College,MO,9,,2,NAIA,975,1489,2464,2,Basketball,17,16,,,17,16,4324,73502,6180,98875,172377,,,,,,388497,429303,817800,,,,388497,429303,817800,388497,429303,817800,,,,388497,429303,817800
2024,217925,00342900,Columbia International University,SC,9,,2,NAIA,327,330,657,2,Basketball,17,23,,,17,23,3038,51649,1966,45208,96857,,,,,,294529,298770,593299,,,,294529,298770,593299,375730,272743,648473,,,,375730,272743,648473
2024,219888,00348300,Columbia State Community College,TN,12,,3,NJCAA,1040,1595,2635,2,Basketball,16,8,,,16,8,4711,75372,7127,57012,132384,,,,,,219978,159136,379114,,,,219978,159136,379114,219978,159136,379114,,,,219978,159136,379114
2024,190150,00270700,Columbia University in the City of New York,NY,2,,1,NCAA,4229,4145,8374,2,Basketball,18,13,,,18,13,20600,370801,57184,743389,1114190,,,,,,2169578,2752810,4922388,,,,2169578,2752810,4922388,2169578,2752810,4922388,,,,2169578,2752810,4922388
2024,190169,00678900,Columbia-Greene Community College,NY,7,,1,NCAA,243,177,420,2,Basketball,11,,,,11,0,571,6284,0,0,6284,,,,,,14684,,14684,,,,14684,0,14684,14684,,14684,,,,14684,0,14684
2024,139366,00156100,Columbus State University,GA,5,,1,NCAA,1676,2383,4059,2,Basketball,22,21,,,22,21,5041,110904,3914,82195,193099,,,,,,550213,412211,962424,,,,550213,412211,962424,550213,412211,962424,,,,550213,412211,962424
2024,498562,00331500,Commonwealth University of Pennsylvania,PA,4,,1,NCAA,3513,5194,8707,2,Basketball,46,43,,,46,43,3987,183385,4230,181891,365276,,,,,,994605,1005547,2000152,,,,994605,1005547,2000152,979708,1004098,1983806,,,,979708,1004098,1983806
2024,446163,03874400,Community Christian College,AZ,12,,3,NJCAA,375,10,385,2,Basketball,15,10,,,15,10,2874,43111,2860,28600,71711,,,,,,63617,46809,110426,,,,63617,46809,110426,63617,46809,110426,,,,63617,46809,110426
2024,210605,00323100,Community College of Allegheny County,PA,14,,3,NJCAA,1696,1937,3633,2,Basketball,12,7,,,12,7,1242,14901,689,4823,19724,,,,,,42607,26667,69274,,,,42607,26667,69274,42607,28567,71174,,,,42607,28567,71174
2024,434672,00206300,Community College of Baltimore County,MD,13,,3,NJCAA,1920,2081,4001,2,Basketball,31,21,,,31,21,2493,77284,6472,135903,213187,,,,,,226273,306622,532895,,,,226273,306622,532895,154851,256907,411758,,,,154851,256907,411758
2024,211079,00680700,Community College of Beaver County,PA,13,,3,NJCAA,314,281,595,2,Basketball,18,,,,18,0,4332,77979,0,0,77979,,,,,,120523,,120523,,,,120523,0,120523,120523,,120523,,,,120523,0,120523
2024,215239,00324900,Community College of Philadelphia,PA,14,,3,NJCAA,1727,2790,4517,2,Basketball,10,9,,,10,9,3373,33731,1836,16524,50255,,,,,,47432,30225,77657,,,,47432,30225,77657,47432,30225,77657,,,,47432,30225,77657
2024,217475,00340800,Community College of Rhode Island,RI,14,,3,NJCAA,1903,2575,4478,2,Basketball,11,10,,,11,10,2741,30153,6135,61350,91503,,,,,,70620,81465,152085,,,,70620,81465,152085,62988,95839,158827,,,,62988,95839,158827
2024,112686,04281700,Compton College,CA,17,,8,other,447,596,1043,2,Basketball,15,9,,,15,9,2007,30105,3099,27894,57999,,,,,,68825,65249,134074,,,,68825,65249,134074,68825,65249,134074,,,,68825,65249,134074
2024,237330,00381000,Concord University,WV,4,,1,NCAA,591,850,1441,2,Basketball,30,35,,,30,35,3048,91440,2602,91080,182520,,,,,,469251,474372,943623,,,,469251,474372,943623,469251,474371,943622,,,,469251,474371,943622
2024,173300,00234600,Concordia College at Moorhead,MN,6,,1,NCAA,831,954,1785,2,Basketball,17,20,,,17,20,5694,96800,4582,91630,188430,,,,,,210277,200935,411212,,,,210277,200935,411212,210277,200935,411212,,,,210277,200935,411212
2024,224004,00355700,Concordia University Texas,TX,7,,1,NCAA,387,633,1020,2,Basketball,43,18,,,43,18,2263,97293,3138,56476,153769,,,,,,252250,219933,472183,,,,252250,219933,472183,252250,219933,472183,,,,252250,219933,472183
2024,144351,00166600,Concordia University-Chicago,IL,6,,1,NCAA,559,626,1185,2,Basketball,26,13,,,26,13,3634,94484,3541,46037,140521,,,,,,198471,181320,379791,,,,198471,181320,379791,198141,165367,363508,,,,198141,165367,363508
2024,112075,02070500,Concordia University-Irvine,CA,5,,1,NCAA,587,919,1506,2,Basketball,16,14,,,16,14,7193,115089,7969,111572,226661,,,,,,800938,616216,1417154,,,,800938,616216,1417154,800938,616216,1417154,,,,800938,616216,1417154
2024,180984,00254100,Concordia University-Nebraska,NE,9,,2,NAIA,606,617,1223,2,Basketball,35,32,,,35,32,1532,53626,1816,58107,111733,,,,,,991237,971176,1962413,,,,991237,971176,1962413,917197,870027,1787224,,,,917197,870027,1787224
2024,173328,00234700,Concordia University-Saint Paul,MN,4,,1,NCAA,785,1524,2309,2,Basketball,18,16,,,18,16,9417,169501,7488,119814,289315,,,,,,653347,604582,1257929,,,,653347,604582,1257929,653347,604582,1257929,,,,653347,604582,1257929
2024,238616,00384200,Concordia University-Wisconsin,WI,6,,1,NCAA,792,1041,1833,2,Basketball,28,22,,,28,22,1566,43842,3292,72415,116257,,,,,,176484,177586,354070,,,,176484,177586,354070,172922,168992,341914,,,,172922,168992,341914
2024,128902,00137900,Connecticut College,CT,7,,1,NCAA,762,1173,1935,2,Basketball,18,16,,,18,16,2242,40352,2299,36782,77134,,,,,,265864,220517,486381,,,,265864,220517,486381,265864,220517,486381,,,,265864,220517,486381
2024,206996,00315300,Connors State College,OK,12,,3,NJCAA,361,753,1114,2,Basketball,14,13,,,14,13,3828,53595,2059,26770,80365,,,,,,255085,174919,430004,,,,255085,174919,430004,255085,174919,430004,,,,255085,174919,430004
2024,112826,00119000,Contra Costa College,CA,17,,8,other,767,994,1761,2,Basketball,20,10,,,20,10,1774,35489,830,8297,43786,,,,,,87218,37828,125046,,,,87218,37828,125046,87218,37828,125046,,,,87218,37828,125046
2024,217961,00343100,Converse University,SC,5,,1,NCAA,311,830,1141,2,Basketball,19,18,,,19,18,3407,64735,2704,48675,113410,,,,,,518279,424731,943010,,,,518279,424731,943010,511719,417325,929044,,,,511719,417325,929044
2024,175573,00240200,Copiah-Lincoln Community College,MS,12,,3,NJCAA,709,974,1683,2,Basketball,14,12,,,14,12,4231,59230,3602,43221,102451,,,,,,326618,265521,592139,,,,326618,265521,592139,326618,265521,592139,,,,326618,265521,592139
2024,395362,03542400,Copper Mountain Community College,CA,17,,8,other,126,259,385,2,Basketball,14,10,,,14,10,1193,16699,1135,11349,28048,,,,,,53182,57150,110332,,,,53182,57150,110332,52812,56806,109618,,,,52812,56806,109618
2024,162283,00206800,Coppin State University,MD,3,,1,NCAA,422,1126,1548,2,Basketball,16,13,,,16,13,14214,227417,14996,194952,422369,,,,,,865495,827152,1692647,,,,865495,827152,1692647,865495,827152,1692647,,,,865495,827152,1692647
2024,210331,00133900,Corban University,OR,10,,2,NAIA,269,339,608,2,Basketball,37,17,,,37,17,2709,100231,4606,78301,178532,,,,,,595839,328594,924433,,,,595839,328594,924433,595839,328594,924433,,,,595839,328594,924433
2024,153162,00185600,Cornell College,IA,6,,1,NCAA,579,499,1078,2,Basketball,30,17,,,30,17,1168,35031,2808,47730,82761,,,,,,211928,384959,596887,,,,211928,384959,596887,192133,312326,504459,,,,192133,312326,504459
2024,190415,00271100,Cornell University,NY,2,,1,NCAA,7198,8641,15839,2,Basketball,20,19,,,20,19,13859,277178,11342,215502,492680,,,,,,1608946,1397476,3006422,,,,1608946,1397476,3006422,1523103,1373935,2897038,,,,1523103,1373935,2897038
2024,170037,00226600,Cornerstone University,MI,9,,2,NAIA,432,590,1022,2,Basketball,37,31,,,37,31,2205,81593,2020,62612,144205,,,,,,345621,309324,654945,,,,345621,309324,654945,345621,309324,654945,,,,345621,309324,654945
2024,106795,02220900,Cossatot Community College of the University of Arkansas,AR,13,,3,NJCAA,146,209,355,2,Basketball,15,11,,,15,11,601,9010,657,7225,16235,,,,,,58564,45952,104516,,,,58564,45952,104516,58564,45952,104516,,,,58564,45952,104516
2024,113096,00753600,Cosumnes River College,CA,17,,8,other,1713,1802,3515,2,Basketball,17,17,,,17,17,2721,46262,991,16842,63104,,,,,,172759,95192,267951,,,,172759,95192,267951,172433,94881,267314,,,,172433,94881,267314
2024,184180,00772900,County College of Morris,NJ,13,,3,NJCAA,1396,1127,2523,2,Basketball,18,,,,18,0,666,11980,0,0,11980,,,,,,29480,,29480,,,,29480,0,29480,29480,,29480,,,,29480,0,29480
2024,139393,00348400,Covenant College,GA,7,,1,NCAA,450,479,929,2,Basketball,20,13,,,20,13,3337,66732,3795,49335,116067,,,,,,243906,151083,394989,,,,243906,151083,394989,167054,143363,310417,,,,167054,143363,310417
2024,154952,00190200,Cowley County Community College,KS,12,,3,NJCAA,472,612,1084,2,Basketball,16,14,,,16,14,3277,52430,3518,49246,101676,,,,,,304445,262485,566930,,,,304445,262485,566930,304445,262485,566930,,,,304445,262485,566930
2024,181002,00254200,Creighton University,NE,3,,1,NCAA,1784,2475,4259,2,Basketball,16,11,,,16,11,136668,2186683,87192,959113,3145796,,,,,,19767613,1281546,21049159,,,,19767613,1281546,21049159,14019614,3166071,17185685,,,,14019614,3166071,17185685
2024,177135,00245900,Crowder College,MO,12,,3,NJCAA,653,992,1645,2,Basketball,,13,,,0,13,0,0,4428,57570,57570,,,,,,,315610,315610,,,,0,315610,315610,,315610,315610,,,,0,315610,315610
2024,106810,00109500,Crowley's Ridge College,AR,9,,2,NAIA,94,64,158,2,Basketball,21,15,,,21,15,3643,76499,4153,62300,138799,,,,,,251641,237881,489522,,,,251641,237881,489522,256507,283982,540489,,,,256507,283982,540489
2024,174862,00238300,Crown College,MN,6,,1,NCAA,324,298,622,2,Basketball,24,13,,,24,13,3747,89916,5392,70102,160018,,,,,,123943,137593,261536,,,,123943,137593,261536,159373,138906,298279,,,,159373,138906,298279
2024,113193,00119200,Cuesta College,CA,17,,8,other,1385,1452,2837,2,Basketball,15,10,,,15,10,1114,16704,2036,20357,37061,,,,,,71646,62997,134643,,,,71646,62997,134643,64380,59770,124150,,,,64380,59770,124150
2024,177144,00246000,Culver-Stockton College,MO,10,,2,NAIA,433,346,779,2,Basketball,34,20,,,34,20,1633,55532,2254,45080,100612,,,,,,514389,274983,789372,,,,514389,274983,789372,514389,274983,789372,,,,514389,274983,789372
2024,219949,00348500,Cumberland University,TN,9,,2,NAIA,888,1071,1959,2,Basketball,19,15,,,19,15,8571,162845,6690,100353,263198,,,,,,890335,465858,1356193,,,,890335,465858,1356193,880958,465362,1346320,,,,880958,465362,1346320
2024,190512,00727300,CUNY Bernard M Baruch College,NY,7,,1,NCAA,6598,6534,13132,2,Basketball,17,12,,,17,12,3002,51040,2974,35693,86733,,,,,,101088,56947,158035,,,,101088,56947,158035,101088,56947,158035,,,,101088,56947,158035
2024,190521,00269100,CUNY Borough of Manhattan Community College,NY,14,,3,NJCAA,5368,6527,11895,2,Basketball,17,15,,,17,15,849,14425,584,8762,23187,,,,,,36588,31621,68209,,,,36588,31621,68209,36588,31621,68209,,,,36588,31621,68209
2024,190530,00269200,CUNY Bronx Community College,NY,14,,3,NJCAA,1534,1877,3411,2,Basketball,14,10,,,14,10,751,10516,918,9175,19691,,,,,,30372,37032,67404,,,,30372,37032,67404,30372,37032,67404,,,,30372,37032,67404
2024,190549,00268700,CUNY Brooklyn College,NY,7,,1,NCAA,3689,4407,8096,2,Basketball,15,14,,,15,14,2362,35426,2887,40422,75848,,,,,,66016,71112,137128,,,,66016,71112,137128,66016,71112,137128,,,,66016,71112,137128
2024,190567,00268800,CUNY City College,NY,7,,1,NCAA,4972,5360,10332,2,Basketball,14,15,,,14,15,352,4925,328,4925,9850,,,,,,18525,22498,41023,,,,18525,22498,41023,18525,22498,41023,,,,18525,22498,41023
2024,190585,00861100,CUNY Hostos Community College,NY,14,,3,NJCAA,822,1432,2254,2,Basketball,18,13,,,18,13,1428,25695,2243,29156,54851,,,,,,54442,57485,111927,,,,54442,57485,111927,54513,61385,115898,,,,54513,61385,115898
2024,190594,00268900,CUNY Hunter College,NY,7,,1,NCAA,4461,8859,13320,2,Basketball,20,15,,,20,15,1152,23049,1950,29253,52302,,,,,,51341,78168,129509,,,,51341,78168,129509,51341,78168,129509,,,,51341,78168,129509
2024,190600,00269300,CUNY John Jay College of Criminal Justice,NY,7,,1,NCAA,3358,6258,9616,2,Basketball,16,9,,,16,9,2257,36107,3907,35165,71272,,,,,,121507,112173,233680,,,,121507,112173,233680,121507,112173,233680,,,,121507,112173,233680
2024,190619,00269400,CUNY Kingsborough Community College,NY,14,,3,NJCAA,2338,3027,5365,2,Basketball,16,13,,,16,13,1837,29386,2075,26981,56367,,,,,,64247,70057,134304,,,,64247,70057,134304,64247,70057,134304,,,,64247,70057,134304
2024,190628,01005100,CUNY LaGuardia Community College,NY,14,,3,NJCAA,3018,3876,6894,2,Basketball,12,9,,,12,9,1901,22807,1721,15485,38292,,,,,,45807,42485,88292,,,,45807,42485,88292,45807,42485,88292,,,,45807,42485,88292
2024,190637,00702200,CUNY Lehman College,NY,7,,1,NCAA,2681,4749,7430,2,Basketball,17,16,,,17,16,1178,20018,1348,21574,41592,,,,,,54489,67008,121497,,,,54489,67008,121497,54489,67008,121497,,,,54489,67008,121497
2024,190646,01009700,CUNY Medgar Evers College,NY,7,,1,NCAA,617,1525,2142,2,Basketball,17,19,,,17,19,1600,27201,829,15749,42950,,,,,,69804,53654,123458,,,,69804,53654,123458,69804,53654,123458,,,,69804,53654,123458
2024,190664,00269000,CUNY Queens College,NY,5,,1,NCAA,4869,5049,9918,2,Basketball,15,15,,,15,15,3780,56695,2453,36792,93487,,,,,,282294,289688,571982,,,,282294,289688,571982,282295,288888,571183,,,,282295,288888,571183
2024,190673,00269700,CUNY Queensborough Community College,NY,14,,3,NJCAA,2521,2602,5123,2,Basketball,12,12,,,12,12,680,8156,379,4552,12708,,,,,,22085,18002,40087,,,,22085,18002,40087,22085,18002,40087,,,,22085,18002,40087
2024,190691,00475900,CUNY York College,NY,7,,1,NCAA,1170,2055,3225,2,Basketball,17,12,,,17,12,1818,30914,2567,30800,61714,,,,,,48803,47802,96605,,,,48803,47802,96605,48803,47802,96605,,,,48803,47802,96605
2024,165529,00214300,Curry College,MA,6,,1,NCAA,736,944,1680,2,Basketball,18,13,,,18,13,2921,52576,3253,42288,94864,,,,,,93925,86057,179982,,,,93925,86057,179982,93925,86057,179982,,,,93925,86057,179982
2024,202356,00304000,Cuyahoga Community College District,OH,13,,3,NJCAA,1751,2352,4103,2,Basketball,10,12,,,10,12,7297,72967,4125,49501,122468,,,,,,184105,152569,336674,,,,184105,152569,336674,184105,152569,336674,,,,184105,152569,336674
2024,113218,02111300,Cuyamaca College,CA,17,,8,other,945,997,1942,2,Basketball,14,12,,,14,12,1181,16530,918,11010,27540,,,,,,154616,55163,209779,,,,154616,55163,209779,149798,50034,199832,,,,149798,50034,199832
2024,113236,00119300,Cypress College,CA,17,,8,other,2558,3219,5777,2,Basketball,23,19,,,23,19,1398,32165,2782,52860,85025,,,,,,216160,362397,578557,,,,216160,362397,578557,207603,322956,530559,,,,207603,322956,530559
2024,190716,00271200,D'Youville  University,NY,5,,1,NCAA,296,715,1011,2,Basketball,17,13,,,17,13,5229,88885,5817,75617,164502,,,,,,524344,355112,879456,,,,524344,355112,879456,521326,350463,871789,,,,521326,350463,871789
2024,190725,00280800,Daemen University,NY,5,,1,NCAA,411,1136,1547,2,Basketball,17,14,,,17,14,8858,150584,9711,135956,286540,,,,,,706529,611807,1318336,,,,706529,611807,1318336,686882,546677,1233559,,,,686882,546677,1233559
2024,200314,00299500,Dakota College at Bottineau,ND,13,,3,NJCAA,99,192,291,2,Basketball,14,15,,,14,15,3114,43593,2339,35086,78679,,,,,,74815,121986,196801,,,,74815,121986,196801,95769,86575,182344,,,,95769,86575,182344
2024,173416,01040200,Dakota County Technical College,MN,13,,3,NJCAA,867,522,1389,2,Basketball,14,,,,14,0,3804,53254,0,0,53254,,,,,,102505,,102505,,,,102505,0,102505,101705,,101705,,,,101705,0,101705
2024,219082,00346300,Dakota State University,SD,9,There is only one division in the NAIA,2,NAIA,1052,545,1597,2,Basketball,26,23,,,26,23,2797,72732,2976,68449,141181,,,,,,240286,248030,488316,,,,240286,248030,488316,240286,248030,488316,,,,240286,248030,488316
2024,219091,00346100,Dakota Wesleyan University,SD,9,,2,NAIA,326,318,644,2,Basketball,14,16,,,14,16,2271,31796,1997,31959,63755,,,,,,679884,719283,1399167,,,,679884,719283,1399167,533913,532718,1066631,,,,533913,532718,1066631
2024,224226,00356000,Dallas Baptist University,TX,5,,1,NCAA,861,1205,2066,2,Basketball,17,,,,17,0,17476,297100,0,0,297100,,,,,,1284350,,1284350,,,,1284350,0,1284350,1267906,,1267906,,,,1267906,0,1267906
2024,224244,00694100,Dallas Christian College,TX,8,NCCAA Division I & NCCAA Division II,8,other,133,74,207,2,Basketball,28,15,,,28,15,1132,31709,1848,27717,59426,,,,,,80366,55353,135719,,,,80366,55353,135719,60948,56217,117165,,,,60948,56217,117165
2024,224615,00445300,Dallas College,TX,14,,3,NJCAA,6439,7728,14167,2,Basketball,105,35,,,105,35,1177,123553,1573,55067,178620,,,,,,528679,379123,907802,,,,528679,379123,907802,528679,379123,907802,,,,528679,379123,907802
2024,139463,00395600,Dalton State College,GA,9,,2,NAIA,1051,1798,2849,2,Basketball,14,,,,14,0,3738,52329,0,0,52329,,,,,,285897,,285897,,,,285897,0,285897,285897,,285897,,,,285897,0,285897
2024,144564,00166900,Danville Area Community College,IL,13,,3,NJCAA,342,486,828,2,Basketball,15,12,,,15,12,2893,43400,3596,43146,86546,,,,,,233722,213565,447287,,,,233722,213565,447287,231162,211082,442244,,,,231162,211082,442244
2024,182670,00257300,Dartmouth College,NH,2,,1,NCAA,2351,2190,4541,2,Basketball,15,16,,,15,16,22851,342761,14735,235764,578525,,,,,,1329112,1195047,2524159,,,,1329112,1195047,2524159,1329112,1195047,2524159,,,,1329112,1195047,2524159
2024,169479,00224900,Davenport University,MI,4,,1,NCAA,931,935,1866,2,Basketball,16,12,,,16,12,4764,76218,7277,87319,163537,,,,,,626619,620365,1246984,,,,626619,620365,1246984,626619,620365,1246984,,,,626619,620365,1246984
2024,198385,00291800,Davidson College,NC,2,,1,NCAA,877,990,1867,2,Basketball,17,15,,,17,15,65120,1107040,28617,429249,1536289,,,,,,5844431,2990435,8834866,,,,5844431,2990435,8834866,4647356,2881133,7528489,,,,4647356,2881133,7528489
2024,198376,00291900,Davidson-Davie Community College,NC,13,,3,NJCAA,459,740,1199,2,Basketball,13,,,,13,0,685,8905,0,0,8905,,,,,,57884,,57884,,,,57884,0,57884,57884,,57884,,,,57884,0,57884
2024,237358,00381100,Davis & Elkins College,WV,5,,1,NCAA,284,369,653,2,Basketball,37,20,,,37,20,1203,44495,1496,29924,74419,,,,,,640814,307606,948420,,,,640814,307606,948420,621215,296626,917841,,,,621215,296626,917841
2024,180151,00252900,Dawson Community College,MT,12,,3,NJCAA,84,89,173,2,Basketball,22,16,,,22,16,2620,57633,2452,39235,96868,,,,,,291208,241702,532910,,,,291208,241702,532910,226598,129865,356463,,,,226598,129865,356463
2024,133386,00147500,Daytona State College,FL,12,,3,NJCAA,1992,2448,4440,2,Basketball,15,11,,,15,11,5789,86841,7262,79886,166727,,,,,,491472,417136,908608,,,,491472,417136,908608,491472,417136,908608,,,,491472,417136,908608
2024,113333,00448000,De Anza College,CA,17,,8,other,4504,3668,8172,2,Basketball,12,,,,12,0,4874,58485,0,0,58485,,,,,,115056,,115056,,,,115056,0,115056,102058,,102058,,,,102058,0,102058
2024,165574,00214400,Dean College,MA,6,,1,NCAA,518,539,1057,2,Basketball,24,11,,,24,11,1863,44718,2588,28472,73190,,,,,,146246,80490,226736,,,,146246,80490,226736,143698,78522,222220,,,,143698,78522,222220
2024,202514,00304100,Defiance College,OH,10,,2,NAIA,314,167,481,2,Basketball,20,15,,,20,15,3646,72929,2379,35678,108607,,,,,,614763,473357,1088120,,,,614763,473357,1088120,909996,536429,1446425,,,,909996,536429,1446425
2024,211927,00711000,Delaware County Community College,PA,14,,3,NJCAA,960,940,1900,2,Basketball,10,,,,10,0,2150,21500,0,0,21500,,,,,,38000,,38000,,,,38000,0,38000,38000,,38000,,,,38000,0,38000
2024,130934,00142800,Delaware State University,DE,2,,1,NCAA,1357,2513,3870,2,Basketball,16,16,,,16,16,7905,126483,5464,87417,213900,,,,,,1162648,845042,2007690,,,,1162648,845042,2007690,1162648,845042,2007690,,,,1162648,845042,2007690
2024,130907,01172700,Delaware Technical Community College-Terry,DE,8,NJCAA D2 - Lax Non-divisional,8,other,1697,2578,4275,2,Basketball,13,9,,,13,9,5074,65966,5067,45606,111572,,,,,,116854,83079,199933,,,,116854,83079,199933,116854,83079,199933,,,,116854,83079,199933
2024,211981,00325200,Delaware Valley University,PA,6,,1,NCAA,598,980,1578,2,Basketball,16,9,,,16,9,2905,46476,3523,31707,78183,,,,,,149663,132831,282494,,,,149663,132831,282494,149663,132831,282494,,,,149663,132831,282494
2024,158662,00462500,Delgado Community College,LA,12,,3,NJCAA,1483,2903,4386,2,Basketball,15,15,,,15,15,3148,47225,3332,49978,97203,,,,,,213794,218573,432367,,,,213794,218573,432367,213794,218573,432367,,,,213794,218573,432367
2024,169521,00225100,Delta College,MI,14,"Two Sports are NJCAA Division II, Five Sports DIII",3,NJCAA,927,1349,2276,2,Basketball,22,14,,,22,14,398,8759,872,12206,20965,,,,,,52637,37860,90497,,,,52637,37860,90497,52637,37860,90497,,,,52637,37860,90497
2024,175616,00240300,Delta State University,MS,4,,1,NCAA,676,756,1432,2,Basketball,21,23,,,21,23,3769,79153,2880,66235,145388,,,,,,434607,428530,863137,,,,434607,428530,863137,434607,428530,863137,,,,434607,428530,863137
2024,202523,00304200,Denison University,OH,6,,1,NCAA,1134,1242,2376,2,Basketball,19,21,,,19,21,5400,102609,3497,73428,176037,,,,,,300168,261949,562117,,,,300168,261949,562117,300168,261949,562117,,,,300168,261949,562117
2024,217989,00536300,Denmark Technical College,SC,12,,3,NJCAA,165,185,350,2,Basketball,14,15,,,14,15,2167,30338,2033,30495,60833,,,,,,123458,123615,247073,,,,123458,123615,247073,123458,123615,247073,,,,123458,123615,247073
2024,144740,00167100,DePaul University,IL,3,,1,NCAA,5897,7337,13234,2,Basketball,14,16,,,14,16,142424,1993935,83900,1342397,3336332,,,,,,12746533,5519337,18265870,,,,12746533,5519337,18265870,12746533,5519337,18265870,,,,12746533,5519337,18265870
2024,150400,00179200,DePauw University,IN,6,,1,NCAA,942,948,1890,2,Basketball,17,20,,,17,20,3089,52513,4674,93470,145983,,,,,,261669,359457,621126,,,,261669,359457,621126,261669,359457,621126,,,,261669,359457,621126
2024,153214,00712000,Des Moines Area Community College,IA,13,,3,NJCAA,2437,2666,5103,2,Basketball,16,14,,,16,14,4472,71547,3833,53656,125203,,,,,,212024,150229,362253,,,,212024,150229,362253,212024,150229,362253,,,,212024,150229,362253
2024,210739,00398600,DeSales University,PA,7,,1,NCAA,717,1174,1891,2,Basketball,20,15,,,20,15,2341,46820,3230,48450,95270,,,,,,194239,198032,392271,,,,194239,198032,392271,159377,188228,347605,,,,159377,188228,347605
2024,113634,00119100,Diablo Valley College,CA,17,,8,other,3239,2995,6234,2,Basketball,17,9,,,17,9,1250,21252,2193,19737,40989,,,,,,59741,56843,116584,,,,59741,56843,116584,53435,51920,105355,,,,53435,51920,105355
2024,212009,00325300,Dickinson College,PA,6,,1,NCAA,908,1362,2270,2,Basketball,18,14,,,18,14,8419,151540,6069,84962,236502,,,,,,216275,153652,369927,,,,216275,153652,369927,235160,163583,398743,,,,235160,163583,398743
2024,200059,00298900,Dickinson State University,ND,9,,2,NAIA,426,484,910,2,Basketball,29,24,,,29,24,3498,101429,2917,70013,171442,,,,,,327894,247135,575029,,,,327894,247135,575029,327894,247135,575029,,,,327894,247135,575029
2024,158802,00200400,Dillard University,LA,9,,2,NAIA,283,745,1028,2,Basketball,16,14,,,16,14,6041,96651,5758,80612,177263,,,,,,441386,400646,842032,,,,441386,400646,842032,441386,400646,842032,,,,441386,400646,842032
2024,181020,00254400,Doane University,NE,10,,2,NAIA,517,422,939,2,Basketball,14,12,,,14,12,6103,85440,4392,52706,138146,,,,,,565326,442451,1007777,,,,565326,442451,1007777,556361,402516,958877,,,,556361,402516,958877
2024,154998,00191300,Dodge City Community College,KS,12,,3,NJCAA,410,341,751,2,Basketball,14,14,,,14,14,2996,41940,3364,47098,89038,,,,,,305301,317361,622662,,,,305301,317361,622662,305301,317361,622662,,,,305301,317361,622662
2024,148496,00175000,Dominican University,IL,7,,1,NCAA,748,1723,2471,2,Basketball,20,14,,,20,14,2963,59260,4376,61264,120524,,,,,,154375,150602,304977,,,,154375,150602,304977,154375,150602,304977,,,,154375,150602,304977
2024,190761,00271300,Dominican University New York,NY,5,,1,NCAA,399,645,1044,2,Basketball,21,16,,,21,16,2924,61405,3443,55092,116497,,,,,,423408,221321,644729,,,,423408,221321,644729,423408,221321,644729,,,,423408,221321,644729
2024,113698,00119600,Dominican University of California,CA,5,,1,NCAA,287,715,1002,2,Basketball,16,14,,,16,14,6144,98300,8198,114766,213066,,,,,,661570,590886,1252456,,,,661570,590886,1252456,661570,590886,1252456,,,,661570,590886,1252456
2024,153250,00185900,Dordt University,IA,10,,2,NAIA,783,797,1580,2,Basketball,29,26,,,29,26,1907,55303,3297,85712,141015,,,,,,493445,573580,1067025,,,,493445,573580,1067025,493445,573580,1067025,,,,493445,573580,1067025
2024,153269,00186000,Drake University,IA,2,,1,NCAA,968,1518,2486,2,Basketball,12,33,,,12,33,97643,1171719,20868,688660,1860379,,,,,,4275182,2486411,6761593,,,,4275182,2486411,6761593,4275182,2486411,6761593,,,,4275182,2486411,6761593
2024,184348,00260300,Drew University,NJ,7,,1,NCAA,674,849,1523,2,Basketball,24,15,,,24,15,2341,56176,3054,45814,101990,,,,,,165853,149389,315242,,,,165853,149389,315242,165853,149389,315242,,,,165853,149389,315242
2024,212054,00325600,Drexel University,PA,3,,1,NCAA,6359,5943,12302,2,Basketball,14,24,,,14,24,38755,542571,18197,436720,979291,,,,,,3099674,2488133,5587807,,,,3099674,2488133,5587807,3099674,2488133,5587807,,,,3099674,2488133,5587807
2024,177214,00246100,Drury University,MO,5,,1,NCAA,666,702,1368,2,Basketball,18,16,,,18,16,6614,119053,7052,112824,231877,,,,,,918459,925538,1843997,,,,918459,925538,1843997,918459,925538,1843997,,,,918459,925538,1843997
2024,198419,00292000,Duke University,NC,1,,1,NCAA,2971,3447,6418,2,Basketball,15,17,,,15,17,536432,8046482,157676,2680486,10726968,,,,,,52729506,6243424,58972930,,,,52729506,6243424,58972930,31868603,12300220,44168823,,,,31868603,12300220,44168823
2024,212106,00325800,Duquesne University,PA,2,,1,NCAA,1972,3316,5288,2,Basketball,18,14,,,18,14,83093,1495673,46606,652478,2148151,,,,,,6012142,3321297,9333439,,,,6012142,3321297,9333439,6012142,3321297,9333439,,,,6012142,3321297,9333439
2024,190840,00286400,Dutchess Community College,NY,14,,3,NJCAA,1209,1289,2498,2,Basketball,17,11,,,17,11,2980,50654,1805,19853,70507,,,,,,100438,40395,140833,,,,100438,40395,140833,100438,37395,137833,,,,100438,37395,137833
2024,220057,00683500,Dyersburg State Community College,TN,12,,3,NJCAA,495,818,1313,2,Basketball,11,12,,,11,12,5025,55271,5817,69803,125074,,,,,,145446,217676,363122,,,,145446,217676,363122,145446,217676,363122,,,,145446,217676,363122
2024,150455,00179300,Earlham College,IN,7,,1,NCAA,315,350,665,2,Basketball,16,11,,,16,11,4806,76903,4910,54010,130913,,,,,,236641,184285,420926,,,,236641,184285,420926,236641,184285,420926,,,,236641,184285,420926
2024,198464,00292300,East Carolina University,NC,1,,1,NCAA,7375,9578,16953,2,Basketball,16,15,,,16,15,72019,1152303,62243,933640,2085943,,,,,,4299003,3025722,7324725,,,,4299003,3025722,7324725,4288223,3010564,7298787,,,,4288223,3010564,7298787
2024,175643,00240400,East Central Community College,MS,13,,3,NJCAA,576,757,1333,2,Basketball,14,15,,,14,15,2376,33262,1777,26649,59911,,,,,,303755,256360,560115,,,,303755,256360,560115,303755,256360,560115,,,,303755,256360,560115
2024,207041,00315400,East Central University,OK,4,,1,NCAA,860,1248,2108,2,Basketball,15,13,,,15,13,5699,85480,6085,79106,164586,,,,,,429982,397770,827752,,,,429982,397770,827752,429982,397770,827752,,,,429982,397770,827752
2024,139621,01099700,East Georgia State College,GA,12,,3,NJCAA,474,592,1066,2,Basketball,36,36,,,36,36,2978,107206,2518,90639,197845,,,,,,237677,193054,430731,,,,237677,193054,430731,237677,193054,430731,,,,237677,193054,430731
2024,113856,02226000,East Los Angeles College,CA,17,,8,other,2496,2959,5455,2,Basketball,17,13,,,17,13,3421,58164,4627,60146,118310,,,,,,161949,150568,312517,,,,161949,150568,312517,122441,146456,268897,,,,122441,146456,268897
2024,175652,00240500,East Mississippi Community College,MS,12,,3,NJCAA,1062,1246,2308,2,Basketball,15,13,,,15,13,3724,55856,2518,32734,88590,,,,,,439266,359134,798400,,,,439266,359134,798400,439266,359134,798400,,,,439266,359134,798400
2024,212115,00332000,East Stroudsburg University of Pennsylvania,PA,4,,1,NCAA,2033,2480,4513,2,Basketball,17,20,,,17,20,5478,93133,3596,71926,165059,,,,,,774689,586333,1361022,,,,774689,586333,1361022,746281,571289,1317570,,,,746281,571289,1317570
2024,220075,00348700,East Tennessee State University,TN,2,,1,NCAA,3450,5413,8863,2,Basketball,15,13,,,15,13,35424,531354,18735,243560,774914,,,,,,2170170,1458339,3628509,,,,2170170,1458339,3628509,2170170,1458339,3628509,,,,2170170,1458339,3628509
2024,224554,00356500,East Texas A&M University,TX,2,,1,NCAA,2532,3730,6262,2,Basketball,16,14,,,16,14,21826,349211,17444,244213,593424,,,,,,1757485,1515171,3272656,,,,1757485,1515171,3272656,1756914,1514147,3271061,,,,1756914,1514147,3271061
2024,224527,00356400,East Texas Baptist University,TX,6,,1,NCAA,598,621,1219,2,Basketball,34,28,,,34,28,3987,135558,4225,118300,253858,,,,,,302496,283453,585949,,,,302496,283453,585949,302496,283453,585949,,,,302496,283453,585949
2024,104577,00107300,Eastern Arizona College,AZ,12,,3,NJCAA,656,633,1289,2,Basketball,13,13,,,13,13,15139,196813,13498,175475,372288,,,,,,791404,714299,1505703,,,,791404,714299,1505703,791404,714299,1505703,,,,791404,714299,1505703
2024,129215,00142500,Eastern Connecticut State University,CT,7,,1,NCAA,1331,1931,3262,2,Basketball,19,16,,,19,16,3246,61679,3569,57109,118788,,,,,,277426,278179,555605,,,,277426,278179,555605,277426,278179,555605,,,,277426,278179,555605
2024,132693,00147000,Eastern Florida State College,FL,12,,3,NJCAA,2052,2184,4236,2,Basketball,15,15,,,15,15,5171,77567,5425,81372,158939,,,,,,315896,313661,629557,,,,315896,313661,629557,315896,313661,629557,,,,315896,313661,629557
2024,144892,00167400,Eastern Illinois University,IL,2,,1,NCAA,1521,2194,3715,2,Basketball,16,25,,,16,25,20561,328981,10649,266216,595197,,,,,,1591175,1247696,2838871,,,,1591175,1247696,2838871,1591175,1247696,2838871,,,,1591175,1247696,2838871
2024,156620,00196300,Eastern Kentucky University,KY,2,,1,NCAA,4236,6349,10585,2,Basketball,17,14,,,17,14,34988,594799,15946,223244,818043,,,,,,2339864,1431659,3771523,,,,2339864,1431659,3771523,2339864,1431659,3771523,,,,2339864,1431659,3771523
2024,232043,00370800,Eastern Mennonite University,VA,7,,1,NCAA,321,414,735,2,Basketball,23,16,,,23,16,2357,54217,4529,72465,126682,,,,,,152472,169700,322172,,,,152472,169700,322172,152472,169700,322172,,,,152472,169700,322172
2024,169798,00225900,Eastern Michigan University,MI,1,,1,NCAA,3259,4482,7741,2,Basketball,15,22,,,15,22,29110,436646,12251,269513,706159,,,,,,2413618,1770929,4184547,,,,2413618,1770929,4184547,2413618,1770929,4184547,,,,2413618,1770929,4184547
2024,187648,00265100,Eastern New Mexico University-Main Campus,NM,4,,1,NCAA,922,1488,2410,2,Basketball,14,15,,,14,15,1530,21413,733,10988,32401,,,,,,1161049,885647,2046696,,,,1161049,885647,2046696,1161049,885647,2046696,,,,1161049,885647,2046696
2024,207050,00315500,Eastern Oklahoma State College,OK,12,,3,NJCAA,219,414,633,2,Basketball,16,9,,,16,9,1386,22183,2338,21042,43225,,,,,,179611,156938,336549,,,,179611,156938,336549,163920,152795,316715,,,,163920,152795,316715
2024,208646,00319300,Eastern Oregon University,OR,9,,2,NAIA,643,841,1484,2,Basketball,16,15,,,16,15,4055,64885,3862,57926,122811,,,,,,301271,305513,606784,,,,301271,305513,606784,301271,305513,606784,,,,301271,305513,606784
2024,212133,00325900,Eastern University,PA,6,,1,NCAA,753,932,1685,2,Basketball,36,17,,,36,17,1609,57928,2709,46053,103981,,,,,,210844,202745,413589,,,,210844,202745,413589,170648,158560,329208,,,,170648,158560,329208
2024,235097,00377500,Eastern Washington University,WA,2,,1,NCAA,2450,3182,5632,2,Basketball,16,16,,,16,16,40886,654174,26055,416875,1071049,,,,,,2233492,1808680,4042172,,,,2233492,1808680,4042172,2233492,1808680,4042172,,,,2233492,1808680,4042172
2024,240596,00392900,Eastern Wyoming College,WY,12,,3,NJCAA,133,233,366,2,Basketball,15,12,,,15,12,3596,53944,5018,60218,114162,,,,,,247850,205528,453378,,,,247850,205528,453378,247850,205528,453378,,,,247850,205528,453378
2024,446233,03855300,Ecclesia College,AR,15,,4,NCCAA,70,25,95,2,Basketball,11,11,,,11,11,1767,19442,2399,26391,45833,,,,,,92404,117485,209889,,,,92404,117485,209889,92404,117485,209889,,,,92404,117485,209889
2024,133492,00148700,Eckerd College,FL,5,,1,NCAA,545,1296,1841,2,Basketball,13,11,,,13,11,6221,80872,5016,55172,136044,,,,,,796049,740182,1536231,,,,796049,740182,1536231,796049,740182,1536231,,,,796049,740182,1536231
2024,238661,00384800,Edgewood College,WI,7,,1,NCAA,365,663,1028,2,Basketball,20,20,,,20,20,3273,65450,2604,52082,117532,,,,,,178132,254047,432179,,,,178132,254047,432179,159084,219850,378934,,,,159084,219850,378934
2024,202648,01275000,Edison State Community College,OH,13,,3,NJCAA,182,240,422,2,Basketball,15,13,,,15,13,3570,53553,1884,24487,78040,,,,,,155615,130023,285638,,,,155615,130023,285638,155615,128738,284353,,,,155615,128738,284353
2024,235103,00500100,Edmonds College,WA,19,,8,other,860,1010,1870,2,Basketball,17,10,,,17,10,4303,73158,1645,16454,89612,,,,,,163999,48075,212074,,,,163999,48075,212074,101630,43432,145062,,,,101630,43432,145062
2024,133526,00147800,Edward Waters University,FL,4,,1,NCAA,546,474,1020,2,Basketball,41,27,,,41,27,3206,131445,3940,106370,237815,,,,,,534975,480392,1015367,,,,534975,480392,1015367,534975,480292,1015267,,,,534975,480292,1015267
2024,113980,00119700,El Camino Community College District,CA,17,,8,other,3633,3747,7380,2,Basketball,19,15,,,19,15,473,8980,550,8248,17228,,,,,,103498,92526,196024,,,,103498,92526,196024,98796,84806,183602,,,,98796,84806,183602
2024,144944,00167500,Elgin Community College,IL,13,,3,NJCAA,1414,1339,2753,2,Basketball,12,9,,,12,9,4775,57295,4558,41022,98317,,,,,,119223,98587,217810,,,,119223,98587,217810,119223,98587,217810,,,,119223,98587,217810
2024,198507,00292600,Elizabeth City State University,NC,4,,1,NCAA,919,877,1796,2,Basketball,23,28,,,23,28,11538,265374,7575,212099,477473,,,,,,614044,537843,1151887,,,,614044,537843,1151887,614044,537843,1151887,,,,614044,537843,1151887
2024,212197,00326200,Elizabethtown College,PA,7,,1,NCAA,741,1034,1775,2,Basketball,20,21,,,20,21,1598,31969,1764,37040,69009,,,,,,125806,190525,316331,,,,125806,190525,316331,125806,190525,316331,,,,125806,190525,316331
2024,153296,00186200,Ellsworth Community College,IA,12,,3,NJCAA,249,219,468,2,Basketball,21,13,,,21,13,4823,101287,4299,55883,157170,,,,,,274455,162539,436994,,,,274455,162539,436994,274455,162539,436994,,,,274455,162539,436994
2024,144962,00167600,Elmhurst University,IL,6,,1,NCAA,1129,1835,2964,2,Basketball,19,22,,,19,22,3323,63128,1871,41153,104281,,,,,,281772,215576,497348,,,,281772,215576,497348,265533,213796,479329,,,,265533,213796,479329
2024,190983,00271800,Elmira College,NY,7,,1,NCAA,235,456,691,2,Basketball,21,21,,,21,21,1439,30216,1595,33492,63708,,,,,,95994,88653,184647,,,,95994,88653,184647,95994,88653,184647,,,,95994,88653,184647
2024,198516,00292700,Elon University,NC,2,,1,NCAA,2540,3733,6273,2,Basketball,16,26,,,16,26,50336,805378,23599,613571,1418949,,,,,,3262775,2651426,5914201,,,,3262775,2651426,5914201,3262775,2651426,5914201,,,,3262775,2651426,5914201
2024,133553,00147900,Embry-Riddle Aeronautical University-Daytona Beach,FL,5,,1,NCAA,5411,2133,7544,2,Basketball,14,14,,,14,14,7228,101186,8978,125690,226876,,,,,,1708205,906895,2615100,,,,1708205,906895,2615100,1708205,906895,2615100,,,,1708205,906895,2615100
2024,104586,00147902,Embry-Riddle Aeronautical University-Prescott,AZ,10,,2,NAIA,2205,851,3056,2,Basketball,14,12,,,14,12,7829,109610,8636,103627,213237,,,,,,456684,486089,942773,,,,456684,486089,942773,452900,473816,926716,,,,452900,473816,926716
2024,165662,00214600,Emerson College,MA,7,,1,NCAA,1311,2520,3831,2,Basketball,19,12,,,19,12,2525,47972,4384,52604,100576,,,,,,213714,197503,411217,,,,213714,197503,411217,196193,197396,393589,,,,196193,197396,393589
2024,165671,00214700,Emmanuel College,MA,7,,1,NCAA,431,1391,1822,2,Basketball,17,17,,,17,17,2685,45645,2609,44346,89991,,,,,,100011,128193,228204,,,,100011,128193,228204,100011,128193,228204,,,,100011,128193,228204
2024,139630,00156300,Emmanuel University,GA,5,,1,NCAA,424,337,761,2,Basketball,46,17,,,46,17,2255,103719,4206,71503,175222,,,,,,594653,523325,1117978,,,,594653,523325,1117978,594653,523325,1117978,,,,594653,523325,1117978
2024,153302,02328900,Emmaus Bible College,IA,16,,4,NCCAA,99,102,201,2,Basketball,14,7,,,14,7,2915,40816,3565,24952,65768,,,,,,67435,40768,108203,,,,67435,40768,108203,67791,42040,109831,,,,67791,42040,109831
2024,232025,00370900,Emory & Henry University,VA,4,,1,NCAA,470,573,1043,2,Basketball,27,15,,,27,15,3307,89285,7343,110145,199430,,,,,,534090,438495,972585,,,,534090,438495,972585,534090,438495,972585,,,,534090,438495,972585
2024,139658,00156400,Emory University,GA,7,,1,NCAA,3120,4106,7226,2,Basketball,16,14,,,16,14,14552,232837,10680,149514,382351,,,,,,829598,684271,1513869,,,,829598,684271,1513869,515473,395122,910595,,,,515473,395122,910595
2024,487092,00156401,Emory University-Oxford College,GA,14,,3,NJCAA,443,523,966,2,Basketball,12,,,,12,0,4250,51000,0,0,51000,,,,,,216533,,216533,,,,216533,0,216533,216533,,216533,,,,216533,0,216533
2024,155025,00192700,Emporia State University,KS,4,,1,NCAA,757,1318,2075,2,Basketball,16,19,,,16,19,5664,90622,3874,73597,164219,,,,,,850710,982134,1832844,,,,850710,982134,1832844,845084,981635,1826719,,,,845084,981635,1826719
2024,165699,00214800,Endicott College,MA,6,,1,NCAA,1037,2007,3044,2,Basketball,18,17,,,18,17,1447,26042,2102,35737,61779,,,,,,151807,162630,314437,,,,151807,162630,314437,151805,162632,314437,,,,151805,162632,314437
2024,101143,00101500,Enterprise State Community College,AL,13,,3,NJCAA,557,454,1011,2,Basketball,15,14,,,15,14,1917,28750,1893,26500,55250,,,,,,296601,233800,530401,,,,296601,233800,530401,296601,233800,530401,,,,296601,233800,530401
2024,191083,01068400,Erie Community College,NY,14,,3,NJCAA,2224,2270,4494,2,Basketball,19,12,,,19,12,2776,52750,4723,56681,109431,,,,,,165831,169507,335338,,,,165831,169507,335338,165831,169507,335338,,,,165831,169507,335338
2024,217998,00343200,Erskine College,SC,4,,1,NCAA,525,235,760,2,Basketball,61,23,,,61,23,1563,95373,2375,54636,150009,,,,,,281409,303078,584487,,,,281409,303078,584487,281408,303078,584486,,,,281408,303078,584486
2024,184481,00710700,Essex County College,NJ,13,,3,NJCAA,1365,1865,3230,2,Basketball,13,9,,,13,9,2069,26901,2684,24152,51053,,,,,,56365,54553,110918,,,,56365,54553,110918,56365,54553,110918,,,,56365,54553,110918
2024,144971,00167800,Eureka College,IL,6,,1,NCAA,287,234,521,2,Basketball,27,18,,,27,18,2427,65532,2456,44203,109735,,,,,,134956,100496,235452,,,,134956,100496,235452,134956,100496,235452,,,,134956,100496,235452
2024,177339,00246300,Evangel University,MO,9,NAIA is only one division now.,2,NAIA,609,611,1220,2,Basketball,24,17,,,24,17,3842,92201,5470,92995,185196,,,,,,593650,445113,1038763,,,,593650,445113,1038763,593650,445113,1038763,,,,593650,445113,1038763
2024,235149,00377600,Everett Community College,WA,19,,8,other,1133,1372,2505,2,Basketball,13,10,,,13,10,2168,28188,2055,20549,48737,,,,,,68064,52676,120740,,,,68064,52676,120740,68064,52676,120740,,,,68064,52676,120740
2024,129242,00138500,Fairfield University,CT,3,,1,NCAA,2249,3077,5326,2,Basketball,18,16,,,18,16,45049,810884,35823,573169,1384053,,,,,,3529921,3351181,6881102,,,,3529921,3351181,6881102,3529921,3351181,6881102,,,,3529921,3351181,6881102
2024,184694,00260701,Fairleigh Dickinson University-Florham Campus,NJ,6,,1,NCAA,886,1038,1924,2,Basketball,28,21,,,28,21,1507,42191,2405,50506,92697,,,,,,163187,158594,321781,,,,163187,158594,321781,163187,158594,321781,,,,163187,158594,321781
2024,184603,00260700,Fairleigh Dickinson University-Metropolitan Campus,NJ,3,,1,NCAA,1067,1074,2141,2,Basketball,15,16,,,15,16,26397,395959,23038,368609,764568,,,,,,1872165,1667278,3539443,,,,1872165,1667278,3539443,1872165,1667278,3539443,,,,1872165,1667278,3539443
2024,237367,00381200,Fairmont State University,WV,4,,1,NCAA,1016,1270,2286,2,Basketball,20,14,,,20,14,7608,152152,4582,64153,216305,,,,,,910349,511057,1421406,,,,910349,511057,1421406,841179,541184,1382363,,,,841179,541184,1382363
2024,153320,00712100,Faith Baptist Bible College and Theological Seminary,IA,16,,4,NCCAA,170,205,375,2,Basketball,24,15,,,24,15,2553,61276,2810,42148,103424,,,,,,74664,53630,128294,,,,74664,53630,128294,74664,53630,128294,,,,74664,53630,128294
2024,196042,00285800,Farmingdale State College,NY,7,,1,NCAA,4711,3221,7932,2,Basketball,17,15,,,17,15,1838,31248,2061,30908,62156,,,,,,103951,103951,207902,,,,103951,103951,207902,102699,102359,205058,,,,102699,102359,205058
2024,101189,00100300,Faulkner University,AL,9,,2,NAIA,558,593,1151,2,Basketball,15,26,,,15,26,6935,104028,3465,90085,194113,,,,,,546729,530819,1077548,,,,546729,530819,1077548,546729,530819,1077548,,,,546729,530819,1077548
2024,198543,00292800,Fayetteville State University,NC,4,,1,NCAA,1408,2951,4359,2,Basketball,13,15,,,13,15,11011,143147,10339,155082,298229,,,,,,549213,509686,1058899,,,,549213,509686,1058899,549213,509686,1058899,,,,549213,509686,1058899
2024,198534,00764000,Fayetteville Technical Community College,NC,13,,3,NJCAA,1641,2619,4260,2,Basketball,18,15,,,18,15,1591,28646,1563,23452,52098,,,,,,111394,87860,199254,,,,111394,87860,199254,106542,81057,187599,,,,106542,81057,187599
2024,114433,00859700,Feather River Community College District,CA,17,,8,other,284,313,597,2,Basketball,11,,,,11,0,3321,36527,0,0,36527,,,,,,149019,,149019,,,,149019,0,149019,149019,,149019,,,,149019,0,149019
2024,184612,00261000,Felician University,NJ,5,,1,NCAA,508,1179,1687,2,Basketball,18,15,,,18,15,4028,72504,5829,87440,159944,,,,,,649148,533909,1183057,,,,649148,533909,1183057,649148,533909,1183057,,,,649148,533909,1183057
2024,169910,00226000,Ferris State University,MI,8,NCAA Division II w/Football and DI Men's Hockey,8,other,3036,3521,6557,2,Basketball,19,13,,,19,13,9617,182729,9137,118779,301508,,,,,,786022,648958,1434980,,,,786022,648958,1434980,786022,648958,1434980,,,,786022,648958,1434980
2024,232089,00371100,Ferrum College,VA,6,,1,NCAA,419,273,692,2,Basketball,18,18,,,18,18,3616,65084,3303,59453,124537,,,,,,197162,180720,377882,,,,197162,180720,377882,197162,180720,377882,,,,197162,180720,377882
2024,191199,00753200,Finger Lakes Community College,NY,14,,3,NJCAA,895,1085,1980,2,Basketball,13,10,,,13,10,1645,21386,1444,14441,35827,,,,,,35000,27582,62582,,,,35000,27582,62582,30599,29441,60040,,,,30599,29441,60040
2024,165802,00215000,Fisher College,MA,9,,2,NAIA,356,258,614,2,Basketball,25,10,,,25,10,6378,159450,9440,94400,253850,,,,,,233851,120952,354803,,,,233851,120952,354803,233851,120952,354803,,,,233851,120952,354803
2024,220181,00349000,Fisk University,TN,9,,2,NAIA,369,641,1010,2,Basketball,17,14,,,17,14,6264,106480,9128,127790,234270,,,,,,312232,375825,688057,,,,312232,375825,688057,412232,475825,888057,,,,412232,475825,888057
2024,165820,00218400,Fitchburg State University,MA,6,,1,NCAA,1122,1115,2237,2,Basketball,18,16,,,18,16,1720,30959,2801,44820,75779,,,,,,67649,92144,159793,,,,67649,92144,159793,67649,92144,159793,,,,67649,92144,159793
2024,191205,01256100,Five Towns College,NY,20,,8,other,355,154,509,2,Basketball,17,11,,,17,11,2087,35486,3413,37548,73034,,,,,,70486,98298,168784,,,,70486,98298,168784,70486,98298,168784,,,,70486,98298,168784
2024,133711,00789300,Flagler College,FL,5,,1,NCAA,748,1601,2349,2,Basketball,14,14,,,14,14,5250,73500,5477,76684,150184,,,,,,756495,892054,1648549,,,,756495,892054,1648549,756495,892054,1648549,,,,756495,892054,1648549
2024,133650,00148000,Florida Agricultural and Mechanical University,FL,2,,1,NCAA,2346,4502,6848,2,Basketball,16,18,,,16,18,13917,222668,3322,59787,282455,,,,,,500000,376252,876252,,,,500000,376252,876252,1189864,933675,2123539,,,,1189864,933675,2123539
2024,133669,00148100,Florida Atlantic University,FL,1,,1,NCAA,7503,10385,17888,2,Basketball,15,20,,,15,20,81445,1221675,31792,635838,1857513,,,,,,4829626,2448648,7278274,,,,4829626,2448648,7278274,4829626,2448648,7278274,,,,4829626,2448648,7278274
2024,133809,00148200,Florida College,FL,9,,2,NAIA,284,293,577,2,Basketball,14,,,,14,0,7109,99521,0,0,99521,,,,,,447201,,447201,,,,447201,0,447201,447201,,447201,,,,447201,0,447201
2024,135160,00150100,Florida Gateway College,FL,13,,3,NJCAA,330,612,942,2,Basketball,14,,,,14,0,3476,48659,0,0,48659,,,,,,93192,,93192,,,,93192,0,93192,93192,,93192,,,,93192,0,93192
2024,433660,03255300,Florida Gulf Coast University,FL,3,,1,NCAA,4644,6385,11029,2,Basketball,17,15,,,17,15,27956,475255,25421,381314,856569,,,,,,2519072,2697641,5216713,,,,2519072,2697641,5216713,2519072,2697641,5216713,,,,2519072,2697641,5216713
2024,133881,00146900,Florida Institute of Technology,FL,5,,1,NCAA,2182,1100,3282,2,Basketball,15,16,,,15,16,7017,105254,4271,68334,173588,,,,,,949551,766634,1716185,,,,949551,766634,1716185,949551,766634,1716185,,,,949551,766634,1716185
2024,133951,00963500,Florida International University,FL,18,,8,other,11229,14986,26215,2,Basketball,16,23,,,16,23,38327,613231,16657,383115,996346,,,,,,2846627,1807508,4654135,,,,2846627,1807508,4654135,2846627,1807508,4654135,,,,2846627,1807508,4654135
2024,133979,00148600,Florida Memorial University,FL,9,,2,NAIA,502,641,1143,2,Basketball,22,16,,,22,16,2532,55698,3953,63252,118950,,,,,,413378,356807,770185,,,,413378,356807,770185,413378,356807,770185,,,,413378,356807,770185
2024,408844,02547600,Florida National University-Main Campus,FL,9,,2,NAIA,489,1217,1706,2,Basketball,29,18,,,29,18,3474,100740,5807,104534,205274,,,,,,538086,332890,870976,,,,538086,332890,870976,541001,382792,923793,,,,541001,382792,923793
2024,134079,00148800,Florida Southern College,FL,5,,1,NCAA,908,1688,2596,2,Basketball,16,14,,,16,14,19339,309416,8241,115378,424794,,,,,,1299005,831130,2130135,,,,1299005,831130,2130135,1299005,831130,2130135,,,,1299005,831130,2130135
2024,133508,00147700,Florida SouthWestern State College,FL,12,,3,NJCAA,1727,2489,4216,2,Basketball,13,11,,,13,11,4302,55924,8093,89019,144943,,,,,,399805,365250,765055,,,,399805,365250,765055,383583,353932,737515,,,,383583,353932,737515
2024,133702,00148400,Florida State College at Jacksonville,FL,13,,3,NJCAA,2618,3850,6468,2,Basketball,14,15,,,14,15,9269,129761,3440,51607,181368,,,,,,282497,211026,493523,,,,282497,211026,493523,282497,211026,493523,,,,282497,211026,493523
2024,134097,00148900,Florida State University,FL,1,,1,NCAA,12735,16536,29271,2,Basketball,16,12,,,16,12,181882,2910115,147709,1772508,4682623,,,,,,14557585,5736021,20293606,,,,14557585,5736021,20293606,14557585,5736021,20293606,,,,14557585,5736021,20293606
2024,444219,03871300,Folsom Lake College,CA,17,,8,other,1115,1140,2255,2,Basketball,12,13,,,12,13,1160,13922,1185,15403,29325,,,,,,78076,106270,184346,,,,78076,106270,184346,78076,106270,184346,,,,78076,106270,184346
2024,114716,00119900,Foothill College,CA,17,,8,other,1814,2035,3849,2,Basketball,16,10,,,16,10,591,9450,852,8520,17970,,,,,,88644,56837,145481,,,,88644,56837,145481,88644,56837,145481,,,,88644,56837,145481
2024,191241,00272200,Fordham University,NY,2,,1,NCAA,3960,6141,10101,2,Basketball,17,22,,,17,22,82544,1403256,42905,943911,2347167,,,,,,8756051,4148818,12904869,,,,8756051,4148818,12904869,8756051,4148818,12904869,,,,8756051,4148818,12904869
2024,155061,00191500,Fort Hays State University,KS,4,,1,NCAA,1759,2950,4709,2,Basketball,16,13,,,16,13,6992,111877,9439,122708,234585,,,,,,782929,614857,1397786,,,,782929,614857,1397786,697657,527566,1225223,,,,697657,527566,1225223
2024,155618,00526700,Fort Hays State University-Northwest Kansas Technical College,KS,12,,3,NJCAA,232,74,306,2,Basketball,25,14,,,25,14,1848,46207,2742,38394,84601,,,,,,193459,181536,374995,,,,193459,181536,374995,193459,181536,374995,,,,193459,181536,374995
2024,127185,00135300,Fort Lewis College,CO,4,,1,NCAA,1322,1493,2815,2,Basketball,16,20,,,16,20,10454,167259,4520,90395,257654,,,,,,697434,534343,1231777,,,,697434,534343,1231777,697434,534344,1231778,,,,697434,534344,1231778
2024,155098,00191600,Fort Scott Community College,KS,12,,3,NJCAA,215,178,393,2,Basketball,17,11,,,17,11,1587,26974,2242,24665,51639,,,,,,127674,125796,253470,,,,127674,125796,253470,126322,124444,250766,,,,126322,124444,250766
2024,139719,00156600,Fort Valley State University,GA,4,,1,NCAA,805,1627,2432,2,Basketball,16,16,,,16,16,5275,84395,5557,88919,173314,,,,,,394043,306576,700619,,,,394043,306576,700619,394042,306576,700618,,,,394042,306576,700618
2024,165866,00218500,Framingham State University,MA,6,,1,NCAA,1094,1285,2379,2,Basketball,23,20,,,23,20,2574,59195,1940,38796,97991,,,,,,79840,83855,163695,,,,79840,83855,163695,79234,50608,129842,,,,79234,50608,129842
2024,218061,00922600,Francis Marion University,SC,5,,1,NCAA,904,1570,2474,2,Basketball,34,13,,,34,13,2910,98929,4635,60254,159183,,,,,,538718,519476,1058194,,,,538718,519476,1058194,538718,519476,1058194,,,,538718,519476,1058194
2024,205957,00303600,Franciscan University of Steubenville,OH,7,,1,NCAA,1230,1438,2668,2,Basketball,20,13,,,20,13,2333,46656,2171,28223,74879,,,,,,116801,65556,182357,,,,116801,65556,182357,96466,58715,155181,,,,96466,58715,155181
2024,224891,00356800,Frank Phillips College,TX,12,,3,NJCAA,207,244,451,2,Basketball,16,12,,,16,12,7410,118552,2885,34622,153174,,,,,,371293,253552,624845,,,,371293,253552,624845,371293,253552,624845,,,,371293,253552,624845
2024,212577,00326500,Franklin and Marshall College,PA,6,,1,NCAA,871,923,1794,2,Basketball,18,16,,,18,16,5140,92521,4003,64053,156574,,,,,,271373,260390,531763,,,,271373,260390,531763,288892,240612,529504,,,,288892,240612,529504
2024,150604,00179800,Franklin College,IN,6,,1,NCAA,443,446,889,2,Basketball,22,16,,,22,16,2973,65412,4002,64039,129451,,,,,,165099,166218,331317,,,,165099,166218,331317,120296,147905,268201,,,,120296,147905,268201
2024,182795,00257500,Franklin Pierce University,NH,4,,1,NCAA,463,380,843,2,Basketball,42,18,,,42,18,926,38886,2714,48851,87737,,,,,,604633,613337,1217970,,,,604633,613337,1217970,604633,613337,1217970,,,,604633,613337,1217970
2024,162557,00207100,Frederick Community College,MD,13,,3,NJCAA,860,842,1702,2,Basketball,14,7,,,14,7,2950,41295,3906,27345,68640,,,,,,71004,54315,125319,,,,71004,54315,125319,71004,54315,125319,,,,71004,54315,125319
2024,220215,00349200,Freed-Hardeman University,TN,9,,2,NAIA,559,627,1186,2,Basketball,22,28,,,22,28,3997,87944,2346,65701,153645,,,,,,654504,691536,1346040,,,,654504,691536,1346040,641143,695982,1337125,,,,641143,695982,1337125
2024,114789,00130700,Fresno City College,CA,17,,8,other,3076,3585,6661,2,Basketball,13,15,,,13,15,19155,249018,12703,190543,439561,,,,,,190345,175577,365922,,,,190345,175577,365922,455899,321457,777356,,,,455899,321457,777356
2024,114813,00125300,Fresno Pacific University,CA,5,,1,NCAA,318,625,943,2,Basketball,18,15,,,18,15,8195,147506,9009,135130,282636,,,,,,749561,688201,1437762,,,,749561,688201,1437762,724134,643376,1367510,,,,724134,643376,1367510
2024,155089,00191800,Friends University,KS,9,,2,NAIA,505,485,990,2,Basketball,33,36,,,33,36,1783,58850,1352,48670,107520,,,,,,415670,462650,878320,,,,415670,462650,878320,434604,436262,870866,,,,434604,436262,870866
2024,162584,00207200,Frostburg State University,MD,4,,1,NCAA,1184,1166,2350,2,Basketball,22,18,,,22,18,2223,48913,3920,70559,119472,,,,,,399522,360504,760026,,,,399522,360504,760026,399522,360504,760026,,,,399522,360504,760026
2024,114859,00120100,Fullerton College,CA,17,,8,other,3597,3606,7203,2,Basketball,14,15,,,14,15,4265,59703,2212,33176,92879,,,,,,178231,140073,318304,,,,178231,140073,318304,178231,140073,318304,,,,178231,140073,318304
2024,191302,00286700,Fulton-Montgomery Community College,NY,14,,3,NJCAA,269,327,596,2,Basketball,11,12,,,11,12,2379,26168,2031,24374,50542,,,,,,44293,41609,85902,,,,44293,41609,85902,43184,42025,85209,,,,43184,42025,85209
2024,218070,00343400,Furman University,SC,2,,1,NCAA,995,1369,2364,2,Basketball,15,15,,,15,15,54858,822870,32095,481426,1304296,,,,,,4052982,2259870,6312852,,,,4052982,2259870,6312852,4052982,2259870,6312852,,,,4052982,2259870,6312852
2024,101240,00101700,Gadsden State Community College,AL,12,,3,NJCAA,827,1149,1976,2,Basketball,17,17,,,17,17,1826,31043,1431,24320,55363,,,,,,187948,179079,367027,,,,187948,179079,367027,176590,155564,332154,,,,176590,155564,332154
2024,131450,00144300,Gallaudet University,DC,6,,1,NCAA,373,393,766,2,Basketball,12,17,,,12,17,5950,71399,4093,69584,140983,,,,,,162410,163497,325907,,,,162410,163497,325907,154077,155164,309241,,,,154077,155164,309241
2024,212601,00326600,Gannon University,PA,4,,1,NCAA,994,1315,2309,2,Basketball,14,15,,,14,15,11890,166463,9123,136847,303310,,,,,,1037772,983016,2020788,,,,1037772,983016,2020788,978851,983016,1961867,,,,978851,983016,1961867
2024,155104,00191900,Garden City Community College,KS,12,,3,NJCAA,536,548,1084,2,Basketball,12,12,,,12,12,5041,60487,3720,44644,105131,,,,,,335494,383041,718535,,,,335494,383041,718535,335494,383041,718535,,,,335494,383041,718535
2024,198561,00292900,Gardner-Webb University,NC,2,,1,NCAA,661,971,1632,2,Basketball,32,13,,,32,13,9766,312506,14164,184129,496635,,,,,,1495968,1208958,2704926,,,,1495968,1208958,2704926,1495968,1208958,2704926,,,,1495968,1208958,2704926
2024,162609,01001400,Garrett College,MD,8,"NJCAA Division II, III; MD JUCO; Region XX",8,other,204,144,348,2,Basketball,16,12,,,16,12,1550,24796,1168,14020,38816,,,,,,147493,124091,271584,,,,147493,124091,271584,147493,124091,271584,,,,147493,124091,271584
2024,198570,00297300,Gaston College,NC,12,Select athletic sanctioning body,3,NJCAA,569,801,1370,2,Basketball,16,,,,16,0,4035,64559,0,0,64559,,,,,,189992,,189992,,,,189992,0,189992,189065,,189065,,,,189065,0,189065
2024,114938,00120200,Gavilan College,CA,17,,8,other,802,950,1752,2,Basketball,16,9,,,16,9,2486,39780,4011,36097,75877,,,,,,66569,62148,128717,,,,66569,62148,128717,70696,58458,129154,,,,70696,58458,129154
2024,191339,00678200,Genesee Community College,NY,14,,3,NJCAA,499,802,1301,2,Basketball,17,12,,,17,12,2622,44573,2457,29484,74057,,,,,,64828,55434,120262,,,,64828,55434,120262,64828,55434,120262,,,,64828,55434,120262
2024,212656,00326700,Geneva College,PA,6,,1,NCAA,580,494,1074,2,Basketball,21,22,,,21,22,2564,53838,1937,42620,96458,,,,,,144060,126322,270382,,,,144060,126322,270382,144060,126322,270382,,,,144060,126322,270382
2024,101295,00787100,George C Wallace State Community College-Hanceville,AL,12,,3,NJCAA,865,1443,2308,2,Basketball,15,13,,,15,13,3513,52697,5115,66492,119189,,,,,,284067,256301,540368,,,,284067,256301,540368,284067,256301,540368,,,,284067,256301,540368
2024,101301,00569900,George C Wallace State Community College-Selma,AL,13,,3,NJCAA,227,249,476,2,Basketball,14,14,,,14,14,4029,56411,2673,37418,93829,,,,,,109111,100212,209323,,,,109111,100212,209323,112205,101211,213416,,,,112205,101211,213416
2024,208822,00319400,George Fox University,OR,6,,1,NCAA,1056,1452,2508,2,Basketball,17,15,,,17,15,8843,150336,7590,113845,264181,,,,,,327405,292188,619593,,,,327405,292188,619593,332257,290575,622832,,,,332257,290575,622832
2024,232186,00374900,George Mason University,VA,3,,1,NCAA,11453,11014,22467,2,Basketball,16,14,,,16,14,86067,1377069,64000,895995,2273064,,,,,,5776180,3387545,9163725,,,,5776180,3387545,9163725,5776180,3387545,9163725,,,,5776180,3387545,9163725
2024,131469,00144400,George Washington University,DC,3,,1,NCAA,3843,6843,10686,2,Basketball,16,24,,,16,24,70819,1133100,25017,600399,1733499,,,,,,6210233,6311808,12522041,,,,6210233,6311808,12522041,6210233,6311808,12522041,,,,6210233,6311808,12522041
2024,156745,00196400,Georgetown College,KY,9,,2,NAIA,574,516,1090,2,Basketball,21,14,,,21,14,3761,78987,3818,53452,132439,,,,,,1001301,902891,1904192,,,,1001301,902891,1904192,1001301,902891,1904192,,,,1001301,902891,1904192
2024,131496,00144500,Georgetown University,DC,2,,1,NCAA,2941,4261,7202,2,Basketball,16,18,,,16,18,44608,713728,11019,198337,912065,,,,,,17459258,4034580,21493838,,,,17459258,4034580,21493838,17459258,4034580,21493838,,,,17459258,4034580,21493838
2024,139861,00160200,Georgia College & State University,GA,5,,1,NCAA,1964,3577,5541,2,Basketball,17,16,,,17,16,2575,43776,3438,55006,98782,,,,,,482557,425731,908288,,,,482557,425731,908288,459035,402731,861766,,,,459035,402731,861766
2024,139700,00950700,Georgia Highlands College,GA,12,,3,NJCAA,749,1186,1935,2,Basketball,12,,,,12,0,6463,77551,0,0,77551,,,,,,386995,,386995,,,,386995,0,386995,230889,,230889,,,,230889,0,230889
2024,139755,00156900,Georgia Institute of Technology-Main Campus,GA,1,,1,NCAA,10500,7125,17625,2,Basketball,15,28,,,15,28,224869,3373038,72680,2035048,5408086,,,,,,14536539,1219994,15756533,,,,14536539,1219994,15756533,12013953,6654388,18668341,,,,12013953,6654388,18668341
2024,139931,00157200,Georgia Southern University,GA,1,,1,NCAA,8031,10740,18771,2,Basketball,16,16,,,16,16,37180,594882,19091,305455,900337,,,,,,2557162,1750023,4307185,,,,2557162,1750023,4307185,2557162,1750023,4307185,,,,2557162,1750023,4307185
2024,139764,00157300,Georgia Southwestern State University,GA,5,,1,NCAA,599,1203,1802,2,Basketball,19,13,,,19,13,5615,106679,7049,91640,198319,,,,,,433453,410432,843885,,,,433453,410432,843885,433453,410432,843885,,,,433453,410432,843885
2024,139940,00157400,Georgia State University,GA,1,,1,NCAA,8427,11963,20390,2,Basketball,17,15,,,17,15,29955,509228,25036,375541,884769,,,,,,2870461,2024531,4894992,,,,2870461,2024531,4894992,2870461,2024531,4894992,,,,2870461,2024531,4894992
2024,184773,00260800,Georgian Court University,NJ,5,,1,NCAA,347,767,1114,2,Basketball,21,17,,,21,17,2124,44610,2793,47476,92086,,,,,,548852,511081,1059933,,,,548852,511081,1059933,528858,511081,1039939,,,,528858,511081,1039939
2024,212674,00326800,Gettysburg College,PA,6,,1,NCAA,1064,1029,2093,2,Basketball,17,18,,,17,18,8199,139391,5712,102814,242205,,,,,,314959,241789,556748,,,,314959,241789,556748,314959,241789,556748,,,,314959,241789,556748
2024,169974,00226300,Glen Oaks Community College,MI,13,,3,NJCAA,140,200,340,2,Basketball,11,12,,,11,12,3027,33301,2229,26749,60050,,,,,,99894,73582,173476,,,,99894,73582,173476,92612,74488,167100,,,,92612,74488,167100
2024,104708,00107600,Glendale Community College,AZ,13,,3,NJCAA,1832,1967,3799,2,Basketball,17,19,,,17,19,703,11959,488,9281,21240,,,,,,93948,104071,198019,,,,93948,104071,198019,93948,104071,198019,,,,93948,104071,198019
2024,115001,00120300,Glendale Community College,CA,17,,8,other,2928,3117,6045,2,Basketball,18,21,,,18,21,1810,32579,2273,47726,80305,,,,,,64872,93266,158138,,,,64872,93266,158138,64872,93266,158138,,,,64872,93266,158138
2024,237385,00381300,Glenville State University,WV,4,,1,NCAA,483,433,916,2,Basketball,25,22,,,25,22,1265,31623,2104,46278,77901,,,,,,191057,60121,251178,,,,191057,60121,251178,437330,382827,820157,,,,437330,382827,820157
2024,169992,00226400,Gogebic Community College,MI,13,,3,NJCAA,145,199,344,2,Basketball,15,10,,,15,10,4734,71014,6400,64002,135016,,,,,,168142,118282,286424,,,,168142,118282,286424,168142,118282,286424,,,,168142,118282,286424
2024,130989,00142900,Goldey-Beacom College,DE,5,,1,NCAA,312,322,634,2,Basketball,20,17,,,20,17,4537,90749,4781,81284,172033,,,,,,343040,303261,646301,,,,343040,303261,646301,336603,303261,639864,,,,336603,303261,639864
2024,235316,00377800,Gonzaga University,WA,3,,1,NCAA,2393,2744,5137,2,Basketball,19,16,,,19,16,120720,2293671,92581,1481303,3774974,,,,,,19510548,5850940,25361488,,,,19510548,5850940,25361488,13588661,5699567,19288228,,,,13588661,5699567,19288228
2024,165936,00215300,Gordon College,MA,7,,1,NCAA,527,714,1241,2,Basketball,21,14,,,21,14,1247,26181,2308,32307,58488,,,,,,200650,185907,386557,,,,200650,185907,386557,189451,178227,367678,,,,189451,178227,367678
2024,139968,00157500,Gordon State College,GA,12,,3,NJCAA,556,1117,1673,2,Basketball,12,,,,12,0,1930,23159,0,0,23159,,,,,,82974,,82974,,,,82974,0,82974,82974,,82974,,,,82974,0,82974
2024,150668,00179900,Goshen College,IN,10,,2,NAIA,307,384,691,2,Basketball,18,15,,,18,15,3384,60908,4027,60403,121311,,,,,,556376,405914,962290,,,,556376,405914,962290,556376,405914,962290,,,,556376,405914,962290
2024,162654,00207300,Goucher College,MD,7,,1,NCAA,328,602,930,2,Basketball,25,19,,,25,19,1541,38531,2919,55462,93993,,,,,,138036,155360,293396,,,,138036,155360,293396,138036,155360,293396,,,,138036,155360,293396
2024,145336,00914500,Governors State University,IL,9,,2,NAIA,672,1071,1743,2,Basketball,15,11,,,15,11,3338,50070,4564,50201,100271,,,,,,370637,345019,715656,,,,370637,345019,715656,370637,345019,715656,,,,370637,345019,715656
2024,170000,00226500,Grace Christian University,MI,16,,4,NCCAA,241,253,494,2,Basketball,27,8,,,27,8,2390,64538,3811,30484,95022,,,,,,86071,49979,136050,,,,86071,49979,136050,86071,49979,136050,,,,86071,49979,136050
2024,150677,00180000,Grace College and Theological Seminary,IN,9,,2,NAIA,585,857,1442,2,Basketball,15,15,,,15,15,6814,102208,7014,105207,207415,,,,,,485496,430977,916473,,,,485496,430977,916473,485496,430977,916473,,,,485496,430977,916473
2024,153366,00186600,Graceland University-Lamoni,IA,10,,2,NAIA,465,309,774,2,Basketball,39,22,,,39,22,2078,81032,2453,53955,134987,,,,,,644709,432791,1077500,,,,644709,432791,1077500,644709,432791,1077500,,,,644709,432791,1077500
2024,159009,00200600,Grambling State University,LA,2,,1,NCAA,1483,2272,3755,2,Basketball,22,17,,,22,17,3278,72121,2681,45581,117702,,,,,,1482689,1177003,2659692,,,,1482689,1177003,2659692,1482689,1177003,2659692,,,,1482689,1177003,2659692
2024,104717,00107400,Grand Canyon University,AZ,3,,1,NCAA,9944,15221,25165,2,Basketball,16,15,,,16,15,108378,1734046,70537,1058048,2792094,,,,,,7913665,2766997,10680662,,,,7913665,2766997,10680662,7913665,2766997,10680662,,,,7913665,2766997,10680662
2024,170055,00226700,Grand Rapids Community College,MI,13,,3,NJCAA,1783,1898,3681,2,Basketball,22,14,,,22,14,2569,56509,3343,46807,103316,,,,,,99081,80666,179747,,,,99081,80666,179747,99081,80666,179747,,,,99081,80666,179747
2024,170082,00226800,Grand Valley State University,MI,4,,1,NCAA,6722,10409,17131,2,Basketball,17,21,,,17,21,9013,153216,12858,270016,423232,,,,,,1010408,1352853,2363261,,,,1010408,1352853,2363261,994914,1329126,2324040,,,,994914,1329126,2324040
2024,153375,00186700,Grand View University,IA,9,,2,NAIA,636,743,1379,2,Basketball,34,39,,,34,39,2480,84322,2808,109524,193846,,,,,,597188,530398,1127586,,,,597188,530398,1127586,597188,530398,1127586,,,,597188,530398,1127586
2024,235334,00377900,Grays Harbor College,WA,19,,8,other,321,342,663,2,Basketball,13,,,,13,0,3341,43431,0,0,43431,,,,,,83853,,83853,,,,83853,0,83853,83853,,83853,,,,83853,0,83853
2024,225070,00357000,Grayson College,TX,12,,3,NJCAA,616,900,1516,2,Basketball,15,15,,,15,15,642,9629,975,14627,24256,,,,,,394722,405664,800386,,,,394722,405664,800386,394722,405664,800386,,,,394722,405664,800386
2024,183150,00258300,Great Bay Community College,NH,20,,8,other,209,222,431,2,Basketball,16,8,,,16,8,1982,31719,1113,8905,40624,,,,,,45230,18451,63681,,,,45230,18451,63681,45230,18451,63681,,,,45230,18451,63681
2024,170091,00226900,Great Lakes Christian College,MI,16,,4,NCCAA,104,75,179,2,Basketball,38,11,,,38,11,927,35241,1717,18891,54132,,,,,,244442,56603,301045,,,,244442,56603,301045,125852,74207,200059,,,,125852,74207,200059
2024,235343,00378000,Green River College,WA,19,,8,other,1474,1386,2860,2,Basketball,15,12,,,15,12,1571,23569,2002,24022,47591,,,,,,97766,93369,191135,,,,97766,93369,191135,97766,93369,191135,,,,97766,93369,191135
2024,198598,00293000,Greensboro College,NC,6,,1,NCAA,424,253,677,2,Basketball,16,10,,,16,10,3605,57673,3192,31922,89595,,,,,,161164,115802,276966,,,,161164,115802,276966,161164,115802,276966,,,,161164,115802,276966
2024,145372,00168400,Greenville University,IL,6,,1,NCAA,479,399,878,2,Basketball,45,22,,,45,22,1648,74163,2160,47511,121674,,,,,,172145,91870,264015,,,,172145,91870,264015,198196,92710,290906,,,,198196,92710,290906
2024,153384,00186800,Grinnell College,IA,6,,1,NCAA,788,937,1725,2,Basketball,20,16,,,20,16,3235,64694,3249,51987,116681,,,,,,170322,142771,313093,,,,170322,142771,313093,170322,142771,313093,,,,170322,142771,313093
2024,115296,00120800,Grossmont College,CA,17,,8,other,2004,2499,4503,2,Basketball,16,11,,,16,11,773,12372,1792,19709,32081,,,,,,113832,80785,194617,,,,113832,80785,194617,21847,29184,51031,,,,21847,29184,51031
2024,198613,00293100,Guilford College,NC,6,,1,NCAA,512,473,985,2,Basketball,20,13,,,20,13,4265,85301,3363,43714,129015,,,,,,234176,190506,424682,,,,234176,190506,424682,243430,164403,407833,,,,243430,164403,407833
2024,198622,00483800,Guilford Technical Community College,NC,13,,3,NJCAA,1678,2063,3741,2,Basketball,14,11,,,14,11,2334,32669,1973,21698,54367,,,,,,69931,61137,131068,,,,69931,61137,131068,69931,61137,131068,,,,69931,61137,131068
2024,134343,00149000,Gulf Coast State College,FL,12,,3,NJCAA,768,1296,2064,2,Basketball,12,12,,,12,12,6623,79477,4099,49190,128667,,,,,,565904,510652,1076556,,,,565904,510652,1076556,565904,510652,1076556,,,,565904,510652,1076556
2024,173647,00235300,Gustavus Adolphus College,MN,6,,1,NCAA,862,981,1843,2,Basketball,35,20,,,35,20,1489,52115,3668,73351,125466,,,,,,218468,277205,495673,,,,218468,277205,495673,218468,277205,495673,,,,218468,277205,495673
2024,212832,00327000,Gwynedd Mercy University,PA,7,,1,NCAA,288,701,989,2,Basketball,17,14,,,17,14,1874,31851,2043,28606,60457,,,,,,98421,55606,154027,,,,98421,55606,154027,98421,55606,154027,,,,98421,55606,154027
2024,162690,00207400,Hagerstown Community College,MD,13,,3,NJCAA,521,616,1137,2,Basketball,16,7,,,16,7,2417,38664,3355,23486,62150,,,,,,81461,61366,142827,,,,81461,61366,142827,81461,61366,142827,,,,81461,61366,142827
2024,191515,00272800,Hamilton College,NY,6,,1,NCAA,902,1127,2029,2,Basketball,18,16,,,18,16,6908,124343,5182,82916,207259,,,,,,459787,342126,801913,,,,459787,342126,801913,459787,342126,801913,,,,459787,342126,801913
2024,173665,00235400,Hamline University,MN,6,,1,NCAA,622,1097,1719,2,Basketball,21,21,,,21,21,2777,58315,2703,56762,115077,,,,,,217258,169681,386939,,,,217258,169681,386939,217258,169681,386939,,,,217258,169681,386939
2024,166018,00466100,Hampshire College,MA,20,,8,other,315,524,839,2,Basketball,7,10,,,7,10,557,3897,435,4345,8242,,,,,,9393,10951,20344,,,,9393,10951,20344,9393,10951,20344,,,,9393,10951,20344
2024,232265,00371400,Hampton University,VA,2,,1,NCAA,1159,2471,3630,2,Basketball,16,15,,,16,15,34455,551272,24538,368074,919346,,,,,,2223463,1679644,3903107,,,,2223463,1679644,3903107,2993447,1756485,4749932,,,,2993447,1756485,4749932
2024,177542,00908900,Hannibal-LaGrange University,MO,9,,2,NAIA,188,171,359,2,Basketball,26,10,,,26,10,980,25473,2028,20282,45755,,,,,,513508,193817,707325,,,,513508,193817,707325,513508,193817,707325,,,,513508,193817,707325
2024,150756,00180100,Hanover College,IN,6,,1,NCAA,507,514,1021,2,Basketball,18,19,,,18,19,4248,76459,3383,64280,140739,,,,,,282105,309027,591132,,,,282105,309027,591132,282105,309027,591132,,,,282105,309027,591132
2024,212869,00327200,Harcum College,PA,8,NJCAA Multi-division,8,other,132,433,565,2,Basketball,14,15,,,14,15,4244,59420,4397,65952,125372,,,,,,713311,659264,1372575,,,,713311,659264,1372575,713311,659264,1372575,,,,713311,659264,1372575
2024,225247,00357100,Hardin-Simmons University,TX,6,,1,NCAA,621,597,1218,2,Basketball,21,23,,,21,23,5385,113077,3668,84370,197447,,,,,,328600,322055,650655,,,,328600,322055,650655,253522,246180,499702,,,,253522,246180,499702
2024,107044,00109700,Harding University,AR,4,,1,NCAA,1476,1730,3206,2,Basketball,15,14,,,15,14,4008,60124,4176,58463,118587,,,,,,701471,576181,1277652,,,,701471,576181,1277652,697593,592584,1290177,,,,697593,592584,1290177
2024,162706,00207500,Harford Community College,MD,12,,3,NJCAA,773,745,1518,2,Basketball,15,10,,,15,10,3054,45811,3216,32164,77975,,,,,,84690,73143,157833,,,,84690,73143,157833,84169,73143,157312,,,,84169,73143,157312
2024,177551,00246600,Harris-Stowe State University,MO,9,,2,NAIA,283,554,837,2,Basketball,14,15,,,14,15,4130,57824,4766,71494,129318,,,,,,154124,176708,330832,,,,154124,176708,330832,154124,176794,330918,,,,154124,176794,330918
2024,212878,00327300,Harrisburg Area Community College,PA,14,,3,NJCAA,1199,1875,3074,2,Basketball,13,,,,13,0,2059,26766,0,0,26766,,,,,,52788,,52788,,,,52788,0,52788,52788,,52788,,,,52788,0,52788
2024,115393,00120900,Hartnell College,CA,17,,8,other,1795,2029,3824,2,Basketball,16,14,,,16,14,3490,55845,2906,40689,96534,,,,,,84845,69689,154534,,,,84845,69689,154534,84845,69689,154534,,,,84845,69689,154534
2024,191533,00272900,Hartwick College,NY,6,,1,NCAA,413,651,1064,2,Basketball,15,11,,,15,11,2627,39410,3022,33243,72653,,,,,,151942,146572,298514,,,,151942,146572,298514,151942,146572,298514,,,,151942,146572,298514
2024,166027,00215500,Harvard University,MA,2,,1,NCAA,3297,3818,7115,2,Basketball,16,15,,,16,15,21805,348882,24239,363590,712472,,,,,,1772373,1764442,3536815,,,,1772373,1764442,3536815,1772373,1764442,3536815,,,,1772373,1764442,3536815
2024,155140,01043800,Haskell Indian Nations University,KS,9,,2,NAIA,406,501,907,2,Basketball,23,29,,,23,29,1818,41825,1952,56596,98421,,,,,,170226,170049,340275,,,,170226,170049,340275,147410,152959,300369,,,,147410,152959,300369
2024,181127,00254800,Hastings College,NE,10,,2,NAIA,457,433,890,2,Basketball,45,29,,,45,29,1111,49985,2019,58562,108547,,,,,,682432,546610,1229042,,,,682432,546610,1229042,682432,546610,1229042,,,,682432,546610,1229042
2024,212911,00327400,Haverford College,PA,7,,1,NCAA,614,812,1426,2,Basketball,17,12,,,17,12,4393,74679,7023,84270,158949,,,,,,135665,201506,337171,,,,135665,201506,337171,143654,195236,338890,,,,143654,195236,338890
2024,141644,00727900,Hawaii Pacific University,HI,5,,1,NCAA,660,1373,2033,2,Basketball,16,13,,,16,13,8635,138160,10079,131027,269187,,,,,,714711,465516,1180227,,,,714711,465516,1180227,714711,465516,1180227,,,,714711,465516,1180227
2024,203085,00304800,Heidelberg University,OH,6,,1,NCAA,494,409,903,2,Basketball,22,13,,,22,13,2759,60687,2243,29154,89841,,,,,,229677,157769,387446,,,,229677,157769,387446,229677,157769,387446,,,,229677,157769,387446
2024,107071,00109800,Henderson State University,AR,4,,1,NCAA,646,682,1328,2,Basketball,17,14,,,17,14,6892,117164,6183,86556,203720,,,,,,491255,451022,942277,,,,491255,451022,942277,491255,451022,942277,,,,491255,451022,942277
2024,107080,00109900,Hendrix College,AR,6,,1,NCAA,536,557,1093,2,Basketball,22,18,,,22,18,3593,79054,4131,74350,153404,,,,,,141687,154379,296066,,,,141687,154379,296066,141687,154379,296066,,,,141687,154379,296066
2024,170240,00227000,Henry Ford College,MI,13,,3,NJCAA,1713,2340,4053,2,Basketball,11,12,,,11,12,5380,59185,1925,23104,82289,,,,,,126481,49227,175708,,,,126481,49227,175708,126481,49227,175708,,,,126481,49227,175708
2024,191612,00478800,Herkimer County Community College,NY,14,,3,NJCAA,435,421,856,2,Basketball,13,14,,,13,14,1647,21413,1018,14253,35666,,,,,,30042,22882,52924,,,,30042,22882,52924,30042,22882,52924,,,,30042,22882,52924
2024,155177,00192000,Hesston College,KS,9,,2,NAIA,181,183,364,2,Basketball,28,22,,,28,22,2422,67823,2341,51498,119321,,,,,,342611,250646,593257,,,,342611,250646,593257,336151,243806,579957,,,,336151,243806,579957
2024,198695,00293300,High Point University,NC,3,,1,NCAA,2266,2836,5102,2,Basketball,20,18,,,20,18,43754,875089,32617,587102,1462191,,,,,,5483080,3214812,8697892,,,,5483080,3214812,8697892,4676086,2886174,7562260,,,,4676086,2886174,7562260
2024,155186,00192100,Highland Community College,KS,12,,3,NJCAA,363,368,731,2,Basketball,17,14,,,17,14,1644,27955,2058,28816,56771,,,,,,164851,150775,315626,,,,164851,150775,315626,166272,156118,322390,,,,166272,156118,322390
2024,145521,00168100,Highland Community College,IL,12,,3,NJCAA,238,298,536,2,Basketball,26,16,,,26,16,2431,63200,2424,38789,101989,,,,,,233705,191765,425470,,,,233705,191765,425470,213613,111415,325028,,,,213613,111415,325028
2024,235431,00378100,Highline College,WA,19,,8,other,703,1309,2012,2,Basketball,15,10,,,15,10,2685,40280,1599,15993,56273,,,,,,124882,51506,176388,,,,124882,51506,176388,102929,51506,154435,,,,102929,51506,154435
2024,191621,00273500,Hilbert College,NY,6,,1,NCAA,368,504,872,2,Basketball,18,11,,,18,11,2920,52562,3913,43045,95607,,,,,,278299,198098,476397,,,,278299,198098,476397,154719,142789,297508,,,,154719,142789,297508
2024,225371,00357300,Hill College,TX,12,,3,NJCAA,403,442,845,2,Basketball,16,12,,,16,12,2180,34883,2483,29795,64678,,,,,,257137,217888,475025,,,,257137,217888,475025,255137,217888,473025,,,,255137,217888,473025
2024,134495,00787000,Hillsborough Community College,FL,12,,3,NJCAA,4652,5386,10038,2,Basketball,14,15,,,14,15,3577,50073,2279,34185,84258,,,,,,189575,175435,365010,,,,189575,175435,365010,183655,183600,367255,,,,183655,183600,367255
2024,175786,00240700,Hinds Community College,MS,12,,3,NJCAA,2070,2932,5002,2,Basketball,13,14,,,13,14,2318,30130,1540,21561,51691,,,,,,238289,240914,479203,,,,238289,240914,479203,222934,227740,450674,,,,222934,227740,450674
2024,203128,00304900,Hiram College,OH,6,,1,NCAA,396,358,754,2,Basketball,25,18,,,25,18,2188,54691,2823,50818,105509,,,,,,127945,123893,251838,,,,127945,123893,251838,127945,123893,251838,,,,127945,123893,251838
2024,191630,00273100,Hobart William Smith Colleges,NY,6,,1,NCAA,825,951,1776,2,Basketball,16,17,,,16,17,4858,77730,2909,49447,127177,,,,,,442508,240234,682742,,,,442508,240234,682742,442508,240234,682742,,,,442508,240234,682742
2024,203155,00759800,Hocking College,OH,14,,3,NJCAA,565,484,1049,2,Basketball,21,7,,,21,7,1131,23749,3058,21405,45154,,,,,,54815,48152,102967,,,,54815,48152,102967,54815,48152,102967,,,,54815,48152,102967
2024,191649,00273200,Hofstra University,NY,3,,1,NCAA,2657,3626,6283,2,Basketball,14,14,,,14,14,46441,650180,29502,413032,1063212,,,,,,4334986,2912806,7247792,,,,4334986,2912806,7247792,4334986,2912806,7247792,,,,4334986,2912806,7247792
2024,175810,00240800,Holmes Community College,MS,13,,3,NJCAA,1001,2104,3105,2,Basketball,13,12,,,13,12,1592,20696,1050,12601,33297,,,,,,289571,235140,524711,,,,289571,235140,524711,289571,235140,524711,,,,289571,235140,524711
2024,150774,00726300,Holy Cross College,IN,10,,2,NAIA,381,209,590,2,Basketball,18,12,,,18,12,3327,59885,4210,50519,110404,,,,,,387288,339826,727114,,,,387288,339826,727114,387288,339826,727114,,,,387288,339826,727114
2024,212984,00327500,Holy Family University,PA,5,,1,NCAA,712,1532,2244,2,Basketball,17,12,,,17,12,2986,50758,3836,46037,96795,,,,,,477652,413890,891542,,,,477652,413890,891542,477427,413635,891062,,,,477427,413635,891062
2024,166133,00217000,Holyoke Community College,MA,14,,3,NJCAA,523,715,1238,2,Basketball,14,11,,,14,11,446,6250,582,6400,12650,,,,,,16555,19244,35799,,,,16555,19244,35799,20335,21508,41843,,,,20335,21508,41843
2024,162760,00207600,Hood College,MD,7,,1,NCAA,399,773,1172,2,Basketball,15,15,,,15,15,3135,47030,2922,43837,90867,,,,,,176826,154167,330993,,,,176826,154167,330993,176826,154167,330993,,,,176826,154167,330993
2024,170301,00227300,Hope College,MI,6,,1,NCAA,1282,1954,3236,2,Basketball,24,17,,,24,17,1731,41547,2087,35475,77022,,,,,,201533,266798,468331,,,,201533,266798,468331,198265,206354,404619,,,,198265,206354,404619
2024,120537,00125200,Hope International University,CA,9,,2,NAIA,230,270,500,2,Basketball,27,21,,,27,21,4982,134504,4979,104564,239068,,,,,,731590,686820,1418410,,,,731590,686820,1418410,731590,686820,1418410,,,,731590,686820,1418410
2024,191676,00273400,Houghton University,NY,7,,1,NCAA,295,426,721,2,Basketball,21,13,,,21,13,3235,67935,3591,46685,114620,,,,,,136877,97240,234117,,,,136877,97240,234117,136877,97240,234117,,,,136877,97240,234117
2024,225399,00357600,Houston Christian University,TX,2,,1,NCAA,945,1269,2214,2,Basketball,15,14,,,15,14,19164,287456,13227,185175,472631,,,,,,1463931,1400750,2864681,,,,1463931,1400750,2864681,1463931,1400750,2864681,,,,1463931,1400750,2864681
2024,225520,00357400,Howard College,TX,12,,3,NJCAA,258,614,872,2,Basketball,15,13,,,15,13,6047,90709,5863,76224,166933,,,,,,418262,413485,831747,,,,418262,413485,831747,418262,413485,831747,,,,418262,413485,831747
2024,162779,00817500,Howard Community College,MD,13,,3,NJCAA,1038,1032,2070,2,Basketball,27,11,,,27,11,4497,121421,5221,57427,178848,,,,,,182786,99579,282365,,,,182786,99579,282365,182786,99579,282365,,,,182786,99579,282365
2024,225548,00357500,Howard Payne University,TX,6,,1,NCAA,345,316,661,2,Basketball,24,19,,,24,19,1850,44393,2019,38352,82745,,,,,,218474,147711,366185,,,,218474,147711,366185,178187,147711,325898,,,,178187,147711,325898
2024,131520,00144800,Howard University,DC,2,,1,NCAA,2605,7274,9879,2,Basketball,18,14,,,18,14,21901,394223,16735,234285,628508,,,,,,1986273,1592757,3579030,,,,1986273,1592757,3579030,2238824,1592757,3831581,,,,2238824,1592757,3831581
2024,191719,00286800,Hudson Valley Community College,NY,14,,3,NJCAA,2466,2165,4631,2,Basketball,17,13,,,17,13,2230,37912,3620,47062,84974,,,,,,64391,71609,136000,,,,64391,71609,136000,64391,71609,136000,,,,64391,71609,136000
2024,101435,00101900,Huntingdon College,AL,6,,1,NCAA,488,385,873,2,Basketball,28,27,,,28,27,4301,120418,3806,102768,223186,,,,,,746980,309049,1056029,,,,746980,309049,1056029,504899,263802,768701,,,,504899,263802,768701
2024,150941,00180300,Huntington University,IN,9,,2,NAIA,355,599,954,2,Basketball,23,23,,,23,23,8532,196238,6450,148346,344584,,,,,,839048,604788,1443836,,,,839048,604788,1443836,658416,529386,1187802,,,,658416,529386,1187802
2024,487524,00204300,Husson University,ME,6,,1,NCAA,807,1092,1899,2,Basketball,16,17,,,16,17,7546,120740,5573,94742,215482,,,,,,234043,215888,449931,,,,234043,215888,449931,206453,204844,411297,,,,206453,204844,411297
2024,225575,00357700,Huston-Tillotson University,TX,9,,2,NAIA,407,395,802,2,Basketball,18,12,,,18,12,581,10457,777,9327,19784,,,,,,195250,163430,358680,,,,195250,163430,358680,248548,199544,448092,,,,248548,199544,448092
2024,155195,00192300,Hutchinson Community College,KS,12,,3,NJCAA,679,931,1610,2,Basketball,14,14,,,14,14,3898,54571,3539,49550,104121,,,,,,526810,483779,1010589,,,,526810,483779,1010589,526810,483779,1010589,,,,526810,483779,1010589
2024,142276,00162000,Idaho State University,ID,2,,1,NCAA,2545,3688,6233,2,Basketball,16,15,,,16,15,19262,308191,31640,474604,782795,,,,,,1428073,1691810,3119883,,,,1428073,1691810,3119883,1428073,1691810,3119883,,,,1428073,1691810,3119883
2024,145682,00675300,Illinois Central College,IL,13,,3,NJCAA,967,1116,2083,2,Basketball,19,13,,,19,13,2493,47370,6165,80150,127520,,,,,,202509,220665,423174,,,,202509,220665,423174,202509,220665,423174,,,,202509,220665,423174
2024,145691,00168800,Illinois College,IL,6,,1,NCAA,425,443,868,2,Basketball,23,20,,,23,20,2582,59392,2669,53378,112770,,,,,,231498,208698,440196,,,,231498,208698,440196,231498,208698,440196,,,,231498,208698,440196
2024,145707,00174200,Illinois Eastern Community Colleges,IL,12,,3,NJCAA,595,601,1196,2,Basketball,12,10,,,12,10,2402,28823,3323,33225,62048,,,,,,280432,201605,482037,,,,280432,201605,482037,246858,189582,436440,,,,246858,189582,436440
2024,145725,00169100,Illinois Institute of Technology,IL,7,,1,NCAA,1719,935,2654,2,Basketball,17,16,,,17,16,2171,36900,2741,43858,80758,,,,,,147620,127770,275390,,,,147620,127770,275390,147620,127770,275390,,,,147620,127770,275390
2024,145813,00169200,Illinois State University,IL,2,,1,NCAA,7762,10295,18057,2,Basketball,15,14,,,15,14,66327,994903,33488,468825,1463728,,,,,,3167173,2037058,5204231,,,,3167173,2037058,5204231,3167173,2037058,5204231,,,,3167173,2037058,5204231
2024,145831,00170500,Illinois Valley Community College,IL,13,,3,NJCAA,481,553,1034,2,Basketball,12,10,,,12,10,1829,21951,1443,14434,36385,,,,,,59475,34536,94011,,,,59475,34536,94011,59475,34536,94011,,,,59475,34536,94011
2024,145646,00169600,Illinois Wesleyan University,IL,6,,1,NCAA,797,783,1580,2,Basketball,21,16,,,21,16,7387,155136,5627,90039,245175,,,,,,331838,262624,594462,,,,331838,262624,594462,331838,262624,594462,,,,331838,262624,594462
2024,213011,00327600,Immaculata University,PA,7,,1,NCAA,354,743,1097,2,Basketball,18,14,,,18,14,1699,30585,2219,31068,61653,,,,,,69620,69561,139181,,,,69620,69561,139181,69620,69561,139181,,,,69620,69561,139181
2024,115861,00121400,Imperial Valley College,CA,17,,8,other,1556,1956,3512,2,Basketball,14,15,,,14,15,2459,34419,2273,34101,68520,,,,,,58476,55130,113606,,,,58476,55130,113606,54188,54151,108339,,,,54188,54151,108339
2024,155201,00192400,Independence Community College,KS,12,,3,NJCAA,253,152,405,2,Basketball,16,9,,,16,9,2149,34382,4291,38622,73004,,,,,,274669,208704,483373,,,,274669,208704,483373,274669,208704,483373,,,,274669,208704,483373
2024,153472,00840300,Indian Hills Community College,IA,12,,3,NJCAA,615,653,1268,2,Basketball,15,,,,15,0,6483,97251,0,0,97251,,,,,,633192,,633192,,,,633192,0,633192,633192,,633192,,,,633192,0,633192
2024,134608,00149300,Indian River State College,FL,12,,3,NJCAA,2369,3082,5451,2,Basketball,10,,,,10,0,8430,84299,0,0,84299,,,,,,346710,,346710,,,,346710,0,346710,346710,,346710,,,,346710,0,346710
2024,151290,00180500,Indiana Institute of Technology,IN,9,,2,NAIA,842,556,1398,2,Basketball,43,51,,,43,51,1563,67216,1085,55314,122530,,,,,,958974,1125600,2084574,,,,958974,1125600,2084574,958974,1125600,2084574,,,,958974,1125600,2084574
2024,151324,00180700,Indiana State University,IN,2,,1,NCAA,2368,3004,5372,2,Basketball,16,14,,,16,14,50902,814439,22767,318732,1133171,,,,,,2973979,1607581,4581560,,,,2973979,1607581,4581560,2973979,1607581,4581560,,,,2973979,1607581,4581560
2024,213020,00327700,Indiana University of Pennsylvania-Main Campus,PA,4,,1,NCAA,2402,3971,6373,2,Basketball,15,13,,,15,13,10569,158539,12479,162230,320769,,,,,,854998,671187,1526185,,,,854998,671187,1526185,829667,597025,1426692,,,,829667,597025,1426692
2024,151351,00180900,Indiana University-Bloomington,IN,1,,1,NCAA,18495,18512,37007,2,Basketball,19,37,,,19,37,303117,5759220,86643,3205777,8964997,,,,,,52276379,9293179,61569558,,,,52276379,9293179,61569558,31818423,9293179,41111602,,,,31818423,9293179,41111602
2024,151388,00181100,Indiana University-East,IN,10,,2,NAIA,517,1165,1682,2,Basketball,12,16,,,12,16,6747,80967,3424,54784,135751,,,,,,432323,322119,754442,,,,432323,322119,754442,427694,323283,750977,,,,427694,323283,750977
2024,151111,00181300,Indiana University-Indianapolis,IN,3,,1,NCAA,3924,8200,12124,2,Basketball,15,14,,,15,14,28048,420722,18545,259626,680348,,,,,,2606361,1448162,4054523,,,,2606361,1448162,4054523,2606361,1448162,4054523,,,,2606361,1448162,4054523
2024,151333,00181400,Indiana University-Kokomo,IN,9,,2,NAIA,658,1315,1973,2,Basketball,14,12,,,14,12,2135,29885,3868,46414,76299,,,,,,191916,165567,357483,,,,191916,165567,357483,191916,165567,357483,,,,191916,165567,357483
2024,151360,00181500,Indiana University-Northwest,IN,10,,2,NAIA,560,1464,2024,2,Basketball,17,14,,,17,14,4427,75257,4028,56398,131655,,,,,,312539,185413,497952,,,,312539,185413,497952,312539,185413,497952,,,,312539,185413,497952
2024,151342,00181600,Indiana University-South Bend,IN,9,,2,NAIA,1056,2017,3073,2,Basketball,14,13,,,14,13,4461,62460,4084,53094,115554,,,,,,228480,261390,489870,,,,228480,261390,489870,218820,261811,480631,,,,218820,261811,480631
2024,151379,00181700,Indiana University-Southeast,IN,9,,2,NAIA,872,1488,2360,2,Basketball,15,13,,,15,13,5695,85429,3718,48330,133759,,,,,,219968,211514,431482,,,,219968,211514,431482,219968,211514,431482,,,,219968,211514,431482
2024,151801,00182200,Indiana Wesleyan University-Marion,IN,10,,2,NAIA,780,1171,1951,2,Basketball,16,16,,,16,16,9613,153813,12175,194794,348607,,,,,,1331700,1095553,2427253,,,,1331700,1095553,2427253,1127164,920895,2048059,,,,1127164,920895,2048059
2024,242617,04254200,Inter American University of Puerto Rico-San German,PR,8,LAI,8,other,1087,1239,2326,2,Basketball,17,13,,,17,13,554,9412,875,11374,20786,,,,,,114619,84946,199565,,,,114619,84946,199565,114619,84946,199565,,,,114619,84946,199565
2024,191931,00273700,Iona University,NY,2,,1,NCAA,1328,1605,2933,2,Basketball,15,16,,,15,16,49771,746560,22346,357536,1104096,,,,,,4073711,2310205,6383916,,,,4073711,2310205,6383916,4073711,2310205,6383916,,,,4073711,2310205,6383916
2024,153524,00186500,Iowa Central Community College,IA,13,,3,NJCAA,1151,1232,2383,2,Basketball,37,20,,,37,20,1927,71290,2574,51479,122769,,,,,,391012,273697,664709,,,,391012,273697,664709,391012,273697,664709,,,,391012,273697,664709
2024,153533,00186400,Iowa Lakes Community College,IA,13,,3,NJCAA,368,291,659,2,Basketball,13,11,,,13,11,5203,67634,4020,44218,111852,,,,,,205344,157703,363047,,,,205344,157703,363047,205344,157703,363047,,,,205344,157703,363047
2024,153603,00186900,Iowa State University,IA,1,,1,NCAA,13389,11008,24397,2,Basketball,15,15,,,15,15,120597,1808960,94333,1414990,3223950,,,,,,14437710,1201223,15638933,,,,14437710,1201223,15638933,10382761,5282818,15665579,,,,10382761,5282818,15665579
2024,153630,00459800,Iowa Western Community College,IA,12,,3,NJCAA,1029,803,1832,2,Basketball,40,14,,,40,14,1623,64923,3590,50254,115177,,,,,,387118,271489,658607,,,,387118,271489,658607,387118,271489,658607,,,,387118,271489,658607
2024,116439,02539500,Irvine Valley College,CA,17,,8,other,2630,2210,4840,2,Basketball,23,18,,,23,18,3647,83892,3396,61125,145017,,,,,,261632,169407,431039,,,,261632,169407,431039,261632,169407,431039,,,,261632,169407,431039
2024,175829,00240900,Itawamba Community College,MS,13,,3,NJCAA,1240,1975,3215,2,Basketball,15,13,,,15,13,2644,39660,2838,36898,76558,,,,,,293778,273318,567096,,,,293778,273318,567096,293778,273318,567096,,,,293778,273318,567096
2024,191968,00273900,Ithaca College,NY,6,,1,NCAA,1921,2279,4200,2,Basketball,15,18,,,15,18,5701,85510,3551,63926,149436,,,,,,264851,235577,500428,,,,264851,235577,500428,264851,235577,500428,,,,264851,235577,500428
2024,170444,00227400,Jackson College,MI,13,,3,NJCAA,459,726,1185,2,Basketball,15,15,,,15,15,2043,30643,2798,41963,72606,,,,,,81887,97279,179166,,,,81887,97279,179166,81887,97279,179166,,,,81887,97279,179166
2024,220400,00493700,Jackson State Community College,TN,12,,3,NJCAA,534,1010,1544,2,Basketball,10,12,,,10,12,4846,48463,4465,53581,102044,,,,,,160544,209156,369700,,,,160544,209156,369700,160544,209156,369700,,,,160544,209156,369700
2024,175856,00241000,Jackson State University,MS,2,,1,NCAA,1531,2611,4142,2,Basketball,17,17,,,17,17,6042,102719,8530,145018,247737,,,,,,936115,978954,1915069,,,,936115,978954,1915069,936115,978954,1915069,,,,936115,978954,1915069
2024,101480,00102000,Jacksonville State University,AL,1,,1,NCAA,2577,3797,6374,2,Basketball,17,12,,,17,12,19774,336155,37578,450939,787094,,,,,,2338777,1578341,3917118,,,,2338777,1578341,3917118,2338777,1578341,3917118,,,,2338777,1578341,3917118
2024,134945,00149500,Jacksonville University,FL,3,,1,NCAA,1241,1523,2764,2,Basketball,18,15,,,18,15,28368,510623,19368,290524,801147,,,,,,2692685,1992788,4685473,,,,2692685,1992788,4685473,2692685,1992788,4685473,,,,2692685,1992788,4685473
2024,232423,00372100,James Madison University,VA,2,,1,NCAA,8602,11174,19776,2,Basketball,17,28,,,17,28,58609,996345,37001,1036035,2032380,,,,,,4408806,3709721,8118527,,,,4408806,3709721,8118527,4408806,3709722,8118528,,,,4408806,3709722,8118528
2024,191986,00286900,Jamestown Community College,NY,14,NJCAA Div III  except  M/WBasketball NJCAA Div. II,3,NJCAA,583,714,1297,2,Basketball,15,16,,,15,16,1478,22171,1600,25602,47773,,,,,,49887,49839,99726,,,,49887,49839,99726,49887,49839,99726,,,,49887,49839,99726
2024,225885,00363700,Jarvis Christian University,TX,9,,2,NAIA,254,254,508,2,Basketball,36,13,,,36,13,671,24172,1873,24349,48521,,,,,,215071,207448,422519,,,,215071,207448,422519,210071,203448,413519,,,,210071,203448,413519
2024,177676,00246800,Jefferson College,MO,12,,3,NJCAA,711,812,1523,2,Basketball,12,15,,,12,15,4065,48781,3053,45794,94575,,,,,,205227,197836,403063,,,,205227,197836,403063,205227,197836,403063,,,,205227,197836,403063
2024,192022,00287000,Jefferson Community College,NY,14,,3,NJCAA,473,636,1109,2,Basketball,13,12,,,13,12,1451,18863,4353,52237,71100,,,,,,34739,68283,103022,,,,34739,68283,103022,34739,68283,103022,,,,34739,68283,103022
2024,146205,00807600,John A Logan College,IL,12,,3,NJCAA,525,723,1248,2,Basketball,14,13,,,14,13,5008,70108,4582,59567,129675,,,,,,290649,246590,537239,,,,290649,246590,537239,290649,246590,537239,,,,290649,246590,537239
2024,107141,00110000,John Brown University,AR,9,,2,NAIA,633,767,1400,2,Basketball,14,11,,,14,11,4761,66649,5448,59927,126576,,,,,,513051,377383,890434,,,,513051,377383,890434,512199,377307,889506,,,,512199,377307,889506
2024,101514,00101300,John C Calhoun State Community College,AL,12,,3,NJCAA,1437,1617,3054,2,Basketball,15,16,,,15,16,2438,36570,2654,42467,79037,,,,,,212582,206484,419066,,,,212582,206484,419066,212582,206484,419066,,,,212582,206484,419066
2024,203368,00305000,John Carroll University,OH,6,,1,NCAA,1202,1032,2234,2,Basketball,22,16,,,22,16,4355,95814,4566,73055,168869,,,,,,276304,234274,510578,,,,276304,234274,510578,276304,234274,510578,,,,276304,234274,510578
2024,146278,01281300,John Wood Community College,IL,13,,3,NJCAA,370,450,820,2,Basketball,18,11,,,18,11,1869,33647,2153,23683,57330,,,,,,112172,93538,205710,,,,112172,93538,205710,105092,81246,186338,,,,105092,81246,186338
2024,162928,00207700,Johns Hopkins University,MD,8,NCAA DIII w/FB; M/W LAX DI,8,other,2556,3117,5673,2,Basketball,14,17,,,14,17,3746,52450,4669,79372,131822,,,,,,418001,344609,762610,,,,418001,344609,762610,373923,344609,718532,,,,373923,344609,718532
2024,445708,00340410,Johnson & Wales University-Charlotte,NC,7,,1,NCAA,400,753,1153,2,Basketball,20,14,,,20,14,3775,75490,5656,79177,154667,,,,,,164893,177336,342229,,,,164893,177336,342229,164893,177336,342229,,,,164893,177336,342229
2024,217235,00340400,Johnson & Wales University-Providence,RI,7,,1,NCAA,1386,2354,3740,2,Basketball,16,15,,,16,15,4901,78419,3129,46934,125353,,,,,,221581,166731,388312,,,,221581,166731,388312,221581,166731,388312,,,,221581,166731,388312
2024,198756,00293600,Johnson C Smith University,NC,4,,1,NCAA,583,622,1205,2,Basketball,14,14,,,14,14,5047,70659,6491,90877,161536,,,,,,536965,482010,1018975,,,,536965,482010,1018975,536965,482010,1018975,,,,536965,482010,1018975
2024,155210,00824400,Johnson County Community College,KS,12,,3,NJCAA,2319,2460,4779,2,Basketball,15,15,,,15,15,8643,129646,9639,144584,274230,,,,,,380507,424213,804720,,,,380507,424213,804720,380507,424213,804720,,,,380507,424213,804720
2024,220473,00349500,Johnson University,TN,10,,2,NAIA,336,341,677,2,Basketball,29,29,,,29,29,2216,64256,2413,69968,134224,,,,,,389656,399427,789083,,,,389656,399427,789083,389656,398395,788051,,,,389656,398395,788051
2024,198774,00933600,Johnston Community College,NC,13,,3,NJCAA,689,944,1633,2,Basketball,8,,,,8,0,5041,40328,0,0,40328,,,,,,66376,,66376,,,,66376,0,66376,66376,,66376,,,,66376,0,66376
2024,146296,00169900,Joliet Junior College,IL,14,,3,NJCAA,1881,2043,3924,2,Basketball,10,8,,,10,8,2336,23362,5831,46648,70010,,,,,,35955,67959,103914,,,,35955,67959,103914,42745,75415,118160,,,,42745,75415,118160
2024,175883,00241100,Jones County Junior College,MS,12,,3,NJCAA,1101,1694,2795,2,Basketball,13,12,,,13,12,7717,100315,4643,55720,156035,,,,,,448082,418739,866821,,,,448082,418739,866821,448082,418739,866821,,,,448082,418739,866821
2024,146339,00170000,Judson University,IL,9,,2,NAIA,409,278,687,2,Basketball,44,21,,,44,21,687,30234,784,16460,46694,,,,,,407569,268108,675677,,,,407569,268108,675677,406392,267224,673616,,,,406392,267224,673616
2024,213251,00327900,Juniata College,PA,6,,1,NCAA,572,618,1190,2,Basketball,22,15,,,22,15,1908,41965,2388,35820,77785,,,,,,281412,125114,406526,,,,281412,125114,406526,268228,123114,391342,,,,268228,123114,391342
2024,498623,04311200,Justice University,AZ,15,,4,NCCAA,75,35,110,2,Basketball,37,,,,37,0,709,26240,0,0,26240,,,,,,204270,,204270,,,,204270,0,204270,195240,,195240,,,,195240,0,195240
2024,170532,00227500,Kalamazoo College,MI,6,,1,NCAA,511,626,1137,2,Basketball,19,17,,,19,17,2408,45747,2615,44454,90201,,,,,,158250,142459,300709,,,,158250,142459,300709,158250,142459,300709,,,,158250,142459,300709
2024,170541,00694900,Kalamazoo Valley Community College,MI,12,,3,NJCAA,720,856,1576,2,Basketball,14,11,,,14,11,4793,67101,3444,37879,104980,,,,,,116602,96886,213488,,,,116602,96886,213488,116602,96886,213488,,,,116602,96886,213488
2024,146348,00769000,Kankakee Community College,IL,13,,3,NJCAA,405,439,844,2,Basketball,15,14,,,15,14,2195,32932,2841,39774,72706,,,,,,384080,341094,725174,,,,384080,341094,725174,384080,341094,725174,,,,384080,341094,725174
2024,155308,02168900,Kansas Christian College,KS,16,,4,NCCAA,97,31,128,2,Basketball,30,10,,,30,10,741,22231,1590,15897,38128,,,,,,42231,33950,76181,,,,42231,33950,76181,40231,27950,68181,,,,40231,27950,68181
2024,155292,00192500,Kansas City Kansas Community College,KS,12,,3,NJCAA,621,820,1441,2,Basketball,17,14,,,17,14,3153,53597,3189,44644,98241,,,,,,304085,264716,568801,,,,304085,264716,568801,296579,245556,542135,,,,296579,245556,542135
2024,155399,00192800,Kansas State University,KS,1,,1,NCAA,6872,7062,13934,2,Basketball,14,33,,,14,33,186002,2604025,50207,1656830,4260855,,,,,,10907824,4912372,15820196,,,,10907824,4912372,15820196,10907824,4912372,15820196,,,,10907824,4912372,15820196
2024,155414,00192900,Kansas Wesleyan University,KS,9,,2,NAIA,505,392,897,2,Basketball,45,38,,,45,38,3002,135094,1292,49078,184172,,,,,,900725,719704,1620429,,,,900725,719704,1620429,1102166,793720,1895886,,,,1102166,793720,1895886
2024,146366,00170100,Kaskaskia College,IL,12,,3,NJCAA,448,777,1225,2,Basketball,12,12,,,12,12,2402,28824,2355,28258,57082,,,,,,192243,125922,318165,,,,192243,125922,318165,192243,125922,318165,,,,192243,125922,318165
2024,185262,00262200,Kean University,NJ,6,,1,NCAA,3878,5989,9867,2,Basketball,16,17,,,16,17,2874,45985,2744,46647,92632,,,,,,232804,233698,466502,,,,232804,233698,466502,232804,233698,466502,,,,232804,233698,466502
2024,183062,00259000,Keene State College,NH,7,,1,NCAA,1302,1365,2667,2,Basketball,18,15,,,18,15,4767,85813,3232,48476,134289,,,,,,240181,193066,433247,,,,240181,193066,433247,240181,188632,428813,,,,240181,188632,428813
2024,135081,02151900,Keiser University-Ft Lauderdale,FL,9,,2,NAIA,3857,7703,11560,2,Basketball,60,16,,,60,16,3487,209206,4199,67190,276396,,,,,,931450,481483,1412933,,,,931450,481483,1412933,858854,454547,1313401,,,,858854,454547,1313401
2024,170550,00227600,Kellogg Community College,MI,13,,3,NJCAA,354,534,888,2,Basketball,15,15,,,15,15,630,9454,630,9454,18908,,,,,,61722,60282,122004,,,,61722,60282,122004,61722,60282,122004,,,,61722,60282,122004
2024,486840,00157700,Kennesaw State University,GA,2,,1,NCAA,15442,15831,31273,2,Basketball,13,14,,,13,14,64407,837291,34543,483598,1320889,,,,,,3039976,1976860,5016836,,,,3039976,1976860,5016836,3039976,1976860,5016836,,,,3039976,1976860,5016836
2024,203517,00305100,Kent State University at Kent,OH,1,,1,NCAA,6418,10582,17000,2,Basketball,15,15,,,15,15,54365,815471,30298,454475,1269946,,,,,,3036075,2066954,5103029,,,,3036075,2066954,5103029,3036075,2066954,5103029,,,,3036075,2066954,5103029
2024,203483,00305103,Kent State University at Tuscarawas,OH,20,,8,other,165,244,409,2,Basketball,14,8,,,14,8,801,11218,667,5332,16550,,,,,,25448,15080,40528,,,,25448,15080,40528,25448,15080,40528,,,,25448,15080,40528
2024,157100,00196500,Kentucky Christian University,KY,9,,2,NAIA,295,126,421,2,Basketball,21,22,,,21,22,3693,77559,3397,74723,152282,,,,,,437075,382434,819509,,,,437075,382434,819509,437075,382434,819509,,,,437075,382434,819509
2024,157058,00196800,Kentucky State University,KY,4,,1,NCAA,493,669,1162,2,Basketball,15,18,,,15,18,20308,304614,5923,106619,411233,,,,,,412427,450302,862729,,,,412427,450302,862729,412427,450302,862729,,,,412427,450302,862729
2024,157076,00196900,Kentucky Wesleyan College,KY,4,,1,NCAA,419,413,832,2,Basketball,16,13,,,16,13,6891,110251,4665,60645,170896,,,,,,831568,631919,1463487,,,,831568,631919,1463487,854677,648887,1503564,,,,854677,648887,1503564
2024,203535,00306500,Kenyon College,OH,6,,1,NCAA,755,977,1732,2,Basketball,18,15,,,18,15,3039,54707,2775,41627,96334,,,,,,148251,139746,287997,,,,148251,139746,287997,148251,139746,287997,,,,148251,139746,287997
2024,192192,00274400,Keuka College,NY,7,,1,NCAA,228,694,922,2,Basketball,19,15,,,19,15,2314,43967,2894,43412,87379,,,,,,100808,91307,192115,,,,100808,91307,192115,100808,91307,192115,,,,100808,91307,192115
2024,213303,00328000,Keystone College,PA,6,,1,NCAA,347,271,618,2,Basketball,20,15,,,20,15,2027,40531,3365,50476,91007,,,,,,79996,129736,209732,,,,79996,129736,209732,79996,129736,209732,,,,79996,129736,209732
2024,226019,00358000,Kilgore College,TX,12,,3,NJCAA,815,1094,1909,2,Basketball,13,15,,,13,15,1503,19535,1680,25200,44735,,,,,,276042,321191,597233,,,,276042,321191,597233,276042,321191,597233,,,,276042,321191,597233
2024,220516,00349600,King University,TN,5,,1,NCAA,345,472,817,2,Basketball,25,15,,,25,15,1652,41300,2315,34725,76025,,,,,,552522,412324,964846,,,,552522,412324,964846,482609,447529,930138,,,,482609,447529,930138
2024,213321,00328200,King's College,PA,6,,1,NCAA,767,697,1464,2,Basketball,15,14,,,15,14,1591,23870,2974,41637,65507,,,,,,143608,144673,288281,,,,143608,144673,288281,143608,144673,288281,,,,143608,144673,288281
2024,153737,00407600,Kirkwood Community College,IA,13,,3,NJCAA,1935,2005,3940,2,Basketball,14,14,,,14,14,9173,128427,6891,96473,224900,,,,,,281958,322200,604158,,,,281958,322200,604158,278382,309035,587417,,,,278382,309035,587417
2024,170587,00717100,Kirtland Community College,MI,13,,3,NJCAA,226,319,545,2,Basketball,9,11,,,9,11,1483,13347,1441,15852,29199,,,,,,66311,69208,135519,,,,66311,69208,135519,66311,69208,135519,,,,66311,69208,135519
2024,146418,00768400,Kishwaukee College,IL,13,,3,NJCAA,462,550,1012,2,Basketball,22,12,,,22,12,1713,37690,2134,25608,63298,,,,,,67193,58531,125724,,,,67193,58531,125724,64680,55259,119939,,,,64680,55259,119939
2024,146427,00170400,Knox College,IL,6,,1,NCAA,564,554,1118,2,Basketball,16,13,,,16,13,4666,74648,5234,68044,142692,,,,,,198697,166334,365031,,,,198697,166334,365031,203340,171434,374774,,,,203340,171434,374774
2024,213349,00332200,Kutztown University of Pennsylvania,PA,4,,1,NCAA,2528,3364,5892,2,Basketball,16,16,,,16,16,3963,63407,5609,89747,153154,,,,,,632231,718359,1350590,,,,632231,718359,1350590,523497,557132,1080629,,,,523497,557132,1080629
2024,171881,00231100,Kuyper College,MI,16,,4,NCCAA,94,35,129,2,Basketball,15,12,,,15,12,5938,89063,3054,36650,125713,,,,,,176255,103740,279995,,,,176255,103740,279995,176255,103740,279995,,,,176255,103740,279995
2024,213358,00398700,La Roche University,PA,7,,1,NCAA,310,358,668,2,Basketball,20,17,,,20,17,2933,58656,3190,54229,112885,,,,,,93200,106383,199583,,,,93200,106383,199583,85706,100133,185839,,,,85706,100133,185839
2024,213367,00328700,La Salle University,PA,3,,1,NCAA,624,1061,1685,2,Basketball,16,24,,,16,24,58531,936493,17242,413798,1350291,,,,,,3832568,1956822,5789390,,,,3832568,1956822,5789390,3832568,1956822,5789390,,,,3832568,1956822,5789390
2024,117627,00121500,La Sierra University,CA,10,,2,NAIA,439,625,1064,2,Basketball,21,24,,,21,24,5150,108142,5053,121273,229415,,,,,,318030,333693,651723,,,,318030,333693,651723,318030,333693,651723,,,,318030,333693,651723
2024,155450,00193000,Labette Community College,KS,13,,3,NJCAA,152,307,459,2,Basketball,13,9,,,13,9,2839,36911,1302,11717,48628,,,,,,212632,127847,340479,,,,212632,127847,340479,210132,127160,337292,,,,210132,127160,337292
2024,213376,00328300,Lackawanna College,PA,13,,3,NJCAA,618,837,1455,2,Basketball,21,17,,,21,17,1703,35766,1939,32965,68731,,,,,,135148,135267,270415,,,,135148,135267,270415,112861,123594,236455,,,,112861,123594,236455
2024,213385,00328400,Lafayette College,PA,2,,1,NCAA,1370,1372,2742,2,Basketball,14,13,,,14,13,30261,423652,22547,293117,716769,,,,,,2472111,2363911,4836022,,,,2472111,2363911,4836022,2472111,2363911,4836022,,,,2472111,2363911,4836022
2024,140234,00157800,LaGrange College,GA,6,,1,NCAA,348,286,634,2,Basketball,23,14,,,23,14,2539,58396,4360,61040,119436,,,,,,128820,134258,263078,,,,128820,134258,263078,128820,134258,263078,,,,128820,134258,263078
2024,203580,00306600,Lake Erie College,OH,4,,1,NCAA,409,436,845,2,Basketball,26,17,,,26,17,3684,95795,3532,60036,155831,,,,,,522648,334590,857238,,,,522648,334590,857238,522648,334590,857238,,,,522648,334590,857238
2024,146481,00170600,Lake Forest College,IL,6,,1,NCAA,776,1017,1793,2,Basketball,18,17,,,18,17,2680,48244,2532,43038,91282,,,,,,183661,138398,322059,,,,183661,138398,322059,183661,138398,322059,,,,183661,138398,322059
2024,146506,00764400,Lake Land College,IL,12,,3,NJCAA,700,993,1693,2,Basketball,16,14,,,16,14,2336,37376,2475,34645,72021,,,,,,213262,141574,354836,,,,213262,141574,354836,212846,141190,354036,,,,212846,141190,354036
2024,170620,00227700,Lake Michigan College,MI,13,,3,NJCAA,410,579,989,2,Basketball,13,13,,,13,13,2600,33805,2997,38962,72767,,,,,,87351,89523,176874,,,,87351,89523,176874,87351,89523,176874,,,,87351,89523,176874
2024,200192,00299100,Lake Region State College,ND,8,"NJCAA DI and DII, ACHA DII",8,other,200,250,450,2,Basketball,15,9,,,15,9,3713,55691,4734,42607,98298,,,,,,202763,138833,341596,,,,202763,138833,341596,202763,138833,341596,,,,202763,138833,341596
2024,170639,00229300,Lake Superior State University,MI,5,,1,NCAA,545,611,1156,2,Basketball,18,18,,,18,18,12498,224955,6495,116918,341873,,,,,,917378,639029,1556407,,,,917378,639029,1556407,917378,639029,1556407,,,,917378,639029,1556407
2024,203599,00680400,Lakeland Community College,OH,13,,3,NJCAA,404,458,862,2,Basketball,14,6,,,14,6,3455,48376,5934,35601,83977,,,,,,88262,70860,159122,,,,88262,70860,159122,88262,70860,159122,,,,88262,70860,159122
2024,238980,00385400,Lakeland University,WI,6,,1,NCAA,362,337,699,2,Basketball,22,17,,,22,17,2579,56744,2576,43792,100536,,,,,,218664,241956,460620,,,,218664,241956,460620,208063,241956,450019,,,,208063,241956,450019
2024,127389,00135500,Lamar Community College,CO,12,,3,NJCAA,156,141,297,2,Basketball,16,17,,,16,17,2766,44260,3090,52529,96789,,,,,,280721,234374,515095,,,,280721,234374,515095,268381,224655,493036,,,,268381,224655,493036
2024,226116,02348500,Lamar State College-Port Arthur,TX,12,,3,NJCAA,294,390,684,2,Basketball,12,,,,12,0,7383,88593,0,0,88593,,,,,,339195,,339195,,,,339195,0,339195,339195,,339195,,,,339195,0,339195
2024,226091,00358100,Lamar University,TX,2,,1,NCAA,2556,3792,6348,2,Basketball,14,12,,,14,12,25003,350048,24694,296333,646381,,,,,,1934655,1493016,3427671,,,,1934655,1493016,3427671,1896927,1481580,3378507,,,,1896927,1481580,3378507
2024,213400,00328500,Lancaster Bible College,PA,7,,1,NCAA,441,553,994,2,Basketball,31,11,,,31,11,2975,92222,2053,22583,114805,,,,,,259189,110293,369482,,,,259189,110293,369482,202349,86507,288856,,,,202349,86507,288856
2024,218229,00343500,Lander University,SC,5,,1,NCAA,1054,2197,3251,2,Basketball,17,18,,,17,18,3584,60933,3104,55879,116812,,,,,,970575,761347,1731922,,,,970575,761347,1731922,799967,662198,1462165,,,,799967,662198,1462165
2024,220598,00349900,Lane College,TN,4,,1,NCAA,396,323,719,2,Basketball,20,20,,,20,20,5102,102044,7152,143046,245090,,,,,,392675,416393,809068,,,,392675,416393,809068,382925,406793,789718,,,,382925,406793,789718
2024,209038,00319600,Lane Community College,OR,19,,8,other,1411,1544,2955,2,Basketball,14,13,,,14,13,3826,53563,3785,49206,102769,,,,,,152850,170705,323555,,,,152850,170705,323555,156913,163359,320272,,,,156913,163359,320272
2024,117247,00126600,Laney College,CA,17,,8,other,875,732,1607,2,Basketball,,10,,,0,10,0,0,1670,16703,16703,,,,,,,28030,28030,,,,0,28030,28030,,28030,28030,,,,0,28030,28030
2024,207209,00315700,Langston University,OK,9,,2,NAIA,699,953,1652,2,Basketball,18,17,,,18,17,5383,96888,6388,108601,205489,,,,,,593307,501595,1094902,,,,593307,501595,1094902,593307,501595,1094902,,,,593307,501595,1094902
2024,170657,00227800,Lansing Community College,MI,13,,3,NJCAA,1352,1549,2901,2,Basketball,12,15,,,12,15,4297,51560,3983,59740,111300,,,,,,225569,185928,411497,,,,225569,185928,411497,221977,184661,406638,,,,221977,184661,406638
2024,240620,00925900,Laramie County Community College,WY,12,,3,NJCAA,564,1020,1584,2,Basketball,14,10,,,14,10,4384,61379,4604,46037,107416,,,,,,399966,367175,767141,,,,399966,367175,767141,399966,367175,767141,,,,399966,367175,767141
2024,366401,03035700,Las Positas College,CA,17,,8,other,1673,1381,3054,2,Basketball,16,12,,,16,12,1192,19072,955,11462,30534,,,,,,72548,33165,105713,,,,72548,33165,105713,55588,47979,103567,,,,55588,47979,103567
2024,166391,00215800,Lasell University,MA,7,,1,NCAA,423,753,1176,2,Basketball,19,21,,,19,21,2870,54523,1601,33630,88153,,,,,,177836,153706,331542,,,,177836,153706,331542,177836,153706,331542,,,,177836,153706,331542
2024,117274,00121700,Lassen Community College,CA,17,,8,other,219,253,472,2,Basketball,14,15,,,14,15,2341,32772,2115,31720,64492,,,,,,96321,111794,208115,,,,96321,111794,208115,75471,92007,167478,,,,75471,92007,167478
2024,170675,00227900,Lawrence Technological University,MI,9,,2,NAIA,999,537,1536,2,Basketball,34,15,,,34,15,2128,72354,3389,50841,123195,,,,,,517399,332020,849419,,,,517399,332020,849419,617289,367885,985174,,,,617289,367885,985174
2024,239017,00385600,Lawrence University,WI,6,,1,NCAA,668,710,1378,2,Basketball,22,18,,,22,18,2513,55288,2396,43133,98421,,,,,,207573,202524,410097,,,,207573,202524,410097,207573,202524,410097,,,,207573,202524,410097
2024,101569,00105900,Lawson State Community College,AL,12,,3,NJCAA,542,692,1234,2,Basketball,14,15,,,14,15,2939,41140,2862,42924,84064,,,,,,260721,241534,502255,,,,260721,241534,502255,260721,241534,502255,,,,260721,241534,502255
2024,192323,00274800,Le Moyne College,NY,3,,1,NCAA,937,1277,2214,2,Basketball,16,13,,,16,13,19230,307678,21315,277094,584772,,,,,,1798253,1501223,3299476,,,,1798253,1501223,3299476,1428504,1390796,2819300,,,,1428504,1390796,2819300
2024,220604,00350100,Le Moyne-Owen College,TN,5,,1,NCAA,201,329,530,2,Basketball,16,14,,,16,14,4049,64788,5399,75588,140376,,,,,,432216,302181,734397,,,,432216,302181,734397,419651,301193,720844,,,,419651,301193,720844
2024,213507,00328800,Lebanon Valley College,PA,6,,1,NCAA,719,930,1649,2,Basketball,18,15,,,18,15,2694,48484,3337,50056,98540,,,,,,208811,167437,376248,,,,208811,167437,376248,193901,155643,349544,,,,193901,155643,349544
2024,226204,00358300,Lee College,TX,12,,3,NJCAA,612,469,1081,2,Basketball,14,,,,14,0,6895,96525,0,0,96525,,,,,,369743,,369743,,,,369743,0,369743,350134,,350134,,,,350134,0,350134
2024,220613,00350000,Lee University,TN,5,,1,NCAA,921,1486,2407,2,Basketball,17,17,,,17,17,7734,131477,10149,172527,304004,,,,,,722745,726967,1449712,,,,722745,726967,1449712,722745,726967,1449712,,,,722745,726967,1449712
2024,413626,03096400,Leech Lake Tribal College,MN,18,,8,other,51,63,114,2,Basketball,8,,,,8,0,2869,22951,0,0,22951,,,,,,157959,,157959,,,,157959,0,157959,157959,,157959,,,,157959,0,157959
2024,198808,00293900,Lees-McRae College,NC,5,,1,NCAA,289,566,855,2,Basketball,38,15,,,38,15,2462,93537,4076,61137,154674,,,,,,738443,288387,1026830,,,,738443,288387,1026830,738443,288387,1026830,,,,738443,288387,1026830
2024,213543,00328900,Lehigh University,PA,2,,1,NCAA,3012,2801,5813,2,Basketball,15,14,,,15,14,22159,332380,23041,322573,654953,,,,,,2252333,2289204,4541537,,,,2252333,2289204,4541537,2252333,2289204,4541537,,,,2252333,2289204,4541537
2024,448594,04111300,Lemoore College,CA,17,,8,other,562,853,1415,2,Basketball,16,11,,,16,11,2785,44556,3942,43361,87917,,,,,,67593,52391,119984,,,,67593,52391,119984,67593,50609,118202,,,,67593,50609,118202
2024,198835,00294100,Lenoir-Rhyne University,NC,4,,1,NCAA,618,682,1300,2,Basketball,19,21,,,19,21,6242,118600,3341,70167,188767,,,,,,766509,592008,1358517,,,,766509,592008,1358517,766509,592008,1358517,,,,766509,592008,1358517
2024,166452,00216000,Lesley University,MA,7,,1,NCAA,252,539,791,2,Basketball,14,12,,,14,12,902,12628,995,11938,24566,,,,,,34924,31942,66866,,,,34924,31942,66866,34924,31942,66866,,,,34924,31942,66866
2024,226231,00358400,LeTourneau University,TX,7,,1,NCAA,842,414,1256,2,Basketball,19,18,,,19,18,4745,90147,2839,51093,141240,,,,,,260747,196488,457235,,,,260747,196488,457235,260747,196488,457235,,,,260747,196488,457235
2024,209056,00319700,Lewis & Clark College,OR,6,,1,NCAA,767,1325,2092,2,Basketball,18,12,,,18,12,3697,66546,5251,63012,129558,,,,,,180524,187468,367992,,,,180524,187468,367992,180524,187468,367992,,,,180524,187468,367992
2024,146603,01002000,Lewis and Clark Community College,IL,12,,3,NJCAA,623,755,1378,2,Basketball,20,14,,,20,14,1401,28013,1581,22140,50153,,,,,,171513,164296,335809,,,,171513,164296,335809,171513,164296,335809,,,,171513,164296,335809
2024,146612,00170700,Lewis University,IL,5,,1,NCAA,1658,1753,3411,2,Basketball,19,17,,,19,17,6213,118050,8537,145128,263178,,,,,,771094,733999,1505093,,,,771094,733999,1505093,771094,733999,1505093,,,,771094,733999,1505093
2024,142328,00162100,Lewis-Clark State College,ID,9,,2,NAIA,701,1167,1868,2,Basketball,16,16,,,16,16,8401,134420,6334,101345,235765,,,,,,554554,493110,1047664,,,,554554,493110,1047664,554554,493110,1047664,,,,554554,493110,1047664
2024,232557,02053000,Liberty University,VA,1,,1,NCAA,14279,18031,32310,2,Basketball,15,14,,,15,14,73223,1098350,52808,739309,1837659,,,,,,5566763,2987453,8554216,,,,5566763,2987453,8554216,5566763,2987453,8554216,,,,5566763,2987453,8554216
2024,117104,02270600,Life Pacific University,CA,9,,2,NAIA,176,199,375,2,Basketball,16,19,,,16,19,2582,41311,2434,46254,87565,,,,,,261796,195021,456817,,,,261796,195021,456817,261796,195021,456817,,,,261796,195021,456817
2024,140252,02074800,Life University,GA,9,,2,NAIA,389,397,786,2,Basketball,19,20,,,19,20,5780,109811,3071,61428,171239,,,,,,616983,607181,1224164,,,,616983,607181,1224164,616983,607181,1224164,,,,616983,607181,1224164
2024,146685,00717000,Lincoln Land Community College,IL,13,,3,NJCAA,798,846,1644,2,Basketball,12,14,,,12,14,2909,34907,3665,51308,86215,,,,,,108110,121916,230026,,,,108110,121916,230026,153096,154120,307216,,,,153096,154120,307216
2024,220631,00350200,Lincoln Memorial University,TN,5,,1,NCAA,433,901,1334,2,Basketball,14,18,,,14,18,11893,166505,6059,109060,275565,,,,,,1146390,789592,1935982,,,,1146390,789592,1935982,1145790,788592,1934382,,,,1145790,788592,1934382
2024,403478,00174224,Lincoln Trail College,IL,12,,3,NJCAA,125,161,286,2,Basketball,14,11,,,14,11,2275,31850,1951,21456,53306,,,,,,223348,217946,441294,,,,223348,217946,441294,238637,192724,431361,,,,238637,192724,431361
2024,213598,00329000,Lincoln University,PA,4,,1,NCAA,543,960,1503,2,Basketball,16,16,,,16,16,12086,193371,13124,209988,403359,,,,,,616314,612424,1228738,,,,616314,612424,1228738,616314,612424,1228738,,,,616314,612424,1228738
2024,177940,00247900,Lincoln University,MO,4,,1,NCAA,551,712,1263,2,Basketball,15,14,,,15,14,7728,115920,4615,64608,180528,,,,,,608168,442473,1050641,,,,608168,442473,1050641,566678,439433,1006111,,,,566678,439433,1006111
2024,177968,00248000,Lindenwood University,MO,2,,1,NCAA,1625,2435,4060,2,Basketball,16,14,,,16,14,12145,194313,14367,201133,395446,,,,,,1241973,1212881,2454854,,,,1241973,1212881,2454854,1241973,1212881,2454854,,,,1241973,1212881,2454854
2024,157216,00197200,Lindsey Wilson College,KY,9,,2,NAIA,666,841,1507,2,Basketball,50,27,,,50,27,1144,57175,2655,71679,128854,,,,,,648027,520019,1168046,,,,648027,520019,1168046,644357,520019,1164376,,,,644357,520019,1164376
2024,209065,00319800,Linfield University,OR,6,,1,NCAA,534,969,1503,2,Basketball,15,15,,,15,15,4463,66942,4154,62303,129245,,,,,,253816,281652,535468,,,,253816,281652,535468,183410,204227,387637,,,,183410,204227,387637
2024,209074,00693800,Linn-Benton Community College,OR,19,,8,other,936,1040,1976,2,Basketball,14,17,,,14,17,3911,54751,3869,65766,120517,,,,,,222605,186305,408910,,,,222605,186305,408910,217140,193049,410189,,,,217140,193049,410189
2024,219976,00348600,Lipscomb University,TN,3,,1,NCAA,1119,1748,2867,2,Basketball,15,11,,,15,11,44014,660212,35539,390927,1051139,,,,,,2770794,1847138,4617932,,,,2770794,1847138,4617932,2770794,1847138,4617932,,,,2770794,1847138,4617932
2024,198862,00294200,Livingstone College,NC,4,,1,NCAA,533,376,909,2,Basketball,23,16,,,23,16,2046,47064,1672,26744,73808,,,,,,476064,410674,886738,,,,476064,410674,886738,576064,410674,986738,,,,576064,410674,986738
2024,117645,00121900,Long Beach City College,CA,17,,8,other,4225,4906,9131,2,Basketball,16,12,,,16,12,1440,23034,1669,20028,43062,,,,,,216339,212175,428514,,,,216339,212175,428514,207800,211261,419061,,,,207800,211261,419061
2024,192448,00275100,Long Island University,NY,2,,1,NCAA,1788,3263,5051,2,Basketball,15,16,,,15,16,46431,696462,20263,324209,1020671,,,,,,3545194,2003534,5548728,,,,3545194,2003534,5548728,3545194,2003534,5548728,,,,3545194,2003534,5548728
2024,232566,00371900,Longwood University,VA,3,,1,NCAA,831,2084,2915,2,Basketball,16,13,,,16,13,33097,529547,20607,267891,797438,,,,,,4627089,1563900,6190989,,,,4627089,1563900,6190989,4053871,1735542,5789413,,,,4053871,1735542,5789413
2024,203748,00306800,Lorain County Community College,OH,14,,3,NJCAA,810,1062,1872,2,Basketball,16,10,,,16,10,1941,31053,3291,32907,63960,,,,,,50616,47479,98095,,,,50616,47479,98095,45667,44060,89727,,,,45667,44060,89727
2024,153825,00187300,Loras College,IA,6,,1,NCAA,622,438,1060,2,Basketball,31,24,,,31,24,1892,58666,2239,53746,112412,,,,,,276867,172788,449655,,,,276867,172788,449655,276867,172788,449655,,,,276867,172788,449655
2024,117788,00122300,Los Angeles City College,CA,17,Unknown,8,other,1337,1593,2930,2,Basketball,15,,,,15,0,3139,47078,0,0,47078,,,,,,236765,,236765,,,,236765,0,236765,236765,,236765,,,,236765,0,236765
2024,117690,00122400,Los Angeles Harbor College,CA,17,,8,other,634,834,1468,2,Basketball,15,10,,,15,10,2385,35773,3449,34485,70258,,,,,,108178,110374,218552,,,,108178,110374,218552,107178,109374,216552,,,,107178,109374,216552
2024,117867,01255000,Los Angeles Mission College,CA,17,,8,other,751,1058,1809,2,Basketball,,14,,,0,14,0,0,6490,90856,90856,,,,,,,174584,174584,,,,0,174584,174584,,174584,174584,,,,0,174584,174584
2024,117706,00122600,Los Angeles Pierce College,CA,17,,8,other,2261,2382,4643,2,Basketball,18,,,,18,0,1162,20916,0,0,20916,,,,,,84750,,84750,,,,84750,0,84750,84750,,84750,,,,84750,0,84750
2024,117715,00704700,Los Angeles Southwest College,CA,17,,8,other,229,329,558,2,Basketball,18,12,,,18,12,167,3013,152,1818,4831,,,,,,244183,131405,375588,,,,244183,131405,375588,244183,131405,375588,,,,244183,131405,375588
2024,117724,00122700,Los Angeles Trade Technical College,CA,17,,8,other,2007,1115,3122,2,Basketball,16,13,,,16,13,5083,81333,6256,81333,162666,,,,,,412141,397829,809970,,,,412141,397829,809970,412141,397829,809970,,,,412141,397829,809970
2024,117733,00122800,Los Angeles Valley College,CA,17,,8,other,1660,1878,3538,2,Basketball,24,14,,,24,14,1116,26790,2074,29032,55822,,,,,,263791,286470,550261,,,,263791,286470,550261,263761,286470,550231,,,,263761,286470,550231
2024,117894,01034000,Los Medanos College,CA,17,,8,other,1337,1549,2886,2,Basketball,15,13,,,15,13,1279,19178,1311,17037,36215,,,,,,51532,42680,94212,,,,51532,42680,94212,51532,42680,94212,,,,51532,42680,94212
2024,198871,00294300,Louisburg College,NC,13,,3,NJCAA,278,121,399,2,Basketball,26,12,,,26,12,920,23920,1189,14268,38188,,,,,,142968,146760,289728,,,,142968,146760,289728,142968,146760,289728,,,,142968,146760,289728
2024,159568,00200700,Louisiana Christian University,LA,9,,2,NAIA,377,263,640,2,Basketball,15,14,,,15,14,6722,100837,4566,63919,164756,,,,,,466055,274092,740147,,,,466055,274092,740147,466055,274092,740147,,,,466055,274092,740147
2024,159391,00201000,Louisiana State University and Agricultural & Mechanical College,LA,1,,1,NCAA,12494,16688,29182,2,Basketball,16,13,,,16,13,112125,1794000,192579,2503525,4297525,,,,,,13624943,4137970,17762913,,,,13624943,4137970,17762913,11104405,12099217,23203622,,,,11104405,12099217,23203622
2024,159382,00201100,Louisiana State University-Alexandria,LA,9,,2,NAIA,978,2528,3506,2,Basketball,15,13,,,15,13,3321,49811,4137,53780,103591,,,,,,259714,256805,516519,,,,259714,256805,516519,259714,256805,516519,,,,259714,256805,516519
2024,159407,00201200,Louisiana State University-Eunice,LA,13,,3,NJCAA,443,1209,1652,2,Basketball,,16,,,0,16,0,0,4397,70348,70348,,,,,,,265051,265051,,,,0,265051,265051,,265051,265051,,,,0,265051,265051
2024,159416,00201300,Louisiana State University-Shreveport,LA,9,,2,NAIA,712,910,1622,2,Basketball,13,15,,,13,15,6607,85894,5031,75461,161355,,,,,,430113,389169,819282,,,,430113,389169,819282,430113,389169,819282,,,,430113,389169,819282
2024,159647,00200800,Louisiana Tech University,LA,1,,1,NCAA,4437,3337,7774,2,Basketball,13,14,,,13,14,39035,507455,27558,385810,893265,,,,,,2572343,2028126,4600469,,,,2572343,2028126,4600469,2572343,2028126,4600469,,,,2572343,2028126,4600469
2024,203757,00306900,Lourdes University,OH,10,,2,NAIA,240,272,512,2,Basketball,16,19,,,16,19,2755,44078,3572,67863,111941,,,,,,369190,459912,829102,,,,369190,459912,829102,357805,444942,802747,,,,357805,444942,802747
2024,235750,00378200,Lower Columbia College,WA,19,,8,other,360,748,1108,2,Basketball,14,16,,,14,16,1434,20070,1284,20541,40611,,,,,,78406,71701,150107,,,,78406,71701,150107,77969,70547,148516,,,,77969,70547,148516
2024,117946,01164900,Loyola Marymount University,CA,3,,1,NCAA,3317,3647,6964,2,Basketball,15,15,,,15,15,151736,2276043,62760,941401,3217444,,,,,,8655558,4418708,13074266,,,,8655558,4418708,13074266,8655558,4418708,13074266,,,,8655558,4418708,13074266
2024,146719,00171000,Loyola University Chicago,IL,3,,1,NCAA,3465,7807,11272,2,Basketball,17,15,,,17,15,104305,1773181,67242,1008630,2781811,,,,,,7021288,3574951,10596239,,,,7021288,3574951,10596239,7021288,3574951,10596239,,,,7021288,3574951,10596239
2024,163046,00207800,Loyola University Maryland,MD,3,,1,NCAA,1686,2159,3845,2,Basketball,16,15,,,16,15,23364,373831,23510,352645,726476,,,,,,2130645,1946672,4077317,,,,2130645,1946672,4077317,2130645,1946672,4077317,,,,2130645,1946672,4077317
2024,159656,00201600,Loyola University New Orleans,LA,9,,2,NAIA,925,1684,2609,2,Basketball,20,15,,,20,15,6039,120789,9555,143325,264114,,,,,,1097521,1004923,2102444,,,,1097521,1004923,2102444,1097521,1004923,2102444,,,,1097521,1004923,2102444
2024,226383,00358600,Lubbock Christian University,TX,5,,1,NCAA,478,667,1145,2,Basketball,15,14,,,15,14,10660,159903,17958,251415,411318,,,,,,823484,877339,1700823,,,,823484,877339,1700823,823484,877339,1700823,,,,823484,877339,1700823
2024,101602,00898800,Lurleen B Wallace Community College,AL,13,,3,NJCAA,278,450,728,2,Basketball,14,11,,,14,11,1038,14537,1232,13555,28092,,,,,,164488,145471,309959,,,,164488,145471,309959,164488,145471,309959,,,,164488,145471,309959
2024,153834,00187400,Luther College,IA,6,,1,NCAA,654,714,1368,2,Basketball,34,19,,,34,19,876,29783,1711,32500,62283,,,,,,138361,157655,296016,,,,138361,157655,296016,138376,153142,291518,,,,138376,153142,291518
2024,213659,00681100,Luzerne County Community College,PA,14,,3,NJCAA,583,735,1318,2,Basketball,15,,,,15,0,2528,37927,0,0,37927,,,,,,48527,,48527,,,,48527,0,48527,48527,,48527,,,,48527,0,48527
2024,213668,00329300,Lycoming College,PA,6,,1,NCAA,489,505,994,2,Basketball,17,15,,,17,15,3771,64103,4149,62235,126338,,,,,,227723,199527,427250,,,,227723,199527,427250,194363,186374,380737,,,,194363,186374,380737
2024,132657,00150500,Lynn University,FL,5,,1,NCAA,1352,1276,2628,2,Basketball,14,15,,,14,15,6926,96969,7569,113542,210511,,,,,,668802,656139,1324941,,,,668802,656139,1324941,668802,656139,1324941,,,,668802,656139,1324941
2024,106342,00108800,Lyon College,AR,6,,1,NCAA,362,279,641,2,Basketball,25,23,,,25,23,2605,65114,3020,69456,134570,,,,,,184062,180871,364933,,,,184062,180871,364933,184062,180871,364933,,,,184062,180871,364933
2024,173902,00235800,Macalester College,MN,6,,1,NCAA,909,1190,2099,2,Basketball,15,16,,,15,16,4681,70215,4913,78611,148826,,,,,,317039,268406,585445,,,,317039,268406,585445,340702,258741,599443,,,,340702,258741,599443
2024,170790,00890600,Macomb Community College,MI,13,,3,NJCAA,2261,2614,4875,2,Basketball,9,14,,,9,14,3456,31108,1489,20851,51959,,,,,,43735,95798,139533,,,,43735,95798,139533,69006,75710,144716,,,,69006,75710,144716
2024,238263,00400700,Madison Area Technical College,WI,13,,3,NJCAA,1829,1640,3469,2,Basketball,13,13,,,13,13,2301,29910,2369,30798,60708,,,,,,140108,124626,264734,,,,140108,124626,264734,96134,104069,200203,,,,96134,104069,200203
2024,170806,00228200,Madonna University,MI,9,,2,NAIA,498,831,1329,2,Basketball,35,38,,,35,38,2566,89810,2052,77960,167770,,,,,,399584,398093,797677,,,,399584,398093,797677,412889,404836,817725,,,,412889,404836,817725
2024,161299,00204400,Maine Maritime Academy,ME,6,,1,NCAA,683,176,859,2,Basketball,15,14,,,15,14,5129,76940,6022,84302,161242,,,,,,140189,158904,299093,,,,140189,158904,299093,140189,158904,299093,,,,140189,158904,299093
2024,203775,00307200,Malone University,OH,5,,1,NCAA,325,422,747,2,Basketball,21,15,,,21,15,4986,104712,4924,73856,178568,,,,,,557977,528429,1086406,,,,557977,528429,1086406,557977,528429,1086406,,,,557977,528429,1086406
2024,151777,00182000,Manchester University,IN,6,,1,NCAA,483,440,923,2,Basketball,23,17,,,23,17,2268,52175,2001,34023,86198,,,,,,189928,159469,349397,,,,189928,159469,349397,178376,150210,328586,,,,178376,150210,328586
2024,155496,00193100,Manhattan Christian College,KS,16,,4,NCCAA,61,59,120,2,Basketball,14,6,,,14,6,1003,14046,606,3635,17681,,,,,,50046,29635,79681,,,,50046,29635,79681,38068,27657,65725,,,,38068,27657,65725
2024,192703,00275800,Manhattan University,NY,3,,1,NCAA,1560,1059,2619,2,Basketball,19,14,,,19,14,18736,355990,16282,227943,583933,,,,,,2453965,1918034,4371999,,,,2453965,1918034,4371999,2412158,1911135,4323293,,,,2412158,1911135,4323293
2024,192749,00276000,Manhattanville University,NY,7,,1,NCAA,528,798,1326,2,Basketball,22,15,,,22,15,846,18606,962,14426,33032,,,,,,161314,157307,318621,,,,161314,157307,318621,124435,134017,258452,,,,124435,134017,258452
2024,213774,00329400,Manor College,PA,20,,8,other,122,236,358,2,Basketball,14,16,,,14,16,1389,19441,1208,19335,38776,,,,,,55302,55204,110506,,,,55302,55204,110506,55302,55204,110506,,,,55302,55204,110506
2024,239071,02317200,Maranatha Baptist University,WI,7,,1,NCAA,183,245,428,2,Basketball,18,14,,,18,14,1305,23495,1269,17759,41254,,,,,,58547,31630,90177,,,,58547,31630,90177,48454,29274,77728,,,,48454,29274,77728
2024,239080,00386100,Marian University,WI,7,,1,NCAA,324,468,792,2,Basketball,23,16,,,23,16,3644,83819,2738,43801,127620,,,,,,220901,119714,340615,,,,220901,119714,340615,208368,113327,321695,,,,208368,113327,321695
2024,151786,00182100,Marian University,IN,10,,2,NAIA,933,1177,2110,2,Basketball,14,13,,,14,13,5930,83015,7555,98219,181234,,,,,,661460,533625,1195085,,,,661460,533625,1195085,661460,533625,1195085,,,,661460,533625,1195085
2024,497833,00182103,Marian University-Ancilla,IN,13,,3,NJCAA,110,114,224,2,Basketball,18,23,,,18,23,3952,71141,4116,94662,165803,,,,,,171471,218762,390233,,,,171471,218762,390233,171471,218762,390233,,,,171471,218762,390233
2024,203845,00307300,Marietta College,OH,6,,1,NCAA,494,424,918,2,Basketball,21,22,,,21,22,3622,76064,2344,51576,127640,,,,,,264367,169699,434066,,,,264367,169699,434066,247438,163997,411435,,,,247438,163997,411435
2024,101648,00102600,Marion Military Institute,AL,13,,3,NJCAA,233,96,329,2,Basketball,12,,,,12,0,1602,19219,0,0,19219,,,,,,241848,,241848,,,,241848,0,241848,240644,,240644,,,,240644,0,240644
2024,192819,00276500,Marist University,NY,2,,1,NCAA,2108,2943,5051,2,Basketball,15,15,,,15,15,26674,400106,18928,283927,684033,,,,,,2629385,2055910,4685295,,,,2629385,2055910,4685295,2629385,2055910,4685295,,,,2629385,2055910,4685295
2024,239105,00386300,Marquette University,WI,3,,1,NCAA,3322,4258,7580,2,Basketball,20,12,,,20,12,307204,6144077,144691,1736292,7880369,,,,,,25734325,4774668,30508993,,,,25734325,4774668,30508993,20053484,4774607,24828091,,,,20053484,4774607,24828091
2024,198899,00294400,Mars Hill University,NC,4,,1,NCAA,510,486,996,2,Basketball,19,16,,,19,16,3203,60849,4845,77516,138365,,,,,,479771,411300,891071,,,,479771,411300,891071,479771,411300,891071,,,,479771,411300,891071
2024,237525,00381500,Marshall University,WV,1,,1,NCAA,2941,3813,6754,2,Basketball,16,16,,,16,16,65359,1045736,62185,994959,2040695,,,,,,3593971,2679496,6273467,,,,3593971,2679496,6273467,3593971,2679496,6273467,,,,3593971,2679496,6273467
2024,153922,00187500,Marshalltown Community College,IA,8,NJCAA D1 and NJCAA D2,8,other,317,274,591,2,Basketball,17,11,,,17,11,3348,56917,4128,45404,102321,,,,,,161592,123645,285237,,,,161592,123645,285237,161592,117846,279438,,,,161592,117846,279438
2024,173452,00236100,Martin Luther College,MN,6,,1,NCAA,296,305,601,2,Basketball,15,16,,,15,16,2241,33609,2479,39671,73280,,,,,,79733,101550,181283,,,,79733,101550,181283,79733,101550,181283,,,,79733,101550,181283
2024,232672,00372300,Mary Baldwin University,VA,7,,1,NCAA,251,655,906,2,Basketball,18,5,,,18,5,5647,101642,6509,32545,134187,,,,,,146979,69621,216600,,,,146979,69621,216600,146979,69621,216600,,,,146979,69621,216600
2024,232706,00372400,Marymount University,VA,7,,1,NCAA,679,1043,1722,2,Basketball,17,15,,,17,15,3219,54722,2388,35818,90540,,,,,,224830,168997,393827,,,,224830,168997,393827,189154,151652,340806,,,,189154,151652,340806
2024,220710,00350500,Maryville College,TN,6,,1,NCAA,460,538,998,2,Basketball,18,13,,,18,13,6331,113955,7182,93361,207316,,,,,,294043,210836,504879,,,,294043,210836,504879,225982,203530,429512,,,,225982,203530,429512
2024,178059,00248200,Maryville University of Saint Louis,MO,5,,1,NCAA,1360,2296,3656,2,Basketball,14,15,,,14,15,6586,92209,6332,94984,187193,,,,,,721885,790444,1512329,,,,721885,790444,1512329,692219,758820,1451039,,,,692219,758820,1451039
2024,213826,00329600,Marywood University,PA,7,,1,NCAA,618,1110,1728,2,Basketball,20,17,,,20,17,1766,35311,2246,38189,73500,,,,,,212971,131015,343986,,,,212971,131015,343986,164859,117519,282378,,,,164859,117519,282378
2024,166647,00217100,Massachusetts Bay Community College,MA,14,,3,NJCAA,696,700,1396,2,Basketball,15,,,,15,0,1708,25617,0,0,25617,,,,,,44422,,44422,,,,44422,0,44422,44422,,44422,,,,44422,0,44422
2024,167288,00218700,Massachusetts College of Liberal Arts,MA,7,,1,NCAA,302,355,657,2,Basketball,19,,,,19,0,2259,42924,0,0,42924,,,,,,98443,,98443,,,,98443,0,98443,98443,,98443,,,,98443,0,98443
2024,166683,00217800,Massachusetts Institute of Technology,MA,6,,1,NCAA,2320,2169,4489,2,Basketball,20,16,,,20,16,3298,65963,5499,87989,153952,,,,,,181156,170503,351659,,,,181156,170503,351659,181156,170503,351659,,,,181156,170503,351659
2024,166823,00217700,Massasoit Community College,MA,8,"NJCAA Division II, III",8,other,782,826,1608,2,Basketball,9,7,,,9,7,1614,14528,3120,21840,36368,,,,,,34124,36666,70790,,,,34124,36666,70790,34284,36711,70995,,,,34284,36711,70995
2024,200226,00299300,Mayville State University,ND,10,,2,NAIA,286,300,586,2,Basketball,38,13,,,38,13,2003,76105,3397,44162,120267,,,,,,269893,158123,428016,,,,269893,158123,428016,269893,158123,428016,,,,269893,158123,428016
2024,164270,00210900,McDaniel College,MD,6,,1,NCAA,708,896,1604,2,Basketball,22,17,,,22,17,2702,59442,3121,53061,112503,,,,,,256544,336988,593532,,,,256544,336988,593532,248429,241502,489931,,,,248429,241502,489931
2024,147004,00769100,McHenry County College,IL,13,,3,NJCAA,1053,1043,2096,2,Basketball,12,11,,,12,11,1362,16340,1130,12429,28769,,,,,,78840,71164,150004,,,,78840,71164,150004,72439,85607,158046,,,,72439,85607,158046
2024,147013,00172200,McKendree University,IL,4,,1,NCAA,775,856,1631,2,Basketball,17,17,,,17,17,6444,109550,5226,88844,198394,,,,,,666273,656447,1322720,,,,666273,656447,1322720,666273,656447,1322720,,,,666273,656447,1322720
2024,226578,00359000,McLennan Community College,TX,12,,3,NJCAA,862,1683,2545,2,Basketball,14,13,,,14,13,2148,30072,2199,28587,58659,,,,,,384113,508057,892170,,,,384113,508057,892170,354007,387073,741080,,,,354007,387073,741080
2024,226587,00359100,McMurry University,TX,6,,1,NCAA,544,538,1082,2,Basketball,18,19,,,18,19,5115,92068,6642,126194,218262,,,,,,203959,259082,463041,,,,203959,259082,463041,203959,259082,463041,,,,203959,259082,463041
2024,159717,00201700,McNeese State University,LA,2,,1,NCAA,1778,2751,4529,2,Basketball,15,15,,,15,15,6821,102316,4858,72874,175190,,,,,,3169273,1109117,4278390,,,,3169273,1109117,4278390,3169273,1109117,4278390,,,,3169273,1109117,4278390
2024,155511,00193300,McPherson College,KS,9,,2,NAIA,585,285,870,2,Basketball,50,33,,,50,33,368,18416,489,16142,34558,,,,,,1425493,877166,2302659,,,,1425493,877166,2302659,1425493,877166,2302659,,,,1425493,877166,2302659
2024,118684,01167200,Mendocino College,CA,17,,8,other,321,569,890,2,Basketball,17,9,,,17,9,3852,65483,2054,18488,83971,,,,,,119527,57115,176642,,,,119527,57115,176642,102954,55750,158704,,,,102954,55750,158704
2024,118693,00123600,Menlo College,CA,4,,1,NCAA,417,314,731,2,Basketball,15,18,,,15,18,6616,99238,5944,106996,206234,,,,,,554301,776308,1330609,,,,554301,776308,1330609,554301,776308,1330609,,,,554301,776308,1330609
2024,118718,00123700,Merced College,CA,17,,8,other,2016,2888,4904,2,Basketball,16,15,,,16,15,2848,45573,2806,42095,87668,,,,,,101452,98005,199457,,,,101452,98005,199457,101452,98005,199457,,,,101452,98005,199457
2024,185509,00474000,Mercer County Community College,NJ,12,,3,NJCAA,1064,978,2042,2,Basketball,16,12,,,16,12,2403,38440,2172,26064,64504,,,,,,83890,64243,148133,,,,83890,64243,148133,83890,64243,148133,,,,83890,64243,148133
2024,140447,00158000,Mercer University,GA,2,,1,NCAA,1480,2532,4012,2,Basketball,14,15,,,14,15,26079,365103,22190,332857,697960,,,,,,2346280,2121512,4467792,,,,2346280,2121512,4467792,2346280,2121512,4467792,,,,2346280,2121512,4467792
2024,193016,00277200,Mercy University,NY,5,,1,NCAA,1581,3534,5115,2,Basketball,15,15,,,15,15,4107,61610,3806,57093,118703,,,,,,247449,259113,506562,,,,247449,259113,506562,247449,259111,506560,,,,247449,259111,506560
2024,213987,00329700,Mercyhurst University,PA,2,,1,NCAA,910,1196,2106,2,Basketball,17,15,,,17,15,19252,327291,13503,202547,529838,,,,,,1337695,1126439,2464134,,,,1337695,1126439,2464134,1337695,1126439,2464134,,,,1337695,1126439,2464134
2024,175935,00241300,Meridian Community College,MS,13,,3,NJCAA,566,1314,1880,2,Basketball,20,14,,,20,14,3623,72451,5526,77363,149814,,,,,,357043,320053,677096,,,,357043,320053,677096,355191,318201,673392,,,,355191,318201,673392
2024,166850,00212000,Merrimack College,MA,2,,1,NCAA,1772,2043,3815,2,Basketball,17,21,,,17,21,25710,437064,12172,255617,692681,,,,,,2309371,1962374,4271745,,,,2309371,1962374,4271745,2309371,1962374,4271745,,,,2309371,1962374,4271745
2024,118772,00126700,Merritt College,CA,17,,8,other,377,580,957,2,Basketball,15,10,,,15,10,2025,30370,2923,29225,59595,,,,,,82148,84698,166846,,,,82148,84698,166846,82148,84698,166846,,,,82148,84698,166846
2024,105154,00107700,Mesa Community College,AZ,13,,3,NJCAA,2216,2256,4472,2,Basketball,15,16,,,15,16,1621,24314,1447,23152,47466,,,,,,124406,180497,304903,,,,124406,180497,304903,124406,180497,304903,,,,124406,180497,304903
2024,213996,00329800,Messiah University,PA,7,,1,NCAA,938,1274,2212,2,Basketball,16,15,,,16,15,4382,70114,1851,27758,97872,,,,,,172915,198076,370991,,,,172915,198076,370991,178243,151027,329270,,,,178243,151027,329270
2024,198969,00294600,Methodist University,NC,6,,1,NCAA,770,580,1350,2,Basketball,32,22,,,32,22,2399,76753,3105,68310,145063,,,,,,162999,157021,320020,,,,162999,157021,320020,162999,157021,320020,,,,162999,157021,320020
2024,177995,00248400,Metropolitan Community College-Kansas City,MO,8,NJCAA Division I and II,8,other,2250,2930,5180,2,Basketball,14,12,,,14,12,2802,39223,3797,45558,84781,,,,,,199221,157870,357091,,,,199221,157870,357091,199983,158701,358684,,,,199983,158701,358684
2024,127565,00136000,Metropolitan State University of Denver,CO,5,,1,NCAA,3983,4479,8462,2,Basketball,15,14,,,15,14,8771,131566,8218,115054,246620,,,,,,1101430,920844,2022274,,,,1101430,920844,2022274,1100936,920669,2021605,,,,1100936,920669,2021605
2024,135717,00150600,Miami Dade College,FL,12,,3,NJCAA,9743,12647,22390,2,Basketball,15,15,,,15,15,4355,65321,4355,65321,130642,,,,,,557090,467116,1024206,,,,557090,467116,1024206,557090,467116,1024206,,,,557090,467116,1024206
2024,204024,00307700,Miami University-Oxford,OH,1,,1,NCAA,7767,8510,16277,2,Basketball,16,31,,,16,31,48894,782309,16278,504614,1286923,,,,,,2901957,2156817,5058774,,,,2901957,2156817,5058774,2901957,2156817,5058774,,,,2901957,2156817,5058774
2024,171100,00229000,Michigan State University,MI,1,,1,NCAA,18483,19923,38406,2,Basketball,16,16,,,16,16,272133,4354133,97510,1560157,5914290,,,,,,21818193,7247013,29065206,,,,21818193,7247013,29065206,20566735,7247013,27813748,,,,20566735,7247013,27813748
2024,171128,00229200,Michigan Technological University,MI,4,,1,NCAA,4085,1676,5761,2,Basketball,17,15,,,17,15,8417,143094,6278,94169,237263,,,,,,923689,729963,1653652,,,,923689,729963,1653652,929075,729962,1659037,,,,929075,729962,1659037
2024,171155,00676800,Mid Michigan College,MI,13,,3,NJCAA,414,546,960,2,Basketball,15,15,,,15,15,3670,55051,5340,80099,135150,,,,,,126525,145924,272449,,,,126525,145924,272449,113345,141597,254942,,,,113345,141597,254942
2024,245953,00694200,Mid-America Christian University,OK,9,,2,NAIA,487,836,1323,2,Basketball,15,14,,,15,14,6649,99737,6500,90995,190732,,,,,,544700,502678,1047378,,,,544700,502678,1047378,541608,510845,1052453,,,,541608,510845,1052453
2024,199458,02280900,Mid-Atlantic Christian University,NC,20,,8,other,85,21,106,2,Basketball,22,7,,,22,7,1489,32754,923,6460,39214,,,,,,71637,27010,98647,,,,71637,27010,98647,71637,27010,98647,,,,71637,27010,98647
2024,181312,00255700,Mid-Plains Community College,NE,12,,3,NJCAA,312,289,601,2,Basketball,33,26,,,33,26,3311,109269,4412,114724,223993,,,,,,333487,338891,672378,,,,333487,338891,672378,333487,338891,672378,,,,333487,338891,672378
2024,155520,00703200,MidAmerica Nazarene University,KS,9,,2,NAIA,457,459,916,2,Basketball,36,20,,,36,20,1298,46715,3136,62722,109437,,,,,,748016,498074,1246090,,,,748016,498074,1246090,657998,458432,1116430,,,,657998,458432,1116430
2024,482158,00158100,Middle Georgia State University,GA,9,,2,NAIA,2175,2130,4305,2,Basketball,14,13,,,14,13,6752,94529,4703,61144,155673,,,,,,209114,210509,419623,,,,209114,210509,419623,209114,210509,419623,,,,209114,210509,419623
2024,220978,00351000,Middle Tennessee State University,TN,1,,1,NCAA,6796,7322,14118,2,Basketball,15,15,,,15,15,58632,879482,67454,1011808,1891290,,,,,,3283470,3299209,6582679,,,,3283470,3299209,6582679,3283470,3299209,6582679,,,,3283470,3299209,6582679
2024,230959,00369100,Middlebury College,VT,6,,1,NCAA,1268,1460,2728,2,Basketball,15,15,,,15,15,5165,77480,5932,88979,166459,,,,,,298887,309109,607996,,,,298887,309109,607996,298887,309109,607996,,,,298887,309109,607996
2024,185536,00261500,Middlesex College,NJ,14,,3,NJCAA,1968,2210,4178,2,Basketball,17,9,,,17,9,2652,45086,4278,38503,83589,,,,,,86873,79791,166664,,,,86873,79791,166664,86873,79791,166664,,,,86873,79791,166664
2024,226806,00979700,Midland College,TX,12,,3,NJCAA,616,1040,1656,2,Basketball,11,12,,,11,12,7020,77215,6729,80745,157960,,,,,,431510,485149,916659,,,,431510,485149,916659,431510,485149,916659,,,,431510,485149,916659
2024,181330,00255300,Midland University,NE,10,,2,NAIA,647,504,1151,2,Basketball,37,31,,,37,31,2150,79554,1580,48979,128533,,,,,,1157289,943895,2101184,,,,1157289,943895,2101184,723635,503647,1227282,,,,723635,503647,1227282
2024,157377,00197500,Midway University,KY,9,,2,NAIA,433,642,1075,2,Basketball,34,31,,,34,31,1619,55058,1298,40234,95292,,,,,,351993,304671,656664,,,,351993,304671,656664,351993,304671,656664,,,,351993,304671,656664
2024,178208,00248500,Midwestern Baptist Theological Seminary,MO,16,,4,NCCAA,345,158,503,2,Basketball,17,,,,17,0,1037,17636,0,0,17636,,,,,,179576,,179576,,,,179576,0,179576,179576,,179576,,,,179576,0,179576
2024,226833,00359200,Midwestern State University,TX,4,,1,NCAA,1261,2101,3362,2,Basketball,14,17,,,14,17,5258,73608,4749,80728,154336,,,,,,526610,470750,997360,,,,526610,470750,997360,526610,470750,997360,,,,526610,470750,997360
2024,101675,00102800,Miles College,AL,4,,1,NCAA,577,542,1119,2,Basketball,17,16,,,17,16,8336,141705,9227,147625,289330,,,,,,582796,525859,1108655,,,,582796,525859,1108655,582796,525859,1108655,,,,582796,525859,1108655
2024,180373,00252800,Miles Community College,MT,12,,3,NJCAA,86,153,239,2,Basketball,10,13,,,10,13,7493,74927,5588,72642,147569,,,,,,280535,281333,561868,,,,280535,281333,561868,246960,284990,531950,,,,246960,284990,531950
2024,214041,00332500,Millersville University of Pennsylvania,PA,4,,1,NCAA,1994,2669,4663,2,Basketball,15,13,,,15,13,5147,77212,6204,80649,157861,,,,,,665374,521766,1187140,,,,665374,521766,1187140,665374,521766,1187140,,,,665374,521766,1187140
2024,486901,00351100,Milligan University,TN,10,,2,NAIA,413,399,812,2,Basketball,30,24,,,30,24,3914,117430,2877,69057,186487,,,,,,797356,555360,1352716,,,,797356,555360,1352716,792083,531574,1323657,,,,792083,531574,1323657
2024,147244,00172400,Millikin University,IL,6,,1,NCAA,623,701,1324,2,Basketball,22,15,,,22,15,1865,41031,2727,40908,81939,,,,,,242532,206462,448994,,,,242532,206462,448994,242532,206462,448994,,,,242532,206462,448994
2024,175980,00241400,Millsaps College,MS,6,,1,NCAA,296,247,543,2,Basketball,19,19,,,19,19,3144,59731,3970,75435,135166,,,,,,169638,161214,330852,,,,169638,161214,330852,169638,161214,330852,,,,169638,161214,330852
2024,239248,00386600,Milwaukee Area Technical College,WI,13,,3,NJCAA,1406,1633,3039,2,Basketball,20,11,,,20,11,6304,126088,4060,44657,170745,,,,,,233511,140965,374476,,,,233511,140965,374476,233511,140965,374476,,,,233511,140965,374476
2024,239318,00386800,Milwaukee School of Engineering,WI,7,,1,NCAA,1833,762,2595,2,Basketball,16,17,,,16,17,3970,63515,3226,54844,118359,,,,,,140038,166389,306427,,,,140038,166389,306427,140038,166389,306427,,,,140038,166389,306427
2024,178217,00248600,Mineral Area College,MO,8,NJCAA Div I;  NJCAA Div II; NJCAA Div III,8,other,530,757,1287,2,Basketball,13,13,,,13,13,3358,43659,3273,42545,86204,,,,,,342522,309076,651598,,,,342522,309076,651598,342522,309076,651598,,,,342522,309076,651598
2024,173735,00235500,Minnesota North College,MN,14,,3,NJCAA,881,612,1493,2,Basketball,64,26,,,64,26,2543,162750,3674,95529,258279,,,,,,323071,185504,508575,,,,323071,185504,508575,323071,185504,508575,,,,323071,185504,508575
2024,173559,00554100,Minnesota State Community and Technical College,MN,14,,3,NJCAA,834,870,1704,2,Basketball,16,5,,,16,5,5745,91926,5736,28682,120608,,,,,,123480,58364,181844,,,,123480,58364,181844,123480,58364,181844,,,,123480,58364,181844
2024,174358,00236700,Minnesota State University Moorhead,MN,4,,1,NCAA,969,1629,2598,2,Basketball,15,14,,,15,14,7804,117060,10849,151887,268947,,,,,,625526,684313,1309839,,,,625526,684313,1309839,599390,633539,1232929,,,,599390,633539,1232929
2024,173920,00236000,Minnesota State University-Mankato,MN,4,,1,NCAA,4715,5303,10018,2,Basketball,15,17,,,15,17,12240,183607,10269,174579,358186,,,,,,856365,800767,1657132,,,,856365,800767,1657132,856364,800767,1657131,,,,856364,800767,1657131
2024,173638,00526300,Minnesota West Community and Technical College,MN,14,,3,NJCAA,481,398,879,2,Basketball,16,12,,,16,12,1344,21496,4465,53580,75076,,,,,,56959,91335,148294,,,,56959,91335,148294,56959,91335,148294,,,,56959,91335,148294
2024,200253,00299400,Minot State University,ND,4,,1,NCAA,678,1018,1696,2,Basketball,14,19,,,14,19,8782,122941,6217,118119,241060,,,,,,641552,557025,1198577,,,,641552,557025,1198577,641552,557025,1198577,,,,641552,557025,1198577
2024,118912,00123900,MiraCosta College,CA,17,,8,other,2049,2363,4412,2,Basketball,17,12,,,17,12,1551,26363,1753,21037,47400,,,,,,86228,60687,146915,,,,86228,60687,146915,76337,60688,137025,,,,76337,60688,137025
2024,214069,00324700,Misericordia University,PA,6,,1,NCAA,608,938,1546,2,Basketball,32,16,,,32,16,1751,56029,2756,44088,100117,,,,,,135468,112824,248292,,,,135468,112824,248292,133349,110523,243872,,,,133349,110523,243872
2024,118930,02119100,Mission College,CA,17,,8,other,740,821,1561,2,Basketball,,10,,,0,10,0,0,11758,117583,117583,,,,,,,212219,212219,,,,0,212219,212219,,212219,212219,,,,0,212219,212219
2024,176664,01320800,Mission University,MO,9,,2,NAIA,216,120,336,2,Basketball,49,26,,,49,26,678,33242,1601,41638,74880,,,,,,305265,200725,505990,,,,305265,200725,505990,305265,200725,505990,,,,305265,200725,505990
2024,176053,00241500,Mississippi College,MS,4,,1,NCAA,1028,1413,2441,2,Basketball,22,22,,,22,22,950,20897,649,14274,35171,,,,,,725203,639848,1365051,,,,725203,639848,1365051,725203,639848,1365051,,,,725203,639848,1365051
2024,176008,00241600,Mississippi Delta Community College,MS,13,,3,NJCAA,456,738,1194,2,Basketball,15,15,,,15,15,3811,57164,3870,58055,115219,,,,,,173833,197410,371243,,,,173833,197410,371243,173833,197410,371243,,,,173833,197410,371243
2024,176071,00241700,Mississippi Gulf Coast Community College,MS,12,,3,NJCAA,1850,2692,4542,2,Basketball,14,13,,,14,13,3082,43152,3077,40003,83155,,,,,,340296,350060,690356,,,,340296,350060,690356,318202,338241,656443,,,,318202,338241,656443
2024,176080,00242300,Mississippi State University,MS,1,,1,NCAA,8166,8698,16864,2,Basketball,18,26,,,18,26,109057,1963029,58989,1533711,3496740,,,,,,12220601,6325217,18545818,,,,12220601,6325217,18545818,12220601,6325217,18545818,,,,12220601,6325217,18545818
2024,176035,00242200,Mississippi University for Women,MS,7,,1,NCAA,293,1153,1446,2,Basketball,15,18,,,15,18,6038,90571,4669,84036,174607,,,,,,215065,169603,384668,,,,215065,169603,384668,176397,167368,343765,,,,176397,167368,343765
2024,176044,00242400,Mississippi Valley State University,MS,2,,1,NCAA,508,529,1037,2,Basketball,18,18,,,18,18,12665,227978,9156,164805,392783,,,,,,993877,615606,1609483,,,,993877,615606,1609483,717325,619024,1336349,,,,717325,619024,1336349
2024,178244,00754000,Missouri Baptist University,MO,9,,2,NAIA,611,687,1298,2,Basketball,44,23,,,44,23,1667,73352,2226,51188,124540,,,,,,1351657,876301,2227958,,,,1351657,876301,2227958,1328949,869698,2198647,,,,1328949,869698,2198647
2024,178341,00248800,Missouri Southern State University,MO,4,,1,NCAA,991,1494,2485,2,Basketball,16,20,,,16,20,6847,109552,7251,145022,254574,,,,,,688852,684753,1373605,,,,688852,684753,1373605,661697,662670,1324367,,,,661697,662670,1324367
2024,179566,00250300,Missouri State University-Springfield,MO,2,,1,NCAA,4350,7158,11508,2,Basketball,17,14,,,17,14,75904,1290363,76547,1071662,2362025,,,,,,3751968,2821861,6573829,,,,3751968,2821861,6573829,3751968,2821861,6573829,,,,3751968,2821861,6573829
2024,179344,03106000,Missouri State University-West Plains,MO,12,,3,NJCAA,263,475,738,2,Basketball,23,,,,23,0,2971,68341,0,0,68341,,,,,,468449,,468449,,,,468449,0,468449,468449,,468449,,,,468449,0,468449
2024,178411,00251700,Missouri University of Science and Technology,MO,4,,1,NCAA,3921,1168,5089,2,Basketball,16,15,,,16,15,8521,136335,5097,76455,212790,,,,,,618953,610616,1229569,,,,618953,610616,1229569,618953,610616,1229569,,,,618953,610616,1229569
2024,178369,00248900,Missouri Valley College,MO,9,,2,NAIA,819,562,1381,2,Basketball,14,17,,,14,17,2126,29763,1732,29451,59214,,,,,,871444,523514,1394958,,,,871444,523514,1394958,719818,785803,1505621,,,,719818,785803,1505621
2024,178387,00249000,Missouri Western State University,MO,4,,1,NCAA,807,1168,1975,2,Basketball,15,13,,,15,13,11832,177484,10320,134156,311640,,,,,,913962,746719,1660681,,,,913962,746719,1660681,915843,707994,1623837,,,,915843,707994,1623837
2024,129774,00139300,Mitchell College,CT,7,,1,NCAA,200,164,364,2,Basketball,19,10,,,19,10,1404,26671,1390,13901,40572,,,,,,80373,102699,183072,,,,80373,102699,183072,50661,100275,150936,,,,50661,100275,150936
2024,178448,00249100,Moberly Area Community College,MO,12,,3,NJCAA,690,1077,1767,2,Basketball,18,12,,,18,12,6754,121566,7934,95212,216778,,,,,,590388,460673,1051061,,,,590388,460673,1051061,590388,460673,1051061,,,,590388,460673,1051061
2024,118976,00124000,Modesto Junior College,CA,17,,8,other,2464,3344,5808,2,Basketball,12,12,,,12,12,3003,36037,4869,58431,94468,,,,,,95649,215781,311430,,,,95649,215781,311430,95649,215781,311430,,,,95649,215781,311430
2024,193283,00287100,Mohawk Valley Community College,NY,14,,3,NJCAA,1060,1137,2197,2,Basketball,16,11,,,16,11,2925,46800,2242,24662,71462,,,,,,74754,52613,127367,,,,74754,52613,127367,74754,52613,127367,,,,74754,52613,127367
2024,193292,00277500,Molloy University,NY,5,,1,NCAA,771,1928,2699,2,Basketball,15,14,,,15,14,4003,60050,6060,84842,144892,,,,,,323312,316614,639926,,,,323312,316614,639926,310474,313057,623531,,,,310474,313057,623531
2024,147341,00172500,Monmouth College,IL,6,,1,NCAA,375,325,700,2,Basketball,21,13,,,21,13,2023,42476,2359,30663,73139,,,,,,104504,88840,193344,,,,104504,88840,193344,104504,88840,193344,,,,104504,88840,193344
2024,185572,00261600,Monmouth University,NJ,2,,1,NCAA,1308,2284,3592,2,Basketball,18,15,,,18,15,39229,706113,22863,342952,1049065,,,,,,3796957,2671476,6468433,,,,3796957,2671476,6468433,3796957,2671476,6468433,,,,3796957,2671476,6468433
2024,193326,00287200,Monroe Community College,NY,8,"We are multi-divisional. NJCAA Division I, II, III",8,other,1929,2567,4496,2,Basketball,15,11,,,15,11,5105,76572,3559,39152,115724,,,,,,196957,90027,286984,,,,196957,90027,286984,196957,90027,286984,,,,196957,90027,286984
2024,193308,00479900,Monroe University,NY,8,NJCAA Division I and NJCAA Division III,8,other,1465,2416,3881,2,Basketball,43,27,,,43,27,4966,213546,7212,194717,408263,,,,,,768884,615279,1384163,,,,768884,615279,1384163,768884,615279,1384163,,,,768884,615279,1384163
2024,180461,00253200,Montana State University,MT,2,,1,NCAA,6901,5983,12884,2,Basketball,16,15,,,16,15,33313,533007,36469,547038,1080045,,,,,,2385737,1994424,4380161,,,,2385737,1994424,4380161,2778265,2403956,5182221,,,,2778265,2403956,5182221
2024,180179,00253000,Montana State University Billings,MT,5,,1,NCAA,733,1088,1821,2,Basketball,15,14,,,15,14,13588,203824,16485,230794,434618,,,,,,760280,779473,1539753,,,,760280,779473,1539753,743873,773150,1517023,,,,743873,773150,1517023
2024,180522,00253300,Montana State University-Northern,MT,9,,2,NAIA,411,234,645,2,Basketball,15,13,,,15,13,4770,71553,6058,78750,150303,,,,,,280013,275578,555591,,,,280013,275578,555591,258750,250581,509331,,,,258750,250581,509331
2024,180416,00253100,Montana Technological University,MT,9,,2,NAIA,886,514,1400,2,Basketball,19,17,,,19,17,6756,128370,5626,95636,224006,,,,,,485918,323828,809746,,,,485918,323828,809746,485918,323828,809746,,,,485918,323828,809746
2024,171234,00229500,Montcalm Community College,MI,13,Other,3,NJCAA,138,250,388,2,Basketball,14,14,,,14,14,2965,41510,1470,20573,62083,,,,,,64801,47831,112632,,,,64801,47831,112632,64801,47831,112632,,,,64801,47831,112632
2024,185590,00261700,Montclair State University,NJ,6,,1,NCAA,7048,10133,17181,2,Basketball,21,15,,,21,15,3076,64603,4916,73740,138343,,,,,,226227,288849,515076,,,,226227,288849,515076,261007,256551,517558,,,,261007,256551,517558
2024,119067,00124200,Monterey Peninsula College,CA,17,,8,other,1105,1081,2186,2,Basketball,18,,,,18,0,3183,57294,0,0,57294,,,,,,110277,,110277,,,,110277,0,110277,110277,,110277,,,,110277,0,110277
2024,163426,00691100,Montgomery College,MD,13,,3,NJCAA,2693,2462,5155,2,Basketball,18,12,,,18,12,4591,82633,6838,82057,164690,,,,,,159114,124534,283648,,,,159114,124534,283648,159114,124534,283648,,,,159114,124534,283648
2024,214111,00445200,Montgomery County Community College,PA,14,,3,NJCAA,1214,1177,2391,2,Basketball,15,10,,,15,10,2555,38323,3752,37522,75845,,,,,,47601,45179,92780,,,,47601,45179,92780,59322,52522,111844,,,,59322,52522,111844
2024,199032,00294800,Montreat College,NC,9,,2,NAIA,392,306,698,2,Basketball,43,19,,,43,19,1638,70421,2491,47338,117759,,,,,,966479,492282,1458761,,,,966479,492282,1458761,967576,503222,1470798,,,,967576,503222,1470798
2024,147369,00172700,Moody Bible Institute,IL,16,,4,NCCAA,651,571,1222,2,Basketball,9,,,,9,0,1759,15833,0,0,15833,,,,,,116377,,116377,,,,116377,0,116377,116377,,116377,,,,116377,0,116377
2024,119137,00711500,Moorpark College,CA,17,,8,other,2313,2149,4462,2,Basketball,24,13,,,24,13,1490,35751,5737,74577,110328,,,,,,125846,193756,319602,,,,125846,193756,319602,126233,241370,367603,,,,126233,241370,367603
2024,147378,00769200,Moraine Valley Community College,IL,13,,3,NJCAA,1967,2005,3972,2,Basketball,11,10,,,11,10,1941,21355,1979,19790,41145,,,,,,68034,68100,136134,,,,68034,68100,136134,68034,68100,136134,,,,68034,68100,136134
2024,214157,00330100,Moravian University,PA,6,,1,NCAA,744,1111,1855,2,Basketball,21,16,,,21,16,2104,44176,2368,37895,82071,,,,,,252940,261654,514594,,,,252940,261654,514594,226847,143414,370261,,,,226847,143414,370261
2024,157386,00197600,Morehead State University,KY,2,,1,NCAA,1662,2535,4197,2,Basketball,16,17,,,16,17,28223,451560,22333,379659,831219,,,,,,1888515,1436922,3325437,,,,1888515,1436922,3325437,1967263,1515388,3482651,,,,1967263,1515388,3482651
2024,163453,00208300,Morgan State University,MD,2,,1,NCAA,3210,5166,8376,2,Basketball,17,16,,,17,16,42760,726918,30714,491422,1218340,,,,,,2630186,1843773,4473959,,,,2630186,1843773,4473959,2215530,1687468,3902998,,,,2215530,1687468,3902998
2024,154004,00187900,Morningside University,IA,9,,2,NAIA,555,559,1114,2,Basketball,37,24,,,37,24,1368,50629,1660,39837,90466,,,,,,485249,421739,906988,,,,485249,421739,906988,467110,407897,875007,,,,467110,407897,875007
2024,218399,00343900,Morris College,SC,9,,2,NAIA,188,187,375,2,Basketball,18,16,,,18,16,630,11340,630,10080,21420,,,,,,154726,102880,257606,,,,154726,102880,257606,154726,102880,257606,,,,154726,102880,257606
2024,147411,00172800,Morton College,IL,13,,3,NJCAA,530,572,1102,2,Basketball,15,13,,,15,13,2257,33860,203,2635,36495,,,,,,141541,23635,165176,,,,141541,23635,165176,141541,23635,165176,,,,141541,23635,165176
2024,221096,00683600,Motlow State Community College,TN,12,,3,NJCAA,1138,1703,2841,2,Basketball,13,8,,,13,8,3411,44337,3588,28704,73041,,,,,,158804,87962,246766,,,,158804,87962,246766,139126,81741,220867,,,,139126,81741,220867
2024,169275,00226100,Mott Community College,MI,13,,3,NJCAA,830,1110,1940,2,Basketball,12,12,,,12,12,4195,50343,5736,68827,119170,,,,,,128280,106258,234538,,,,128280,106258,234538,128280,106258,234538,,,,128280,106258,234538
2024,214166,00330200,Mount Aloysius College,PA,7,,1,NCAA,305,726,1031,2,Basketball,18,15,,,18,15,1675,30145,1331,19959,50104,,,,,,89715,66823,156538,,,,89715,66823,156538,89715,66823,156538,,,,89715,66823,156538
2024,219198,00346500,Mount Marty University,SD,10,,2,NAIA,339,282,621,2,Basketball,35,34,,,35,34,1432,50133,1485,50500,100633,,,,,,826126,887491,1713617,,,,826126,887491,1713617,826126,887491,1713617,,,,826126,887491,1713617
2024,154013,00188000,Mount Mercy University,IA,9,,2,NAIA,446,627,1073,2,Basketball,51,37,,,51,37,1111,56662,1867,69083,125745,,,,,,528007,525525,1053532,,,,528007,525525,1053532,521671,521716,1043387,,,,521671,521716,1043387
2024,193353,00277800,Mount Saint Mary College,NY,7,,1,NCAA,304,677,981,2,Basketball,17,12,,,17,12,3244,55144,4451,53409,108553,,,,,,150079,135849,285928,,,,150079,135849,285928,134140,123997,258137,,,,134140,123997,258137
2024,204200,00303300,Mount St. Joseph University,OH,6,,1,NCAA,505,580,1085,2,Basketball,15,16,,,15,16,3229,48440,2703,43240,91680,,,,,,220799,184471,405270,,,,220799,184471,405270,220799,184471,405270,,,,220799,184471,405270
2024,163462,00208600,Mount St. Mary's University,MD,3,,1,NCAA,845,834,1679,2,Basketball,15,22,,,15,22,51840,777598,14064,309401,1086999,,,,,,2656697,1673445,4330142,,,,2656697,1673445,4330142,2656697,1673445,4330142,,,,2656697,1673445,4330142
2024,204194,00708500,Mount Vernon Nazarene University,OH,9,,2,NAIA,550,798,1348,2,Basketball,14,14,,,14,14,3136,43905,2792,39084,82989,,,,,,420118,344759,764877,,,,420118,344759,764877,420118,344759,764877,,,,420118,344759,764877
2024,209250,00320400,Mt Hood Community College,OR,19,,8,other,875,1078,1953,2,Basketball,14,12,,,14,12,2016,28224,1785,21423,49647,,,,,,98778,86219,184997,,,,98778,86219,184997,91441,72152,163593,,,,91441,72152,163593
2024,119164,00124500,Mt San Antonio College,CA,17,,8,other,4930,4913,9843,2,Basketball,17,15,,,17,15,2242,38109,2020,30303,68412,,,,,,127702,122120,249822,,,,127702,122120,249822,117643,138160,255803,,,,117643,138160,255803
2024,119216,00124600,Mt San Jacinto Community College District,CA,17,,8,other,2753,3570,6323,2,Basketball,16,10,,,16,10,1633,26126,2598,25982,52108,,,,,,62203,59657,121860,,,,62203,59657,121860,62203,59657,121860,,,,62203,59657,121860
2024,214175,00330400,Muhlenberg College,PA,6,,1,NCAA,709,995,1704,2,Basketball,22,12,,,22,12,1865,41026,2152,25827,66853,,,,,,164359,175113,339472,,,,164359,175113,339472,164359,171959,336318,,,,164359,171959,336318
2024,207236,00315800,Murray State College,OK,12,,3,NJCAA,393,658,1051,2,Basketball,19,13,,,19,13,2118,40251,2449,31837,72088,,,,,,206543,181746,388289,,,,206543,181746,388289,204873,194642,399515,,,,204873,194642,399515
2024,157401,00197700,Murray State University,KY,2,,1,NCAA,2361,3737,6098,2,Basketball,16,15,,,16,15,52265,836236,33922,508826,1345062,,,,,,4312531,2270642,6583173,,,,4312531,2270642,6583173,2785564,1785414,4570978,,,,2785564,1785414,4570978
2024,171304,00229700,Muskegon Community College,MI,13,,3,NJCAA,496,597,1093,2,Basketball,16,12,,,16,12,2592,41466,4020,48234,89700,,,,,,73124,87621,160745,,,,73124,87621,160745,74694,87296,161990,,,,74694,87296,161990
2024,204264,00308400,Muskingum University,OH,6,,1,NCAA,626,666,1292,2,Basketball,18,12,,,18,12,4048,72869,4494,53927,126796,,,,,,219285,168818,388103,,,,219285,168818,388103,219285,168818,388103,,,,219285,168818,388103
2024,119331,00124700,Napa Valley College,CA,17,,8,other,705,931,1636,2,Basketball,14,9,,,14,9,2009,28121,3116,28040,56161,,,,,,124551,69214,193765,,,,124551,69214,193765,124551,69214,193765,,,,124551,69214,193765
2024,193478,00287300,Nassau Community College,NY,14,,3,NJCAA,3457,3145,6602,2,Basketball,17,10,,,17,10,1081,18382,1695,16949,35331,,,,,,49582,43949,93531,,,,49582,43949,93531,49582,43949,93531,,,,49582,43949,93531
2024,106980,01210500,National Park College,AR,13,,3,NJCAA,471,769,1240,2,Basketball,17,14,,,17,14,2320,39439,175,2446,41885,,,,,,143026,138605,281631,,,,143026,138605,281631,143026,138605,281631,,,,143026,138605,281631
2024,187596,02357600,Navajo Technical University,NM,8,"NIRA,USA Cycling, USA Archery, USCAA-Small College",8,other,287,401,688,2,Basketball,10,10,,,10,10,10463,104626,6455,64550,169176,,,,,,126879,87803,214682,,,,126879,87803,214682,126879,87803,214682,,,,126879,87803,214682
2024,227146,00359300,Navarro College,TX,12,,3,NJCAA,815,1245,2060,2,Basketball,15,,,,15,0,2594,38910,0,0,38910,,,,,,322957,,322957,,,,322957,0,322957,322957,,322957,,,,322957,0,322957
2024,193584,00277900,Nazareth University,NY,7,,1,NCAA,517,1310,1827,2,Basketball,17,12,,,17,12,4403,74844,4894,58731,133575,,,,,,280073,212159,492232,,,,280073,212159,492232,222587,178987,401574,,,,222587,178987,401574
2024,181446,00255500,Nebraska Wesleyan University,NE,6,,1,NCAA,648,775,1423,2,Basketball,26,21,,,26,21,2865,74487,3036,63763,138250,,,,,,257978,139045,397023,,,,257978,139045,397023,242051,133427,375478,,,,242051,133427,375478
2024,228325,00361600,Nelson University,TX,9,,2,NAIA,661,621,1282,2,Basketball,49,29,,,49,29,1680,82303,1608,46639,128942,,,,,,491071,379533,870604,,,,491071,379533,870604,505056,372056,877112,,,,505056,372056,877112
2024,155566,00193600,Neosho County Community College,KS,8,NJCAA Division I and II,8,other,198,291,489,2,Basketball,20,27,,,20,27,2005,40106,1506,40654,80760,,,,,,116939,199947,316886,,,,116939,199947,316886,103460,172912,276372,,,,103460,172912,276372
2024,214272,00398800,Neumann University,PA,7,,1,NCAA,501,837,1338,2,Basketball,15,16,,,15,16,2293,34388,2661,42568,76956,,,,,,140733,80194,220927,,,,140733,80194,220927,140733,80194,220927,,,,140733,80194,220927
2024,262129,03957400,New College of Florida,FL,9,,2,NAIA,385,448,833,2,Basketball,13,10,,,13,10,5520,71757,4796,47961,119718,,,,,,419685,373351,793036,,,,419685,373351,793036,419685,373351,793036,,,,419685,373351,793036
2024,182980,00257900,New England College,NH,6,,1,NCAA,432,566,998,2,Basketball,18,15,,,18,15,5351,96317,5118,76776,173093,,,,,,202247,200774,403021,,,,202247,200774,403021,202247,200774,403021,,,,202247,200774,403021
2024,185129,00261300,New Jersey City University,NJ,7,,1,NCAA,1473,1814,3287,2,Basketball,20,17,,,20,17,2500,50000,2853,48500,98500,,,,,,188864,176698,365562,,,,188864,176698,365562,196004,179692,375696,,,,196004,179692,375696
2024,185828,00262100,New Jersey Institute of Technology,NJ,3,,1,NCAA,5954,2432,8386,2,Basketball,16,17,,,16,17,20893,334283,17900,304300,638583,,,,,,2599758,2064535,4664293,,,,2599758,2064535,4664293,2562747,2008115,4570862,,,,2562747,2008115,4570862
2024,187897,00265300,New Mexico Highlands University,NM,4,,1,NCAA,443,491,934,2,Basketball,16,16,,,16,16,5561,88977,5057,80914,169891,,,,,,479859,369919,849778,,,,479859,369919,849778,479859,369919,849778,,,,479859,369919,849778
2024,187903,00265500,New Mexico Junior College,NM,12,,3,NJCAA,430,669,1099,2,Basketball,15,16,,,15,16,5688,85318,5384,86136,171454,,,,,,528934,531553,1060487,,,,528934,531553,1060487,528934,531553,1060487,,,,528934,531553,1060487
2024,187912,00265600,New Mexico Military Institute,NM,12,,3,NJCAA,266,65,331,2,Basketball,15,,,,15,0,6746,101183,0,0,101183,,,,,,417319,,417319,,,,417319,0,417319,397242,,397242,,,,397242,0,397242
2024,188030,00265700,New Mexico State University-Main Campus,NM,1,,1,NCAA,4256,5883,10139,2,Basketball,16,15,,,16,15,58115,929844,46783,701745,1631589,,,,,,3369157,2245998,5615155,,,,3369157,2245998,5615155,3369157,2245998,5615155,,,,3369157,2245998,5615155
2024,193900,00278500,New York University,NY,7,,1,NCAA,11264,16514,27778,2,Basketball,19,19,,,19,19,9385,178322,11055,210042,388364,,,,,,604434,710332,1314766,,,,604434,710332,1314766,599543,701043,1300586,,,,599543,701043,1300586
2024,218414,00344000,Newberry College,SC,4,,1,NCAA,715,740,1455,2,Basketball,33,24,,,33,24,1910,63045,2207,52963,116008,,,,,,593099,548307,1141406,,,,593099,548307,1141406,638396,537772,1176168,,,,638396,537772,1176168
2024,155335,00193900,Newman University,KS,5,,1,NCAA,283,533,816,2,Basketball,22,20,,,22,20,5246,115412,3681,73612,189024,,,,,,710814,700000,1410814,,,,710814,700000,1410814,710814,594924,1305738,,,,710814,594924,1305738
2024,183099,00258100,NHTI-Concord's Community College,NH,20,,8,other,362,522,884,2,Basketball,16,9,,,16,9,804,12870,702,6320,19190,,,,,,22388,14956,37344,,,,22388,14956,37344,22388,14956,37344,,,,22388,14956,37344
2024,193946,00287400,Niagara County Community College,NY,8,both NJCAA Division II and Division III,8,other,854,1352,2206,2,Basketball,20,18,,,20,18,2175,43500,2467,44401,87901,,,,,,133557,133358,266915,,,,133557,133358,266915,139042,133890,272932,,,,139042,133890,272932
2024,193973,00278800,Niagara University,NY,3,,1,NCAA,870,1733,2603,2,Basketball,14,13,,,14,13,47287,662021,27057,351736,1013757,,,,,,2741726,1898231,4639957,,,,2741726,1898231,4639957,2741726,1898231,4639957,,,,2741726,1898231,4639957
2024,159966,00200500,Nicholls State University,LA,2,,1,NCAA,1678,2604,4282,2,Basketball,17,16,,,17,16,19903,338352,13137,210184,548536,,,,,,1226806,884527,2111333,,,,1226806,884527,2111333,1186820,837019,2023839,,,,1186820,837019,2023839
2024,167260,00219700,Nichols College,MA,6,,1,NCAA,716,356,1072,2,Basketball,18,16,,,18,16,2981,53649,2863,45803,99452,,,,,,172291,145724,318015,,,,172291,145724,318015,168942,133298,302240,,,,168942,133298,302240
2024,232937,00376500,Norfolk State University,VA,2,,1,NCAA,1636,3334,4970,2,Basketball,14,12,,,14,12,55797,781153,13402,160824,941977,,,,,,2771667,1983411,4755078,,,,2771667,1983411,4755078,2771667,1983411,4755078,,,,2771667,1983411,4755078
2024,461795,04179500,North American University,TX,10,,2,NAIA,409,162,571,2,Basketball,49,32,,,49,32,1948,95443,3960,126718,222161,,,,,,263441,186958,450399,,,,263441,186958,450399,263441,186958,450399,,,,263441,186958,450399
2024,107460,01226100,North Arkansas College,AR,13,,3,NJCAA,275,471,746,2,Basketball,16,13,,,16,13,1895,30315,1606,20874,51189,,,,,,103130,82590,185720,,,,103130,82590,185720,103130,82590,185720,,,,103130,82590,185720
2024,199102,00290500,North Carolina A & T State University,NC,2,,1,NCAA,4157,7154,11311,2,Basketball,16,19,,,16,19,33506,536099,44628,847933,1384032,,,,,,1919954,2251026,4170980,,,,1919954,2251026,4170980,1919954,2251026,4170980,,,,1919954,2251026,4170980
2024,199157,00295000,North Carolina Central University,NC,2,,1,NCAA,1634,3703,5337,2,Basketball,17,16,,,17,16,20640,350881,19904,318467,669348,,,,,,1504543,1279308,2783851,,,,1504543,1279308,2783851,1504543,1279308,2783851,,,,1504543,1279308,2783851
2024,199193,00297200,North Carolina State University at Raleigh,NC,1,,1,NCAA,12807,12968,25775,2,Basketball,15,13,,,15,13,141388,2120820,133976,1741682,3862502,,,,,,18993591,1558266,20551857,,,,18993591,1558266,20551857,11858910,6202637,18061547,,,,11858910,6202637,18061547
2024,199209,00295100,North Carolina Wesleyan University,NC,6,,1,NCAA,517,516,1033,2,Basketball,18,15,,,18,15,2527,45478,2837,42553,88031,,,,,,198275,151314,349589,,,,198275,151314,349589,198275,151314,349589,,,,198275,151314,349589
2024,147660,00173400,North Central College,IL,6,,1,NCAA,1163,1229,2392,2,Basketball,21,21,,,21,21,2739,57520,1732,36368,93888,,,,,,262086,219143,481229,,,,262086,219143,481229,247179,192136,439315,,,,247179,192136,439315
2024,171395,00229900,North Central Michigan College,MI,13,,3,NJCAA,235,329,564,2,Basketball,19,10,,,19,10,2202,41836,3557,35567,77403,,,,,,115981,105457,221438,,,,115981,105457,221438,115214,92486,207700,,,,115214,92486,207700
2024,179715,00251400,North Central Missouri College,MO,8,We are Declared NJCAA Division 1 and Division 2,8,other,243,590,833,2,Basketball,16,15,,,16,15,3059,48948,3027,45410,94358,,,,,,198811,210116,408927,,,,198811,210116,408927,185876,204209,390085,,,,185876,204209,390085
2024,174437,00236900,North Central University,MN,7,,1,NCAA,300,341,641,2,Basketball,22,24,,,22,24,2010,44227,1594,38246,82473,,,,,,156422,192268,348690,,,,156422,192268,348690,156422,192268,348690,,,,156422,192268,348690
2024,194028,00711100,North Country Community College,NY,14,,3,NJCAA,232,406,638,2,Basketball,22,10,,,22,10,1931,42472,4142,41424,83896,,,,,,55377,53960,109337,,,,55377,53960,109337,55377,53960,109337,,,,55377,53960,109337
2024,200305,00299600,North Dakota State College of Science,ND,12,,3,NJCAA,1067,575,1642,2,Basketball,19,14,,,19,14,2992,56843,3378,47293,104136,,,,,,231585,216077,447662,,,,231585,216077,447662,208233,196897,405130,,,,208233,196897,405130
2024,200332,00299700,North Dakota State University-Main Campus,ND,2,,1,NCAA,4322,4358,8680,2,Basketball,15,14,,,15,14,33672,505074,40552,567727,1072801,,,,,,1971005,1834629,3805634,,,,1971005,1834629,3805634,1971005,1834629,3805634,,,,1971005,1834629,3805634
2024,218441,00344100,North Greenville University,SC,4,,1,NCAA,833,910,1743,2,Basketball,20,15,,,20,15,4762,95232,5708,85620,180852,,,,,,492932,533948,1026880,,,,492932,533948,1026880,493822,532021,1025843,,,,493822,532021,1025843
2024,142443,00162300,North Idaho College,ID,12,DUAL CONFERENCE AFFILIATION NWAC & NJCAA Div I,3,NJCAA,623,673,1296,2,Basketball,17,14,,,17,14,13095,222622,16993,237901,460523,,,,,,606633,618068,1224701,,,,606633,618068,1224701,606633,618068,1224701,,,,606633,618068,1224701
2024,154059,00187700,North Iowa Area Community College,IA,13,,3,NJCAA,535,507,1042,2,Basketball,20,13,,,20,13,2971,59423,5269,68491,127914,,,,,,188626,172580,361206,,,,188626,172580,361206,188626,172580,361206,,,,188626,172580,361206
2024,147679,00173500,North Park University,IL,6,,1,NCAA,763,967,1730,2,Basketball,27,18,,,27,18,2771,74827,3697,66546,141373,,,,,,291690,255052,546742,,,,291690,255052,546742,291690,255052,546742,,,,291690,255052,546742
2024,214379,00719100,Northampton County Area Community College,PA,14,,3,NJCAA,1328,1800,3128,2,Basketball,19,10,,,19,10,1614,30663,2742,27420,58083,,,,,,57370,54284,111654,,,,57370,54284,111654,57370,54284,111654,,,,57370,54284,111654
2024,181491,01166700,Northeast Community College,NE,13,,3,NJCAA,941,849,1790,2,Basketball,14,13,,,14,13,5014,70197,4536,58972,129169,,,,,,242816,216904,459720,,,,242816,216904,459720,242816,216904,459720,,,,242816,216904,459720
2024,176169,00242600,Northeast Mississippi Community College,MS,12,,3,NJCAA,958,1566,2524,2,Basketball,15,12,,,15,12,5998,89977,4288,51460,141437,,,,,,415281,295550,710831,,,,415281,295550,710831,415281,295550,710831,,,,415281,295550,710831
2024,127732,00136100,Northeastern Junior College,CO,12,,3,NJCAA,307,293,600,2,Basketball,13,14,,,13,14,3187,41431,3173,44422,85853,,,,,,252281,243406,495687,,,,252281,243406,495687,252281,243406,495687,,,,252281,243406,495687
2024,207290,00316000,Northeastern Oklahoma A&M College,OK,12,,3,NJCAA,553,801,1354,2,Basketball,26,14,,,26,14,1845,47982,2635,36884,84866,,,,,,279103,244396,523499,,,,279103,244396,523499,274917,241606,516523,,,,274917,241606,516523
2024,207263,00316100,Northeastern State University,OK,4,,1,NCAA,1466,2142,3608,2,Basketball,15,16,,,15,16,5699,85479,5785,92553,178032,,,,,,475887,466117,942004,,,,475887,466117,942004,475887,466117,942004,,,,475887,466117,942004
2024,167358,00219900,Northeastern University,MA,3,,1,NCAA,7525,9801,17326,2,Basketball,13,17,,,13,17,43360,563676,17305,294190,857866,,,,,,3701414,3019215,6720629,,,,3701414,3019215,6720629,3701414,3019215,6720629,,,,3701414,3019215,6720629
2024,105330,00108200,Northern Arizona University,AZ,2,,1,NCAA,7622,12418,20040,2,Basketball,14,13,,,14,13,32424,453938,39300,510896,964834,,,,,,1602632,1622157,3224789,,,,1602632,1622157,3224789,1602632,1622157,3224789,,,,1602632,1622157,3224789
2024,167376,00217400,Northern Essex Community College,MA,14,,3,NJCAA,479,464,943,2,Basketball,32,8,,,32,8,2060,65935,1937,15496,81431,,,,,,93325,29656,122981,,,,93325,29656,122981,83802,27036,110838,,,,83802,27036,110838
2024,147703,00173700,Northern Illinois University,IL,1,,1,NCAA,4643,5376,10019,2,Basketball,17,15,,,17,15,36736,624510,44956,674346,1298856,,,,,,3501498,3310081,6811579,,,,3501498,3310081,6811579,3491498,3300081,6791579,,,,3491498,3300081,6791579
2024,157447,00927500,Northern Kentucky University,KY,3,,1,NCAA,2847,3949,6796,2,Basketball,16,16,,,16,16,53376,854016,25116,401851,1255867,,,,,,2900297,1593854,4494151,,,,2900297,1593854,4494151,2900297,1593854,4494151,,,,2900297,1593854,4494151
2024,171456,00230100,Northern Michigan University,MI,4,,1,NCAA,2286,3464,5750,2,Basketball,17,17,,,17,17,13798,234568,12870,218786,453354,,,,,,1327329,887269,2214598,,,,1327329,887269,2214598,1225113,895282,2120395,,,,1225113,895282,2120395
2024,188058,02083900,Northern New Mexico College,NM,10,,2,NAIA,166,365,531,2,Basketball,19,17,,,19,17,5265,100041,5036,85619,185660,,,,,,387912,345446,733358,,,,387912,345446,733358,387913,345447,733360,,,,387913,345447,733360
2024,207281,00316200,Northern Oklahoma College,OK,12,,3,NJCAA,539,729,1268,2,Basketball,29,23,,,29,23,1774,51435,1877,43179,94614,,,,,,435354,364006,799360,,,,435354,364006,799360,435354,364006,799360,,,,435354,364006,799360
2024,219259,00346600,Northern State University,SD,4,,1,NCAA,477,570,1047,2,Basketball,17,14,,,17,14,7737,131534,12092,169282,300816,,,,,,717918,633250,1351168,,,,717918,633250,1351168,719868,649877,1369745,,,,719868,649877,1369745
2024,240666,00393000,Northern Wyoming Community College District,WY,8,National Intercollegiate Rodeo Association,8,other,417,608,1025,2,Basketball,14,14,,,14,14,5059,70832,4903,68647,139479,,,,,,394375,383894,778269,,,,394375,383894,778269,394375,383894,778269,,,,394375,383894,778269
2024,174473,00238500,Northland Community and Technical College,MN,14,,3,NJCAA,369,468,837,2,Basketball,16,12,,,16,12,2515,40235,5061,60736,100971,,,,,,94966,107394,202360,,,,94966,107394,202360,96171,108445,204616,,,,96171,108445,204616
2024,240657,00393100,Northwest College,WY,12,,3,NJCAA,321,346,667,2,Basketball,15,14,,,15,14,4833,72493,5015,70214,142707,,,,,,215849,229462,445311,,,,215849,229462,445311,195669,216735,412404,,,,195669,216735,412404
2024,136233,00151000,Northwest Florida State College,FL,12,,3,NJCAA,728,896,1624,2,Basketball,13,13,,,13,13,7949,103343,10061,130794,234137,,,,,,579282,671343,1250625,,,,579282,671343,1250625,577103,665164,1242267,,,,577103,665164,1242267
2024,380377,02180000,Northwest Indian College,WA,18,,8,other,118,320,438,2,Basketball,23,21,,,23,21,1856,42693,2046,42963,85656,,,,,,81826,77963,159789,,,,81826,77963,159789,81826,77963,159789,,,,81826,77963,159789
2024,176178,00242700,Northwest Mississippi Community College,MS,13,,3,NJCAA,1806,2816,4622,2,Basketball,16,16,,,16,16,3486,55781,6177,98825,154606,,,,,,376554,368419,744973,,,,376554,368419,744973,376554,368419,744973,,,,376554,368419,744973
2024,178624,00249600,Northwest Missouri State University,MO,4,,1,NCAA,1560,2403,3963,2,Basketball,15,18,,,15,18,11313,169690,10015,180263,349953,,,,,,974456,876619,1851075,,,,974456,876619,1851075,974456,876619,1851075,,,,974456,876619,1851075
2024,142461,00162400,Northwest Nazarene University,ID,5,,1,NCAA,425,509,934,2,Basketball,18,15,,,18,15,7457,134233,9667,145010,279243,,,,,,849928,804893,1654821,,,,849928,804893,1654821,849928,804893,1654821,,,,849928,804893,1654821
2024,236133,00378300,Northwest University,WA,10,,2,NAIA,253,372,625,2,Basketball,20,15,,,20,15,3245,64894,4357,65358,130252,,,,,,383742,244092,627834,,,,383742,244092,627834,383742,244092,627834,,,,383742,244092,627834
2024,154101,00188300,Northwestern College,IA,10,NAIA,2,NAIA,547,510,1057,2,Basketball,31,29,,,31,29,2425,75162,1830,53057,128219,,,,,,758209,532701,1290910,,,,758209,532701,1290910,733942,532701,1266643,,,,733942,532701,1266643
2024,207306,00316300,Northwestern Oklahoma State University,OK,4,,1,NCAA,568,745,1313,2,Basketball,21,17,,,21,17,4713,98979,5482,93194,192173,,,,,,580903,395309,976212,,,,580903,395309,976212,340494,418211,758705,,,,340494,418211,758705
2024,160038,00202100,Northwestern State University of Louisiana,LA,2,,1,NCAA,1282,2884,4166,2,Basketball,15,17,,,15,17,15815,237221,11865,201709,438930,,,,,,1811320,1163354,2974674,,,,1811320,1163354,2974674,1285774,1098475,2384249,,,,1285774,1098475,2384249
2024,147767,00173900,Northwestern University,IL,1,,1,NCAA,4097,4851,8948,2,Basketball,14,16,,,14,16,149131,2087840,61224,979576,3067416,,,,,,14431898,1646018,16077916,,,,14431898,1646018,16077916,14728871,5852067,20580938,,,,14728871,5852067,20580938
2024,171492,00407200,Northwood University,MI,4,,1,NCAA,864,472,1336,2,Basketball,18,17,,,18,17,5219,93933,7181,122084,216017,,,,,,668099,742567,1410666,,,,668099,742567,1410666,668099,742567,1410666,,,,668099,742567,1410666
2024,230995,00369200,Norwich University,VT,6,,1,NCAA,1421,627,2048,2,Basketball,18,14,,,18,14,2850,51298,2563,35888,87186,,,,,,225342,203354,428696,,,,225342,203354,428696,225342,203354,428696,,,,225342,203354,428696
2024,163578,00206500,Notre Dame of Maryland University,MD,7,,1,NCAA,138,459,597,2,Basketball,18,13,,,18,13,1711,30789,2364,30727,61516,,,,,,62514,53533,116047,,,,62514,53533,116047,50148,46445,96593,,,,50148,46445,96593
2024,136215,00150900,Nova Southeastern University,FL,5,,1,NCAA,1966,4860,6826,2,Basketball,13,13,,,13,13,8000,104005,11544,150070,254075,,,,,,1113149,954322,2067471,,,,1113149,954322,2067471,1113149,954322,2067471,,,,1113149,954322,2067471
2024,200086,02553700,Nueta Hidatsa Sahnish College,ND,8,Tribal College University,8,other,44,63,107,2,Basketball,8,,,,8,0,2874,22994,0,0,22994,,,,,,34741,,34741,,,,34741,0,34741,34741,,34741,,,,34741,0,34741
2024,174525,00999200,Oak Hills Christian College,MN,16,,4,NCCAA,37,26,63,2,Basketball,9,,,,9,0,2776,24981,0,0,24981,,,,,,50031,,50031,,,,50031,0,50031,50031,,50031,,,,50031,0,50031
2024,152099,00182400,Oakland City University,IN,9,,2,NAIA,305,186,491,2,Basketball,42,12,,,42,12,2014,84590,6513,78161,162751,,,,,,1170212,422142,1592354,,,,1170212,422142,1592354,1170212,422142,1592354,,,,1170212,422142,1592354
2024,171535,00230300,Oakland Community College,MI,13,,3,NJCAA,2117,1999,4116,2,Basketball,11,11,,,11,11,5456,60019,3808,41883,101902,,,,,,103215,76680,179895,,,,103215,76680,179895,99712,76680,176392,,,,99712,76680,176392
2024,171571,00230700,Oakland University,MI,3,,1,NCAA,4256,5923,10179,2,Basketball,15,15,,,15,15,61649,924730,29338,440074,1364804,,,,,,2854803,1857347,4712150,,,,2854803,1857347,4712150,2854803,1857347,4712150,,,,2854803,1857347,4712150
2024,147800,00989600,Oakton College,IL,13,,3,NJCAA,1064,938,2002,2,Basketball,12,14,,,12,14,1422,17065,1062,14870,31935,,,,,,74655,69837,144492,,,,74655,69837,144492,74655,69837,144492,,,,74655,69837,144492
2024,101912,00103300,Oakwood University,AL,9,,2,NAIA,485,619,1104,2,Basketball,15,18,,,15,18,3760,56405,2886,51948,108353,,,,,,128405,122948,251353,,,,128405,122948,251353,128405,122948,251353,,,,128405,122948,251353
2024,204501,00308600,Oberlin College,OH,6,,1,NCAA,1174,1695,2869,2,Basketball,15,15,,,15,15,3042,45633,2444,36664,82297,,,,,,221777,217943,439720,,,,221777,217943,439720,221777,217943,439720,,,,221777,217943,439720
2024,120254,00124900,Occidental College,CA,7,,1,NCAA,769,1088,1857,2,Basketball,20,16,,,20,16,2562,51238,3952,63226,114464,,,,,,319063,325643,644706,,,,319063,325643,644706,300386,308467,608853,,,,300386,308467,608853
2024,185873,00262400,Ocean County College,NJ,14,,3,NJCAA,1378,1536,2914,2,Basketball,17,9,,,17,9,938,15941,1570,14134,30075,,,,,,30897,29090,59987,,,,30897,29090,59987,30897,29090,59987,,,,30897,29090,59987
2024,227304,00359600,Odessa College,TX,12,,3,NJCAA,926,1623,2549,2,Basketball,17,14,,,17,14,5395,91715,4798,67172,158887,,,,,,431403,331917,763320,,,,431403,331917,763320,431403,331917,763320,,,,431403,331917,763320
2024,140696,00158600,Oglethorpe University,GA,7,,1,NCAA,492,829,1321,2,Basketball,24,14,,,24,14,2807,67375,4716,66026,133401,,,,,,213478,187335,400813,,,,213478,187335,400813,213478,187335,400813,,,,213478,187335,400813
2024,201964,00303000,Ohio Christian University,OH,15,,4,NCCAA,266,340,606,2,Basketball,22,14,,,22,14,2714,59711,2508,35113,94824,,,,,,248127,139459,387586,,,,248127,139459,387586,248127,139459,387586,,,,248127,139459,387586
2024,204617,00303500,Ohio Dominican University,OH,4,,1,NCAA,369,353,722,2,Basketball,24,14,,,24,14,5135,123237,4492,62893,186130,,,,,,796232,463146,1259378,,,,796232,463146,1259378,558479,367593,926072,,,,558479,367593,926072
2024,204635,00308900,Ohio Northern University,OH,6,,1,NCAA,1346,1111,2457,2,Basketball,23,24,,,23,24,4665,107306,4103,98471,205777,,,,,,345166,264906,610072,,,,345166,264906,610072,345166,264906,610072,,,,345166,264906,610072
2024,204796,00309000,Ohio State University-Main Campus,OH,1,,1,NCAA,21178,21777,42955,2,Basketball,16,14,,,16,14,206499,3303982,145512,2037163,5341145,,,,,,23355035,7163564,30518599,,,,23355035,7163564,30518599,13158683,7163564,20322247,,,,13158683,7163564,20322247
2024,204857,00310000,Ohio University-Main Campus,OH,1,,1,NCAA,6798,9890,16688,2,Basketball,17,17,,,17,17,47958,815282,25552,434380,1249662,,,,,,3751341,2092478,5843819,,,,3751341,2092478,5843819,3751341,2092478,5843819,,,,3751341,2092478,5843819
2024,204909,00310900,Ohio Wesleyan University,OH,6,,1,NCAA,657,851,1508,2,Basketball,24,23,,,24,23,1744,41859,2310,53131,94990,,,,,,223146,205068,428214,,,,223146,205068,428214,223146,205068,428214,,,,223146,205068,428214
2024,120290,00448100,Ohlone College,CA,17,,8,other,1556,1401,2957,2,Basketball,16,10,,,16,10,1219,19503,929,9289,28792,,,,,,60643,56614,117257,,,,60643,56614,117257,60387,54642,115029,,,,60387,54642,115029
2024,207403,00316400,Oklahoma Baptist University,OK,4,,1,NCAA,577,707,1284,2,Basketball,14,15,,,14,15,7529,105400,6546,98187,203587,,,,,,777847,728038,1505885,,,,777847,728038,1505885,715109,671700,1386809,,,,715109,671700,1386809
2024,207324,00316500,Oklahoma Christian University,OK,5,,1,NCAA,786,871,1657,2,Basketball,18,20,,,18,20,5856,105412,5179,103570,208982,,,,,,650061,658055,1308116,,,,650061,658055,1308116,601478,612995,1214473,,,,601478,612995,1214473
2024,207458,00316600,Oklahoma City University,OK,9,,2,NAIA,487,945,1432,2,Basketball,13,14,,,13,14,3430,44588,3607,50495,95083,,,,,,798570,815400,1613970,,,,798570,815400,1613970,798570,815400,1613970,,,,798570,815400,1613970
2024,207351,00317400,Oklahoma Panhandle State University,OK,9,,2,NAIA,364,395,759,2,Basketball,18,15,,,18,15,4562,82118,4068,61027,143145,,,,,,326246,284825,611071,,,,326246,284825,611071,318866,278775,597641,,,,318866,278775,597641
2024,207388,00317000,Oklahoma State University-Main Campus,OK,1,,1,NCAA,9426,10546,19972,2,Basketball,17,14,,,17,14,133563,2270563,112497,1574962,3845525,,,,,,18083335,2361366,20444701,,,,18083335,2361366,20444701,11530565,4718546,16249111,,,,11530565,4718546,16249111
2024,206835,00315100,Oklahoma Wesleyan University,OK,10,,2,NAIA,338,270,608,2,Basketball,56,25,,,56,25,1261,70596,1579,39475,110071,,,,,,1135371,680260,1815631,,,,1135371,680260,1815631,1135371,680260,1815631,,,,1135371,680260,1815631
2024,232982,00372800,Old Dominion University,VA,1,,1,NCAA,6238,7336,13574,2,Basketball,19,14,,,19,14,75856,1441256,86087,1205224,2646480,,,,,,4218097,3474378,7692475,,,,4218097,3474378,7692475,4218097,3474378,7692475,,,,4218097,3474378,7692475
2024,147828,00174100,Olivet Nazarene University,IL,9,,2,NAIA,1170,1347,2517,2,Basketball,25,16,,,25,16,3182,79547,3636,58178,137725,,,,,,463713,264304,728017,,,,463713,264304,728017,402363,290313,692676,,,,402363,290313,692676
2024,236188,00378400,Olympic College,WA,19,,8,other,854,1323,2177,2,Basketball,16,15,,,16,15,215,3445,1300,19497,22942,,,,,,36491,74377,110868,,,,36491,74377,110868,38346,77570,115916,,,,38346,77570,115916
2024,194222,00287500,Onondaga Community College,NY,14,,3,NJCAA,1507,1599,3106,2,Basketball,16,18,,,16,18,2326,37220,5483,98691,135911,,,,,,69413,134183,203596,,,,69413,134183,203596,64428,130930,195358,,,,64428,130930,195358
2024,207582,00398500,Oral Roberts University,OK,3,,1,NCAA,1171,1634,2805,2,Basketball,18,13,,,18,13,52723,949006,32868,427283,1376289,,,,,,2973435,1796906,4770341,,,,2973435,1796906,4770341,2973435,1796906,4770341,,,,2973435,1796906,4770341
2024,120342,00125000,Orange Coast College,CA,17,,8,other,3205,2871,6076,2,Basketball,24,16,,,24,16,1334,32027,3767,60267,92294,,,,,,122463,140450,262913,,,,122463,140450,262913,122463,140450,262913,,,,122463,140450,262913
2024,194240,00287600,Orange County Community College,NY,8,NJCAA Div. II and Div. III,8,other,971,1237,2208,2,Basketball,14,11,,,14,11,6247,87453,2445,26893,114346,,,,,,169298,61393,230691,,,,169298,61393,230691,169298,61393,230691,,,,169298,61393,230691
2024,209506,00321100,Oregon Institute of Technology,OR,10,,2,NAIA,1112,1050,2162,2,Basketball,15,16,,,15,16,5642,84630,7038,112608,197238,,,,,,506786,450063,956849,,,,506786,450063,956849,507701,459089,966790,,,,507701,459089,966790
2024,209542,00321000,Oregon State University,OR,1,,1,NCAA,11136,10836,21972,2,Basketball,16,27,,,16,27,66842,1069468,43389,1171516,2240984,,,,,,9165896,5009884,14175780,,,,9165896,5009884,14175780,6899222,5009884,11909106,,,,6899222,5009884,11909106
2024,127778,00136200,Otero College,CO,12,,3,NJCAA,223,232,455,2,Basketball,22,13,,,22,13,1774,39021,3470,45104,84125,,,,,,257237,257488,514725,,,,257237,257488,514725,257237,257488,514725,,,,257237,257488,514725
2024,155627,00193700,Ottawa University-Ottawa,KS,9,,2,NAIA,493,318,811,2,Basketball,69,19,,,69,19,892,61541,2452,46589,108130,,,,,,990836,332963,1323799,,,,990836,332963,1323799,1166150,450128,1616278,,,,1166150,450128,1616278
2024,464226,00193722,Ottawa University-Surprise,AZ,9,,2,NAIA,502,275,777,2,Basketball,35,33,,,35,33,2133,74639,2445,80685,155324,,,,,,848946,963630,1812576,,,,848946,963630,1812576,823602,830260,1653862,,,,823602,830260,1653862
2024,204936,00311000,Otterbein University,OH,6,,1,NCAA,813,1251,2064,2,Basketball,19,21,,,19,21,2513,47751,2317,48647,96398,,,,,,229400,224004,453404,,,,229400,224004,453404,194458,191465,385923,,,,194458,191465,385923
2024,107512,00110200,Ouachita Baptist University,AR,4,,1,NCAA,706,874,1580,2,Basketball,15,15,,,15,15,9412,141185,8532,127980,269165,,,,,,690625,533444,1224069,,,,690625,533444,1224069,615151,537688,1152839,,,,615151,537688,1152839
2024,227331,00359800,Our Lady of the Lake University,TX,9,,2,NAIA,326,622,948,2,Basketball,41,13,,,41,13,2126,87176,4967,64569,151745,,,,,,427390,367396,794786,,,,427390,367396,794786,407947,359621,767568,,,,407947,359621,767568
2024,204945,00575300,Owens Community College,OH,14,,3,NJCAA,657,887,1544,2,Basketball,16,12,,,16,12,1896,30330,3047,36567,66897,,,,,,81623,62833,144456,,,,81623,62833,144456,76942,54017,130959,,,,76942,54017,130959
2024,120421,01284200,Oxnard College,CA,17,,8,other,820,890,1710,2,Basketball,15,10,,,15,10,1551,23267,1786,17856,41123,,,,,,159320,156421,315741,,,,159320,156421,315741,158820,155921,314741,,,,158820,155921,314741
2024,178679,02202700,Ozark Christian College,MO,16,,4,NCCAA,269,237,506,2,Basketball,15,12,,,15,12,3165,47478,3822,45861,93339,,,,,,60146,59061,119207,,,,60146,59061,119207,60146,59061,119207,,,,60146,59061,119207
2024,194310,00279100,Pace University,NY,4,,1,NCAA,2524,4857,7381,2,Basketball,13,14,,,13,14,7100,92303,6037,84523,176826,,,,,,741941,683286,1425227,,,,741941,683286,1425227,722702,671309,1394011,,,,722702,671309,1394011
2024,236230,00378500,Pacific Lutheran University,WA,6,,1,NCAA,841,1512,2353,2,Basketball,17,16,,,17,16,4558,77484,4437,70993,148477,,,,,,265773,225336,491109,,,,265773,225336,491109,228675,202365,431040,,,,228675,202365,431040
2024,120865,00125800,Pacific Union College,CA,10,,2,NAIA,274,428,702,2,Basketball,28,22,,,28,22,1015,28415,751,16522,44937,,,,,,404912,357292,762204,,,,404912,357292,762204,402996,357838,760834,,,,402996,357838,760834
2024,209612,00321200,Pacific University,OR,6,,1,NCAA,633,813,1446,2,Basketball,66,26,,,66,26,1906,125796,2487,64649,190445,,,,,,327235,264020,591255,,,,327235,264020,591255,327235,264020,591255,,,,327235,264020,591255
2024,140720,00158700,Paine College,GA,15,Applied to the NCCAA Division I,4,NCCAA,154,200,354,2,Basketball,16,13,,,16,13,1426,22813,2014,26184,48997,,,,,,208645,182680,391325,,,,208645,182680,391325,208645,182680,391325,,,,208645,182680,391325
2024,136330,00884900,Palm Beach Atlantic University,FL,5,,1,NCAA,806,1674,2480,2,Basketball,18,14,,,18,14,4939,88895,4849,67881,156776,,,,,,714411,667092,1381503,,,,714411,667092,1381503,672419,656819,1329238,,,,672419,656819,1329238
2024,136358,00151200,Palm Beach State College,FL,8,NJCAA Division I and II,8,other,3421,4491,7912,2,Basketball,15,12,,,15,12,3677,55148,5124,61491,116639,,,,,,281490,250750,532240,,,,281490,250750,532240,281490,250750,532240,,,,281490,250750,532240
2024,120953,00125900,Palo Verde College,CA,17,,8,other,488,156,644,2,Basketball,13,8,,,13,8,773,10044,1064,8509,18553,,,,,,69665,69125,138790,,,,69665,69125,138790,69665,69125,138790,,,,69665,69125,138790
2024,120971,00126000,Palomar College,CA,17,,8,other,3354,2965,6319,2,Basketball,16,14,,,16,14,1800,28806,2953,41348,70154,,,,,,73135,90348,163483,,,,73135,90348,163483,73135,90348,163483,,,,73135,90348,163483
2024,227386,00360000,Panola College,TX,12,NIRA - National Intercollegiate Rodeo Association,3,NJCAA,282,583,865,2,Basketball,12,12,,,12,12,4699,56390,4718,56610,113000,,,,,,321819,325235,647054,,,,321819,325235,647054,320359,323989,644348,,,,320359,323989,644348
2024,227401,00360100,Paris Junior College,TX,12,,3,NJCAA,496,755,1251,2,Basketball,15,15,,,15,15,2547,38207,2399,35983,74190,,,,,,211285,191633,402918,,,,211285,191633,402918,211285,191633,402918,,,,211285,191633,402918
2024,178721,00249800,Park University,MO,9,,2,NAIA,1292,1215,2507,2,Basketball,71,47,,,71,47,1847,131140,2772,130286,261426,,,,,,748495,546162,1294657,,,,748495,546162,1294657,748495,546162,1294657,,,,748495,546162,1294657
2024,147916,00711800,Parkland College,IL,13,,3,NJCAA,952,783,1735,2,Basketball,15,12,,,15,12,3064,45967,3509,42109,88076,,,,,,129030,119509,248539,,,,129030,119509,248539,129030,119509,248539,,,,129030,119509,248539
2024,121044,00126100,Pasadena City College,CA,17,,8,other,4256,4414,8670,2,Basketball,12,14,,,12,14,3119,37428,2417,33834,71262,,,,,,280482,288947,569429,,,,280482,288947,569429,238788,358694,597482,,,,238788,358694,597482
2024,136400,01065200,Pasco-Hernando State College,FL,13,,3,NJCAA,1320,1755,3075,2,Basketball,13,,,,13,0,287,3731,0,0,3731,,,,,,112117,,112117,,,,112117,0,112117,112117,,112117,,,,112117,0,112117
2024,186034,00999400,Passaic County Community College,NJ,14,,3,NJCAA,671,934,1605,2,Basketball,14,14,,,14,14,786,11006,515,7203,18209,,,,,,47779,54636,102415,,,,47779,54636,102415,47779,43976,91755,,,,47779,43976,91755
2024,233019,00375100,Patrick & Henry Community College,VA,14,,3,NJCAA,356,375,731,2,Basketball,14,,,,14,0,2462,34464,0,0,34464,,,,,,49842,,49842,,,,49842,0,49842,46464,,46464,,,,46464,0,46464
2024,233037,00915900,Paul D Camp Community College,VA,14,,3,NJCAA,133,123,256,2,Basketball,14,,,,14,0,3032,42451,0,0,42451,,,,,,59050,,59050,,,,59050,0,59050,58060,,58060,,,,58060,0,58060
2024,227429,00360200,Paul Quinn College,TX,9,,2,NAIA,151,226,377,2,Basketball,20,16,,,20,16,1939,38788,1907,30518,69306,,,,,,214493,181194,395687,,,,214493,181194,395687,214493,181194,395687,,,,214493,181194,395687
2024,194392,00279500,Paul Smiths College of Arts and Science,NY,20,USCAA,8,other,362,209,571,2,Basketball,16,10,,,16,10,3438,55011,3505,35048,90059,,,,,,91319,76386,167705,,,,91319,76386,167705,91319,76386,167705,,,,91319,76386,167705
2024,176239,00243000,Pearl River Community College,MS,12,,3,NJCAA,1391,2711,4102,2,Basketball,11,15,,,11,15,6252,68774,5110,76651,145425,,,,,,288929,280276,569205,,,,288929,280276,569205,288929,280276,569205,,,,288929,280276,569205
2024,221643,01269300,Pellissippi State Community College,TN,12,,3,NJCAA,2199,2199,4398,2,Basketball,21,9,,,21,9,3065,64357,5224,47013,111370,,,,,,158340,136417,294757,,,,158340,136417,294757,158340,136417,294757,,,,158340,136417,294757
2024,236258,00378600,Peninsula College,WA,19,,8,other,306,389,695,2,Basketball,11,13,,,11,13,4563,50192,3747,48708,98900,,,,,,154593,193756,348349,,,,154593,193756,348349,154593,193756,348349,,,,154593,193756,348349
2024,366252,00339500,Pennsylvania College of Technology,PA,7,,1,NCAA,2646,1057,3703,2,Basketball,23,13,,,23,13,3334,76689,4047,52611,129300,,,,,,185928,145149,331077,,,,185928,145149,331077,185928,145149,331077,,,,185928,145149,331077
2024,414911,03180400,Pennsylvania Highlands Community College,PA,14,,3,NJCAA,190,259,449,2,Basketball,14,,,,14,0,1555,21770,0,0,21770,,,,,,28557,,28557,,,,28557,0,28557,28557,,28557,,,,28557,0,28557
2024,214777,00332900,Pennsylvania State University-Main Campus,PA,1,,1,NCAA,21723,19725,41448,2,Basketball,14,13,,,14,13,159411,2231759,119054,1547703,3779462,,,,,,15174250,782052,15956302,,,,15174250,782052,15956302,14434548,5101960,19536508,,,,14434548,5101960,19536508
2024,214801,00332913,Pennsylvania State University-Penn State Abington,PA,7,,1,NCAA,1543,1124,2667,2,Basketball,21,14,,,21,14,1829,38401,2523,35318,73719,,,,,,102633,97507,200140,,,,102633,97507,200140,102633,97507,200140,,,,102633,97507,200140
2024,214689,00332903,Pennsylvania State University-Penn State Altoona,PA,7,,1,NCAA,1246,1067,2313,2,Basketball,17,14,,,17,14,4859,82609,3522,49312,131921,,,,,,125188,90422,215610,,,,125188,90422,215610,125188,90422,215610,,,,125188,90422,215610
2024,214698,00332904,Pennsylvania State University-Penn State Beaver,PA,20,,8,other,260,201,461,2,Basketball,13,22,,,13,22,2284,29694,1008,22178,51872,,,,,,48131,34996,83127,,,,48131,34996,83127,48131,34996,83127,,,,48131,34996,83127
2024,214704,00332906,Pennsylvania State University-Penn State Berks,PA,7,,1,NCAA,1033,728,1761,2,Basketball,14,13,,,14,13,2475,34656,2851,37063,71719,,,,,,45378,57277,102655,,,,45378,57277,102655,50148,63679,113827,,,,50148,63679,113827
2024,214731,00332921,Pennsylvania State University-Penn State Brandywine,PA,7,,1,NCAA,696,426,1122,2,Basketball,17,15,,,17,15,1232,20940,1101,16509,37449,,,,,,34540,33849,68389,,,,34540,33849,68389,34540,33849,68389,,,,34540,33849,68389
2024,214740,00332907,Pennsylvania State University-Penn State DuBois,PA,20,,8,other,214,123,337,2,Basketball,17,11,,,17,11,3449,58625,3950,43446,102071,,,,,,74226,57823,132049,,,,74226,57823,132049,72125,55696,127821,,,,72125,55696,127821
2024,214591,00332905,Pennsylvania State University-Penn State Erie-Behrend College,PA,6,,1,NCAA,1959,1182,3141,2,Basketball,18,18,,,18,18,2996,53935,3024,54429,108364,,,,,,145015,123339,268354,,,,145015,123339,268354,147042,87339,234381,,,,147042,87339,234381
2024,214759,00332908,Pennsylvania State University-Penn State Fayette- Eberly,PA,20,,8,other,180,200,380,2,Basketball,8,9,,,8,9,3289,26313,2534,22809,49122,,,,,,42773,42773,85546,,,,42773,42773,85546,44613,41176,85789,,,,44613,41176,85789
2024,214786,00332910,Pennsylvania State University-Penn State Greater Allegheny,PA,20,,8,other,210,126,336,2,Basketball,18,10,,,18,10,1702,30637,2196,21957,52594,,,,,,35902,28977,64879,,,,35902,28977,64879,35902,28977,64879,,,,35902,28977,64879
2024,214713,00332920,Pennsylvania State University-Penn State Harrisburg,PA,7,,1,NCAA,2251,1547,3798,2,Basketball,14,14,,,14,14,3875,54252,2299,32182,86434,,,,,,141775,93838,235613,,,,141775,93838,235613,141775,93838,235613,,,,141775,93838,235613
2024,214768,00332909,Pennsylvania State University-Penn State Hazleton,PA,20,,8,other,270,208,478,2,Basketball,22,11,,,22,11,1162,25557,1776,19531,45088,,,,,,39225,30754,69979,,,,39225,30754,69979,39111,30604,69715,,,,39111,30604,69715
2024,214670,00332902,Pennsylvania State University-Penn State Lehigh Valley,PA,20,,8,other,472,318,790,2,Basketball,18,21,,,18,21,2691,48444,2425,50924,99368,,,,,,60872,63884,124756,,,,60872,63884,124756,60872,63884,124756,,,,60872,63884,124756
2024,214795,00332911,Pennsylvania State University-Penn State Mont Alto,PA,20,,8,other,211,298,509,2,Basketball,16,9,,,16,9,2547,40753,2404,21639,62392,,,,,,81015,36812,117827,,,,81015,36812,117827,56157,36708,92865,,,,56157,36708,92865
2024,214625,00332912,Pennsylvania State University-Penn State New Kensington,PA,20,,8,other,254,128,382,2,Basketball,13,12,,,13,12,1826,23743,1595,19143,42886,,,,,,34111,32359,66470,,,,34111,32359,66470,34111,32359,66470,,,,34111,32359,66470
2024,214810,00332914,Pennsylvania State University-Penn State Schuylkill,PA,20,,8,other,213,365,578,2,Basketball,19,12,,,19,12,2543,48308,1403,16838,65146,,,,,,63341,32618,95959,,,,63341,32618,95959,63341,32618,95959,,,,63341,32618,95959
2024,214652,00332915,Pennsylvania State University-Penn State Scranton,PA,20,,8,other,428,306,734,2,Basketball,20,10,,,20,10,2830,56599,2826,28262,84861,,,,,,75674,34557,110231,,,,75674,34557,110231,75674,34557,110231,,,,75674,34557,110231
2024,214634,00332916,Pennsylvania State University-Penn State Shenango,PA,20,,8,other,95,111,206,2,Basketball,14,15,,,14,15,1801,25215,2243,33650,58865,,,,,,33795,35272,69067,,,,33795,35272,69067,39639,49354,88993,,,,39639,49354,88993
2024,214643,00332917,Pennsylvania State University-Penn State Wilkes-Barre,PA,20,,8,other,185,104,289,2,Basketball,14,13,,,14,13,59,826,64,827,1653,,,,,,54831,21808,76639,,,,54831,21808,76639,54831,21808,76639,,,,54831,21808,76639
2024,214829,00332918,Pennsylvania State University-Penn State York,PA,20,,8,other,371,224,595,2,Basketball,20,9,,,20,9,1700,34005,3281,29533,63538,,,,,,42885,38260,81145,,,,42885,38260,81145,42628,38260,80888,,,,42628,38260,80888
2024,498571,00331600,Pennsylvania Western University,PA,4,,1,NCAA,2599,3864,6463,2,Basketball,49,45,,,49,45,4251,208308,4767,214503,422811,,,,,,1556130,1497610,3053740,,,,1556130,1497610,3053740,1494926,1460361,2955287,,,,1494926,1460361,2955287
2024,136473,00151300,Pensacola State College,FL,12,,3,NJCAA,1303,2252,3555,2,Basketball,13,11,,,13,11,6173,80248,5033,55365,135613,,,,,,462727,401544,864271,,,,462727,401544,864271,462727,401544,864271,,,,462727,401544,864271
2024,121150,01014900,Pepperdine University,CA,3,,1,NCAA,1371,2019,3390,2,Basketball,17,20,,,17,20,66887,1137072,30455,609095,1746167,,,,,,5590356,3548150,9138506,,,,5590356,3548150,9138506,5590356,3548150,9138506,,,,5590356,3548150,9138506
2024,181534,00255900,Peru State College,NE,10,,2,NAIA,437,498,935,2,Basketball,35,25,,,35,25,57,2000,80,2000,4000,,,,,,599202,596202,1195404,,,,599202,596202,1195404,226382,215302,441684,,,,226382,215302,441684
2024,199306,00295500,Pfeiffer University,NC,7,,1,NCAA,353,283,636,2,Basketball,82,13,,,82,13,1095,89787,2279,29626,119413,,,,,,239882,133273,373155,,,,239882,133273,373155,248983,125779,374762,,,,248983,125779,374762
2024,107600,00110300,Philander Smith University,AR,9,,2,NAIA,285,348,633,2,Basketball,13,13,,,13,13,10316,134107,11303,146933,281040,,,,,,305951,359610,665561,,,,305951,359610,665561,305951,359610,665561,,,,305951,359610,665561
2024,107619,00110400,Phillips Community College of the University of Arkansas,AR,13,,3,NJCAA,142,267,409,2,Basketball,13,7,,,13,7,6983,90783,5558,38907,129690,,,,,,143446,69287,212733,,,,143446,69287,212733,143446,69287,212733,,,,143446,69287,212733
2024,105428,00107800,Phoenix College,AZ,13,,3,NJCAA,953,1435,2388,2,Basketball,15,15,,,15,15,1079,16186,766,11484,27670,,,,,,117873,108527,226400,,,,117873,108527,226400,117873,108527,226400,,,,117873,108527,226400
2024,140818,00158800,Piedmont University,GA,7,,1,NCAA,367,699,1066,2,Basketball,19,16,,,19,16,3317,63026,3983,63731,126757,,,,,,233170,226022,459192,,,,233170,226022,459192,233170,226022,459192,,,,233170,226022,459192
2024,235237,00500000,Pierce College District,WA,19,,8,other,1122,1916,3038,2,Basketball,13,10,,,13,10,3099,40289,2796,27959,68248,,,,,,89986,64840,154826,,,,89986,64840,154826,88486,63235,151721,,,,88486,63235,151721
2024,105525,00726600,Pima Community College,AZ,13,,3,NJCAA,1718,1799,3517,2,Basketball,19,17,,,19,17,4541,86278,7370,125285,211563,,,,,,245568,358510,604078,,,,245568,358510,604078,245568,358510,604078,,,,245568,358510,604078
2024,199333,00406200,Pitt Community College,NC,13,,3,NJCAA,1127,1485,2612,2,Basketball,19,,,,19,0,2755,52352,0,0,52352,,,,,,91517,,91517,,,,91517,0,91517,91517,,91517,,,,91517,0,91517
2024,155681,00192600,Pittsburg State University,KS,4,,1,NCAA,1913,1976,3889,2,Basketball,14,13,,,14,13,23248,325473,22526,292839,618312,,,,,,1028507,853628,1882135,,,,1028507,853628,1882135,1028507,853628,1882135,,,,1028507,853628,1882135
2024,121257,00117200,Pitzer College,CA,6,,1,NCAA,494,701,1195,2,Basketball,16,15,,,16,15,1972,31558,1657,24858,56416,,,,,,295912,154685,450597,,,,295912,154685,450597,295187,145737,440924,,,,295187,145737,440924
2024,183080,00259100,Plymouth State University,NH,6,,1,NCAA,1599,1492,3091,2,Basketball,24,16,,,24,16,1666,39991,2442,39077,79068,,,,,,79990,76777,156767,,,,79990,76777,156767,95472,95091,190563,,,,95472,95091,190563
2024,121309,00126200,Point Loma Nazarene University,CA,5,,1,NCAA,988,1771,2759,2,Basketball,16,17,,,16,17,12731,203701,11146,189483,393184,,,,,,1113928,980140,2094068,,,,1113928,980140,2094068,1113928,980140,2094068,,,,1113928,980140,2094068
2024,215442,00335700,Point Park University,PA,5,,1,NCAA,754,1406,2160,2,Basketball,43,34,,,43,34,1801,77455,1759,59795,137250,,,,,,623742,542598,1166340,,,,623742,542598,1166340,610997,538303,1149300,,,,610997,538303,1149300
2024,138868,00154700,Point University,GA,10,,2,NAIA,649,562,1211,2,Basketball,20,12,,,20,12,3954,79089,5708,68495,147584,,,,,,394335,252340,646675,,,,394335,252340,646675,394335,252340,646675,,,,394335,252340,646675
2024,136516,00151400,Polk State College,FL,12,,3,NJCAA,944,1546,2490,2,Basketball,12,,,,12,0,4144,49728,0,0,49728,,,,,,273673,,273673,,,,273673,0,273673,273673,,273673,,,,273673,0,273673
2024,121345,00117300,Pomona College,CA,6,,1,NCAA,740,919,1659,2,Basketball,16,15,,,16,15,1972,31558,1657,24858,56416,,,,,,295912,154685,450597,,,,295912,154685,450597,295187,145737,440924,,,,295187,145737,440924
2024,241410,00393600,Pontifical Catholic University of Puerto Rico-Ponce,PR,8,Liga Atlética Interuniversitaria (LAI),8,other,1203,2189,3392,2,Basketball,14,15,,,14,15,295,4126,271,4058,8184,,,,,,60555,63048,123603,,,,60555,63048,123603,60555,63048,123603,,,,60555,63048,123603
2024,121363,00126800,Porterville College,CA,17,,8,other,476,711,1187,2,Basketball,17,15,,,17,15,2011,34192,1459,21891,56083,,,,,,103888,90111,193999,,,,103888,90111,193999,98748,86327,185075,,,,98748,86327,185075
2024,209746,00321300,Portland Community College,OR,19,,8,other,3737,4236,7973,2,Basketball,12,12,,,12,12,1961,23527,1375,16505,40032,,,,,,78858,52292,131150,,,,78858,52292,131150,78858,52292,131150,,,,78858,52292,131150
2024,209807,00321600,Portland State University,OR,2,,1,NCAA,4338,5671,10009,2,Basketball,14,16,,,14,16,40416,565826,20722,331544,897370,,,,,,2172702,1500249,3672951,,,,2172702,1500249,3672951,2172702,1500249,3672951,,,,2172702,1500249,3672951
2024,130183,00140100,Post University,CT,4,,1,NCAA,1394,4021,5415,2,Basketball,20,16,,,20,16,3481,69626,3593,57480,127106,,,,,,686347,429601,1115948,,,,686347,429601,1115948,671601,425802,1097403,,,,671601,425802,1097403
2024,237701,00382711,Potomac State College of West Virginia University,WV,13,,3,NJCAA,323,464,787,2,Basketball,16,11,,,16,11,1881,30097,1910,21012,51109,,,,,,86480,74324,160804,,,,86480,74324,160804,81025,72764,153789,,,,81025,72764,153789
2024,148007,00164000,Prairie State College,IL,13,,3,NJCAA,372,510,882,2,Basketball,12,8,,,12,8,1281,15373,1660,13280,28653,,,,,,63632,59760,123392,,,,63632,59760,123392,63632,59760,123392,,,,63632,59760,123392
2024,227526,00363000,Prairie View A & M University,TX,2,,1,NCAA,2703,5458,8161,2,Basketball,18,14,,,18,14,24276,436961,20225,283155,720116,,,,,,1166481,1045728,2212209,,,,1166481,1045728,2212209,1166481,1045728,2212209,,,,1166481,1045728,2212209
2024,155715,00193800,Pratt Community College,KS,12,,3,NJCAA,305,182,487,2,Basketball,21,15,,,21,15,143,3006,207,3105,6111,,,,,,244098,190933,435031,,,,244098,190933,435031,234098,219933,454031,,,,234098,219933,454031
2024,194578,00279800,Pratt Institute-Main,NY,7,NCAA Exploratory,1,NCAA,1063,2779,3842,2,Basketball,14,,,,14,0,4241,59373,0,0,59373,,,,,,184404,,184404,,,,184404,0,184404,177034,,177034,,,,177034,0,177034
2024,218539,00344500,Presbyterian College,SC,8,NCAA Division I-FCS with exception of Football,8,other,424,424,848,2,Basketball,14,14,,,14,14,29806,417277,15494,216911,634188,,,,,,1592486,1414555,3007041,,,,1592486,1414555,3007041,1592486,1414555,3007041,,,,1592486,1414555,3007041
2024,163657,00208900,Prince George's Community College,MD,13,,3,NJCAA,1258,1642,2900,2,Basketball,15,14,,,15,14,3545,53182,3228,45188,98370,,,,,,83300,71781,155081,,,,83300,71781,155081,83300,71781,155081,,,,83300,71781,155081
2024,186131,00262700,Princeton University,NJ,2,,1,NCAA,2833,2876,5709,2,Basketball,17,16,,,17,16,23885,406049,23315,373033,779082,,,,,,2445350,1685029,4130379,,,,2445350,1685029,4130379,2445350,1685029,4130379,,,,2445350,1685029,4130379
2024,148016,00174400,Principia College,IL,7,,1,NCAA,199,137,336,2,Basketball,13,20,,,13,20,3279,42633,4998,99957,142590,,,,,,115234,228360,343594,,,,115234,228360,343594,110660,218216,328876,,,,110660,218216,328876
2024,217402,00340600,Providence College,RI,3,,1,NCAA,1910,2252,4162,2,Basketball,16,15,,,16,15,181343,2901491,105836,1587538,4489029,,,,,,12518606,5171580,17690186,,,,12518606,5171580,17690186,12518606,5171580,17690186,,,,12518606,5171580,17690186
2024,151102,00182800,Purdue University Fort Wayne,IN,3,,1,NCAA,2431,2263,4694,2,Basketball,15,14,,,15,14,36443,546641,21957,307400,854041,,,,,,3420827,2087914,5508741,,,,3420827,2087914,5508741,2646771,1689394,4336165,,,,2646771,1689394,4336165
2024,490805,00182700,Purdue University Northwest,IN,5,,1,NCAA,2249,2357,4606,2,Basketball,15,15,,,15,15,6429,96429,5602,84030,180459,,,,,,475583,424004,899587,,,,475583,424004,899587,475583,424004,899587,,,,475583,424004,899587
2024,243780,00182500,Purdue University-Main Campus,IN,1,,1,NCAA,24972,16921,41893,2,Basketball,18,15,,,18,15,157310,2831587,127654,1914813,4746400,,,,,,20966991,8493747,29460738,,,,20966991,8493747,29460738,14040438,4911279,18951717,,,,14040438,4911279,18951717
2024,199412,00295700,Queens University of Charlotte,NC,3,,1,NCAA,456,724,1180,2,Basketball,18,14,,,18,14,25782,464072,19968,279545,743617,,,,,,1862271,1461303,3323574,,,,1862271,1461303,3323574,1862271,1461303,3323574,,,,1862271,1461303,3323574
2024,167525,00220500,Quincy College,MA,14,,3,NJCAA,463,477,940,2,Basketball,17,,,,17,0,1176,20000,0,0,20000,,,,,,49004,,49004,,,,49004,0,49004,39723,,39723,,,,39723,0,39723
2024,148131,00174500,Quincy University,IL,4,,1,NCAA,587,402,989,2,Basketball,26,16,,,26,16,3570,92808,6338,101415,194223,,,,,,782240,594590,1376830,,,,782240,594590,1376830,778271,596484,1374755,,,,778271,596484,1374755
2024,130226,00140200,Quinnipiac University,CT,3,,1,NCAA,2550,3854,6404,2,Basketball,16,16,,,16,16,36199,579180,27549,440791,1019971,,,,,,2778760,2499622,5278382,,,,2778760,2499622,5278382,2778760,2499622,5278382,,,,2778760,2499622,5278382
2024,167534,00217500,Quinsigamond Community College,MA,14,,3,NJCAA,942,1020,1962,2,Basketball,12,7,,,12,7,998,11978,1965,13757,25735,,,,,,29428,29428,58856,,,,29428,29428,58856,29428,29428,58856,,,,29428,29428,58856
2024,233277,00373200,Radford University,VA,3,,1,NCAA,2016,3488,5504,2,Basketball,15,15,,,15,15,33738,506066,17224,258360,764426,,,,,,2225866,1426831,3652697,,,,2225866,1426831,3652697,2225866,1426831,3652697,,,,2225866,1426831,3652697
2024,186201,00934400,Ramapo College of New Jersey,NJ,7,,1,NCAA,1890,2638,4528,2,Basketball,18,10,,,18,10,3021,54382,4489,44891,99273,,,,,,311245,232111,543356,,,,311245,232111,543356,273498,228326,501824,,,,273498,228326,501824
2024,207157,01026600,Randall University,OK,16,,4,NCCAA,151,95,246,2,Basketball,16,10,,,16,10,3061,48968,3392,33920,82888,,,,,,120720,99386,220106,,,,120720,99386,220106,120720,99386,220106,,,,120720,99386,220106
2024,233301,00373400,Randolph College,VA,7,,1,NCAA,283,374,657,2,Basketball,22,22,,,22,22,2289,50366,2379,52345,102711,,,,,,136139,140085,276224,,,,136139,140085,276224,136139,140085,276224,,,,136139,140085,276224
2024,233295,00373300,Randolph-Macon College,VA,6,,1,NCAA,753,860,1613,2,Basketball,15,17,,,15,17,12161,182420,6471,110007,292427,,,,,,409887,280441,690328,,,,409887,280441,690328,409870,268402,678272,,,,409870,268402,678272
2024,227687,00360300,Ranger College,TX,12,,3,NJCAA,331,416,747,2,Basketball,37,22,,,37,22,1565,57904,2789,61352,119256,,,,,,344494,315009,659503,,,,344494,315009,659503,344494,315009,659503,,,,344494,315009,659503
2024,186645,00773100,Raritan Valley Community College,NJ,13,,3,NJCAA,1415,1231,2646,2,Basketball,16,12,,,16,12,2908,46529,1730,20763,67292,,,,,,69375,82863,152238,,,,69375,82863,152238,69375,82863,152238,,,,69375,82863,152238
2024,207069,00315600,Redlands Community College,OK,8,NJCAA Div I and II,8,other,228,315,543,2,Basketball,25,16,,,25,16,1145,28615,1473,23573,52188,,,,,,296976,271472,568448,,,,296976,271472,568448,296976,271472,568448,,,,296976,271472,568448
2024,117052,00130800,Reedley College,CA,17,,8,other,996,870,1866,2,Basketball,17,13,,,17,13,2373,40348,2667,34677,75025,,,,,,162616,112406,275022,,,,162616,112406,275022,159816,111328,271144,,,,159816,111328,271144
2024,231651,03091300,Regent University,VA,15,,4,NCCAA,1066,1624,2690,2,Basketball,16,10,,,16,10,3820,61118,4115,41152,102270,,,,,,143259,120558,263817,,,,143259,120558,263817,143259,120558,263817,,,,143259,120558,263817
2024,167598,00220600,Regis College,MA,7,,1,NCAA,188,603,791,2,Basketball,20,18,,,20,18,2227,44536,1955,35193,79729,,,,,,107212,98702,205914,,,,107212,98702,205914,107212,98702,205914,,,,107212,98702,205914
2024,127918,00136300,Regis University,CO,5,,1,NCAA,610,1243,1853,2,Basketball,15,14,,,15,14,8462,126934,7709,107922,234856,,,,,,583040,558804,1141844,,,,583040,558804,1141844,583040,558804,1141844,,,,583040,558804,1141844
2024,101994,00569200,Reid State Technical College,AL,13,,3,NJCAA,152,115,267,2,Basketball,14,11,,,14,11,3453,48346,2286,25143,73489,,,,,,164248,132522,296770,,,,164248,132522,296770,164248,132522,296770,,,,164248,132522,296770
2024,140872,00158900,Reinhardt University,GA,9,,2,NAIA,561,469,1030,2,Basketball,50,26,,,50,26,1856,92775,2546,66200,158975,,,,,,975114,587250,1562364,,,,975114,587250,1562364,920519,293900,1214419,,,,920519,293900,1214419
2024,148256,00711900,Rend Lake College,IL,12,,3,NJCAA,346,523,869,2,Basketball,12,11,,,12,11,3832,45986,2895,31850,77836,,,,,,148284,149375,297659,,,,148284,149375,297659,128724,117463,246187,,,,128724,117463,246187
2024,194824,00280300,Rensselaer Polytechnic Institute,NY,6,,1,NCAA,3893,1772,5665,2,Basketball,20,18,,,20,18,2984,59675,1913,34427,94102,,,,,,337953,251035,588988,,,,337953,251035,588988,245491,175313,420804,,,,245491,175313,420804
2024,217420,00340700,Rhode Island College,RI,7,,1,NCAA,1401,2937,4338,2,Basketball,17,14,,,17,14,2168,36851,4622,64713,101564,,,,,,151334,204081,355415,,,,151334,204081,355415,151334,204081,355415,,,,151334,204081,355415
2024,221351,00351900,Rhodes College,TN,6,,1,NCAA,731,1016,1747,2,Basketball,18,12,,,18,12,11048,198859,9116,109388,308247,,,,,,378691,249694,628385,,,,378691,249694,628385,378691,249694,628385,,,,378691,249694,628385
2024,227757,00360400,Rice University,TX,1,,1,NCAA,2349,2323,4672,2,Basketball,16,15,,,16,15,84859,1357746,103603,1554046,2911792,,,,,,5021145,4326108,9347253,,,,5021145,4326108,9347253,5021145,4326108,9347253,,,,5021145,4326108,9347253
2024,233338,00370700,Richard Bland College,VA,13,,3,NJCAA,376,502,878,2,Basketball,14,12,,,14,12,5221,73087,5577,66918,140005,,,,,,271126,212972,484098,,,,271126,212972,484098,271126,212972,484098,,,,271126,212972,484098
2024,186283,00262800,Rider University,NJ,3,,1,NCAA,1305,1663,2968,2,Basketball,16,14,,,16,14,18126,290023,7607,106495,396518,,,,,,2394999,1830917,4225916,,,,2394999,1830917,4225916,2394999,1830917,4225916,,,,2394999,1830917,4225916
2024,175236,00525200,Ridgewater College,MN,14,,3,NJCAA,604,654,1258,2,Basketball,16,7,,,16,7,1264,20225,2911,20375,40600,,,,,,52311,41310,93621,,,,52311,41310,93621,49537,38695,88232,,,,49537,38695,88232
2024,121886,00126900,Rio Hondo College,CA,17,,8,other,2048,1872,3920,2,Basketball,18,15,,,18,15,1035,18630,2334,35003,53633,,,,,,118763,114308,233071,,,,118763,114308,233071,106963,96736,203699,,,,106963,96736,203699
2024,239628,00388400,Ripon College,WI,6,,1,NCAA,371,309,680,2,Basketball,27,21,,,27,21,1639,44247,2713,56979,101226,,,,,,136898,158373,295271,,,,136898,158373,295271,126208,153994,280202,,,,126208,153994,280202
2024,173063,00233500,Riverland Community College,MN,14,,3,NJCAA,472,436,908,2,Basketball,21,9,,,21,9,2897,60845,1801,16205,77050,,,,,,97026,42521,139547,,,,97026,42521,139547,97026,42521,139547,,,,97026,42521,139547
2024,121901,00127000,Riverside City College,CA,17,,8,other,2489,3155,5644,2,Basketball,15,10,,,15,10,1930,28949,2464,24643,53592,,,,,,339597,302180,641777,,,,339597,302180,641777,339597,302180,641777,,,,339597,302180,641777
2024,183211,00258600,Rivier University,NH,7,,1,NCAA,312,663,975,2,Basketball,16,14,,,16,14,3323,53160,3464,48491,101651,,,,,,133680,120079,253759,,,,133680,120079,253759,133680,120079,253759,,,,133680,120079,253759
2024,221397,00991400,Roane State Community College,TN,12,,3,NJCAA,750,1309,2059,2,Basketball,15,15,,,15,15,3801,57019,2660,39905,96924,,,,,,269495,177995,447490,,,,269495,177995,447490,269495,177995,447490,,,,269495,177995,447490
2024,233426,00373600,Roanoke College,VA,7,,1,NCAA,822,909,1731,2,Basketball,20,16,,,20,16,3050,61002,4037,64596,125598,,,,,,212481,154070,366551,,,,212481,154070,366551,212481,154070,366551,,,,212481,154070,366551
2024,215655,00335900,Robert Morris University,PA,2,,1,NCAA,1520,1260,2780,2,Basketball,15,16,,,15,16,36197,542962,18676,298812,841774,,,,,,2480793,1842577,4323370,,,,2480793,1842577,4323370,2480793,1842577,4323370,,,,2480793,1842577,4323370
2024,194958,00280500,Roberts Wesleyan University,NY,5,,1,NCAA,367,621,988,2,Basketball,32,30,,,32,30,1253,40095,1839,55170,95265,,,,,,406943,342024,748967,,,,406943,342024,748967,394907,330735,725642,,,,394907,330735,725642
2024,174738,00237300,Rochester Community and Technical College,MN,14,,3,NJCAA,722,736,1458,2,Basketball,13,11,,,13,11,2141,27838,3639,40033,67871,,,,,,80253,82640,162893,,,,80253,82640,162893,75489,71099,146588,,,,75489,71099,146588
2024,195003,00280600,Rochester Institute of Technology,NY,8,NCAA Division III & D1 M / W Hockey (no football),8,other,8364,4541,12905,2,Basketball,17,19,,,17,19,4828,82078,5067,96272,178350,,,,,,290732,289614,580346,,,,290732,289614,580346,273207,273181,546388,,,,273207,273181,546388
2024,170967,00228800,Rochester University,MI,9,,2,NAIA,291,372,663,2,Basketball,19,20,,,19,20,1698,32261,1558,31152,63413,,,,,,508293,424518,932811,,,,508293,424518,932811,472561,424518,897079,,,,472561,424518,897079
2024,148380,00174700,Rock Valley College,IL,13,,3,NJCAA,957,1022,1979,2,Basketball,14,13,,,14,13,3029,42409,4881,63449,105858,,,,,,132554,166874,299428,,,,132554,166874,299428,118812,160108,278920,,,,118812,160108,278920
2024,148405,00174800,Rockford University,IL,6,,1,NCAA,462,468,930,2,Basketball,27,13,,,27,13,2210,59663,2539,33011,92674,,,,,,225798,128552,354350,,,,225798,128552,354350,225798,128552,354350,,,,225798,128552,354350
2024,179043,00249900,Rockhurst University,MO,5,,1,NCAA,569,916,1485,2,Basketball,18,20,,,18,20,7772,139903,3091,61817,201720,,,,,,818562,638391,1456953,,,,818562,638391,1456953,818562,638391,1456953,,,,818562,638391,1456953
2024,195058,00287700,Rockland Community College,NY,8,NJCAA Division II and NJCAA Division III,8,other,1244,1145,2389,2,Basketball,14,,,,14,0,3064,42890,0,0,42890,,,,,,63410,,63410,,,,63410,0,63410,63410,,63410,,,,63410,0,63410
2024,180595,00253400,Rocky Mountain College,MT,9,,2,NAIA,455,371,826,2,Basketball,32,32,,,32,32,4470,143029,5069,162222,305251,,,,,,716923,728436,1445359,,,,716923,728436,1445359,716923,728436,1445359,,,,716923,728436,1445359
2024,217518,00341000,Roger Williams University,RI,7,,1,NCAA,1723,1878,3601,2,Basketball,15,16,,,15,16,3367,50509,3438,55000,105509,,,,,,134780,128536,263316,,,,134780,128536,263316,136926,129000,265926,,,,136926,129000,265926
2024,207661,00316800,Rogers State University,OK,5,,1,NCAA,859,1248,2107,2,Basketball,16,16,,,16,16,10602,169630,6386,102172,271802,,,,,,742639,610904,1353543,,,,742639,610904,1353543,742639,610904,1353543,,,,742639,610904,1353543
2024,136950,00151500,Rollins College,FL,5,,1,NCAA,1004,1576,2580,2,Basketball,18,15,,,18,15,7215,129862,6072,91075,220937,,,,,,1108155,983030,2091185,,,,1108155,983030,2091185,1108155,983030,2091185,,,,1108155,983030,2091185
2024,148487,00174900,Roosevelt University,IL,4,,1,NCAA,973,1543,2516,2,Basketball,16,16,,,16,16,6103,97644,6175,98805,196449,,,,,,684627,648105,1332732,,,,684627,648105,1332732,684627,648105,1332732,,,,684627,648105,1332732
2024,152318,00183000,Rose-Hulman Institute of Technology,IN,6,,1,NCAA,1734,560,2294,2,Basketball,17,15,,,17,15,4029,68487,4004,60056,128543,,,,,,298344,240887,539231,,,,298344,240887,539231,255490,240887,496377,,,,255490,240887,496377
2024,215691,00336000,Rosemont College,PA,7,,1,NCAA,188,177,365,2,Basketball,14,10,,,14,10,3320,46476,5140,51397,97873,,,,,,60770,70337,131107,,,,60770,70337,131107,60770,70337,131107,,,,60770,70337,131107
2024,184205,00690104,Rowan College of South Jersey-Cumberland Campus,NJ,14,,3,NJCAA,402,643,1045,2,Basketball,12,9,,,12,9,906,10871,1241,11172,22043,,,,,,23871,24172,48043,,,,23871,24172,48043,23871,24172,48043,,,,23871,24172,48043
2024,184791,00690100,Rowan College of South Jersey-Gloucester Campus,NJ,14,,3,NJCAA,1122,1513,2635,2,Basketball,11,12,,,11,12,2329,25619,1708,20496,46115,,,,,,48099,42980,91079,,,,48099,42980,91079,48099,42980,91079,,,,48099,42980,91079
2024,184782,00260900,Rowan University,NJ,6,,1,NCAA,7235,6946,14181,2,Basketball,16,16,,,16,16,3274,52380,3222,51555,103935,,,,,,293432,252303,545735,,,,293432,252303,545735,258720,239274,497994,,,,258720,239274,497994
2024,167631,01193000,Roxbury Community College,MA,14,,3,NJCAA,261,426,687,2,Basketball,12,12,,,12,12,4024,48292,1650,19795,68087,,,,,,64292,35795,100087,,,,64292,35795,100087,64292,35795,100087,,,,64292,35795,100087
2024,195128,00281000,Russell Sage College,NY,7,,1,NCAA,400,815,1215,2,Basketball,16,16,,,16,16,2050,32792,1881,30100,62892,,,,,,130931,152655,283586,,,,130931,152655,283586,101243,124000,225243,,,,101243,124000,225243
2024,176318,00243300,Rust College,MS,9,NAIA Division I,2,NAIA,205,214,419,2,Basketball,15,20,,,15,20,2933,44000,3100,62000,106000,,,,,,324200,532000,856200,,,,324200,532000,856200,214000,420233,634233,,,,214000,420233,634233
2024,186371,00262901,Rutgers University-Camden,NJ,7,,1,NCAA,1305,1955,3260,2,Basketball,16,14,,,16,14,1709,27350,3231,45239,72589,,,,,,147858,155297,303155,,,,147858,155297,303155,147858,155297,303155,,,,147858,155297,303155
2024,186380,00262900,Rutgers University-New Brunswick,NJ,1,,1,NCAA,18192,18378,36570,2,Basketball,15,31,,,15,31,177712,2665686,59886,1856468,4522154,,,,,,16076899,7528347,23605246,,,,16076899,7528347,23605246,16076899,7528347,23605246,,,,16076899,7528347,23605246
2024,186399,00262902,Rutgers University-Newark,NJ,7,,1,NCAA,3246,3699,6945,2,Basketball,19,17,,,19,17,3122,59316,2323,39498,98814,,,,,,237919,175670,413589,,,,237919,175670,413589,231973,175670,407643,,,,231973,175670,407643
2024,122180,00123300,Sacramento City College,CA,17,,8,other,2024,2511,4535,2,Basketball,15,11,,,15,11,2060,30895,3779,41567,72462,,,,,,78234,111524,189758,,,,78234,111524,189758,78234,111524,189758,,,,78234,111524,189758
2024,130253,00140300,Sacred Heart University,CT,2,,1,NCAA,2433,4330,6763,2,Basketball,16,14,,,16,14,30391,486263,19939,279144,765407,,,,,,2194183,2013534,4207717,,,,2194183,2013534,4207717,2194183,2013534,4207717,,,,2194183,2013534,4207717
2024,122205,00891800,Saddleback College,CA,17,,8,other,3131,2927,6058,2,Basketball,17,13,,,17,13,1902,32333,1793,23312,55645,,,,,,105336,92366,197702,,,,105336,92366,197702,100422,89862,190284,,,,100422,89862,190284
2024,172051,00231400,Saginaw Valley State University,MI,4,,1,NCAA,1906,3372,5278,2,Basketball,16,13,,,16,13,6268,100295,7096,92254,192549,,,,,,673083,672816,1345899,,,,673083,672816,1345899,673083,672816,1345899,,,,673083,672816,1345899
2024,154235,00188900,Saint Ambrose University,IA,10,,2,NAIA,864,941,1805,2,Basketball,43,19,,,43,19,1959,84255,5307,100840,185095,,,,,,533785,351437,885222,,,,533785,351437,885222,541362,334169,875531,,,,541362,334169,875531
2024,183239,00258700,Saint Anselm College,NH,4,,1,NCAA,834,1235,2069,2,Basketball,14,15,,,14,15,7958,111416,6927,103900,215316,,,,,,1193652,1009007,2202659,,,,1193652,1009007,2202659,1047442,982820,2030262,,,,1047442,982820,2030262
2024,174783,00237700,Saint Cloud State University,MN,5,,1,NCAA,1846,2162,4008,2,Basketball,16,15,,,16,15,7023,112368,3892,58385,170753,,,,,,701771,654575,1356346,,,,701771,654575,1356346,701771,654575,1356346,,,,701771,654575,1356346
2024,227845,00362100,Saint Edward's University,TX,5,,1,NCAA,965,1413,2378,2,Basketball,15,14,,,15,14,13987,209801,15730,220219,430020,,,,,,1129159,1120757,2249916,,,,1129159,1120757,2249916,1061869,1036111,2097980,,,,1061869,1036111,2097980
2024,186618,00260000,Saint Elizabeth University,NJ,7,,1,NCAA,217,299,516,2,Basketball,16,14,,,16,14,3887,62198,4244,59421,121619,,,,,,87967,75264,163231,,,,87967,75264,163231,87967,73702,161669,,,,87967,73702,161669
2024,215743,00336600,Saint Francis University,PA,2,,1,NCAA,596,826,1422,2,Basketball,20,15,,,20,15,23478,469550,14024,210365,679915,,,,,,2081846,1637142,3718988,,,,2081846,1637142,3718988,2081846,1637142,3718988,,,,2081846,1637142,3718988
2024,161518,00205100,Saint Joseph's College of Maine,ME,7,,1,NCAA,317,483,800,2,Basketball,18,15,,,18,15,3322,59796,3935,59020,118816,,,,,,137696,200644,338340,,,,137696,200644,338340,137696,200644,338340,,,,137696,200644,338340
2024,215770,00336700,Saint Joseph's University - Philadelphia,PA,3,,1,NCAA,2195,2625,4820,2,Basketball,14,14,,,14,14,77548,1085673,47647,667051,1752724,,,,,,4608622,2819137,7427759,,,,4608622,2819137,7427759,4608622,2819137,7427759,,,,4608622,2819137,7427759
2024,137032,00152600,Saint Leo University,FL,5,,1,NCAA,1898,2594,4492,2,Basketball,39,19,,,39,19,3486,135961,5767,109578,245539,,,,,,802689,659163,1461852,,,,802689,659163,1461852,647041,597010,1244051,,,,647041,597010,1244051
2024,179308,00247100,Saint Louis Community College,MO,13,,3,NJCAA,1753,2983,4736,2,Basketball,16,9,,,16,9,4420,70723,6027,54245,124968,,,,,,217528,164379,381907,,,,217528,164379,381907,213821,163140,376961,,,,213821,163140,376961
2024,179159,00250600,Saint Louis University,MO,3,,1,NCAA,2666,4034,6700,2,Basketball,16,15,,,16,15,74998,1199973,55102,826534,2026507,,,,,,7230593,3288054,10518647,,,,7230593,3288054,10518647,7230593,3288054,10518647,,,,7230593,3288054,10518647
2024,236452,00379400,Saint Martin's University,WA,5,,1,NCAA,476,618,1094,2,Basketball,14,14,,,14,14,7423,103919,7680,107521,211440,,,,,,974132,766550,1740682,,,,974132,766550,1740682,974132,766550,1740682,,,,974132,766550,1740682
2024,123554,00130200,Saint Mary's College of California,CA,3,,1,NCAA,845,1002,1847,2,Basketball,15,15,,,15,15,138630,2079446,55527,832902,2912348,,,,,,8298148,2874127,11172275,,,,8298148,2874127,11172275,8298148,2874127,11172275,,,,8298148,2874127,11172275
2024,174817,00238000,Saint Mary's University of Minnesota,MN,7,,1,NCAA,401,478,879,2,Basketball,18,20,,,18,20,4768,85815,3077,61539,147354,,,,,,227242,191421,418663,,,,227242,191421,418663,227242,191421,418663,,,,227242,191421,418663
2024,152381,00183500,Saint Mary-of-the-Woods College,IN,9,,2,NAIA,250,524,774,2,Basketball,29,20,,,29,20,2566,74424,2559,51187,125611,,,,,,299776,239726,539502,,,,299776,239726,539502,303270,238455,541725,,,,303270,238455,541725
2024,231059,00369400,Saint Michael's College,VT,5,,1,NCAA,502,581,1083,2,Basketball,16,15,,,16,15,12476,199622,4994,74912,274534,,,,,,929291,909962,1839253,,,,929291,909962,1839253,929291,909962,1839253,,,,929291,909962,1839253
2024,239716,00389200,Saint Norbert College,WI,6,,1,NCAA,768,883,1651,2,Basketball,18,19,,,18,19,2950,53098,2813,53443,106541,,,,,,278265,187545,465810,,,,278265,187545,465810,278265,187545,465810,,,,278265,187545,465810
2024,186432,00263800,Saint Peter's University,NJ,3,,1,NCAA,850,1209,2059,2,Basketball,13,15,,,13,15,24635,320257,13973,209592,529849,,,,,,2229898,1614013,3843911,,,,2229898,1614013,3843911,2229898,1614013,3843911,,,,2229898,1614013,3843911
2024,215798,00336800,Saint Vincent College,PA,6,,1,NCAA,739,507,1246,2,Basketball,24,23,,,24,23,5807,139366,4887,112394,251760,,,,,,307409,268467,575876,,,,307409,268467,575876,307409,268467,575876,,,,307409,268467,575876
2024,148627,00176800,Saint Xavier University,IL,10,,2,NAIA,1140,1800,2940,2,Basketball,21,33,,,21,33,2076,43596,1587,52364,95960,,,,,,509629,510993,1020622,,,,509629,510993,1020622,509629,510993,1020622,,,,509629,510993,1020622
2024,186469,00546100,Salem Community College,NJ,14,,3,NJCAA,179,299,478,2,Basketball,17,12,,,17,12,4077,69305,1720,20640,89945,,,,,,97837,70109,167946,,,,97837,70109,167946,97837,70109,167946,,,,97837,70109,167946
2024,167729,00218800,Salem State University,MA,7,,1,NCAA,1373,2349,3722,2,Basketball,13,16,,,13,16,2375,30876,2193,35080,65956,,,,,,47451,51757,99208,,,,47451,51757,99208,47451,51757,99208,,,,47451,51757,99208
2024,237783,00382000,Salem University,WV,5,,1,NCAA,287,536,823,2,Basketball,20,21,,,20,21,2449,48981,1732,36377,85358,,,,,,409401,417986,827387,,,,409401,417986,827387,406851,409627,816478,,,,406851,409627,816478
2024,163851,00209100,Salisbury University,MD,6,,1,NCAA,2526,3289,5815,2,Basketball,13,13,,,13,13,4875,63380,5892,76594,139974,,,,,,236578,202721,439299,,,,236578,202721,439299,236573,202721,439294,,,,236573,202721,439294
2024,180647,02143400,Salish Kootenai College,MT,18,,8,other,157,309,466,2,Basketball,10,10,,,10,10,304,3040,215,2150,5190,,,,,,44552,36761,81313,,,,44552,36761,81313,44552,36761,81313,,,,44552,36761,81313
2024,230746,00522000,Salt Lake Community College,UT,12,,3,NJCAA,2732,3309,6041,2,Basketball,16,15,,,16,15,10837,173386,7910,118655,292041,,,,,,854480,644728,1499208,,,,854480,644728,1499208,854480,644728,1499208,,,,854480,644728,1499208
2024,217536,00341100,Salve Regina University,RI,6,,1,NCAA,633,1437,2070,2,Basketball,14,18,,,14,18,4016,56230,3283,59097,115327,,,,,,154389,213972,368361,,,,154389,213972,368361,148970,181980,330950,,,,148970,181980,330950
2024,227881,00360600,Sam Houston State University,TX,1,,1,NCAA,5571,9254,14825,2,Basketball,15,13,,,15,13,38211,573170,34130,443694,1016864,,,,,,2127419,1482521,3609940,,,,2127419,1482521,3609940,2127419,1482521,3609940,,,,2127419,1482521,3609940
2024,102049,00103600,Samford University,AL,2,,1,NCAA,1446,2702,4148,2,Basketball,22,13,,,22,13,25856,568838,15771,205029,773867,,,,,,3671957,1506207,5178164,,,,3671957,1506207,5178164,3532803,1392925,4925728,,,,3532803,1392925,4925728
2024,123527,00127200,San Bernardino Valley College,CA,17,,8,other,1657,1852,3509,2,Basketball,15,11,,,15,11,1548,23214,1578,17357,40571,,,,,,231358,199789,431147,,,,231358,199789,431147,231358,199789,431147,,,,231358,199789,431147
2024,122339,00127300,San Diego City College,CA,17,,8,other,609,579,1188,2,Basketball,13,12,,,13,12,3377,43905,2159,25908,69813,,,,,,123838,125810,249648,,,,123838,125810,249648,123838,125810,249648,,,,123838,125810,249648
2024,122375,00127500,San Diego Mesa College,CA,17,,8,other,1413,1399,2812,2,Basketball,14,11,,,14,11,1054,14761,1684,18528,33289,,,,,,97253,101024,198277,,,,97253,101024,198277,97253,101024,198277,,,,97253,101024,198277
2024,122384,01182000,San Diego Miramar College,CA,17,,8,other,981,580,1561,2,Basketball,15,,,,15,0,2409,36135,0,0,36135,,,,,,159232,,159232,,,,159232,0,159232,150816,,150816,,,,150816,0,150816
2024,122409,00115100,San Diego State University,CA,1,,1,NCAA,13759,18371,32130,2,Basketball,17,32,,,17,32,200247,3404202,53660,1717113,5121315,,,,,,15269898,2512933,17782831,,,,15269898,2512933,17782831,9110688,3748607,12859295,,,,9110688,3748607,12859295
2024,122597,00115400,San Francisco State University,CA,5,,1,NCAA,6932,8341,15273,2,Basketball,16,13,,,16,13,6203,99244,5407,70288,169532,,,,,,495436,424288,919724,,,,495436,424288,919724,495436,424288,919724,,,,495436,424288,919724
2024,122658,00128000,San Joaquin Delta College,CA,17,,8,other,3916,5025,8941,2,Basketball,16,15,,,16,15,2298,36773,4716,70744,107517,,,,,,169679,145218,314897,,,,169679,145218,314897,159251,198908,358159,,,,159251,198908,358159
2024,122746,00128200,San Jose City College,CA,17,,8,other,865,873,1738,2,Basketball,14,11,,,14,11,3586,50203,4716,51881,102084,,,,,,171153,121902,293055,,,,171153,121902,293055,171153,121902,293055,,,,171153,121902,293055
2024,122755,00115500,San Jose State University,CA,1,,1,NCAA,11661,10994,22655,2,Basketball,16,15,,,16,15,32737,523786,32982,494729,1018515,,,,,,2830403,2084822,4915225,,,,2830403,2084822,4915225,2830403,2084822,4915225,,,,2830403,2084822,4915225
2024,199634,00296100,Sandhills Community College,NC,14,,3,NJCAA,474,661,1135,2,Basketball,16,,,,16,0,3200,51200,0,0,51200,,,,,,85661,,85661,,,,85661,0,85661,90076,,90076,,,,90076,0,90076
2024,121619,00128400,Santa Ana College,CA,17,,8,other,2163,2089,4252,2,Basketball,19,11,,,19,11,1534,29138,2320,25524,54662,,,,,,96004,139976,235980,,,,96004,139976,235980,96004,139976,235980,,,,96004,139976,235980
2024,122889,00128500,Santa Barbara City College,CA,17,,8,other,2158,2553,4711,2,Basketball,16,15,,,16,15,5208,83335,3634,54516,137851,,,,,,148665,150270,298935,,,,148665,150270,298935,148665,150270,298935,,,,148665,150270,298935
2024,122931,00132600,Santa Clara University,CA,3,,1,NCAA,3225,3194,6419,2,Basketball,16,13,,,16,13,94384,1510138,39357,511639,2021777,,,,,,5977436,2734910,8712346,,,,5977436,2734910,8712346,5977436,2734910,8712346,,,,5977436,2734910,8712346
2024,137096,00151900,Santa Fe College,FL,12,,3,NJCAA,2733,2821,5554,2,Basketball,11,13,,,11,13,4356,47919,3437,44682,92601,,,,,,294017,267329,561346,,,,294017,267329,561346,294017,267329,561346,,,,294017,267329,561346
2024,122977,00128600,Santa Monica College,CA,17,,8,other,4361,4945,9306,2,Basketball,16,12,,,16,12,886,14171,1410,16915,31086,,,,,,120874,207662,328536,,,,120874,207662,328536,120874,207662,328536,,,,120874,207662,328536
2024,123013,00128700,Santa Rosa Junior College,CA,17,,8,other,2462,2534,4996,2,Basketball,15,12,,,15,12,2664,39960,3362,40344,80304,,,,,,178318,169172,347490,,,,178318,169172,347490,173890,151558,325448,,,,173890,151558,325448
2024,399212,03695700,Santiago Canyon College,CA,17,,8,other,1061,1008,2069,2,Basketball,22,,,,22,0,616,13547,0,0,13547,,,,,,73228,,73228,,,,73228,0,73228,73228,,73228,,,,73228,0,73228
2024,195304,00281300,Sarah Lawrence College,NY,7,,1,NCAA,303,1207,1510,2,Basketball,18,14,,,18,14,2662,47911,2598,36376,84287,,,,,,111145,97584,208729,,,,111145,97584,208729,111145,97584,208729,,,,111145,97584,208729
2024,148672,00175200,Sauk Valley Community College,IL,12,,3,NJCAA,259,368,627,2,Basketball,13,11,,,13,11,3233,42031,1263,13890,55921,,,,,,128887,77327,206214,,,,128887,77327,206214,128886,77327,206213,,,,128886,77327,206213
2024,140960,00159000,Savannah State University,GA,4,,1,NCAA,924,1577,2501,2,Basketball,20,16,,,20,16,1147,22945,2171,34739,57684,,,,,,289931,284448,574379,,,,289931,284448,574379,289931,284448,574379,,,,289931,284448,574379
2024,172200,00231500,Schoolcraft Community College District,MI,13,,3,NJCAA,1482,1548,3030,2,Basketball,15,18,,,15,18,1664,24954,2416,43489,68443,,,,,,85220,99008,184228,,,,85220,99008,184228,85526,96745,182271,,,,85526,96745,182271
2024,228042,00361000,Schreiner University,TX,7,,1,NCAA,483,544,1027,2,Basketball,28,19,,,28,19,2979,83416,3757,71390,154806,,,,,,235025,177129,412154,,,,235025,177129,412154,245468,187428,432896,,,,245468,187428,432896
2024,105747,00830400,Scottsdale Community College,AZ,13,,3,NJCAA,717,791,1508,2,Basketball,17,13,,,17,13,1172,19916,1674,21762,41678,,,,,,118744,124710,243454,,,,118744,124710,243454,118744,124710,243454,,,,118744,124710,243454
2024,236577,00378800,Seattle Pacific University,WA,5,,1,NCAA,594,1113,1707,2,Basketball,16,13,,,16,13,5181,82891,4703,61134,144025,,,,,,748221,624629,1372850,,,,748221,624629,1372850,748221,624629,1372850,,,,748221,624629,1372850
2024,236595,00379000,Seattle University,WA,3,,1,NCAA,1560,2406,3966,2,Basketball,16,11,,,16,11,89594,1433511,52922,582140,2015651,,,,,,3375756,1900943,5276699,,,,3375756,1900943,5276699,3375756,1900943,5276699,,,,3375756,1900943,5276699
2024,207740,00317800,Seminole State College,OK,12,,3,NJCAA,231,442,673,2,Basketball,18,16,,,18,16,1409,25355,1352,21627,46982,,,,,,261004,201198,462202,,,,261004,201198,462202,261004,201198,462202,,,,261004,201198,462202
2024,186584,00263200,Seton Hall University,NJ,3,,1,NCAA,2574,3334,5908,2,Basketball,17,15,,,17,15,118689,2017716,92397,1385949,3403665,,,,,,9788925,4388420,14177345,,,,9788925,4388420,14177345,9788925,4388420,14177345,,,,9788925,4388420,14177345
2024,215947,00336200,Seton Hill University,PA,4,,1,NCAA,522,872,1394,2,Basketball,23,24,,,23,24,4869,111978,4546,109100,221078,,,,,,629218,567850,1197068,,,,629218,567850,1197068,629218,567850,1197068,,,,629218,567850,1197068
2024,155858,00822800,Seward County Community College,KS,12,,3,NJCAA,325,409,734,2,Basketball,24,15,,,24,15,2422,58120,3552,53285,111405,,,,,,318975,290202,609177,,,,318975,290202,609177,318975,290202,609177,,,,318975,290202,609177
2024,123299,00128900,Shasta College,CA,17,,8,other,1283,1780,3063,2,Basketball,21,17,,,21,17,2102,44149,2973,50545,94694,,,,,,76936,66167,143103,,,,76936,66167,143103,76936,66167,143103,,,,76936,66167,143103
2024,199643,00296200,Shaw University,NC,4,,1,NCAA,411,410,821,2,Basketball,17,17,,,17,17,4998,84965,3706,63000,147965,,,,,,533905,628058,1161963,,,,533905,628058,1161963,533905,628058,1161963,,,,533905,628058,1161963
2024,148821,00769300,Shawnee Community College,IL,12,,3,NJCAA,154,276,430,2,Basketball,15,12,,,15,12,2834,42508,2794,33530,76038,,,,,,163766,119609,283375,,,,163766,119609,283375,163766,119609,283375,,,,163766,119609,283375
2024,205443,00994200,Shawnee State University,OH,9,,2,NAIA,833,1105,1938,2,Basketball,15,13,,,15,13,4400,66001,4803,62436,128437,,,,,,392846,385054,777900,,,,392846,385054,777900,381777,372642,754419,,,,381777,372642,754419
2024,102067,00569100,Shelton State Community College,AL,12,,3,NJCAA,752,883,1635,2,Basketball,15,13,,,15,13,3696,55442,8979,116730,172172,,,,,,358222,415836,774058,,,,358222,415836,774058,358222,415836,774058,,,,358222,415836,774058
2024,233541,00373700,Shenandoah University,VA,6,,1,NCAA,874,1183,2057,2,Basketball,16,19,,,16,19,3623,57972,1417,26916,84888,,,,,,220393,167949,388342,,,,220393,167949,388342,220393,167949,388342,,,,220393,167949,388342
2024,237792,00382200,Shepherd University,WV,4,,1,NCAA,856,1291,2147,2,Basketball,14,15,,,14,15,4013,56184,3121,46816,103000,,,,,,423153,320933,744086,,,,423153,320933,744086,423153,320933,744086,,,,423153,320933,744086
2024,216010,00332600,Shippensburg University of Pennsylvania,PA,4,,1,NCAA,1897,1965,3862,2,Basketball,14,13,,,14,13,6130,85825,7435,96654,182479,,,,,,564116,536571,1100687,,,,564116,536571,1100687,529087,592955,1122042,,,,529087,592955,1122042
2024,236610,00379100,Shoreline Community College,WA,19,,8,other,724,816,1540,2,Basketball,11,9,,,11,9,1606,17665,2019,18173,35838,,,,,,41185,40759,81944,,,,41185,40759,81944,41185,40759,81944,,,,41185,40759,81944
2024,107840,00110500,Shorter College,AR,13,,3,NJCAA,120,150,270,2,Basketball,11,11,,,11,11,477,5244,459,5049,10293,,,,,,244500,254494,498994,,,,244500,254494,498994,244500,254494,498994,,,,244500,254494,498994
2024,140988,00159100,Shorter University,GA,4,,1,NCAA,505,475,980,2,Basketball,16,19,,,16,19,3760,60152,3490,66302,126454,,,,,,379424,457058,836482,,,,379424,457058,836482,379424,457058,836482,,,,379424,457058,836482
2024,195474,00281600,Siena College,NY,3,,1,NCAA,1522,1809,3331,2,Basketball,18,14,,,18,14,35120,632163,4606,64484,696647,,,,,,4052910,2308984,6361894,,,,4052910,2308984,6361894,3847143,2382424,6229567,,,,3847143,2382424,6229567
2024,172264,00231600,Siena Heights University,MI,10,,2,NAIA,540,587,1127,2,Basketball,26,29,,,26,29,2293,59613,2977,86343,145956,,,,,,359011,460709,819720,,,,359011,460709,819720,337927,386389,724316,,,,337927,386389,724316
2024,123341,00129000,Sierra College,CA,17,,8,other,3124,3396,6520,2,Basketball,17,16,,,17,16,2478,42130,3772,60346,102476,,,,,,102075,214622,316697,,,,102075,214622,316697,96337,202214,298551,,,,96337,202214,298551
2024,461759,04178000,Simmons College of Kentucky,KY,16,,4,NCCAA,239,185,424,2,Basketball,15,15,,,15,15,6727,100901,8754,131306,232207,,,,,,125988,157023,283011,,,,125988,157023,283011,125828,156863,282691,,,,125828,156863,282691
2024,800001,00844400,Simon Fraser University,,5,,1,NCAA,6187,6909,13096,2,Basketball,17,14,,,17,14,11292,191957,11543,161601,353558,,,,,,614507,546791,1161298,,,,614507,546791,1161298,685077,567001,1252078,,,,685077,567001,1252078
2024,154350,00188700,Simpson College,IA,6,,1,NCAA,601,600,1201,2,Basketball,26,25,,,26,25,1847,48009,2448,61208,109217,,,,,,200369,207571,407940,,,,200369,207571,407940,200282,212482,412764,,,,200282,212482,412764
2024,123457,00129100,Simpson University,CA,10,,2,NAIA,394,337,731,2,Basketball,30,19,,,30,19,1800,54010,3448,65508,119518,,,,,,913831,593352,1507183,,,,913831,593352,1507183,913831,593352,1507183,,,,913831,593352,1507183
2024,219408,02277300,Sisseton Wahpeton College,SD,18,,8,other,55,90,145,2,Basketball,12,12,,,12,12,1035,12425,1035,12425,24850,,,,,,33942,33942,67884,,,,33942,33942,67884,33942,33942,67884,,,,33942,33942,67884
2024,236638,00379200,Skagit Valley College,WA,19,,8,other,708,979,1687,2,Basketball,14,14,,,14,14,1838,25727,2253,31543,57270,,,,,,64814,64888,129702,,,,64814,64888,129702,64814,64888,129702,,,,64814,64888,129702
2024,195526,00281400,Skidmore College,NY,7,,1,NCAA,1068,1600,2668,2,Basketball,16,15,,,16,15,4001,64019,2770,41554,105573,,,,,,178384,137185,315569,,,,178384,137185,315569,178384,137185,315569,,,,178384,137185,315569
2024,123509,00771300,Skyline College,CA,17,,8,other,968,1017,1985,2,Basketball,18,18,,,18,18,1957,35226,2146,38628,73854,,,,,,110842,102747,213589,,,,110842,102747,213589,110842,102747,213589,,,,110842,102747,213589
2024,216038,00332700,Slippery Rock University of Pennsylvania,PA,4,,1,NCAA,2845,3581,6426,2,Basketball,21,22,,,21,22,4693,98547,3144,69165,167712,,,,,,559587,493953,1053540,,,,559587,493953,1053540,551585,484729,1036314,,,,551585,484729,1036314
2024,102076,00103800,Snead State Community College,AL,8,D1 sports Baseball/ Softball  All other D2,8,other,406,528,934,2,Basketball,15,13,,,15,13,5021,75313,2804,36453,111766,,,,,,251480,140629,392109,,,,251480,140629,392109,246713,137607,384320,,,,246713,137607,384320
2024,230597,00367900,Snow College,UT,12,,3,NJCAA,1271,1540,2811,2,Basketball,14,15,,,14,15,11194,156714,7524,112866,269580,,,,,,450720,357128,807848,,,,450720,357128,807848,450720,357128,807848,,,,450720,357128,807848
2024,123563,00129200,Solano Community College,CA,17,,8,other,1282,1580,2862,2,Basketball,15,11,,,15,11,2733,41000,3635,39980,80980,,,,,,212543,205827,418370,,,,212543,205827,418370,212543,205827,418370,,,,212543,205827,418370
2024,123572,00115600,Sonoma State University,CA,5,,1,NCAA,1821,2741,4562,2,Basketball,15,15,,,15,15,8695,130432,7410,111146,241578,,,,,,683216,581491,1264707,,,,683216,581491,1264707,683216,581491,1264707,,,,683216,581491,1264707
2024,107974,02074600,South Arkansas College,AR,13,,3,NJCAA,128,262,390,2,Basketball,13,11,,,13,11,2008,26100,1844,20279,46379,,,,,,81337,74292,155629,,,,81337,74292,155629,78624,74513,153137,,,,78624,74513,153137
2024,218733,00344600,South Carolina State University,SC,2,,1,NCAA,1221,1468,2689,2,Basketball,16,15,,,16,15,27714,443429,21344,320167,763596,,,,,,1410787,1202933,2613720,,,,1410787,1202933,2613720,1410787,1202933,2613720,,,,1410787,1202933,2613720
2024,219347,00347000,South Dakota School of Mines and Technology,SD,4,,1,NCAA,1426,368,1794,2,Basketball,16,15,,,16,15,3614,57818,3465,51969,109787,,,,,,581558,502199,1083757,,,,581558,502199,1083757,581558,502199,1083757,,,,581558,502199,1083757
2024,219356,00347100,South Dakota State University,SD,2,,1,NCAA,3743,4382,8125,2,Basketball,15,15,,,15,15,49527,742902,45219,678289,1421191,,,,,,2622597,2156630,4779227,,,,2622597,2156630,4779227,2622597,2156630,4779227,,,,2622597,2156630,4779227
2024,482699,00159200,South Georgia State College,GA,12,,3,NJCAA,368,616,984,2,Basketball,15,,,,15,0,2274,34106,0,0,34106,,,,,,92300,,92300,,,,92300,0,92300,101432,,101432,,,,101432,0,101432
2024,141006,00561700,South Georgia Technical College,GA,12,,3,NJCAA,442,335,777,2,Basketball,15,14,,,15,14,6304,94555,11178,156488,251043,,,,,,427497,518511,946008,,,,427497,518511,946008,427497,518511,946008,,,,427497,518511,946008
2024,105792,02146600,South Mountain Community College,AZ,13,,3,NJCAA,567,827,1394,2,Basketball,16,10,,,16,10,1544,24699,2054,20536,45235,,,,,,92967,68828,161795,,,,92967,68828,161795,77073,62710,139783,,,,77073,62710,139783
2024,228158,00361100,South Plains College,TX,12,,3,NJCAA,1532,2042,3574,2,Basketball,14,13,,,14,13,3740,52363,3451,44857,97220,,,,,,376816,354663,731479,,,,376816,354663,731479,376816,354663,731479,,,,376816,354663,731479
2024,236656,00537200,South Puget Sound Community College,WA,19,,8,other,762,1018,1780,2,Basketball,12,14,,,12,14,3887,46647,4232,59251,105898,,,,,,90868,97552,188420,,,,90868,97552,188420,90868,97552,188420,,,,90868,97552,188420
2024,149365,00176900,South Suburban College,IL,13,,3,NJCAA,293,487,780,2,Basketball,15,10,,,15,10,2616,39246,3665,36653,75899,,,,,,108626,98813,207439,,,,108626,98813,207439,108626,98813,207439,,,,108626,98813,207439
2024,107637,00570700,Southeast Arkansas College,AR,13,,3,NJCAA,286,385,671,2,Basketball,21,15,,,21,15,330,6930,240,3595,10525,,,,,,104661,220561,325222,,,,104661,220561,325222,104661,220561,325222,,,,104661,220561,325222
2024,181640,02508300,Southeast Community College Area,NE,13,,3,NJCAA,1988,1414,3402,2,Basketball,20,16,,,20,16,2959,59172,2745,43921,103093,,,,,,142584,168646,311230,,,,142584,168646,311230,139156,167286,306442,,,,139156,167286,306442
2024,179557,00250100,Southeast Missouri State University,MO,2,,1,NCAA,2307,3341,5648,2,Basketball,14,15,,,14,15,34840,487760,20552,308274,796034,,,,,,1614610,1166039,2780649,,,,1614610,1166039,2780649,1614610,1166039,2780649,,,,1614610,1166039,2780649
2024,176336,00243500,Southeastern Baptist College,MS,16,,4,NCCAA,64,19,83,2,Basketball,21,9,,,21,9,2422,50867,2150,19346,70213,,,,,,74164,51346,125510,,,,74164,51346,125510,74164,51346,125510,,,,74164,51346,125510
2024,154378,00184800,Southeastern Community College,IA,8,NJCAA Division I and II,8,other,485,654,1139,2,Basketball,14,,,,14,0,5572,78011,0,0,78011,,,,,,430001,,430001,,,,430001,0,430001,430001,,430001,,,,430001,0,430001
2024,160612,00202400,Southeastern Louisiana University,LA,2,,1,NCAA,3055,4955,8010,2,Basketball,15,15,,,15,15,17620,264294,22711,340662,604956,,,,,,1181300,1222867,2404167,,,,1181300,1222867,2404167,1181300,1222867,2404167,,,,1181300,1222867,2404167
2024,207847,00317900,Southeastern Oklahoma State University,OK,4,,1,NCAA,1007,1261,2268,2,Basketball,17,15,,,17,15,6424,109212,6631,99467,208679,,,,,,528159,472420,1000579,,,,528159,472420,1000579,528159,472420,1000579,,,,528159,472420,1000579
2024,137564,00152100,Southeastern University,FL,9,,2,NAIA,1718,2516,4234,2,Basketball,19,13,,,19,13,2370,45037,4272,55538,100575,,,,,,485970,511080,997050,,,,485970,511080,997050,471491,506453,977944,,,,471491,506453,977944
2024,107983,00110700,Southern Arkansas University Main Campus,AR,4,,1,NCAA,1077,1513,2590,2,Basketball,16,17,,,16,17,5153,82440,4088,69495,151935,,,,,,452569,373168,825737,,,,452569,373168,825737,452569,373168,825737,,,,452569,373168,825737
2024,107992,00773800,Southern Arkansas University Tech,AR,13,,3,NJCAA,184,256,440,2,Basketball,17,16,,,17,16,417,7095,165,2640,9735,,,,,,119941,130453,250394,,,,119941,130453,250394,119941,130453,250394,,,,119941,130453,250394
2024,130493,00140600,Southern Connecticut State University,CT,4,,1,NCAA,2159,3321,5480,2,Basketball,15,13,,,15,13,3995,59920,5910,76825,136745,,,,,,730200,732611,1462811,,,,730200,732611,1462811,730200,732611,1462811,,,,730200,732611,1462811
2024,139986,00562100,Southern Crescent Technical College,GA,12,,3,NJCAA,454,1018,1472,2,Basketball,15,10,,,15,10,1771,26565,2657,26565,53130,,,,,,173555,173555,347110,,,,173555,173555,347110,173555,173555,347110,,,,173555,173555,347110
2024,149231,00175900,Southern Illinois University Edwardsville,IL,3,,1,NCAA,3173,4281,7454,2,Basketball,15,24,,,15,24,25092,376378,10246,245910,622288,,,,,,1698059,1309821,3007880,,,,1698059,1309821,3007880,1698059,1309821,3007880,,,,1698059,1309821,3007880
2024,149222,00175800,Southern Illinois University-Carbondale,IL,2,,1,NCAA,3409,3938,7347,2,Basketball,14,15,,,14,15,60279,843904,33427,501404,1345308,,,,,,3008666,1770039,4778705,,,,3008666,1770039,4778705,3008666,1770039,4778705,,,,3008666,1770039,4778705
2024,161545,00552500,Southern Maine Community College,ME,20,,8,other,1303,1540,2843,2,Basketball,15,13,,,15,13,2016,30239,1937,25184,55423,,,,,,51662,46607,98269,,,,51662,46607,98269,51662,46607,98269,,,,51662,46607,98269
2024,228246,00361300,Southern Methodist University,TX,1,,1,NCAA,3477,3668,7145,2,Basketball,16,13,,,16,13,153711,2459376,140968,1832589,4291965,,,,,,16735281,7327986,24063267,,,,16735281,7327986,24063267,16735281,7327986,24063267,,,,16735281,7327986,24063267
2024,206862,00314900,Southern Nazarene University,OK,4,,1,NCAA,578,606,1184,2,Basketball,30,33,,,30,33,3270,98087,3721,122801,220888,,,,,,847980,761986,1609966,,,,847980,761986,1609966,791095,723376,1514471,,,,791095,723376,1514471
2024,183026,00258000,Southern New Hampshire University,NH,5,,1,NCAA,20716,32943,53659,2,Basketball,15,12,,,15,12,4673,70099,3964,47568,117667,,,,,,694234,574762,1268996,,,,694234,574762,1268996,694234,574762,1268996,,,,694234,574762,1268996
2024,210146,00321900,Southern Oregon University,OR,10,,2,NAIA,837,1441,2278,2,Basketball,17,15,,,17,15,4705,79984,9974,149615,229599,,,,,,338851,428851,767702,,,,338851,428851,767702,338851,428851,767702,,,,338851,428851,767702
2024,251260,00104000,Southern Union State Community College,AL,12,,3,NJCAA,1279,1257,2536,2,Basketball,19,18,,,19,18,3131,59495,1941,34935,94430,,,,,,240419,176805,417224,,,,240419,176805,417224,240419,176805,417224,,,,240419,176805,417224
2024,160621,00202500,Southern University and A & M College,LA,2,,1,NCAA,1818,3721,5539,2,Basketball,16,16,,,16,16,23421,374742,20007,320109,694851,,,,,,842385,895927,1738312,,,,842385,895927,1738312,1229692,1089349,2319041,,,,1229692,1089349,2319041
2024,160630,00202600,Southern University at New Orleans,LA,9,,2,NAIA,277,621,898,2,Basketball,20,10,,,20,10,3515,70302,8130,81301,151603,,,,,,255906,263805,519711,,,,255906,263805,519711,255906,263805,519711,,,,255906,263805,519711
2024,160649,00768600,Southern University at Shreveport,LA,12,,3,NJCAA,373,982,1355,2,Basketball,12,11,,,12,11,4939,59268,4455,49005,108273,,,,,,192234,171943,364177,,,,192234,171943,364177,192234,171943,364177,,,,192234,171943,364177
2024,230603,00367800,Southern Utah University,UT,2,,1,NCAA,3470,4414,7884,2,Basketball,21,18,,,21,18,30009,630198,23061,415093,1045291,,,,,,1674288,1321961,2996249,,,,1674288,1321961,2996249,1812262,1447602,3259864,,,,1812262,1447602,3259864
2024,233611,00373800,Southern Virginia University,VA,6,,1,NCAA,484,429,913,2,Basketball,22,16,,,22,16,3306,72738,5650,90404,163142,,,,,,189025,198842,387867,,,,189025,198842,387867,189025,198842,387867,,,,189025,198842,387867
2024,217776,00342200,Southern Wesleyan University,SC,5,,1,NCAA,254,329,583,2,Basketball,28,17,,,28,17,2132,59694,4489,76320,136014,,,,,,380767,346767,727534,,,,380767,346767,727534,380767,346767,727534,,,,380767,346767,727534
2024,179326,00250200,Southwest Baptist University,MO,4,,1,NCAA,447,610,1057,2,Basketball,18,15,,,18,15,3872,69700,4827,72412,142112,,,,,,564321,538035,1102356,,,,564321,538035,1102356,564321,538035,1102356,,,,564321,538035,1102356
2024,175078,00237500,Southwest Minnesota State University,MN,4,,1,NCAA,609,1034,1643,2,Basketball,15,15,,,15,15,7309,109629,7540,113103,222732,,,,,,623595,510333,1133928,,,,623595,510333,1133928,623595,510333,1133928,,,,623595,510333,1133928
2024,176354,00243600,Southwest Mississippi Community College,MS,12,,3,NJCAA,527,758,1285,2,Basketball,14,12,,,14,12,3276,45860,3433,41191,87051,,,,,,276638,274694,551332,,,,276638,274694,551332,276638,274694,551332,,,,276638,274694,551332
2024,221485,01043900,Southwest Tennessee Community College,TN,12,,3,NJCAA,926,1835,2761,2,Basketball,12,11,,,12,11,9785,117423,9872,108589,226012,,,,,,326650,318027,644677,,,,326650,318027,644677,326650,318027,644677,,,,326650,318027,644677
2024,233648,00726000,Southwest Virginia Community College,VA,8,NJCAA - Multiple Divisions Based On Sports,8,other,429,543,972,2,Basketball,14,11,,,14,11,1713,23985,2235,24589,48574,,,,,,52551,56508,109059,,,,52551,56508,109059,52551,56508,109059,,,,52551,56508,109059
2024,228468,00361900,Southwestern Adventist University,TX,16,,4,NCCAA,229,301,530,2,Basketball,15,13,,,15,13,1736,26035,1907,24788,50823,,,,,,62749,46184,108933,,,,62749,46184,108933,43906,40503,84409,,,,43906,40503,84409
2024,228486,00361800,Southwestern Christian College,TX,12,,3,NJCAA,55,45,100,2,Basketball,25,25,,,25,25,400,10000,400,10000,20000,,,,,,460000,460000,920000,,,,460000,460000,920000,110000,130000,240000,,,,110000,130000,240000
2024,207856,00318000,Southwestern Christian University,OK,9,,2,NAIA,209,127,336,2,Basketball,18,20,,,18,20,2181,39250,2063,41265,80515,,,,,,341186,354333,695519,,,,341186,354333,695519,341186,354333,695519,,,,341186,354333,695519
2024,155900,00194000,Southwestern College,KS,10,,2,NAIA,400,208,608,2,Basketball,51,12,,,51,12,777,39626,1713,20554,60180,,,,,,845907,269941,1115848,,,,845907,269941,1115848,807786,264704,1072490,,,,807786,264704,1072490
2024,123800,00129400,Southwestern College,CA,17,,8,other,3822,4237,8059,2,Basketball,14,14,,,14,14,1296,18144,1150,16100,34244,,,,,,56279,47893,104172,,,,56279,47893,104172,55722,48377,104099,,,,55722,48377,104099
2024,154396,00185700,Southwestern Community College,IA,13,,3,NJCAA,220,314,534,2,Basketball,10,9,,,10,9,3202,32015,3232,29089,61104,,,,,,110195,69849,180044,,,,110195,69849,180044,110195,69849,180044,,,,110195,69849,180044
2024,143215,00163600,Southwestern Illinois College,IL,12,,3,NJCAA,1300,1404,2704,2,Basketball,15,15,,,15,15,4351,65259,3855,57830,123089,,,,,,348680,300542,649222,,,,348680,300542,649222,348680,300542,649222,,,,348680,300542,649222
2024,172307,00231700,Southwestern Michigan College,MI,13,not sure,3,NJCAA,411,552,963,2,Basketball,14,13,,,14,13,5053,70738,6122,79583,150321,,,,,,140690,135617,276307,,,,140690,135617,276307,140690,135617,276307,,,,140690,135617,276307
2024,207865,00318100,Southwestern Oklahoma State University,OK,4,,1,NCAA,1181,1784,2965,2,Basketball,18,13,,,18,13,5368,96616,7854,102107,198723,,,,,,459602,448429,908031,,,,459602,448429,908031,459602,448429,908031,,,,459602,448429,908031
2024,210155,00322000,Southwestern Oregon Community College,OR,8,NWAC and NJCAA D-1,8,other,327,444,771,2,Basketball,18,10,,,18,10,3343,60180,2208,22079,82259,,,,,,140558,71251,211809,,,,140558,71251,211809,140558,71251,211809,,,,140558,71251,211809
2024,228343,00362000,Southwestern University,TX,6,,1,NCAA,646,777,1423,2,Basketball,20,17,,,20,17,4038,80750,4007,68112,148862,,,,,,266549,211508,478057,,,,266549,211508,478057,265579,195379,460958,,,,265579,195379,460958
2024,157757,00196000,Spalding University,KY,7,,1,NCAA,210,308,518,2,Basketball,23,17,,,23,17,3986,91676,4602,78236,169912,,,,,,153091,128227,281318,,,,153091,128227,281318,153091,128227,281318,,,,153091,128227,281318
2024,218821,00344700,Spartanburg Methodist College,SC,9,,2,NAIA,471,623,1094,2,Basketball,23,15,,,23,15,3904,89802,5045,75671,165473,,,,,,225224,222643,447867,,,,225224,222643,447867,225224,222643,447867,,,,225224,222643,447867
2024,236708,00954400,Spokane Falls Community College,WA,19,,8,other,921,1262,2183,2,Basketball,15,11,,,15,11,4514,67705,3384,37224,104929,,,,,,124614,95432,220046,,,,124614,95432,220046,124704,95432,220136,,,,124704,95432,220136
2024,148991,00164300,Spoon River College,IL,13,,3,NJCAA,169,257,426,2,Basketball,12,10,,,12,10,1810,21722,2624,26238,47960,,,,,,79966,95562,175528,,,,79966,95562,175528,79966,95562,175528,,,,79966,95562,175528
2024,172334,00231800,Spring Arbor University,MI,10,,2,NAIA,326,575,901,2,Basketball,30,32,,,30,32,2429,72884,3469,111000,183884,,,,,,569475,690033,1259508,,,,569475,690033,1259508,545540,639265,1184805,,,,545540,639265,1184805
2024,102234,00104100,Spring Hill College,AL,5,,1,NCAA,325,432,757,2,Basketball,15,14,,,15,14,10735,161032,7309,102330,263362,,,,,,674923,567864,1242787,,,,674923,567864,1242787,642677,559834,1202511,,,,642677,559834,1202511
2024,167899,00221100,Springfield College,MA,6,,1,NCAA,892,845,1737,2,Basketball,22,15,,,22,15,1431,31471,7605,114073,145544,,,,,,219315,287428,506743,,,,219315,287428,506743,219315,287428,506743,,,,219315,287428,506743
2024,167905,00807800,Springfield Technical Community College,MA,14,,3,NJCAA,693,920,1613,2,Basketball,16,,,,16,0,1277,20432,0,0,20432,,,,,,41470,,41470,,,,41470,0,41470,41470,,41470,,,,41470,0,41470
2024,195164,00281700,St Bonaventure University,NY,3,,1,NCAA,1046,958,2004,2,Basketball,15,14,,,15,14,93453,1401788,39798,557169,1958957,,,,,,5859386,2559708,8419094,,,,5859386,2559708,8419094,5859386,2559708,8419094,,,,5859386,2559708,8419094
2024,175005,00234200,St Catherine University,MN,7,,1,NCAA,23,1622,1645,2,Basketball,,21,,,0,21,0,0,2256,47381,47381,,,,,,,174251,174251,,,,0,174251,174251,,174251,174251,,,,0,174251,174251
2024,172291,00231000,St Clair County Community College,MI,13,,3,NJCAA,411,638,1049,2,Basketball,14,14,,,14,14,2821,39488,3128,43796,83284,,,,,,110526,111764,222290,,,,110526,111764,222290,110526,111764,222290,,,,110526,111764,222290
2024,174756,00553400,St Cloud Technical and Community College,MN,14,,3,NJCAA,711,918,1629,2,Basketball,15,12,,,15,12,2628,39427,3618,43413,82840,,,,,,73959,69579,143538,,,,73959,69579,143538,73959,68579,142538,,,,73959,68579,142538
2024,195216,00282900,St Lawrence University,NY,6,,1,NCAA,911,1005,1916,2,Basketball,17,19,,,17,19,3051,51873,2313,43954,95827,,,,,,161881,147106,308987,,,,161881,147106,308987,161881,147106,308987,,,,161881,147106,308987
2024,174844,00238200,St Olaf College,MN,6,,1,NCAA,1270,1796,3066,2,Basketball,15,14,,,15,14,4666,69995,2988,41830,111825,,,,,,266661,195474,462135,,,,266661,195474,462135,248102,195474,443576,,,,248102,195474,443576
2024,137078,00152800,St Petersburg College,FL,12,,3,NJCAA,2792,3483,6275,2,Basketball,13,14,,,13,14,4645,60382,3372,47209,107591,,,,,,373262,227036,600298,,,,373262,227036,600298,373262,227036,600298,,,,373262,227036,600298
2024,195720,00282100,St. John Fisher University,NY,6,,1,NCAA,1060,1455,2515,2,Basketball,33,16,,,33,16,2170,71603,3808,60928,132531,,,,,,248645,166507,415152,,,,248645,166507,415152,237698,153281,390979,,,,237698,153281,390979
2024,195809,00282300,St. John's University-New York,NY,3,,1,NCAA,4147,5172,9319,2,Basketball,13,14,,,13,14,283903,3690733,53705,751864,4442597,,,,,,31994396,6689315,38683711,,,,31994396,6689315,38683711,31994396,6689315,38683711,,,,31994396,6689315,38683711
2024,195544,00282500,St. Joseph's University-New York,NY,7,,1,NCAA,982,1885,2867,2,Basketball,35,29,,,35,29,1998,69917,2547,73870,143787,,,,,,127269,130665,257934,,,,127269,130665,257934,127269,130665,257934,,,,127269,130665,257934
2024,163912,00209500,St. Mary's College of Maryland,MD,7,,1,NCAA,626,949,1575,2,Basketball,13,14,,,13,14,4261,55392,3944,55209,110601,,,,,,258465,242965,501430,,,,258465,242965,501430,258465,242965,501430,,,,258465,242965,501430
2024,228149,00362300,St. Mary's University,TX,5,,1,NCAA,754,1146,1900,2,Basketball,16,15,,,16,15,9871,157930,6694,100413,258343,,,,,,1036908,764729,1801637,,,,1036908,764729,1801637,896913,759819,1656732,,,,896913,759819,1656732
2024,195243,00283200,St. Thomas Aquinas College,NY,5,,1,NCAA,518,435,953,2,Basketball,19,13,,,19,13,9421,178994,6352,82577,261571,,,,,,905356,577621,1482977,,,,905356,577621,1482977,905356,577621,1482977,,,,905356,577621,1482977
2024,137476,00146800,St. Thomas University,FL,9,,2,NAIA,1180,840,2020,2,Basketball,14,13,,,14,13,7018,98258,5119,66549,164807,,,,,,514756,374985,889741,,,,514756,374985,889741,514756,374985,889741,,,,514756,374985,889741
2024,243744,00130500,Stanford University,CA,1,,1,NCAA,3654,3900,7554,2,Basketball,16,24,,,16,24,196628,3146047,108739,2609729,5755776,,,,,,10765368,7887092,18652460,,,,10765368,7887092,18652460,10765368,7887092,18652460,,,,10765368,7887092,18652460
2024,179539,00808000,State Fair Community College,MO,12,,3,NJCAA,685,1267,1952,2,Basketball,11,13,,,11,13,8164,89804,7642,99347,189151,,,,,,440295,488986,929281,,,,440295,488986,929281,440295,488986,929281,,,,440295,488986,929281
2024,196149,00284300,State University of New York at Cortland,NY,6,,1,NCAA,2722,3063,5785,2,Basketball,14,17,,,14,17,5932,83046,3526,59934,142980,,,,,,231292,194323,425615,,,,231292,194323,425615,231292,194323,425615,,,,231292,194323,425615
2024,196176,00284600,State University of New York at New Paltz,NY,7,,1,NCAA,2019,3601,5620,2,Basketball,14,14,,,14,14,3412,47765,3594,50322,98087,,,,,,182585,220709,403294,,,,182585,220709,403294,156532,199040,355572,,,,156532,199040,355572
2024,196194,00284800,State University of New York at Oswego,NY,7,,1,NCAA,2508,2622,5130,2,Basketball,19,16,,,19,16,3323,63139,3123,49967,113106,,,,,,214777,164724,379501,,,,214777,164724,379501,203385,164724,368109,,,,203385,164724,368109
2024,196246,00284900,State University of New York at Plattsburgh,NY,7,,1,NCAA,1391,2002,3393,2,Basketball,18,15,,,18,15,2001,36016,3094,46410,82426,,,,,,220385,212647,433032,,,,220385,212647,433032,217709,203892,421601,,,,217709,203892,421601
2024,228431,00362400,Stephen F Austin State University,TX,2,,1,NCAA,2911,4959,7870,2,Basketball,15,14,,,15,14,27732,415975,36996,517939,933914,,,,,,2403896,1573154,3977050,,,,2403896,1573154,3977050,2403896,1573154,3977050,,,,2403896,1573154,3977050
2024,179548,00251200,Stephens College,MO,9,,2,NAIA,14,365,379,2,Basketball,,15,,,0,15,0,0,6951,104271,104271,,,,,,,512374,512374,,,,0,512374,512374,,518455,518455,,,,0,518455,518455
2024,155937,00194500,Sterling College,KS,10,,2,NAIA,294,194,488,2,Basketball,39,26,,,39,26,725,28271,1073,27891,56162,,,,,,2447984,345352,2793336,,,,2447984,345352,2793336,2448794,327604,2776398,,,,2448794,327604,2776398
2024,137546,00153100,Stetson University,FL,2,,1,NCAA,976,1295,2271,2,Basketball,16,15,,,16,15,25533,408532,28099,421488,830020,,,,,,2225101,2223369,4448470,,,,2225101,2223369,4448470,2225101,2223369,4448470,,,,2225101,2223369,4448470
2024,186867,00263900,Stevens Institute of Technology,NJ,7,,1,NCAA,2748,1410,4158,2,Basketball,16,12,,,16,12,4198,67175,7053,84634,151809,,,,,,236675,257288,493963,,,,236675,257288,493963,236675,257288,493963,,,,236675,257288,493963
2024,164173,00210700,Stevenson University,MD,6,,1,NCAA,1150,1655,2805,2,Basketball,16,17,,,16,17,4229,67667,3760,63918,131585,,,,,,190524,203911,394435,,,,190524,203911,394435,182866,197771,380637,,,,182866,197771,380637
2024,102270,00104400,Stillman College,AL,9,,2,NAIA,262,370,632,2,Basketball,15,19,,,15,19,2966,44485,677,12865,57350,,,,,,190210,207311,397521,,,,190210,207311,397521,188377,205860,394237,,,,188377,205860,394237
2024,186876,00934500,Stockton University,NJ,7,,1,NCAA,2878,4373,7251,2,Basketball,20,15,,,20,15,2742,54835,2492,37386,92221,,,,,,257277,223362,480639,,,,257277,223362,480639,257277,223362,480639,,,,257277,223362,480639
2024,167996,00221700,Stonehill College,MA,2,,1,NCAA,1143,1362,2505,2,Basketball,17,28,,,17,28,23061,392032,9711,271897,663929,,,,,,1912027,1929263,3841290,,,,1912027,1929263,3841290,1912027,1929263,3841290,,,,1912027,1929263,3841290
2024,196097,00283800,Stony Brook University,NY,2,,1,NCAA,8309,8832,17141,2,Basketball,14,14,,,14,14,55169,772366,27703,387842,1160208,,,,,,3701192,2369330,6070522,,,,3701192,2369330,6070522,3701192,2369330,6070522,,,,3701192,2369330,6070522
2024,366395,00287800,Suffolk County Community College,NY,14,,3,NJCAA,4458,4815,9273,2,Basketball,10,6,,,10,6,1231,12310,1917,11500,23810,,,,,,31914,30200,62114,,,,31914,30200,62114,31914,30200,62114,,,,31914,30200,62114
2024,168005,00221800,Suffolk University,MA,7,,1,NCAA,1471,2696,4167,2,Basketball,16,16,,,16,16,2194,35111,1507,24110,59221,,,,,,165922,86586,252508,,,,165922,86586,252508,165922,86586,252508,,,,165922,86586,252508
2024,228501,00362500,Sul Ross State University,TX,4,,1,NCAA,428,413,841,2,Basketball,15,13,,,15,13,2774,41603,3013,39175,80778,,,,,,201554,212321,413875,,,,201554,212321,413875,145670,172301,317971,,,,145670,172301,317971
2024,195988,00287900,Sullivan County Community College,NY,14,,3,NJCAA,207,276,483,2,Basketball,13,10,,,13,10,2297,29863,3325,33246,63109,,,,,,55372,66322,121694,,,,55372,66322,121694,55372,66322,121694,,,,55372,66322,121694
2024,188438,00286000,SUNY Adirondack,NY,14,,3,NJCAA,601,650,1251,2,Basketball,14,7,,,14,7,2248,31465,645,4516,35981,,,,,,62012,19551,81563,,,,62012,19551,81563,65810,23938,89748,,,,65810,23938,89748
2024,196158,00284400,SUNY at Fredonia,NY,7,,1,NCAA,1176,1516,2692,2,Basketball,19,16,,,19,16,3395,64511,3707,59305,123816,,,,,,179003,184228,363231,,,,179003,184228,363231,179003,184228,363231,,,,179003,184228,363231
2024,196219,00679100,SUNY at Purchase College,NY,7,,1,NCAA,1239,1771,3010,2,Basketball,17,13,,,17,13,2286,38866,2420,31461,70327,,,,,,128124,123442,251566,,,,128124,123442,251566,128124,123442,251566,,,,128124,123442,251566
2024,196121,00284100,SUNY Brockport,NY,6,,1,NCAA,2237,3001,5238,2,Basketball,18,14,,,18,14,3255,58583,4558,63814,122397,,,,,,240893,234357,475250,,,,240893,234357,475250,240893,234357,475250,,,,240893,234357,475250
2024,189547,00286200,SUNY Broome Community College,NY,14,,3,NJCAA,855,1256,2111,2,Basketball,14,10,,,14,10,2255,31566,2603,26025,57591,,,,,,52106,37335,89441,,,,52106,37335,89441,45018,39769,84787,,,,45018,39769,84787
2024,196130,00284200,SUNY Buffalo State University,NY,6,,1,NCAA,2054,2630,4684,2,Basketball,18,12,,,18,12,4800,86392,4298,51576,137968,,,,,,244446,152562,397008,,,,244446,152562,397008,244446,152562,397008,,,,244446,152562,397008
2024,196167,00284500,SUNY College at Geneseo,NY,7,,1,NCAA,1321,2431,3752,2,Basketball,17,13,,,17,13,4307,73211,8495,110433,183644,,,,,,275784,232778,508562,,,,275784,232778,508562,242963,230175,473138,,,,242963,230175,473138
2024,196200,00285000,SUNY College at Potsdam,NY,7,,1,NCAA,764,981,1745,2,Basketball,16,15,,,16,15,4515,72236,4021,60309,132545,,,,,,192730,160774,353504,,,,192730,160774,353504,192730,160774,353504,,,,192730,160774,353504
2024,196033,00285600,SUNY College of Agriculture and Technology at Cobleskill,NY,7,,1,NCAA,762,1018,1780,2,Basketball,22,17,,,22,17,2449,53879,4021,68352,122231,,,,,,112077,147448,259525,,,,112077,147448,259525,112077,147448,259525,,,,112077,147448,259525
2024,196103,00285100,SUNY College of Environmental Science and Forestry,NY,20,,8,other,814,932,1746,2,Basketball,14,,,,14,0,2534,35475,0,0,35475,,,,,,61090,,61090,,,,61090,0,61090,58795,,58795,,,,58795,0,58795
2024,196006,00285400,SUNY College of Technology at Alfred,NY,6,,1,NCAA,2145,1119,3264,2,Basketball,15,12,,,15,12,3671,55063,6375,76501,131564,,,,,,160534,194726,355260,,,,160534,194726,355260,160194,191130,351324,,,,160194,191130,351324
2024,196015,00285500,SUNY College of Technology at Canton,NY,7,,1,NCAA,1054,1289,2343,2,Basketball,20,19,,,20,19,3752,75037,4273,81188,156225,,,,,,196993,217856,414849,,,,196993,217856,414849,183092,186656,369748,,,,183092,186656,369748
2024,196024,00285700,SUNY College of Technology at Delhi,NY,7,,1,NCAA,1310,1138,2448,2,Basketball,17,14,,,17,14,3648,62020,3559,49827,111847,,,,,,108592,93581,202173,,,,108592,93581,202173,108473,93581,202054,,,,108473,93581,202054
2024,190442,00286300,SUNY Corning Community College,NY,14,,3,NJCAA,338,456,794,2,Basketball,19,14,,,19,14,1944,36927,2126,29766,66693,,,,,,42766,37930,80696,,,,42766,37930,80696,42766,37930,80696,,,,42766,37930,80696
2024,196291,00285300,SUNY Maritime College,NY,6,,1,NCAA,1071,147,1218,2,Basketball,18,,,,18,0,1218,21920,0,0,21920,,,,,,59075,,59075,,,,59075,0,59075,82027,,82027,,,,82027,0,82027
2024,196051,00285900,SUNY Morrisville,NY,6,,1,NCAA,1006,757,1763,2,Basketball,20,10,,,20,10,2745,54903,4371,43705,98608,,,,,,129241,118105,247346,,,,129241,118105,247346,127591,118105,245696,,,,127591,118105,245696
2024,196237,00710900,SUNY Old Westbury,NY,7,,1,NCAA,1551,2121,3672,2,Basketball,19,13,,,19,13,1505,28589,1538,19991,48580,,,,,,69402,46420,115822,,,,69402,46420,115822,68977,46420,115397,,,,68977,46420,115397
2024,196185,00284700,SUNY Oneonta,NY,7,,1,NCAA,1877,2705,4582,2,Basketball,16,14,,,16,14,3115,49844,3264,45689,95533,,,,,,217839,216890,434729,,,,217839,216890,434729,217839,216890,434729,,,,217839,216890,434729
2024,196112,01167800,SUNY Polytechnic Institute,NY,7,,1,NCAA,1145,503,1648,2,Basketball,14,13,,,14,13,3921,54891,3213,41766,96657,,,,,,147998,176713,324711,,,,147998,176713,324711,140368,173162,313530,,,,140368,173162,313530
2024,197294,00288100,SUNY Westchester Community College,NY,14,"NJCAA Divisions I, II and III depending on sport",3,NJCAA,2267,2253,4520,2,Basketball,14,8,,,14,8,2441,34178,575,4600,38778,,,,,,78314,32432,110746,,,,78314,32432,110746,78314,32432,110746,,,,78314,32432,110746
2024,216278,00336900,Susquehanna University,PA,6,,1,NCAA,923,1227,2150,2,Basketball,16,14,,,16,14,3857,61704,3530,49418,111122,,,,,,238545,197544,436089,,,,238545,197544,436089,238545,197544,436089,,,,238545,197544,436089
2024,247603,02568800,Sussex County Community College,NJ,14,,3,NJCAA,787,578,1365,2,Basketball,17,7,,,17,7,1187,20174,1127,7888,28062,,,,,,34673,22990,57663,,,,34673,22990,57663,34673,22990,57663,,,,34673,22990,57663
2024,216287,00337000,Swarthmore College,PA,7,,1,NCAA,772,840,1612,2,Basketball,18,15,,,18,15,4513,81235,4070,61053,142288,,,,,,414920,244724,659644,,,,414920,244724,659644,276320,212406,488726,,,,276320,212406,488726
2024,196413,00288200,Syracuse University,NY,1,,1,NCAA,6571,8390,14961,2,Basketball,17,13,,,17,13,144836,2462212,125427,1630549,4092761,,,,,,31587705,1968506,33556211,,,,31587705,1968506,33556211,15936295,5994083,21930378,,,,15936295,5994083,21930378
2024,155973,00194600,Tabor College,KS,9,,2,NAIA,295,195,490,2,Basketball,30,33,,,30,33,1428,42830,1753,57838,100668,,,,,,477810,481309,959119,,,,477810,481309,959119,421237,415309,836546,,,,421237,415309,836546
2024,236753,00379600,Tacoma Community College,WA,19,,8,other,946,1771,2717,2,Basketball,10,10,,,10,10,2428,24279,2056,20556,44835,,,,,,97694,59078,156772,,,,97694,59078,156772,90747,57725,148472,,,,90747,57725,148472
2024,124113,00130900,Taft College,CA,17,,8,other,307,616,923,2,Basketball,,12,,,0,12,0,0,2416,28986,28986,,,,,,,91345,91345,,,,0,91345,91345,,85682,85682,,,,0,85682,85682
2024,102298,00104600,Talladega College,AL,9,,2,NAIA,413,282,695,2,Basketball,12,16,,,12,16,4840,58075,3307,52912,110987,,,,,,193556,153172,346728,,,,193556,153172,346728,193556,153172,346728,,,,193556,153172,346728
2024,137759,00153300,Tallahassee State College,FL,12,,3,NJCAA,3316,4140,7456,2,Basketball,14,16,,,14,16,2660,37246,2047,32751,69997,,,,,,421160,357883,779043,,,,421160,357883,779043,421160,357883,779043,,,,421160,357883,779043
2024,228529,00363100,Tarleton State University,TX,2,,1,NCAA,4256,6822,11078,2,Basketball,18,15,,,18,15,51495,926917,57685,865270,1792187,,,,,,2613774,2478785,5092559,,,,2613774,2478785,5092559,2613774,2478785,5092559,,,,2613774,2478785,5092559
2024,152530,00183800,Taylor University,IN,9,,2,NAIA,916,1081,1997,2,Basketball,17,17,,,17,17,4958,84281,3642,61906,146187,,,,,,862729,532822,1395551,,,,862729,532822,1395551,619972,501018,1120990,,,,619972,501018,1120990
2024,228608,00362700,Temple College,TX,12,,3,NJCAA,445,793,1238,2,Basketball,17,14,,,17,14,3579,60843,3919,54866,115709,,,,,,244552,242156,486708,,,,244552,242156,486708,244051,242156,486207,,,,244051,242156,486207
2024,216339,00337100,Temple University,PA,1,,1,NCAA,8655,11052,19707,2,Basketball,16,15,,,16,15,96237,1539787,74005,1110077,2649864,,,,,,6770488,5144591,11915079,,,,6770488,5144591,11915079,6770488,5144591,11915079,,,,6770488,5144591,11915079
2024,221838,00352200,Tennessee State University,TN,2,,1,NCAA,1523,2949,4472,2,Basketball,13,11,,,13,11,25310,329027,23572,259296,588323,,,,,,1633260,1291259,2924519,,,,1633260,1291259,2924519,1633260,1291258,2924518,,,,1633260,1291258,2924518
2024,221847,00352300,Tennessee Technological University,TN,2,,1,NCAA,4484,3619,8103,2,Basketball,18,13,,,18,13,19645,353617,34627,450155,803772,,,,,,1828387,1815841,3644228,,,,1828387,1815841,3644228,1828387,1815841,3644228,,,,1828387,1815841,3644228
2024,221731,00352500,Tennessee Wesleyan University,TN,9,,2,NAIA,291,493,784,2,Basketball,30,15,,,30,15,1406,42173,1594,23906,66079,,,,,,524133,283436,807569,,,,524133,283436,807569,500615,276497,777112,,,,500615,276497,777112
2024,206011,00827800,Terra State Community College,OH,13,Ohio Community College Athletic Conference (OCCAC),3,NJCAA,256,254,510,2,Basketball,17,11,,,17,11,1212,20610,1304,14346,34956,,,,,,97971,63393,161364,,,,97971,63393,161364,61531,62106,123637,,,,61531,62106,123637
2024,226152,00965100,Texas A & M International University,TX,5,,1,NCAA,2253,3228,5481,2,Basketball,16,14,,,16,14,10873,173969,10516,147225,321194,,,,,,706394,601092,1307486,,,,706394,601092,1307486,706394,601092,1307486,,,,706394,601092,1307486
2024,224147,01116100,Texas A & M University-Corpus Christi,TX,3,,1,NCAA,2592,3955,6547,2,Basketball,17,23,,,17,23,22348,379924,11609,266997,646921,,,,,,2195184,1724449,3919633,,,,2195184,1724449,3919633,2195184,1724449,3919633,,,,2195184,1724449,3919633
2024,228723,00363200,Texas A&M University-College Station,TX,1,,1,NCAA,28096,25315,53411,2,Basketball,16,11,,,16,11,207979,3327670,180812,1988929,5316599,,,,,,15734652,1036356,16771008,,,,15734652,1036356,16771008,14312941,6645735,20958676,,,,14312941,6645735,20958676
2024,228705,00363900,Texas A&M University-Kingsville,TX,4,,1,NCAA,2131,2026,4157,2,Basketball,17,12,,,17,12,11882,201995,15283,183393,385388,,,,,,556332,377222,933554,,,,556332,377222,933554,702430,596838,1299268,,,,702430,596838,1299268
2024,459949,04248500,Texas A&M University-San Antonio,TX,9,,2,NAIA,1653,2754,4407,2,Basketball,16,25,,,16,25,5503,88052,4706,117659,205711,,,,,,309740,377598,687338,,,,309740,377598,687338,308435,377317,685752,,,,308435,377317,685752
2024,224545,03170300,Texas A&M University-Texarkana,TX,9,,2,NAIA,599,922,1521,2,Basketball,19,16,,,19,16,5118,97233,5401,86418,183651,,,,,,320969,320554,641523,,,,320969,320554,641523,320969,320554,641523,,,,320969,320554,641523
2024,228875,00363600,Texas Christian University,TX,1,,1,NCAA,4172,6674,10846,2,Basketball,17,14,,,17,14,147131,2501230,152876,2140265,4641495,,,,,,15620468,9587284,25207752,,,,15620468,9587284,25207752,15620468,9587284,25207752,,,,15620468,9587284,25207752
2024,228884,00363800,Texas College,TX,9,,2,NAIA,362,191,553,2,Basketball,14,15,,,14,15,8086,113210,6315,94726,207936,,,,,,263439,243407,506846,,,,263439,243407,506846,263439,243407,506846,,,,263439,243407,506846
2024,228981,00364100,Texas Lutheran University,TX,6,,1,NCAA,593,666,1259,2,Basketball,20,21,,,20,21,2346,46916,1868,39236,86152,,,,,,155173,146749,301922,,,,155173,146749,301922,158642,149784,308426,,,,158642,149784,308426
2024,229063,00364200,Texas Southern University,TX,2,,1,NCAA,2077,3879,5956,2,Basketball,16,14,,,16,14,5378,86052,20570,287980,374032,,,,,,1649116,1129776,2778892,,,,1649116,1129776,2778892,1649116,1129776,2778892,,,,1649116,1129776,2778892
2024,228459,00361500,Texas State University,TX,1,,1,NCAA,12424,18614,31038,2,Basketball,15,13,,,15,13,40287,604306,45903,596735,1201041,,,,,,3415913,2859447,6275360,,,,3415913,2859447,6275360,3415913,2859447,6275360,,,,3415913,2859447,6275360
2024,229115,00364400,Texas Tech University,TX,1,,1,NCAA,14714,14791,29505,2,Basketball,15,15,,,15,15,228984,3434756,209099,3136482,6571238,,,,,,15976185,2215872,18192057,,,,15976185,2215872,18192057,15637329,7100215,22737544,,,,15637329,7100215,22737544
2024,229160,00364500,Texas Wesleyan University,TX,9,,2,NAIA,768,878,1646,2,Basketball,16,13,,,16,13,5237,83795,6546,85097,168892,,,,,,507587,453296,960883,,,,507587,453296,960883,499235,439068,938303,,,,499235,439068,938303
2024,229179,00364600,Texas Woman's University,TX,5,,1,NCAA,543,6334,6877,2,Basketball,,14,,,0,14,0,0,10117,141640,141640,,,,,,,697067,697067,,,,0,697067,697067,,697067,697067,,,,0,697067,697067
2024,216296,00791200,Thaddeus Stevens College of Technology,PA,14,,3,NJCAA,1256,168,1424,2,Basketball,11,,,,11,0,3749,41242,0,0,41242,,,,,,58493,,58493,,,,58493,0,58493,57753,,57753,,,,57753,0,57753
2024,131283,00143700,The Catholic University of America,DC,6,,1,NCAA,1409,1562,2971,2,Basketball,18,19,,,18,19,9717,174911,6579,125009,299920,,,,,,359412,315043,674455,,,,359412,315043,674455,390440,325094,715534,,,,390440,325094,715534
2024,142294,00161700,The College of Idaho,ID,10,,2,NAIA,500,531,1031,2,Basketball,16,16,,,16,16,11761,188173,6080,97278,285451,,,,,,522726,369065,891791,,,,522726,369065,891791,522726,369065,891791,,,,522726,369065,891791
2024,187134,00264200,The College of New Jersey,NJ,6,,1,NCAA,3045,3897,6942,2,Basketball,18,16,,,18,16,2725,49041,2648,42371,91412,,,,,,204757,208339,413096,,,,204757,208339,413096,204757,208339,413096,,,,204757,208339,413096
2024,174899,00234300,The College of Saint Scholastica,MN,6,,1,NCAA,582,1041,1623,2,Basketball,19,16,,,19,16,1623,30837,1883,30120,60957,,,,,,211740,217370,429110,,,,211740,217370,429110,174714,211778,386492,,,,174714,211778,386492
2024,206589,00303700,The College of Wooster,OH,6,,1,NCAA,813,910,1723,2,Basketball,25,14,,,25,14,3103,77587,2667,37338,114925,,,,,,304498,184484,488982,,,,304498,184484,488982,258786,169480,428266,,,,258786,169480,428266
2024,235167,00815500,The Evergreen State College,WA,9,,2,NAIA,771,1201,1972,2,Basketball,25,16,,,25,16,2359,58972,3590,57445,116417,,,,,,155570,136199,291769,,,,155570,136199,291769,155570,136199,291769,,,,155570,136199,291769
2024,117751,00122000,The Master's University and Seminary,CA,9,,2,NAIA,584,607,1191,2,Basketball,16,18,,,16,18,8267,132271,7630,137334,269605,,,,,,948731,828079,1776810,,,,948731,828079,1776810,948731,828079,1776810,,,,948731,828079,1776810
2024,100751,00105100,The University of Alabama,AL,1,,1,NCAA,13553,17420,30973,2,Basketball,20,30,,,20,30,131507,2630132,44098,1322947,3953079,,,,,,24406961,5433584,29840545,,,,24406961,5433584,29840545,15230030,5433584,20663614,,,,15230030,5433584,20663614
2024,202763,00304500,The University of Findlay,OH,4,,1,NCAA,688,1458,2146,2,Basketball,24,32,,,24,32,525,12592,696,22263,34855,,,,,,861839,497218,1359057,,,,861839,497218,1359057,751884,682842,1434726,,,,751884,682842,1434726
2024,180489,00253600,The University of Montana,MT,2,,1,NCAA,2810,3617,6427,2,Basketball,16,16,,,16,16,13927,222839,10300,164806,387645,,,,,,3042961,1335985,4378946,,,,3042961,1335985,4378946,3498484,2289658,5788142,,,,3498484,2289658,5788142
2024,180692,00253700,The University of Montana-Western,MT,9,,2,NAIA,400,623,1023,2,Basketball,15,12,,,15,12,6521,97811,6198,74379,172190,,,,,,411073,452124,863197,,,,411073,452124,863197,357237,340579,697816,,,,357237,340579,697816
2024,171599,00230800,The University of Olivet,MI,6,,1,NCAA,505,353,858,2,Basketball,31,13,,,31,13,2613,81007,3461,44988,125995,,,,,,230310,133978,364288,,,,230310,133978,364288,230310,133978,364288,,,,230310,133978,364288
2024,137847,00153800,The University of Tampa,FL,5,,1,NCAA,4393,6000,10393,2,Basketball,19,14,,,19,14,8144,154737,13027,182379,337116,,,,,,1086471,1000606,2087077,,,,1086471,1000606,2087077,1058464,970638,2029102,,,,1058464,970638,2029102
2024,220701,00350400,The University of Tennessee Southern,TN,9,,2,NAIA,318,487,805,2,Basketball,15,13,,,15,13,3773,56591,4413,57365,113956,,,,,,341471,310678,652149,,,,341471,310678,652149,341471,310678,652149,,,,341471,310678,652149
2024,221740,00352900,The University of Tennessee-Chattanooga,TN,2,,1,NCAA,3799,5413,9212,2,Basketball,17,14,,,17,14,27133,461254,14122,197707,658961,,,,,,2295183,1582402,3877585,,,,2295183,1582402,3877585,2295183,1582402,3877585,,,,2295183,1582402,3877585
2024,221759,00353000,The University of Tennessee-Knoxville,TN,1,,1,NCAA,13700,15842,29542,2,Basketball,15,30,,,15,30,343690,5155350,80716,2421480,7576830,,,,,,35316920,4352348,39669268,,,,35316920,4352348,39669268,20241922,7559834,27801756,,,,20241922,7559834,27801756
2024,221768,00353100,The University of Tennessee-Martin,TN,2,,1,NCAA,1738,2797,4535,2,Basketball,15,19,,,15,19,22134,332015,11356,215773,547788,,,,,,1540438,1393494,2933932,,,,1540438,1393494,2933932,1539012,1401264,2940276,,,,1539012,1401264,2940276
2024,228769,00365600,The University of Texas at Arlington,TX,3,,1,NCAA,9927,12323,22250,2,Basketball,18,13,,,18,13,38226,688060,40992,532897,1220957,,,,,,2484568,2144564,4629132,,,,2484568,2144564,4629132,2484568,2144564,4629132,,,,2484568,2144564,4629132
2024,228778,00365800,The University of Texas at Austin,TX,1,,1,NCAA,16990,23564,40554,2,Basketball,16,32,,,16,32,103918,1662692,38316,1226116,2888808,,,,,,17377540,2445545,19823085,,,,17377540,2445545,19823085,22209288,10400257,32609545,,,,22209288,10400257,32609545
2024,228787,00974100,The University of Texas at Dallas,TX,5,,1,NCAA,10326,8362,18688,2,Basketball,16,14,,,16,14,9523,152367,7165,100311,252678,,,,,,347871,292153,640024,,,,347871,292153,640024,348828,277272,626100,,,,348828,277272,626100
2024,228796,00366100,The University of Texas at El Paso,TX,1,,1,NCAA,6989,8296,15285,2,Basketball,16,14,,,16,14,51241,819850,38247,535457,1355307,,,,,,7644864,1401559,9046423,,,,7644864,1401559,9046423,3747767,2103930,5851697,,,,3747767,2103930,5851697
2024,229027,01011500,The University of Texas at San Antonio,TX,1,,1,NCAA,11115,11932,23047,2,Basketball,16,29,,,16,29,50211,803368,22329,647528,1450896,,,,,,2897731,2642589,5540320,,,,2897731,2642589,5540320,2897731,2642589,5540320,,,,2897731,2642589,5540320
2024,228802,01116300,The University of Texas at Tyler,TX,5,,1,NCAA,2153,3399,5552,2,Basketball,22,18,,,22,18,6851,150717,9664,173943,324660,,,,,,932206,855772,1787978,,,,932206,855772,1787978,932206,855772,1787978,,,,932206,855772,1787978
2024,229018,00993000,The University of Texas Permian Basin,TX,4,,1,NCAA,1157,1765,2922,2,Basketball,15,19,,,15,19,7128,106922,6605,125496,232418,,,,,,706186,350168,1056354,,,,706186,350168,1056354,730114,687977,1418091,,,,730114,687977,1418091
2024,227368,00359900,The University of Texas Rio Grande Valley,TX,3,,1,NCAA,9108,12318,21426,2,Basketball,17,16,,,17,16,29240,497076,22176,354821,851897,,,,,,1982207,1487405,3469612,,,,1982207,1487405,3469612,1982207,1487405,3469612,,,,1982207,1487405,3469612
2024,221519,00353400,The University of the South,TN,6,,1,NCAA,749,844,1593,2,Basketball,17,14,,,17,14,6565,111605,8360,117038,228643,,,,,,268615,282742,551357,,,,268615,282742,551357,268615,282742,551357,,,,268615,282742,551357
2024,216357,00337600,Thiel College,PA,6,,1,NCAA,406,376,782,2,Basketball,17,14,,,17,14,1983,33717,2376,33269,66986,,,,,,136464,135231,271695,,,,136464,135231,271695,136464,135231,271695,,,,136464,135231,271695
2024,161563,00205200,Thomas College,ME,7,,1,NCAA,343,299,642,2,Basketball,26,17,,,26,17,1261,32773,2177,37001,69774,,,,,,153807,135788,289595,,,,153807,135788,289595,139212,134136,273348,,,,139212,134136,273348
2024,216366,01239300,Thomas Jefferson University,PA,5,,1,NCAA,896,2443,3339,2,Basketball,14,15,,,14,15,5526,77361,6991,104866,182227,,,,,,676462,924176,1600638,,,,676462,924176,1600638,676462,924176,1600638,,,,676462,924176,1600638
2024,157809,00200100,Thomas More University,KY,4,3rd year Provisional member DII,1,NCAA,634,570,1204,2,Basketball,19,18,,,19,18,2847,54088,3234,58218,112306,,,,,,531218,582544,1113762,,,,531218,582544,1113762,492814,533840,1026654,,,,492814,533840,1026654
2024,141167,00155500,Thomas University,GA,9,,2,NAIA,254,320,574,2,Basketball,40,16,,,40,16,1750,69993,4796,76728,146721,,,,,,388490,145921,534411,,,,388490,145921,534411,321476,217877,539353,,,,321476,217877,539353
2024,179645,00471300,Three Rivers College,MO,12,,3,NJCAA,422,914,1336,2,Basketball,14,15,,,14,15,6050,84704,9127,136899,221603,,,,,,451868,497963,949831,,,,451868,497963,949831,451868,497963,949831,,,,451868,497963,949831
2024,206048,00312100,Tiffin University,OH,4,,1,NCAA,878,807,1685,2,Basketball,58,28,,,58,28,1120,64936,1857,52004,116940,,,,,,668245,491114,1159359,,,,668245,491114,1159359,668245,491114,1159359,,,,668245,491114,1159359
2024,141185,00159600,Toccoa Falls College,GA,16,,4,NCCAA,295,487,782,2,Basketball,17,11,,,17,11,1124,19110,1730,19033,38143,,,,,,35065,62877,97942,,,,35065,62877,97942,35065,62877,97942,,,,35065,62877,97942
2024,196565,00678800,Tompkins Cortland Community College,NY,14,,3,NJCAA,417,524,941,2,Basketball,19,9,,,19,9,1866,35454,2210,19890,55344,,,,,,59774,40447,100221,,,,59774,40447,100221,59774,40447,100221,,,,59774,40447,100221
2024,176406,00243900,Tougaloo College,MS,9,,2,NAIA,250,352,602,2,Basketball,20,17,,,20,17,3138,62761,3041,51693,114454,,,,,,304766,260896,565662,,,,304766,260896,565662,297766,259599,557365,,,,297766,259599,557365
2024,196592,01014200,Touro University,NY,18,,8,other,929,2007,2936,2,Basketball,17,,,,17,0,272,4624,0,0,4624,,,,,,87310,,87310,,,,87310,0,87310,87310,,87310,,,,87310,0,87310
2024,164076,00209900,Towson University,MD,2,,1,NCAA,5912,8469,14381,2,Basketball,17,14,,,17,14,31116,528978,22840,319761,848739,,,,,,2567095,1834339,4401434,,,,2567095,1834339,4401434,2567095,1834339,4401434,,,,2567095,1834339,4401434
2024,157818,00198700,Transylvania University,KY,7,,1,NCAA,425,567,992,2,Basketball,16,24,,,16,24,6751,108012,5104,122503,230515,,,,,,265929,240403,506332,,,,265929,240403,506332,265929,240403,506332,,,,265929,240403,506332
2024,210234,00322100,Treasure Valley Community College,OR,19,NWAACC (without football),8,other,360,306,666,2,Basketball,15,13,,,15,13,2185,32768,3204,41653,74421,,,,,,127015,145730,272745,,,,127015,145730,272745,127015,145730,272745,,,,127015,145730,272745
2024,221892,00352600,Trevecca Nazarene University,TN,5,,1,NCAA,571,832,1403,2,Basketball,32,23,,,32,23,4417,141346,5383,123802,265148,,,,,,735136,706226,1441362,,,,735136,706226,1441362,735136,694812,1429948,,,,735136,694812,1429948
2024,152567,00183900,Trine University,IN,6,,1,NCAA,1406,879,2285,2,Basketball,34,27,,,34,27,2221,75524,2680,72366,147890,,,,,,381586,354686,736272,,,,381586,354686,736272,343079,344096,687175,,,,343079,344096,687175
2024,128258,00136800,Trinidad State College,CO,12,,3,NJCAA,295,302,597,2,Basketball,16,15,,,16,15,4049,64782,3221,48309,113091,,,,,,325084,224588,549672,,,,325084,224588,549672,325084,224588,549672,,,,325084,224588,549672
2024,137953,03101900,Trinity Baptist College,FL,16,,4,NCCAA,184,117,301,2,Basketball,36,14,,,36,14,1253,45113,1423,19915,65028,,,,,,66452,39040,105492,,,,66452,39040,105492,66452,39040,105492,,,,66452,39040,105492
2024,200484,01205900,Trinity Bible College and Graduate School,ND,16,,4,NCCAA,48,64,112,2,Basketball,13,9,,,13,9,1996,25950,2533,22795,48745,,,,,,42536,40778,83314,,,,42536,40778,83314,42536,40778,83314,,,,42536,40778,83314
2024,149505,00177100,Trinity Christian College,IL,9,,2,NAIA,333,423,756,2,Basketball,17,10,,,17,10,2798,47568,2995,29950,77518,,,,,,370634,229079,599713,,,,370634,229079,599713,370634,229079,599713,,,,370634,229079,599713
2024,130590,00141400,Trinity College,CT,6,,1,NCAA,994,1136,2130,2,Basketball,17,17,,,17,17,5451,92669,5100,86694,179363,,,,,,336434,259558,595992,,,,336434,259558,595992,336434,259558,595992,,,,336434,259558,595992
2024,137962,03028200,Trinity College of Florida,FL,20,,8,other,61,56,117,2,Basketball,12,12,,,12,12,3252,39023,2774,33286,72309,,,,,,75023,68686,143709,,,,75023,68686,143709,75023,68686,143709,,,,75023,68686,143709
2024,229267,00364700,Trinity University,TX,6,,1,NCAA,1119,1360,2479,2,Basketball,22,25,,,22,25,12149,267268,6891,172282,439550,,,,,,476223,430564,906787,,,,476223,430564,906787,509999,424615,934614,,,,509999,424615,934614
2024,225308,00357200,Trinity Valley Community College,TX,12,,3,NJCAA,679,1026,1705,2,Basketball,18,12,,,18,12,8170,147061,8540,102476,249537,,,,,,563531,483748,1047279,,,,563531,483748,1047279,563531,483748,1047279,,,,563531,483748,1047279
2024,131876,00146000,Trinity Washington University,DC,7,,1,NCAA,8,938,946,2,Basketball,,8,,,0,8,0,0,5579,44628,44628,,,,,,,53628,53628,,,,0,53628,53628,,53628,53628,,,,0,53628,53628
2024,149532,00177300,Triton College,IL,8,Variable NJCAA Division Levels,8,other,1209,1293,2502,2,Basketball,10,11,,,10,11,5044,50443,2726,29987,80430,,,,,,340561,147918,488479,,,,340561,147918,488479,340561,147918,488479,,,,340561,147918,488479
2024,102368,00104700,Troy University,AL,1,,1,NCAA,2568,4444,7012,2,Basketball,18,13,,,18,13,19796,356320,25517,331726,688046,,,,,,2498161,1886315,4384476,,,,2498161,1886315,4384476,2405521,1860498,4266019,,,,2405521,1860498,4266019
2024,141237,00159700,Truett McConnell University,GA,9,,2,NAIA,359,343,702,2,Basketball,25,15,,,25,15,1883,47065,2433,36491,83556,,,,,,294216,228225,522441,,,,294216,228225,522441,294216,228225,522441,,,,294216,228225,522441
2024,178615,00249500,Truman State University,MO,4,,1,NCAA,985,1474,2459,2,Basketball,17,17,,,17,17,6690,113731,10234,173978,287709,,,,,,577717,626213,1203930,,,,577717,626213,1203930,577717,626213,1203930,,,,577717,626213,1203930
2024,168148,00221900,Tufts University,MA,6,,1,NCAA,2993,3935,6928,2,Basketball,19,15,,,19,15,4011,76205,3065,45980,122185,,,,,,317821,290429,608250,,,,317821,290429,608250,298411,266850,565261,,,,298411,266850,565261
2024,160755,00202900,Tulane University of Louisiana,LA,1,,1,NCAA,2822,4538,7360,2,Basketball,16,15,,,16,15,72890,1166236,57321,859808,2026044,,,,,,3874944,3749472,7624416,,,,3874944,3749472,7624416,5621840,3708684,9330524,,,,5621840,3708684,9330524
2024,200527,02301100,Turtle Mountain Community College,ND,18,,8,other,182,256,438,2,Basketball,10,8,,,10,8,4423,44234,3711,29688,73922,,,,,,82940,64571,147511,,,,82940,64571,147511,82940,64571,147511,,,,82940,64571,147511
2024,221953,00352700,Tusculum University,TN,4,,1,NCAA,417,319,736,2,Basketball,26,20,,,26,20,3124,81226,3326,66520,147746,,,,,,577664,461370,1039034,,,,577664,461370,1039034,566780,461483,1028263,,,,566780,461483,1028263
2024,102377,00105000,Tuskegee University,AL,4,,1,NCAA,969,1586,2555,2,Basketball,16,17,,,16,17,8533,136520,5623,95588,232108,,,,,,846520,562552,1409072,,,,846520,562552,1409072,846520,562552,1409072,,,,846520,562552,1409072
2024,229355,00364800,Tyler Junior College,TX,12,,3,NJCAA,1873,2986,4859,2,Basketball,14,14,,,14,14,5487,76822,3012,42163,118985,,,,,,446970,413407,860377,,,,446970,413407,860377,446970,413407,860377,,,,446970,413407,860377
2024,187198,00264300,"UCNJ Union College of Union County, New Jersey",NJ,13,,3,NJCAA,1755,1938,3693,2,Basketball,15,17,,,15,17,4995,74922,7519,127821,202743,,,,,,98159,265100,363259,,,,98159,265100,363259,97901,264485,362386,,,,97901,264485,362386
2024,196699,00288000,Ulster County Community College,NY,13,SUNY Ulster provides NJCAA Division II & III,3,NJCAA,416,445,861,2,Basketball,14,,,,14,0,1531,21437,0,0,21437,,,,,,39693,,39693,,,,39693,0,39693,37396,,37396,,,,37396,0,37396
2024,210270,00322200,Umpqua Community College,OR,19,,8,other,401,614,1015,2,Basketball,13,14,,,13,14,2119,27552,2007,28101,55653,,,,,,105447,106555,212002,,,,105447,106555,212002,101552,108885,210437,,,,101552,108885,210437
2024,181738,00256300,Union Adventist University,NE,16,ACCA,4,NCCAA,188,268,456,2,Basketball,15,10,,,15,10,1121,16815,1244,12441,29256,,,,,,26495,21915,48410,,,,26495,21915,48410,21443,23548,44991,,,,21443,23548,44991
2024,196866,00288900,Union College,NY,6,,1,NCAA,1076,955,2031,2,Basketball,16,15,,,16,15,4649,74383,3633,54502,128885,,,,,,222591,283910,506501,,,,222591,283910,506501,250481,216479,466960,,,,250481,216479,466960
2024,157863,00198800,Union Commonwealth University,KY,9,,2,NAIA,438,267,705,2,Basketball,28,18,,,28,18,2288,64076,2462,44317,108393,,,,,,691843,437042,1128885,,,,691843,437042,1128885,686970,420422,1107392,,,,686970,420422,1107392
2024,221971,00352800,Union University,TN,5,,1,NCAA,538,868,1406,2,Basketball,14,17,,,14,17,5630,78814,7454,126725,205539,,,,,,731880,998789,1730669,,,,731880,998789,1730669,698809,938451,1637260,,,,698809,938451,1637260
2024,197027,00289200,United States Merchant Marine Academy,NY,6,,1,NCAA,787,175,962,2,Basketball,9,11,,,9,11,4501,40513,5976,65732,106245,,,,,,217047,169196,386243,,,,217047,169196,386243,209095,167564,376659,,,,209095,167564,376659
2024,200554,02242900,United Tribes Technical College,ND,13,,3,NJCAA,179,356,535,2,Basketball,15,9,,,15,9,2660,39907,4061,36553,76460,,,,,,101627,103002,204629,,,,101627,103002,204629,101627,103002,204629,,,,101627,103002,204629
2024,241739,02587500,Universidad Ana G. Mendez-Cupey Campus,PR,8,Liga Atlética Interuniversitaria,8,other,1164,2253,3417,2,Basketball,15,15,,,15,15,270,4043,189,2842,6885,,,,,,107043,74592,181635,,,,107043,74592,181635,107043,74592,181635,,,,107043,74592,181635
2024,241225,00502200,Universidad Central de Bayamon,PR,8,LAI,8,other,141,275,416,2,Basketball,16,8,,,16,8,691,11060,1028,8225,19285,,,,,,86967,32326,119293,,,,86967,32326,119293,86967,32326,119293,,,,86967,32326,119293
2024,243443,00393700,Universidad del Sagrado Corazon,PR,8,LAI ( LIGA ATLETICA INTERUNIVERSITARIA),8,other,1316,2577,3893,2,Basketball,14,10,,,14,10,419,5866,472,4720,10586,,,,,,83840,60778,144618,,,,83840,60778,144618,83840,60778,144618,,,,83840,60778,144618
2024,243577,02100000,Universidad Politecnica de Puerto Rico,PR,8,Inter-university Athletic League,8,other,1190,559,1749,2,Basketball,10,,,,10,0,1090,10895,0,0,10895,,,,,,65376,,65376,,,,65376,0,65376,65376,,65376,,,,65376,0,65376
2024,196060,00283500,University at Albany,NY,2,,1,NCAA,5459,6551,12010,2,Basketball,15,14,,,15,14,27622,414325,19873,278216,692541,,,,,,2475128,1747530,4222658,,,,2475128,1747530,4222658,2066754,1618665,3685419,,,,2066754,1618665,3685419
2024,196088,00283700,University at Buffalo,NY,1,,1,NCAA,10261,8483,18744,2,Basketball,15,16,,,15,16,81881,1228210,49882,798110,2026320,,,,,,4263532,3014871,7278403,,,,4263532,3014871,7278403,4263532,3014871,7278403,,,,4263532,3014871,7278403
2024,200800,00312300,University of Akron Main Campus,OH,1,,1,NCAA,4314,3685,7999,2,Basketball,18,16,,,18,16,36900,664203,21585,345352,1009555,,,,,,3258454,1652392,4910846,,,,3258454,1652392,4910846,3258454,1652392,4910846,,,,3258454,1652392,4910846
2024,100663,00105200,University of Alabama at Birmingham,AL,1,,1,NCAA,3484,6051,9535,2,Basketball,16,15,,,16,15,44493,711889,33977,509648,1221537,,,,,,5349479,2577756,7927235,,,,5349479,2577756,7927235,5003621,2435278,7438899,,,,5003621,2435278,7438899
2024,100706,00105500,University of Alabama in Huntsville,AL,5,,1,NCAA,3460,2210,5670,2,Basketball,19,16,,,19,16,9502,180540,7861,125781,306321,,,,,,760389,621094,1381483,,,,760389,621094,1381483,760389,621094,1381483,,,,760389,621094,1381483
2024,102553,01146200,University of Alaska Anchorage,AK,5,,1,NCAA,1731,2118,3849,2,Basketball,17,15,,,17,15,10307,175216,14160,212402,387618,,,,,,906393,1141487,2047880,,,,906393,1141487,2047880,906393,1141487,2047880,,,,906393,1141487,2047880
2024,102614,00106300,University of Alaska Fairbanks,AK,5,,1,NCAA,1127,1357,2484,2,Basketball,15,14,,,15,14,14382,215735,16250,227502,443237,,,,,,713928,691743,1405671,,,,713928,691743,1405671,647058,680436,1327494,,,,647058,680436,1327494
2024,104179,00108300,University of Arizona,AZ,1,,1,NCAA,15135,20378,35513,2,Basketball,20,15,,,20,15,175761,3515215,113814,1707215,5222430,,,,,,22635363,8001360,30636723,,,,22635363,8001360,30636723,22635363,8001360,30636723,,,,22635363,8001360,30636723
2024,106397,00110800,University of Arkansas,AR,1,,1,NCAA,11595,14697,26292,2,Basketball,15,14,,,15,14,247519,3712787,114462,1602461,5315248,,,,,,25392395,294472,25686867,,,,25392395,294472,25686867,21254027,6730975,27985002,,,,21254027,6730975,27985002
2024,106245,00110100,University of Arkansas at Little Rock,AR,3,,1,NCAA,1252,1837,3089,2,Basketball,15,12,,,15,12,30147,452211,20473,245676,697887,,,,,,2226185,1333239,3559424,,,,2226185,1333239,3559424,2226185,1333239,3559424,,,,2226185,1333239,3559424
2024,106485,00108500,University of Arkansas at Monticello,AR,4,,1,NCAA,697,913,1610,2,Basketball,16,12,,,16,12,5592,89478,6820,81844,171322,,,,,,396689,338386,735075,,,,396689,338386,735075,396689,338386,735075,,,,396689,338386,735075
2024,106412,00108600,University of Arkansas at Pine Bluff,AR,2,,1,NCAA,731,904,1635,2,Basketball,15,12,,,15,12,5292,79380,10116,121387,200767,,,,,,731790,817924,1549714,,,,731790,817924,1549714,731790,817924,1549714,,,,731790,817924,1549714
2024,108092,00111000,University of Arkansas-Fort Smith,AR,5,,1,NCAA,1208,1987,3195,2,Basketball,18,15,,,18,15,9298,167372,13863,207950,375322,,,,,,636474,641261,1277735,,,,636474,641261,1277735,628647,641261,1269908,,,,628647,641261,1269908
2024,128744,00141600,University of Bridgeport,CT,5,,1,NCAA,403,844,1247,2,Basketball,22,19,,,22,19,4752,104551,3425,65081,169632,,,,,,557651,578408,1136059,,,,557651,578408,1136059,534041,564596,1098637,,,,534041,564596,1098637
2024,110635,00131200,University of California-Berkeley,CA,1,,1,NCAA,13882,17692,31574,2,Basketball,22,33,,,22,33,150507,3311153,78785,2599909,5911062,,,,,,13249051,10750160,23999211,,,,13249051,10750160,23999211,14101936,10750160,24852096,,,,14101936,10750160,24852096
2024,110644,00131300,University of California-Davis,CA,2,,1,NCAA,12992,18472,31464,2,Basketball,16,23,,,16,23,29259,468150,16335,375696,843846,,,,,,2779115,2308680,5087795,,,,2779115,2308680,5087795,2779115,2308680,5087795,,,,2779115,2308680,5087795
2024,110653,00131400,University of California-Irvine,CA,3,,1,NCAA,12895,16657,29552,2,Basketball,16,16,,,16,16,63857,1021718,33141,530248,1551966,,,,,,4248011,2884029,7132040,,,,4248011,2884029,7132040,4248011,2884029,7132040,,,,4248011,2884029,7132040
2024,110662,00131500,University of California-Los Angeles,CA,1,,1,NCAA,13032,19940,32972,2,Basketball,17,29,,,17,29,192199,3267378,92631,2686292,5953670,,,,,,17799741,9690479,27490220,,,,17799741,9690479,27490220,17799741,9690479,27490220,,,,17799741,9690479,27490220
2024,445188,04127100,University of California-Merced,CA,10,,2,NAIA,4508,3728,8236,2,Basketball,20,17,,,20,17,6086,121713,5649,96029,217742,,,,,,318706,286691,605397,,,,318706,286691,605397,311719,277330,589049,,,,311719,277330,589049
2024,110671,00131600,University of California-Riverside,CA,3,,1,NCAA,10433,11662,22095,2,Basketball,15,16,,,15,16,41306,619591,27578,441249,1060840,,,,,,2917272,2317582,5234854,,,,2917272,2317582,5234854,2917272,2317582,5234854,,,,2917272,2317582,5234854
2024,110680,00131700,University of California-San Diego,CA,3,,1,NCAA,15336,18778,34114,2,Basketball,16,16,,,16,16,36208,579325,33632,538110,1117435,,,,,,3633627,2868871,6502498,,,,3633627,2868871,6502498,3633627,2868871,6502498,,,,3633627,2868871,6502498
2024,110705,00132000,University of California-Santa Barbara,CA,3,,1,NCAA,9557,13116,22673,2,Basketball,21,16,,,21,16,27630,580234,20184,322948,903182,,,,,,4583984,2467300,7051284,,,,4583984,2467300,7051284,4583984,2467300,7051284,,,,4583984,2467300,7051284
2024,110714,00132100,University of California-Santa Cruz,CA,7,,1,NCAA,8172,9242,17414,2,Basketball,15,14,,,15,14,9447,141702,8572,120014,261716,,,,,,332497,266230,598727,,,,332497,266230,598727,332497,266230,598727,,,,332497,266230,598727
2024,106704,00109200,University of Central Arkansas,AR,2,,1,NCAA,2644,4234,6878,2,Basketball,18,12,,,18,12,28455,512189,28108,337291,849480,,,,,,1580339,1232348,2812687,,,,1580339,1232348,2812687,1580339,1232348,2812687,,,,1580339,1232348,2812687
2024,132903,00395400,University of Central Florida,FL,1,,1,NCAA,19450,22678,42128,2,Basketball,16,15,,,16,15,119834,1917350,90135,1352024,3269374,,,,,,7812023,4195677,12007700,,,,7812023,4195677,12007700,7812023,4195677,12007700,,,,7812023,4195677,12007700
2024,176965,00245400,University of Central Missouri,MO,4,,1,NCAA,2300,2557,4857,2,Basketball,15,12,,,15,12,7942,119126,12335,148019,267145,,,,,,915827,804085,1719912,,,,915827,804085,1719912,915827,804085,1719912,,,,915827,804085,1719912
2024,206941,00315200,University of Central Oklahoma,OK,4,,1,NCAA,2973,5035,8008,2,Basketball,17,13,,,17,13,13964,237380,13996,181946,419326,,,,,,696710,539282,1235992,,,,696710,539282,1235992,684520,510010,1194530,,,,684520,510010,1194530
2024,237312,00381800,University of Charleston,WV,4,,1,NCAA,542,678,1220,2,Basketball,20,18,,,20,18,4043,80864,4058,73036,153900,,,,,,609863,530686,1140549,,,,609863,530686,1140549,559333,508128,1067461,,,,559333,508128,1067461
2024,144050,00177400,University of Chicago,IL,6,,1,NCAA,4100,3462,7562,2,Basketball,18,14,,,18,14,11164,200947,9050,126698,327645,,,,,,623380,324479,947859,,,,623380,324479,947859,623380,324479,947859,,,,623380,324479,947859
2024,201946,00312501,University of Cincinnati-Clermont College,OH,20,,8,other,509,553,1062,2,Basketball,15,14,,,15,14,3030,45457,1972,27607,73064,,,,,,86321,48117,134438,,,,86321,48117,134438,86321,48117,134438,,,,86321,48117,134438
2024,201885,00312500,University of Cincinnati-Main Campus,OH,1,,1,NCAA,13739,13233,26972,2,Basketball,16,13,,,16,13,207241,3315848,87894,1142627,4458475,,,,,,12321038,4400216,16721254,,,,12321038,4400216,16721254,12321038,4400216,16721254,,,,12321038,4400216,16721254
2024,126614,00137000,University of Colorado Boulder,CO,1,,1,NCAA,15139,13722,28861,2,Basketball,17,24,,,17,24,124100,2109692,56900,1365593,3475285,,,,,,11918793,2337461,14256254,,,,11918793,2337461,14256254,8608358,5177230,13785588,,,,8608358,5177230,13785588
2024,126580,00450900,University of Colorado Colorado Springs,CO,5,,1,NCAA,3370,3761,7131,2,Basketball,16,13,,,16,13,6781,108490,11598,150772,259262,,,,,,775567,732721,1508288,,,,775567,732721,1508288,747455,704900,1452355,,,,747455,704900,1452355
2024,129020,00141700,University of Connecticut,CT,1,,1,NCAA,8681,10795,19476,2,Basketball,13,14,,,13,14,316854,4119104,220990,3093853,7212957,,,,,,20175328,12618634,32793962,,,,20175328,12618634,32793962,20175328,12618634,32793962,,,,20175328,12618634,32793962
2024,436827,00141705,University of Connecticut-Avery Point,CT,14,,3,NJCAA,247,180,427,2,Basketball,14,6,,,14,6,1022,14303,1148,6890,21193,,,,,,32883,24090,56973,,,,32883,24090,56973,32883,24090,56973,,,,32883,24090,56973
2024,224323,00365100,University of Dallas,TX,7,,1,NCAA,647,738,1385,2,Basketball,18,11,,,18,11,3013,54234,4719,51911,106145,,,,,,169054,125540,294594,,,,169054,125540,294594,169054,125540,294594,,,,169054,125540,294594
2024,202480,00312700,University of Dayton,OH,2,,1,NCAA,3911,3545,7456,2,Basketball,17,15,,,17,15,143653,2442098,64718,970765,3412863,,,,,,19110406,1748432,20858838,,,,19110406,1748432,20858838,10276933,4127764,14404697,,,,10276933,4127764,14404697
2024,130943,00143100,University of Delaware,DE,2,,1,NCAA,7225,11140,18365,2,Basketball,15,29,,,15,29,35741,536116,11240,325966,862082,,,,,,3348776,2679388,6028164,,,,3348776,2679388,6028164,3348776,2679388,6028164,,,,3348776,2679388,6028164
2024,127060,00137100,University of Denver,CO,3,,1,NCAA,2553,3197,5750,2,Basketball,15,15,,,15,15,42067,630998,33526,502889,1133887,,,,,,3783572,2564970,6348542,,,,3783572,2564970,6348542,3783572,2564970,6348542,,,,3783572,2564970,6348542
2024,169716,00232300,University of Detroit Mercy,MI,3,,1,NCAA,802,1452,2254,2,Basketball,18,15,,,18,15,33202,597642,20009,300137,897779,,,,,,3100195,1971433,5071628,,,,3100195,1971433,5071628,3090652,1971433,5062085,,,,3090652,1971433,5062085
2024,153278,00189100,University of Dubuque,IA,6,,1,NCAA,782,474,1256,2,Basketball,22,25,,,22,25,2476,54475,1751,43783,98258,,,,,,334805,215456,550261,,,,334805,215456,550261,292034,193800,485834,,,,292034,193800,485834
2024,150534,00179500,University of Evansville,IN,3,,1,NCAA,598,904,1502,2,Basketball,16,15,,,16,15,45120,721923,20154,302303,1024226,,,,,,3212821,2020930,5233751,,,,3212821,2020930,5233751,3212821,2020930,5233751,,,,3212821,2020930,5233751
2024,134130,00153500,University of Florida,FL,1,,1,NCAA,14670,18187,32857,2,Basketball,18,14,,,18,14,199103,3583849,125875,1762248,5346097,,,,,,17258007,237160,17495167,,,,17258007,237160,17495167,13427727,5517320,18945047,,,,13427727,5517320,18945047
2024,457402,04156300,University of Fort Lauderdale,FL,15,please select sanctioning  body,4,NCCAA,221,62,283,2,Basketball,30,12,,,30,12,4500,135011,4500,54005,189016,,,,,,264531,102255,366786,,,,264531,102255,366786,264531,102255,366786,,,,264531,102255,366786
2024,139959,00159800,University of Georgia,GA,1,,1,NCAA,13006,17648,30654,2,Basketball,15,23,,,15,23,121190,1817846,51514,1184833,3002679,,,,,,16079070,1472828,17551898,,,,16079070,1472828,17551898,10400030,5472173,15872203,,,,10400030,5472173,15872203
2024,129525,00142200,University of Hartford,CT,7,,1,NCAA,1647,2301,3948,2,Basketball,12,16,,,12,16,4868,58419,4288,68605,127024,,,,,,86619,115490,202109,,,,86619,115490,202109,330272,356906,687178,,,,330272,356906,687178
2024,141565,00161100,University of Hawaii at Hilo,HI,5,,1,NCAA,687,1085,1772,2,Basketball,16,12,,,16,12,14892,238270,9130,109558,347828,,,,,,883933,521470,1405403,,,,883933,521470,1405403,883933,521470,1405403,,,,883933,521470,1405403
2024,141574,00161000,University of Hawaii at Manoa,HI,1,,1,NCAA,5115,7525,12640,2,Basketball,15,20,,,15,20,43398,650972,34430,688602,1339574,,,,,,2239771,1520270,3760041,,,,2239771,1520270,3760041,3199708,2835193,6034901,,,,3199708,2835193,6034901
2024,179265,00250400,University of Health Sciences and Pharmacy in St. Louis,MO,9,,2,NAIA,137,198,335,2,Basketball,20,21,,,20,21,2638,52763,3852,80886,133649,,,,,,696912,577657,1274569,,,,696912,577657,1274569,696895,575143,1272038,,,,696895,575143,1272038
2024,225511,00365200,University of Houston,TX,1,,1,NCAA,13592,15850,29442,2,Basketball,14,14,,,14,14,169684,2375577,63565,889914,3265491,,,,,,14577598,3685535,18263133,,,,14577598,3685535,18263133,14577598,3685535,18263133,,,,14577598,3685535,18263133
2024,142285,00162600,University of Idaho,ID,2,,1,NCAA,3749,3557,7306,2,Basketball,16,14,,,16,14,36465,583446,35526,497357,1080803,,,,,,1627433,1453151,3080584,,,,1627433,1453151,3080584,1627433,1453151,3080584,,,,1627433,1453151,3080584
2024,145600,00177600,University of Illinois Chicago,IL,3,,1,NCAA,9415,10772,20187,2,Basketball,15,15,,,15,15,60272,904087,41409,621134,1525221,,,,,,4010459,2615016,6625475,,,,4010459,2615016,6625475,4010459,2615016,6625475,,,,4010459,2615016,6625475
2024,148654,00933300,University of Illinois Springfield,IL,5,,1,NCAA,666,943,1609,2,Basketball,15,13,,,15,13,6282,94227,5653,73483,167710,,,,,,549834,481865,1031699,,,,549834,481865,1031699,549834,481865,1031699,,,,549834,481865,1031699
2024,145637,00177500,University of Illinois Urbana-Champaign,IL,1,,1,NCAA,18419,17200,35619,2,Basketball,14,26,,,14,26,272487,3814818,74117,1927048,5741866,,,,,,34764436,2186498,36950934,,,,34764436,2186498,36950934,20565967,7258435,27824402,,,,20565967,7258435,27824402
2024,151263,00180400,University of Indianapolis,IN,4,,1,NCAA,1178,1670,2848,2,Basketball,14,15,,,14,15,11695,163725,8599,128992,292717,,,,,,895146,644477,1539623,,,,895146,644477,1539623,895146,644477,1539623,,,,895146,644477,1539623
2024,153658,00189200,University of Iowa,IA,1,,1,NCAA,9139,12002,21141,2,Basketball,17,29,,,17,29,131829,2241089,79204,2296907,4537996,,,,,,16702408,4779406,21481814,,,,16702408,4779406,21481814,13292250,8482645,21774895,,,,13292250,8482645,21774895
2024,200156,00299000,University of Jamestown,ND,4,,1,NCAA,565,416,981,2,Basketball,32,27,,,32,27,3041,97306,3984,107576,204882,,,,,,554585,512316,1066901,,,,554585,512316,1066901,554585,512316,1066901,,,,554585,512316,1066901
2024,155317,00194800,University of Kansas,KS,1,,1,NCAA,9114,10441,19555,2,Basketball,19,14,,,19,14,224756,4270355,145871,2042187,6312542,,,,,,21918945,5492126,27411071,,,,21918945,5492126,27411071,19732078,5492126,25224204,,,,19732078,5492126,25224204
2024,157085,00198900,University of Kentucky,KY,1,,1,NCAA,9689,13649,23338,2,Basketball,15,13,,,15,13,264852,3972773,110019,1430246,5403019,,,,,,21370744,7659582,29030326,,,,21370744,7659582,29030326,21370744,7659582,29030326,,,,21370744,7659582,29030326
2024,117140,00121600,University of La Verne,CA,6,,1,NCAA,1057,1572,2629,2,Basketball,17,18,,,17,18,2166,36816,2285,41136,77952,,,,,,187653,203080,390733,,,,187653,203080,390733,190541,210599,401140,,,,190541,210599,401140
2024,160658,00203100,University of Louisiana at Lafayette,LA,1,,1,NCAA,4676,6570,11246,2,Basketball,17,15,,,17,15,37606,639303,29232,438487,1077790,,,,,,3342908,2122473,5465381,,,,3342908,2122473,5465381,3342908,2122473,5465381,,,,3342908,2122473,5465381
2024,159993,00202000,University of Louisiana at Monroe,LA,1,,1,NCAA,1563,2557,4120,2,Basketball,12,13,,,12,13,25440,305284,37698,490078,795362,,,,,,1568266,1439439,3007705,,,,1568266,1439439,3007705,1568266,1439439,3007705,,,,1568266,1439439,3007705
2024,157289,00199900,University of Louisville,KY,1,,1,NCAA,5373,6924,12297,2,Basketball,17,25,,,17,25,167141,2841394,72466,1811658,4653052,,,,,,22792373,8188113,30980486,,,,22792373,8188113,30980486,14854067,6700777,21554844,,,,14854067,6700777,21554844
2024,232609,00372000,University of Lynchburg,VA,7,,1,NCAA,656,875,1531,2,Basketball,18,15,,,18,15,2045,36816,1732,25973,62789,,,,,,254188,133422,387610,,,,254188,133422,387610,254188,133422,387610,,,,254188,133422,387610
2024,161253,00205300,University of Maine,ME,2,,1,NCAA,3801,3648,7449,2,Basketball,16,16,,,16,16,30354,485671,23021,368339,854010,,,,,,1994568,1859961,3854529,,,,1994568,1859961,3854529,1994568,1859961,3854529,,,,1994568,1859961,3854529
2024,161217,00676000,University of Maine at Augusta,ME,20,,8,other,402,816,1218,2,Basketball,13,12,,,13,12,2800,36399,3276,39311,75710,,,,,,83316,74959,158275,,,,83316,74959,158275,83316,74959,158275,,,,83316,74959,158275
2024,161226,00204000,University of Maine at Farmington,ME,7,,1,NCAA,357,619,976,2,Basketball,19,12,,,19,12,2569,48813,3121,37455,86268,,,,,,100864,92962,193826,,,,100864,92962,193826,100864,92962,193826,,,,100864,92962,193826
2024,161235,00204100,University of Maine at Fort Kent,ME,20,,8,other,113,216,329,2,Basketball,17,11,,,17,11,3497,59441,5183,57015,116456,,,,,,153027,135371,288398,,,,153027,135371,288398,153027,135371,288398,,,,153027,135371,288398
2024,161341,00203300,University of Maine at Presque Isle,ME,7,,1,NCAA,554,725,1279,2,Basketball,18,11,,,18,11,2571,46284,2926,32189,78473,,,,,,69665,56698,126363,,,,69665,56698,126363,69665,56698,126363,,,,69665,56698,126363
2024,200217,00299200,University of Mary,ND,4,,1,NCAA,848,1250,2098,2,Basketball,18,13,,,18,13,6456,116202,10110,131431,247633,,,,,,697076,585714,1282790,,,,697076,585714,1282790,697076,585714,1282790,,,,697076,585714,1282790
2024,226471,00358800,University of Mary Hardin-Baylor,TX,6,,1,NCAA,1005,1615,2620,2,Basketball,18,18,,,18,18,6688,120389,5984,107704,228093,,,,,,326828,287079,613907,,,,326828,287079,613907,326828,287079,613907,,,,326828,287079,613907
2024,232681,00374600,University of Mary Washington,VA,7,,1,NCAA,1107,1991,3098,2,Basketball,15,15,,,15,15,4644,69662,6553,98295,167957,,,,,,294012,310835,604847,,,,294012,310835,604847,282178,317457,599635,,,,282178,317457,599635
2024,163338,00210600,University of Maryland Eastern Shore,MD,3,,1,NCAA,1045,1218,2263,2,Basketball,13,15,,,13,15,20320,264163,20287,304305,568468,,,,,,1147044,1394368,2541412,,,,1147044,1394368,2541412,1245634,1387718,2633352,,,,1245634,1387718,2633352
2024,163268,00210500,University of Maryland-Baltimore County,MD,3,,1,NCAA,5118,4294,9412,2,Basketball,17,14,,,17,14,29218,496711,25594,358322,855033,,,,,,2548811,1997059,4545870,,,,2548811,1997059,4545870,2548811,1997059,4545870,,,,2548811,1997059,4545870
2024,163286,00210300,University of Maryland-College Park,MD,1,,1,NCAA,14628,14450,29078,2,Basketball,15,15,,,15,15,186308,2794615,151213,2268200,5062815,,,,,,16464647,1401819,17866466,,,,16464647,1401819,17866466,12972857,8236450,21209307,,,,12972857,8236450,21209307
2024,166629,00222100,University of Massachusetts-Amherst,MA,1,,1,NCAA,10849,11817,22666,2,Basketball,17,48,,,17,48,53201,904418,18002,864107,1768525,,,,,,6221448,3026548,9247996,,,,6221448,3026548,9247996,6221448,3026548,9247996,,,,6221448,3026548,9247996
2024,166638,00222200,University of Massachusetts-Boston,MA,7,,1,NCAA,4352,5442,9794,2,Basketball,17,17,,,17,17,4328,73584,5904,100373,173957,,,,,,177758,220038,397796,,,,177758,220038,397796,176585,203725,380310,,,,176585,203725,380310
2024,167987,00221000,University of Massachusetts-Dartmouth,MA,6,,1,NCAA,2247,2369,4616,2,Basketball,14,13,,,14,13,5152,72126,5619,73042,145168,,,,,,140025,176952,316977,,,,140025,176952,316977,130680,163071,293751,,,,130680,163071,293751
2024,166513,00216100,University of Massachusetts-Lowell,MA,3,,1,NCAA,5432,3974,9406,2,Basketball,15,15,,,15,15,28048,420720,22116,331743,752463,,,,,,2343038,2016242,4359280,,,,2343038,2016242,4359280,2343038,2016242,4359280,,,,2343038,2016242,4359280
2024,220862,00350900,University of Memphis,TN,1,,1,NCAA,4219,6224,10443,2,Basketball,16,15,,,16,15,152950,2447194,83404,1251063,3698257,,,,,,9300094,3538965,12839059,,,,9300094,3538965,12839059,9300094,3538965,12839059,,,,9300094,3538965,12839059
2024,135726,00153600,University of Miami,FL,1,,1,NCAA,5712,6854,12566,2,Basketball,14,16,,,14,16,167047,2338654,117944,1887098,4225752,,,,,,17865162,7926455,25791617,,,,17865162,7926455,25791617,14366552,7926455,22293007,,,,14366552,7926455,22293007
2024,170976,00232500,University of Michigan-Ann Arbor,MI,1,,1,NCAA,15027,17890,32917,2,Basketball,16,36,,,16,36,150827,2413236,44749,1610980,4024216,,,,,,21209886,1138510,22348396,,,,21209886,1138510,22348396,14358515,5858899,20217414,,,,14358515,5858899,20217414
2024,171137,00232600,University of Michigan-Dearborn,MI,9,,2,NAIA,2586,2467,5053,2,Basketball,17,17,,,17,17,3230,54909,4776,81185,136094,,,,,,89197,117345,206542,,,,89197,117345,206542,89197,117345,206542,,,,89197,117345,206542
2024,174075,00406900,University of Minnesota-Crookston,MN,5,,1,NCAA,488,708,1196,2,Basketball,16,14,,,16,14,8677,138826,9813,137376,276202,,,,,,692470,605902,1298372,,,,692470,605902,1298372,692470,605902,1298372,,,,692470,605902,1298372
2024,174233,00238800,University of Minnesota-Duluth,MN,4,,1,NCAA,3556,3418,6974,2,Basketball,16,15,,,16,15,10965,175439,9193,137890,313329,,,,,,779377,666192,1445569,,,,779377,666192,1445569,779377,666192,1445569,,,,779377,666192,1445569
2024,174251,00238900,University of Minnesota-Morris,MN,6,,1,NCAA,422,461,883,2,Basketball,17,15,,,17,15,2514,42730,2360,35399,78129,,,,,,134554,127497,262051,,,,134554,127497,262051,133013,128780,261793,,,,133013,128780,261793
2024,174066,00396900,University of Minnesota-Twin Cities,MN,1,,1,NCAA,13657,16155,29812,2,Basketball,16,21,,,16,21,109918,1758694,81725,1716228,3474922,,,,,,15997942,1638813,17636755,,,,15997942,1638813,17636755,15623863,6587319,22211182,,,,15623863,6587319,22211182
2024,176017,00244000,University of Mississippi,MS,1,,1,NCAA,8681,11767,20448,2,Basketball,16,15,,,16,15,196081,3137302,130503,1957544,5094846,,,,,,18228379,8479325,26707704,,,,18228379,8479325,26707704,18228379,8479325,26707704,,,,18228379,8479325,26707704
2024,178396,00251600,University of Missouri-Columbia,MO,1,,1,NCAA,10330,12648,22978,2,Basketball,18,16,,,18,16,159209,2865758,95519,1528300,4394058,,,,,,18857854,5748392,24606246,,,,18857854,5748392,24606246,14354000,5748392,20102392,,,,14354000,5748392,20102392
2024,178402,00251800,University of Missouri-Kansas City,MO,3,,1,NCAA,2365,3617,5982,2,Basketball,16,15,,,16,15,39571,633128,31100,466505,1099633,,,,,,2590772,2309294,4900066,,,,2590772,2309294,4900066,2590772,2191780,4782552,,,,2590772,2191780,4782552
2024,178420,00251900,University of Missouri-St Louis,MO,5,,1,NCAA,1674,2123,3797,2,Basketball,13,12,,,13,12,7975,103676,8185,98216,201892,,,,,,584638,532630,1117268,,,,584638,532630,1117268,607059,527190,1134249,,,,607059,527190,1134249
2024,101693,00102900,University of Mobile,AL,9,,2,NAIA,490,755,1245,2,Basketball,14,23,,,14,23,7985,111795,4422,101706,213501,,,,,,643810,780638,1424448,,,,643810,780638,1424448,643810,780638,1424448,,,,643810,780638,1424448
2024,101709,00100400,University of Montevallo,AL,5,,1,NCAA,815,1204,2019,2,Basketball,18,16,,,18,16,5890,106021,5163,82611,188632,,,,,,503139,507844,1010983,,,,503139,507844,1010983,503139,507844,1010983,,,,503139,507844,1010983
2024,199069,00294900,University of Mount Olive,NC,5,,1,NCAA,500,767,1267,2,Basketball,41,28,,,41,28,1546,63405,2283,63913,127318,,,,,,542822,564122,1106944,,,,542822,564122,1106944,527722,556622,1084344,,,,527722,556622,1084344
2024,193399,00270300,University of Mount Saint Vincent,NY,7,,1,NCAA,597,1861,2458,2,Basketball,23,23,,,23,23,1610,37031,1720,39558,76589,,,,,,104417,109123,213540,,,,104417,109123,213540,102890,106098,208988,,,,102890,106098,208988
2024,204185,00308300,University of Mount Union,OH,6,,1,NCAA,1004,974,1978,2,Basketball,23,24,,,23,24,3751,86270,4029,96685,182955,,,,,,373463,246514,619977,,,,373463,246514,619977,373463,246514,619977,,,,373463,246514,619977
2024,181215,00255100,University of Nebraska at Kearney,NE,4,,1,NCAA,1429,2201,3630,2,Basketball,18,15,,,18,15,6971,125483,8594,128903,254386,,,,,,667036,700879,1367915,,,,667036,700879,1367915,655867,687459,1343326,,,,655867,687459,1343326
2024,181394,00255400,University of Nebraska at Omaha,NE,3,,1,NCAA,4152,5598,9750,2,Basketball,16,15,,,16,15,43065,689036,22129,331939,1020975,,,,,,2458331,2060599,4518930,,,,2458331,2060599,4518930,3573740,2113917,5687657,,,,3573740,2113917,5687657
2024,181464,00256500,University of Nebraska-Lincoln,NE,1,,1,NCAA,9185,9205,18390,2,Basketball,18,50,,,18,50,165561,2980103,33864,1693224,4673327,,,,,,18447339,1996767,20444106,,,,18447339,1996767,20444106,13196203,6092105,19288308,,,,13196203,6092105,19288308
2024,182281,00256900,University of Nevada-Las Vegas,NV,1,,1,NCAA,8699,11322,20021,2,Basketball,16,23,,,16,23,39494,631897,13870,319014,950911,,,,,,10002990,1417483,11420473,,,,10002990,1417483,11420473,5338081,2863324,8201405,,,,5338081,2863324,8201405
2024,182290,00256800,University of Nevada-Reno,NV,1,,1,NCAA,6256,7516,13772,2,Basketball,14,16,,,14,16,127022,1778314,59965,959434,2737748,,,,,,8966087,2945579,11911666,,,,8966087,2945579,11911666,5053831,2619227,7673058,,,,5053831,2619227,7673058
2024,161457,00205000,University of New England,ME,6,,1,NCAA,670,1444,2114,2,Basketball,20,15,,,20,15,2328,46561,3202,48023,94584,,,,,,276048,196186,472234,,,,276048,196186,472234,190013,173834,363847,,,,190013,173834,363847
2024,183044,00258900,University of New Hampshire-Main Campus,NH,2,,1,NCAA,4867,6209,11076,2,Basketball,15,15,,,15,15,24274,364115,16035,240523,604638,,,,,,2260633,1686121,3946754,,,,2260633,1686121,3946754,2260633,1686121,3946754,,,,2260633,1686121,3946754
2024,129941,00139700,University of New Haven,CT,4,,1,NCAA,1753,2809,4562,2,Basketball,17,14,,,17,14,5666,96322,6838,95733,192055,,,,,,910514,883202,1793716,,,,910514,883202,1793716,904044,879446,1783490,,,,904044,879446,1783490
2024,187985,00266300,University of New Mexico-Main Campus,NM,1,,1,NCAA,6123,8068,14191,2,Basketball,14,14,,,14,14,99621,1394696,46061,644860,2039556,,,,,,6393397,3164873,9558270,,,,6393397,3164873,9558270,5830673,3091492,8922165,,,,5830673,3091492,8922165
2024,159939,00201500,University of New Orleans,LA,3,,1,NCAA,2024,1954,3978,2,Basketball,14,15,,,14,15,29753,416541,22211,333160,749701,,,,,,1310844,1231102,2541946,,,,1310844,1231102,2541946,1310844,1231102,2541946,,,,1310844,1231102,2541946
2024,101879,00101600,University of North Alabama,AL,2,,1,NCAA,1863,3107,4970,2,Basketball,15,15,,,15,15,39499,592490,17051,255766,848256,,,,,,1749334,1432421,3181755,,,,1749334,1432421,3181755,1749334,1432421,3181755,,,,1749334,1432421,3181755
2024,199111,00290700,University of North Carolina Asheville,NC,3,,1,NCAA,1093,1583,2676,2,Basketball,16,15,,,16,15,26274,420390,19198,287967,708357,,,,,,1472812,1135895,2608707,,,,1472812,1135895,2608707,1472812,1135895,2608707,,,,1472812,1135895,2608707
2024,199120,00297400,University of North Carolina at Chapel Hill,NC,1,,1,NCAA,7844,12263,20107,2,Basketball,16,32,,,16,32,317478,5079655,82089,2626852,7706507,,,,,,39742088,2526799,42268887,,,,39742088,2526799,42268887,16738604,6779610,23518214,,,,16738604,6779610,23518214
2024,199139,00297500,University of North Carolina at Charlotte,NC,1,,1,NCAA,10980,10376,21356,2,Basketball,15,14,,,15,14,87781,1316708,57572,806007,2122715,,,,,,5010353,3594789,8605142,,,,5010353,3594789,8605142,3799042,2440201,6239243,,,,3799042,2440201,6239243
2024,199148,00297600,University of North Carolina at Greensboro,NC,3,,1,NCAA,4016,7761,11777,2,Basketball,16,15,,,16,15,31727,507639,27061,405915,913554,,,,,,2645465,1833161,4478626,,,,2645465,1833161,4478626,2645465,1833161,4478626,,,,2645465,1833161,4478626
2024,199281,00295400,University of North Carolina at Pembroke,NC,4,,1,NCAA,1575,2368,3943,2,Basketball,17,15,,,17,15,6549,111332,5304,79561,190893,,,,,,469724,273723,743447,,,,469724,273723,743447,389762,263696,653458,,,,389762,263696,653458
2024,199218,00298400,University of North Carolina Wilmington,NC,3,,1,NCAA,4892,8091,12983,2,Basketball,17,15,,,17,15,36965,628397,21026,315391,943788,,,,,,3053344,1758688,4812032,,,,3053344,1758688,4812032,3053344,1758688,4812032,,,,3053344,1758688,4812032
2024,200280,00300500,University of North Dakota,ND,2,,1,NCAA,3984,3714,7698,2,Basketball,15,21,,,15,21,35032,525477,20653,433723,959200,,,,,,2405937,2283506,4689443,,,,2405937,2283506,4689443,2405937,2283506,4689443,,,,2405937,2283506,4689443
2024,136172,00984100,University of North Florida,FL,3,,1,NCAA,4177,5873,10050,2,Basketball,14,16,,,14,16,36244,507410,19603,313653,821063,,,,,,1551133,1535182,3086315,,,,1551133,1535182,3086315,1551133,1535182,3086315,,,,1551133,1535182,3086315
2024,482680,00158500,University of North Georgia,GA,5,,1,NCAA,5468,6666,12134,2,Basketball,14,16,,,14,16,11439,160150,12919,206705,366855,,,,,,829671,752331,1582002,,,,829671,752331,1582002,772487,699926,1472413,,,,772487,699926,1472413
2024,227216,00359400,University of North Texas,TX,1,,1,NCAA,13164,15703,28867,2,Basketball,17,15,,,17,15,90993,1546883,71603,1074046,2620929,,,,,,5041794,3335328,8377122,,,,5041794,3335328,8377122,5041794,3335328,8377122,,,,5041794,3335328,8377122
2024,484905,04242100,University of North Texas at Dallas,TX,9,,2,NAIA,695,1244,1939,2,Basketball,18,17,,,18,17,1707,30731,2323,39490,70221,,,,,,256285,242207,498492,,,,256285,242207,498492,256285,242207,498492,,,,256285,242207,498492
2024,127741,00134900,University of Northern Colorado,CO,2,,1,NCAA,1730,3408,5138,2,Basketball,16,27,,,16,27,38951,623217,13744,371093,994310,,,,,,2125496,1700128,3825624,,,,2125496,1700128,3825624,2125496,1700128,3825624,,,,2125496,1700128,3825624
2024,154095,00189000,University of Northern Iowa,IA,2,,1,NCAA,2686,4218,6904,2,Basketball,16,28,,,16,28,51094,817511,21724,608268,1425779,,,,,,3354932,1797179,5152111,,,,3354932,1797179,5152111,3354932,1797179,5152111,,,,3354932,1797179,5152111
2024,204486,00486100,University of Northwestern Ohio,OH,10,,2,NAIA,1929,398,2327,2,Basketball,12,13,,,12,13,4228,50741,2580,33536,84277,,,,,,332799,269927,602726,,,,332799,269927,602726,332799,269927,602726,,,,332799,269927,602726
2024,174491,00237100,University of Northwestern-St Paul,MN,6,,1,NCAA,596,728,1324,2,Basketball,20,16,,,20,16,2261,45221,2601,41615,86836,,,,,,98231,90371,188602,,,,98231,90371,188602,92231,90371,182602,,,,92231,90371,182602
2024,152080,00184000,University of Notre Dame,IN,1,,1,NCAA,4512,4293,8805,2,Basketball,17,12,,,17,12,203619,3461531,272628,3271538,6733069,,,,,,13245301,9051995,22297296,,,,13245301,9051995,22297296,13245301,9051995,22297296,,,,13245301,9051995,22297296
2024,207500,00318400,University of Oklahoma-Norman Campus,OK,1,,1,NCAA,9790,10639,20429,2,Basketball,17,24,,,17,24,138688,2357690,83335,2000033,4357723,,,,,,9769244,2618570,12387814,,,,9769244,2618570,12387814,14250771,8756319,23007090,,,,14250771,8756319,23007090
2024,209551,00322300,University of Oregon,OR,1,,1,NCAA,8487,10943,19430,2,Basketball,18,29,,,18,29,151241,2722333,67742,1964517,4686850,,,,,,11644706,1830118,13474824,,,,11644706,1830118,13474824,14072866,6718334,20791200,,,,14072866,6718334,20791200
2024,215062,00337800,University of Pennsylvania,PA,2,,1,NCAA,4636,5559,10195,2,Basketball,16,26,,,16,26,22461,359378,13579,353048,712426,,,,,,2357216,1418440,3775656,,,,2357216,1418440,3775656,2357216,1418440,3775656,,,,2357216,1418440,3775656
2024,157535,00198000,University of Pikeville,KY,9,,2,NAIA,539,569,1108,2,Basketball,34,31,,,34,31,5477,186209,4925,152681,338890,,,,,,658863,584383,1243246,,,,658863,584383,1243246,658863,584383,1243246,,,,658863,584383,1243246
2024,215266,00337903,University of Pittsburgh-Bradford,PA,7,,1,NCAA,475,489,964,2,Basketball,18,9,,,18,9,3188,57381,3860,34742,92123,,,,,,179045,126890,305935,,,,179045,126890,305935,179045,126890,305935,,,,179045,126890,305935
2024,215275,00337904,University of Pittsburgh-Greensburg,PA,7,,1,NCAA,572,689,1261,2,Basketball,15,14,,,15,14,4146,62183,3715,52006,114189,,,,,,84395,57538,141933,,,,84395,57538,141933,84395,57538,141933,,,,84395,57538,141933
2024,215284,00337902,University of Pittsburgh-Johnstown,PA,5,,1,NCAA,997,776,1773,2,Basketball,16,12,,,16,12,6320,101125,5587,67045,168170,,,,,,544721,375888,920609,,,,544721,375888,920609,544721,375888,920609,,,,544721,375888,920609
2024,215293,00337900,University of Pittsburgh-Pittsburgh Campus,PA,1,,1,NCAA,8277,11487,19764,2,Basketball,16,24,,,16,24,154185,2466967,64591,1550172,4017139,,,,,,13874103,5131830,19005933,,,,13874103,5131830,19005933,11437769,5131830,16569599,,,,11437769,5131830,16569599
2024,209825,00322400,University of Portland,OR,3,,1,NCAA,1019,1896,2915,2,Basketball,18,17,,,18,17,35302,635442,24155,410631,1046073,,,,,,3575365,2353568,5928933,,,,3575365,2353568,5928933,3575365,2353568,5928933,,,,3575365,2353568,5928933
2024,180258,00252700,University of Providence,MT,9,,2,NAIA,194,274,468,2,Basketball,30,20,,,30,20,3373,101178,6166,123324,224502,,,,,,642318,603289,1245607,,,,642318,603289,1245607,573790,553898,1127688,,,,573790,553898,1127688
2024,243151,00720600,University of Puerto Rico at Cayey,PR,8,Intercollegiate Athletics League,8,other,594,1292,1886,2,Basketball,15,,,,15,0,987,14805,0,0,14805,,,,,,41673,,41673,,,,41673,0,41673,41673,,41673,,,,41673,0,41673
2024,243212,00965200,University of Puerto Rico at Ponce,PR,8,Liga Atletica Interuniversitaria,8,other,1014,1176,2190,2,Basketball,15,12,,,15,12,537,8060,537,6444,14504,,,,,,42384,38290,80674,,,,42384,38290,80674,42384,38290,80674,,,,42384,38290,80674
2024,243106,01212300,University of Puerto Rico-Aguadilla,PR,8,Interuniversity Athletic League,8,other,781,951,1732,2,Basketball,15,,,,15,0,178,2663,0,0,2663,,,,,,31313,,31313,,,,31313,0,31313,31813,,31813,,,,31813,0,31813
2024,243115,00722800,University of Puerto Rico-Arecibo,PR,8,Liga Atletica Interuniversitaria,8,other,1031,1494,2525,2,Basketball,15,15,,,15,15,129,1930,129,1930,3860,,,,,,54850,54850,109700,,,,54850,54850,109700,54850,54850,109700,,,,54850,54850,109700
2024,243133,01097500,University of Puerto Rico-Bayamon,PR,5,,1,NCAA,1291,1229,2520,2,Basketball,15,15,,,15,15,2830,42454,4177,62651,105105,,,,,,102954,137896,240850,,,,102954,137896,240850,102954,137896,240850,,,,102954,137896,240850
2024,243142,03016000,University of Puerto Rico-Carolina,PR,8,Liga Atlética Interuniversitaria (LAI),8,other,685,1334,2019,2,Basketball,15,15,,,15,15,1089,16334,1089,16334,32668,,,,,,44757,44757,89514,,,,44757,44757,89514,44757,44757,89514,,,,44757,44757,89514
2024,243179,00394300,University of Puerto Rico-Humacao,PR,8,Athletic Intercollegiate League of Puerto Rico,8,other,762,1539,2301,2,Basketball,15,12,,,15,12,177,2659,113,1359,4018,,,,,,7646,7307,14953,,,,7646,7307,14953,7646,7307,14953,,,,7646,7307,14953
2024,243197,00394400,University of Puerto Rico-Mayaguez,PR,5,,1,NCAA,4847,3819,8666,2,Basketball,15,13,,,15,13,225,3376,459,5968,9344,,,,,,103362,126202,229564,,,,103362,126202,229564,103362,126202,229564,,,,103362,126202,229564
2024,243221,00710800,University of Puerto Rico-Rio Piedras,PR,5,,1,NCAA,2815,4766,7581,2,Basketball,16,16,,,16,16,1736,27783,1251,20008,47791,,,,,,56454,58304,114758,,,,56454,58304,114758,56454,58304,114758,,,,56454,58304,114758
2024,243188,01092200,University of Puerto Rico-Utuado,PR,8,Liga Atletica Interuniversitaria,8,other,150,144,294,2,Basketball,19,,,,19,0,142,2698,0,0,2698,,,,,,29131,,29131,,,,29131,0,29131,29131,,29131,,,,29131,0,29131
2024,236328,00379700,University of Puget Sound,WA,6,,1,NCAA,687,888,1575,2,Basketball,17,14,,,17,14,3488,59295,6314,88400,147695,,,,,,171346,190921,362267,,,,171346,190921,362267,171346,190921,362267,,,,171346,190921,362267
2024,121691,00132200,University of Redlands,CA,6,,1,NCAA,831,1087,1918,2,Basketball,31,25,,,31,25,3699,114659,2903,72564,187223,,,,,,500343,412438,912781,,,,500343,412438,912781,458599,418641,877240,,,,458599,418641,877240
2024,217484,00341400,University of Rhode Island,RI,2,,1,NCAA,5271,7486,12757,2,Basketball,15,13,,,15,13,146330,2194946,84446,1097800,3292746,,,,,,7857206,3770428,11627634,,,,7857206,3770428,11627634,7857206,3746665,11603871,,,,7857206,3746665,11603871
2024,233374,00374400,University of Richmond,VA,2,,1,NCAA,1324,1563,2887,2,Basketball,17,15,,,17,15,101144,1719446,77432,1161474,2880920,,,,,,7487840,4078588,11566428,,,,7487840,4078588,11566428,7487840,4078588,11566428,,,,7487840,4078588,11566428
2024,205203,00311600,University of Rio Grande,OH,9,,2,NAIA,532,585,1117,2,Basketball,15,16,,,15,16,2760,41400,2750,43992,85392,,,,,,460449,445666,906115,,,,460449,445666,906115,376216,404960,781176,,,,376216,404960,781176
2024,195030,00289400,University of Rochester,NY,6,,1,NCAA,2950,3172,6122,2,Basketball,15,17,,,15,17,10338,155069,5501,93519,248588,,,,,,384634,284946,669580,,,,384634,284946,669580,422929,315517,738446,,,,422929,315517,738446
2024,152336,00183200,University of Saint Francis-Fort Wayne,IN,9,,2,NAIA,493,947,1440,2,Basketball,32,26,,,32,26,3541,113314,4056,105453,218767,,,,,,503458,555963,1059421,,,,503458,555963,1059421,658228,536159,1194387,,,,658228,536159,1194387
2024,130314,00140900,University of Saint Joseph,CT,7,,1,NCAA,260,552,812,2,Basketball,19,17,,,19,17,4031,76588,3515,59758,136346,,,,,,265356,205377,470733,,,,265356,205377,470733,265356,205377,470733,,,,265356,205377,470733
2024,155812,00194300,University of Saint Mary,KS,10,,2,NAIA,426,398,824,2,Basketball,35,28,,,35,28,1503,52611,1769,49545,102156,,,,,,356103,318484,674587,,,,356103,318484,674587,356103,318484,674587,,,,356103,318484,674587
2024,122436,01039500,University of San Diego,CA,2,,1,NCAA,2419,3165,5584,2,Basketball,21,16,,,21,16,59606,1251735,24786,396576,1648311,,,,,,5328384,2860140,8188524,,,,5328384,2860140,8188524,5328384,2860140,8188524,,,,5328384,2860140,8188524
2024,122612,00132500,University of San Francisco,CA,3,,1,NCAA,1784,3326,5110,2,Basketball,15,14,,,15,14,98113,1471688,71832,1005654,2477342,,,,,,6432687,3766454,10199141,,,,6432687,3766454,10199141,6432687,3766454,10199141,,,,6432687,3766454,10199141
2024,207722,00316700,University of Science and Arts of Oklahoma,OK,9,,2,NAIA,300,582,882,2,Basketball,13,15,,,13,15,4107,53391,4396,65942,119333,,,,,,354670,393518,748188,,,,354670,393518,748188,339793,385961,725754,,,,339793,385961,725754
2024,215929,00338400,University of Scranton,PA,7,,1,NCAA,1528,1960,3488,2,Basketball,17,18,,,17,18,4112,69897,4073,73319,143216,,,,,,344904,324608,669512,,,,344904,324608,669512,344904,324608,669512,,,,344904,324608,669512
2024,219383,00346900,University of Sioux Falls,SD,4,,1,NCAA,440,681,1121,2,Basketball,19,17,,,19,17,5551,105467,7089,120507,225974,,,,,,637656,606045,1243701,,,,637656,606045,1243701,615207,606045,1221252,,,,615207,606045,1221252
2024,102094,00105700,University of South Alabama,AL,1,,1,NCAA,2909,4881,7790,2,Basketball,14,15,,,14,15,37057,518800,25239,378582,897382,,,,,,2876915,1880395,4757310,,,,2876915,1880395,4757310,2527029,1925288,4452317,,,,2527029,1925288,4452317
2024,218645,00344900,University of South Carolina Aiken,SC,5,,1,NCAA,1023,1548,2571,2,Basketball,14,17,,,14,17,6664,93292,4779,81250,174542,,,,,,700961,688927,1389888,,,,700961,688927,1389888,702604,685927,1388531,,,,702604,685927,1388531
2024,218654,00345000,University of South Carolina Beaufort,SC,5,,1,NCAA,613,1234,1847,2,Basketball,18,15,,,18,15,6054,108964,5413,81197,190161,,,,,,626973,506648,1133621,,,,626973,506648,1133621,628870,508017,1136887,,,,628870,508017,1136887
2024,218663,00344800,University of South Carolina-Columbia,SC,1,,1,NCAA,11726,17289,29015,2,Basketball,14,31,,,14,31,120300,1684195,71872,2228044,3912239,,,,,,15446053,13119360,28565413,,,,15446053,13119360,28565413,11074153,13119360,24193513,,,,11074153,13119360,24193513
2024,218681,00345400,University of South Carolina-Salkehatchie,SC,12,,3,NJCAA,118,118,236,2,Basketball,15,8,,,15,8,3102,46534,2173,17382,63916,,,,,,123631,66649,190280,,,,123631,66649,190280,123631,66649,190280,,,,123631,66649,190280
2024,218742,00695100,University of South Carolina-Upstate,SC,3,,1,NCAA,1205,2322,3527,2,Basketball,15,16,,,15,16,14801,222010,11634,186149,408159,,,,,,1419533,1247773,2667306,,,,1419533,1247773,2667306,1419533,1247773,2667306,,,,1419533,1247773,2667306
2024,219471,00347400,University of South Dakota,SD,2,,1,NCAA,1684,3076,4760,2,Basketball,16,15,,,16,15,23000,368000,15324,229856,597856,,,,,,1925861,1663329,3589190,,,,1925861,1663329,3589190,1925861,1663329,3589190,,,,1925861,1663329,3589190
2024,137351,00153700,University of South Florida,FL,1,,1,NCAA,13334,18045,31379,2,Basketball,16,15,,,16,15,147555,2360872,124967,1874509,4235381,,,,,,8567400,5446523,14013923,,,,8567400,5446523,14013923,8567400,5446523,14013923,,,,8567400,5446523,14013923
2024,123961,00132800,University of Southern California,CA,1,,1,NCAA,9567,10504,20071,2,Basketball,17,30,,,17,30,107535,1828093,70413,2112376,3940469,,,,,,13074782,9610324,22685106,,,,13074782,9610324,22685106,13074782,9610324,22685106,,,,13074782,9610324,22685106
2024,151306,00180800,University of Southern Indiana,IN,5,,1,NCAA,1766,3016,4782,2,Basketball,18,12,,,18,12,13623,245221,23486,281833,527054,,,,,,1420493,1247074,2667567,,,,1420493,1247074,2667567,1420493,1247074,2667567,,,,1420493,1247074,2667567
2024,161554,00205400,University of Southern Maine,ME,7,,1,NCAA,1370,2009,3379,2,Basketball,22,21,,,22,21,3516,77354,3494,73367,150721,,,,,,192916,244726,437642,,,,192916,244726,437642,167886,209576,377462,,,,167886,209576,377462
2024,176372,00244100,University of Southern Mississippi,MS,1,,1,NCAA,3208,5471,8679,2,Basketball,16,14,,,16,14,41478,663644,32695,457723,1121367,,,,,,2393354,1913827,4307181,,,,2393354,1913827,4307181,2393354,1913827,4307181,,,,2393354,1913827,4307181
2024,148584,00166400,University of St Francis,IL,9,,2,NAIA,393,677,1070,2,Basketball,25,17,,,25,17,3699,92463,4948,84114,176577,,,,,,680045,501950,1181995,,,,680045,501950,1181995,632683,486808,1119491,,,,632683,486808,1119491
2024,174914,00234500,University of St Thomas,MN,2,,1,NCAA,3072,3054,6126,2,Basketball,16,17,,,16,17,30113,481809,29240,497075,978884,,,,,,2401679,2243048,4644727,,,,2401679,2243048,4644727,2401679,2243048,4644727,,,,2401679,2243048,4644727
2024,227863,00365400,University of St Thomas,TX,7,,1,NCAA,1043,1730,2773,2,Basketball,24,19,,,24,19,4647,111537,3791,72024,183561,,,,,,207372,139538,346910,,,,207372,139538,346910,207372,139538,346910,,,,207372,139538,346910
2024,156541,00196200,University of the Cumberlands,KY,9,,2,NAIA,1876,3936,5812,2,Basketball,15,17,,,15,17,6963,104449,5842,99320,203769,,,,,,432097,456170,888267,,,,432097,456170,888267,432097,456170,888267,,,,432097,456170,888267
2024,131399,00144100,University of the District of Columbia,DC,5,,1,NCAA,616,804,1420,2,Basketball,13,12,,,13,12,4967,64573,6779,81349,145922,,,,,,621043,518931,1139974,,,,621043,518931,1139974,621043,518931,1139974,,,,621043,518931,1139974
2024,225627,00357800,University of the Incarnate Word,TX,2,,1,NCAA,1408,2587,3995,2,Basketball,25,23,,,25,23,15572,389293,7721,177587,566880,,,,,,1722172,1508307,3230479,,,,1722172,1508307,3230479,1722172,1508307,3230479,,,,1722172,1508307,3230479
2024,107558,00109400,University of the Ozarks,AR,7,,1,NCAA,333,426,759,2,Basketball,22,15,,,22,15,2870,63149,4175,62629,125778,,,,,,159884,144766,304650,,,,159884,144766,304650,155733,159510,315243,,,,155733,159510,315243
2024,120883,00132900,University of the Pacific,CA,3,,1,NCAA,1400,1725,3125,2,Basketball,15,16,,,15,16,50448,756726,27766,444251,1200977,,,,,,4203536,2558425,6761961,,,,4203536,2558425,6761961,4203536,2558425,6761961,,,,4203536,2558425,6761961
2024,188182,00265000,University of the Southwest,NM,9,,2,NAIA,172,149,321,2,Basketball,35,21,,,35,21,3468,121369,3289,69079,190448,,,,,,368175,247147,615322,,,,368175,247147,615322,432046,293832,725878,,,,432046,293832,725878
2024,243665,00394600,University of the Virgin Islands,VI,10,,2,NAIA,343,726,1069,2,Basketball,13,11,,,13,11,12868,167285,12361,135972,303257,,,,,,388770,274278,663048,,,,388770,274278,663048,391770,280277,672047,,,,391770,280277,672047
2024,206084,00313100,University of Toledo,OH,1,,1,NCAA,4250,4409,8659,2,Basketball,14,15,,,14,15,31923,446918,22064,330954,777872,,,,,,3167166,2574364,5741530,,,,3167166,2574364,5741530,3167166,2574364,5741530,,,,3167166,2574364,5741530
2024,207971,00318500,University of Tulsa,OK,1,,1,NCAA,1245,1328,2573,2,Basketball,15,16,,,15,16,79260,1188907,48008,768128,1957035,,,,,,6355122,4427539,10782661,,,,6355122,4427539,10782661,6355122,4427539,10782661,,,,6355122,4427539,10782661
2024,230764,00367500,University of Utah,UT,1,,1,NCAA,12375,11294,23669,2,Basketball,18,14,,,18,14,111807,2012533,101905,1426667,3439200,,,,,,16981671,764775,17746446,,,,16981671,764775,17746446,8954515,5015772,13970287,,,,8954515,5015772,13970287
2024,216542,00330600,University of Valley Forge,PA,7,,1,NCAA,225,206,431,2,Basketball,17,7,,,17,7,1186,20157,1347,9430,29587,,,,,,37007,25694,62701,,,,37007,25694,62701,36657,25694,62351,,,,36657,25694,62351
2024,231174,00369600,University of Vermont,VT,3,,1,NCAA,4186,7265,11451,2,Basketball,15,22,,,15,22,29086,436294,26945,592779,1029073,,,,,,2943643,2295757,5239400,,,,2943643,2295757,5239400,2943757,2295144,5238901,,,,2943757,2295144,5238901
2024,233897,00374700,University of Virginia's College at Wise,VA,4,,1,NCAA,507,568,1075,2,Basketball,19,15,,,19,15,5959,113224,6640,99599,212823,,,,,,416826,429888,846714,,,,416826,429888,846714,416826,429888,846714,,,,416826,429888,846714
2024,234076,00374500,University of Virginia-Main Campus,VA,1,,1,NCAA,7471,9559,17030,2,Basketball,19,38,,,19,38,148549,2822422,45397,1725092,4547514,,,,,,17841957,5796602,23638559,,,,17841957,5796602,23638559,16646407,5796602,22443009,,,,16646407,5796602,22443009
2024,236948,00379800,University of Washington-Seattle Campus,WA,1,,1,NCAA,13000,17141,30141,2,Basketball,16,24,,,16,24,207073,3313161,107944,2590660,5903821,,,,,,13456854,1951477,15408331,,,,13456854,1951477,15408331,11725277,7531528,19256805,,,,11725277,7531528,19256805
2024,101587,00102400,University of West Alabama,AL,4,,1,NCAA,629,1778,2407,2,Basketball,15,15,,,15,15,7104,106558,8060,120905,227463,,,,,,636840,625862,1262702,,,,636840,625862,1262702,630461,612115,1242576,,,,630461,612115,1242576
2024,138354,00395500,University of West Florida,FL,4,,1,NCAA,2959,3790,6749,2,Basketball,14,13,,,14,13,8202,114827,10391,135078,249905,,,,,,610247,626474,1236721,,,,610247,626474,1236721,619963,640492,1260455,,,,619963,640492,1260455
2024,141334,00160100,University of West Georgia,GA,2,,1,NCAA,2312,3613,5925,2,Basketball,16,15,,,16,15,22391,358263,26000,390005,748268,,,,,,1278467,1214098,2492565,,,,1278467,1214098,2492565,1278467,1214098,2492565,,,,1278467,1214098,2492565
2024,240268,00391700,University of Wisconsin-Eau Claire,WI,6,,1,NCAA,3335,4989,8324,2,Basketball,20,18,,,20,18,3589,71778,4736,85247,157025,,,,,,334015,267690,601705,,,,334015,267690,601705,307921,307044,614965,,,,307921,307044,614965
2024,240277,00389900,University of Wisconsin-Green Bay,WI,3,,1,NCAA,1956,3084,5040,2,Basketball,18,14,,,18,14,40161,722896,38719,542062,1264958,,,,,,2519767,2192190,4711957,,,,2519767,2192190,4711957,2519767,2192190,4711957,,,,2519767,2192190,4711957
2024,240329,00391900,University of Wisconsin-La Crosse,WI,6,,1,NCAA,3868,5112,8980,2,Basketball,17,17,,,17,17,6571,111714,5069,86169,197883,,,,,,319400,241744,561144,,,,319400,241744,561144,429914,369204,799118,,,,429914,369204,799118
2024,240444,00389500,University of Wisconsin-Madison,WI,1,,1,NCAA,16303,18893,35196,2,Basketball,17,28,,,17,28,145680,2476553,42185,1181177,3657730,,,,,,19869281,760053,20629334,,,,19869281,760053,20629334,12464124,5120630,17584754,,,,12464124,5120630,17584754
2024,240453,00389600,University of Wisconsin-Milwaukee,WI,3,,1,NCAA,6451,8302,14753,2,Basketball,18,15,,,18,15,34481,620665,23418,351270,971935,,,,,,2879547,1580026,4459573,,,,2879547,1580026,4459573,2879547,1580026,4459573,,,,2879547,1580026,4459573
2024,240365,00392000,University of Wisconsin-Oshkosh,WI,6,,1,NCAA,2539,3398,5937,2,Basketball,23,18,,,23,18,4325,99465,3754,67566,167031,,,,,,410623,278521,689144,,,,410623,278521,689144,400957,287175,688132,,,,400957,287175,688132
2024,240374,00501500,University of Wisconsin-Parkside,WI,5,,1,NCAA,1076,1235,2311,2,Basketball,17,12,,,17,12,4476,76096,8372,100467,176563,,,,,,496819,460705,957524,,,,496819,460705,957524,496819,460705,957524,,,,496819,460705,957524
2024,240462,00392100,University of Wisconsin-Platteville,WI,6,,1,NCAA,3351,2012,5363,2,Basketball,19,20,,,19,20,5089,96693,3418,68359,165052,,,,,,506628,281032,787660,,,,506628,281032,787660,494269,269300,763569,,,,494269,269300,763569
2024,240471,00392300,University of Wisconsin-River Falls,WI,6,,1,NCAA,1486,2433,3919,2,Basketball,22,20,,,22,20,2459,54101,1855,37101,91202,,,,,,199978,144303,344281,,,,199978,144303,344281,199978,144303,344281,,,,199978,144303,344281
2024,240480,00392400,University of Wisconsin-Stevens Point,WI,6,,1,NCAA,2947,3656,6603,2,Basketball,19,18,,,19,18,3088,58674,4271,76884,135558,,,,,,315089,256087,571176,,,,315089,256087,571176,317739,256033,573772,,,,317739,256033,573772
2024,240417,00391500,University of Wisconsin-Stout,WI,16,,4,NCCAA,2805,2058,4863,2,Basketball,19,15,,,19,15,3760,71433,6516,97735,169168,,,,,,284106,301128,585234,,,,284106,301128,585234,202736,301128,503864,,,,202736,301128,503864
2024,240426,00392500,University of Wisconsin-Superior,WI,7,,1,NCAA,541,884,1425,2,Basketball,22,20,,,22,20,3853,84757,3249,64987,149744,,,,,,236512,166509,403021,,,,236512,166509,403021,236512,166509,403021,,,,236512,166509,403021
2024,240189,00392600,University of Wisconsin-Whitewater,WI,6,,1,NCAA,4334,4096,8430,2,Basketball,16,19,,,16,19,4543,72683,5078,96485,169168,,,,,,251011,246775,497786,,,,251011,246775,497786,247331,242839,490170,,,,247331,242839,490170
2024,240727,00393200,University of Wyoming,WY,1,,1,NCAA,3195,3609,6804,2,Basketball,16,29,,,16,29,49312,788987,22565,654394,1443381,,,,,,4349840,2491298,6841138,,,,4349840,2491298,6841138,4349840,2491298,6841138,,,,4349840,2491298,6841138
2024,154493,00189300,Upper Iowa University,IA,4,,1,NCAA,467,626,1093,2,Basketball,23,16,,,23,16,4729,108772,5005,80072,188844,,,,,,570186,507368,1077554,,,,570186,507368,1077554,570186,497304,1067490,,,,570186,497304,1067490
2024,216524,00338500,Ursinus College,PA,6,,1,NCAA,774,713,1487,2,Basketball,16,18,,,16,18,3080,49287,2007,36132,85419,,,,,,376660,173199,549859,,,,376660,173199,549859,376660,173199,549859,,,,376660,173199,549859
2024,206349,00313400,Ursuline College,OH,5,,1,NCAA,37,517,554,2,Basketball,,13,,,0,13,0,0,3976,51688,51688,,,,,,,481906,481906,,,,0,481906,481906,,481906,481906,,,,0,481906,481906
2024,230728,00367700,Utah State University,UT,1,,1,NCAA,7713,8797,16510,2,Basketball,15,31,,,15,31,84188,1262825,29104,902238,2165063,,,,,,5717996,3078211,8796207,,,,5717996,3078211,8796207,5717996,3078211,8796207,,,,5717996,3078211,8796207
2024,230171,00367100,Utah Tech University,UT,2,,1,NCAA,2770,4171,6941,2,Basketball,14,14,,,14,14,42246,591445,30438,426138,1017583,,,,,,1909142,1317255,3226397,,,,1909142,1317255,3226397,1894269,1308736,3203005,,,,1894269,1308736,3203005
2024,230737,00402700,Utah Valley University,UT,3,,1,NCAA,9531,8952,18483,2,Basketball,17,14,,,17,14,40193,683288,33843,473804,1157092,,,,,,2332401,1370919,3703320,,,,2332401,1370919,3703320,2332401,1370919,3703320,,,,2332401,1370919,3703320
2024,197045,00288300,Utica University,NY,6,,1,NCAA,943,1137,2080,2,Basketball,21,15,,,21,15,2887,60627,3141,47117,107744,,,,,,225441,177322,402763,,,,225441,177322,402763,200012,169674,369686,,,,200012,169674,369686
2024,141264,00159900,Valdosta State University,GA,4,,1,NCAA,1680,3557,5237,2,Basketball,15,13,,,15,13,6772,101583,6729,87477,189060,,,,,,564824,516227,1081051,,,,564824,516227,1081051,564824,516227,1081051,,,,564824,516227,1081051
2024,200572,00300800,Valley City State University,ND,10,,2,NAIA,377,405,782,2,Basketball,22,15,,,22,15,3532,77707,6240,93599,171306,,,,,,284287,322589,606876,,,,284287,322589,606876,311893,322291,634184,,,,311893,322291,634184
2024,152600,00184200,Valparaiso University,IN,2,,1,NCAA,891,1164,2055,2,Basketball,17,14,,,17,14,48263,820465,20428,285996,1106461,,,,,,3334211,1690720,5024931,,,,3334211,1690720,5024931,3337787,1703706,5041493,,,,3337787,1703706,5041493
2024,221999,00353500,Vanderbilt University,TN,1,,1,NCAA,3402,3764,7166,2,Basketball,18,28,,,18,28,146880,2643832,75464,2112985,4756817,,,,,,13322320,8319805,21642125,,,,13322320,8319805,21642125,13322320,8319805,21642125,,,,13322320,8319805,21642125
2024,123651,00129300,Vanguard University of Southern California,CA,5,,1,NCAA,572,1156,1728,2,Basketball,18,22,,,18,22,7369,132650,5395,118688,251338,,,,,,771085,670197,1441282,,,,771085,670197,1441282,771085,626295,1397380,,,,771085,626295,1397380
2024,197133,00289500,Vassar College,NY,7,,1,NCAA,920,1486,2406,2,Basketball,16,18,,,16,18,3911,62568,3463,62342,124910,,,,,,256318,239596,495914,,,,256318,239596,495914,246051,225716,471767,,,,246051,225716,471767
2024,188340,00266500,Vaughn College of Aeronautics and Technology,NY,20,,8,other,910,166,1076,2,Basketball,15,,,,15,0,867,13011,0,0,13011,,,,,,21021,,21021,,,,21021,0,21021,21021,,21021,,,,21021,0,21021
2024,125028,00133400,Ventura College,CA,17,,8,other,1472,1652,3124,2,Basketball,16,12,,,16,12,1915,30638,2320,27839,58477,,,,,,152738,157438,310176,,,,152738,157438,310176,152240,157438,309678,,,,152240,157438,309678
2024,231165,00369800,Vermont State University,VT,8,"4 schools, 3  NCAAlll, one with football, 1 USCAA",8,other,1291,1414,2705,2,Basketball,68,44,,,68,44,2973,202151,3987,175421,377572,,,,,,564447,348441,912888,,,,564447,348441,912888,487980,312975,800955,,,,487980,312975,800955
2024,125091,00133500,Victor Valley College,CA,17,,8,other,559,878,1437,2,Basketball,16,11,,,16,11,1108,17732,2006,22067,39799,,,,,,50721,55253,105974,,,,50721,55253,105974,50721,52262,102983,,,,50721,52262,102983
2024,197142,00289600,Villa Maria College,NY,20,,8,other,254,280,534,2,Basketball,20,15,,,20,15,1127,22541,304,4554,27095,,,,,,75369,58011,133380,,,,75369,58011,133380,75369,58011,133380,,,,75369,58011,133380
2024,216597,00338800,Villanova University,PA,2,,1,NCAA,3066,3664,6730,2,Basketball,15,28,,,15,28,254631,3819469,68648,1922154,5741623,,,,,,16554290,5158438,21712728,,,,16554290,5158438,21712728,15910105,5158438,21068543,,,,15910105,5158438,21068543
2024,152637,00184300,Vincennes University,IN,12,,3,NJCAA,1423,1265,2688,2,Basketball,15,10,,,15,10,7359,110383,7684,76837,187220,,,,,,772422,437057,1209479,,,,772422,437057,1209479,772422,437057,1209479,,,,772422,437057,1209479
2024,234030,00373500,Virginia Commonwealth University,VA,3,,1,NCAA,6755,11855,18610,2,Basketball,13,15,,,13,15,145678,1893812,61897,928449,2822261,,,,,,7828904,4269387,12098291,,,,7828904,4269387,12098291,7828904,4269387,12098291,,,,7828904,4269387,12098291
2024,234085,00375300,Virginia Military Institute,VA,2,,1,NCAA,1307,220,1527,2,Basketball,18,,,,18,0,22424,403624,0,0,403624,,,,,,2241416,,2241416,,,,2241416,0,2241416,2241416,,2241416,,,,2241416,0,2241416
2024,233754,00687100,Virginia Peninsula Community College,VA,14,,3,NJCAA,721,820,1541,2,Basketball,19,,,,19,0,969,18402,0,0,18402,,,,,,26500,,26500,,,,26500,0,26500,26887,,26887,,,,26887,0,26887
2024,233921,00375400,Virginia Polytechnic Institute and State University,VA,1,,1,NCAA,16988,13126,30114,2,Basketball,15,11,,,15,11,142258,2133873,166602,1832623,3966496,,,,,,8485407,2046594,10532001,,,,8485407,2046594,10532001,9504271,4459989,13964260,,,,9504271,4459989,13964260
2024,234155,00376400,Virginia State University,VA,4,,1,NCAA,2017,2859,4876,2,Basketball,20,15,,,20,15,7756,155113,9189,137829,292942,,,,,,948469,835802,1784271,,,,948469,835802,1784271,948469,835802,1784271,,,,948469,835802,1784271
2024,234164,00376600,Virginia Union University,VA,4,,1,NCAA,553,583,1136,2,Basketball,28,21,,,28,21,6529,182808,6345,133246,316054,,,,,,734424,541312,1275736,,,,734424,541312,1275736,614079,516995,1131074,,,,614079,516995,1131074
2024,234137,00376200,Virginia University of Lynchburg,VA,15,,4,NCCAA,98,10,108,2,Basketball,14,9,,,14,9,1348,18869,1348,12132,31001,,,,,,32873,28500,61373,,,,32873,28500,61373,47547,48000,95547,,,,47547,48000,95547
2024,234173,00376700,Virginia Wesleyan University,VA,7,,1,NCAA,512,668,1180,2,Basketball,21,12,,,21,12,5288,111050,4917,59000,170050,,,,,,376075,171719,547794,,,,376075,171719,547794,376075,171719,547794,,,,376075,171719,547794
2024,240107,00391100,Viterbo University,WI,10,,2,NAIA,318,723,1041,2,Basketball,19,25,,,19,25,2963,56300,2594,64843,121143,,,,,,241369,293203,534572,,,,241369,293203,534572,221198,276229,497427,,,,221198,276229,497427
2024,222053,00991200,Volunteer State Community College,TN,12,,3,NJCAA,1368,2181,3549,2,Basketball,15,15,,,15,15,3292,49379,2849,42729,92108,,,,,,201091,135142,336233,,,,201091,135142,336233,201091,135142,336233,,,,201091,135142,336233
2024,218919,00345500,Voorhees University,SC,9,,2,NAIA,214,196,410,2,Basketball,20,19,,,20,19,369,7385,616,11710,19095,,,,,,129463,88894,218357,,,,129463,88894,218357,129463,88894,218357,,,,129463,88894,218357
2024,403487,00174226,Wabash Valley College,IL,12,,3,NJCAA,204,233,437,2,Basketball,15,15,,,15,15,654,9807,2560,38403,48210,,,,,,253230,267893,521123,,,,253230,267893,521123,245445,253346,498791,,,,245445,253346,498791
2024,197197,00289900,Wagner College,NY,2,,1,NCAA,632,978,1610,2,Basketball,13,14,,,13,14,10399,135185,8843,123808,258993,,,,,,2020071,1579882,3599953,,,,2020071,1579882,3599953,2020071,1579882,3599953,,,,2020071,1579882,3599953
2024,199847,00297800,Wake Forest University,NC,1,,1,NCAA,2427,2986,5413,2,Basketball,17,22,,,17,22,129617,2203488,55786,1227281,3430769,,,,,,13055099,4702870,17757969,,,,13055099,4702870,17757969,13055099,4702870,17757969,,,,13055099,4702870,17757969
2024,199856,00484400,Wake Technical Community College,NC,13,,3,NJCAA,3848,3837,7685,2,Basketball,19,16,,,19,16,1582,30067,2478,39654,69721,,,,,,72064,72064,144128,,,,72064,72064,144128,64641,72064,136705,,,,64641,72064,136705
2024,154518,00189500,Waldorf University,IA,9,,2,NAIA,754,499,1253,2,Basketball,30,16,,,30,16,2095,62836,2878,46051,108887,,,,,,382210,320748,702958,,,,382210,320748,702958,382210,320748,702958,,,,382210,320748,702958
2024,236887,00500600,Walla Walla Community College,WA,19,,8,other,765,757,1522,2,Basketball,18,13,,,18,13,3708,66743,5445,70788,137531,,,,,,150680,154075,304755,,,,150680,154075,304755,150680,154075,304755,,,,150680,154075,304755
2024,236896,00379900,Walla Walla University,WA,10,,2,NAIA,624,588,1212,2,Basketball,17,12,,,17,12,4810,81768,6095,73141,154909,,,,,,251577,241717,493294,,,,251577,241717,493294,239759,228750,468509,,,,239759,228750,468509
2024,206437,00313500,Walsh University,OH,4,,1,NCAA,704,599,1303,2,Basketball,26,25,,,26,25,3376,87768,2745,68614,156382,,,,,,700723,659992,1360715,,,,700723,659992,1360715,638997,625565,1264562,,,,638997,625565,1264562
2024,222062,00886300,Walters State Community College,TN,12,,3,NJCAA,975,1551,2526,2,Basketball,13,10,,,13,10,7567,98366,6956,69564,167930,,,,,,236087,224243,460330,,,,236087,224243,460330,236087,224243,460330,,,,236087,224243,460330
2024,210304,00322500,Warner Pacific University,OR,9,,2,NAIA,140,210,350,2,Basketball,15,13,,,15,13,3130,46944,3536,45964,92908,,,,,,161315,181762,343077,,,,161315,181762,343077,161315,181762,343077,,,,161315,181762,343077
2024,138275,00884800,Warner University,FL,9,,2,NAIA,393,314,707,2,Basketball,48,33,,,48,33,1489,71457,905,29859,101316,,,,,,207255,141522,348777,,,,207255,141522,348777,170319,158375,328694,,,,170319,158375,328694
2024,199865,00297900,Warren Wilson College,NC,7,,1,NCAA,235,471,706,2,Basketball,16,15,,,16,15,1530,24484,1804,27056,51540,,,,,,82084,94558,176642,,,,82084,94558,176642,71270,81970,153240,,,,71270,81970,153240
2024,154527,00189600,Wartburg College,IA,6,,1,NCAA,767,637,1404,2,Basketball,27,20,,,27,20,3592,96981,3500,70007,166988,,,,,,244488,179575,424063,,,,244488,179575,424063,244488,179575,424063,,,,244488,179575,424063
2024,156082,00194900,Washburn University,KS,4,,1,NCAA,1302,2510,3812,2,Basketball,14,15,,,14,15,23162,324271,13245,198680,522951,,,,,,1120676,770527,1891203,,,,1120676,770527,1891203,1120676,770527,1891203,,,,1120676,770527,1891203
2024,216667,00338900,Washington & Jefferson College,PA,6,,1,NCAA,697,591,1288,2,Basketball,19,17,,,19,17,1810,34383,2116,35974,70357,,,,,,143115,163196,306311,,,,143115,163196,306311,144159,165656,309815,,,,144159,165656,309815
2024,162210,00206700,Washington Adventist University,MD,9,,2,NAIA,187,221,408,2,Basketball,33,12,,,33,12,2168,71545,5591,67088,138633,,,,,,293087,163088,456175,,,,293087,163088,456175,293087,163088,456175,,,,293087,163088,456175
2024,234207,00376800,Washington and Lee University,VA,6,,1,NCAA,920,961,1881,2,Basketball,16,15,,,16,15,4542,72673,6503,97552,170225,,,,,,281538,253917,535455,,,,281538,253917,535455,247219,253245,500464,,,,247219,253245,500464
2024,164216,00210800,Washington College,MD,7,,1,NCAA,386,494,880,2,Basketball,14,12,,,14,12,3433,48055,3737,44845,92900,,,,,,197973,201340,399313,,,,197973,201340,399313,197973,201340,399313,,,,197973,201340,399313
2024,161581,00923100,Washington County Community College,ME,20,,8,other,163,155,318,2,Basketball,17,7,,,17,7,2704,45960,2330,16311,62271,,,,,,85937,48788,134725,,,,85937,48788,134725,85937,48788,134725,,,,85937,48788,134725
2024,236939,00380000,Washington State University,WA,1,,1,NCAA,8947,9997,18944,2,Basketball,14,13,,,14,13,95633,1338862,74451,967865,2306727,,,,,,6640383,870584,7510967,,,,6640383,870584,7510967,4336028,3718741,8054769,,,,4336028,3718741,8054769
2024,179867,00252000,Washington University in St Louis,MO,6,,1,NCAA,3496,4013,7509,2,Basketball,18,17,,,18,17,10297,185351,8930,151802,337153,,,,,,614882,524420,1139302,,,,614882,524420,1139302,584554,496840,1081394,,,,584554,496840,1081394
2024,149727,00693100,Waubonsee Community College,IL,13,,3,NJCAA,1143,1207,2350,2,Basketball,21,10,,,21,10,2400,50400,3584,35844,86244,,,,,,97679,77815,175494,,,,97679,77815,175494,97679,77815,175494,,,,97679,77815,175494
2024,229780,00366300,Wayland Baptist University,TX,9,,2,NAIA,735,690,1425,2,Basketball,63,31,,,63,31,2225,140175,3485,108035,248210,,,,,,710255,668959,1379214,,,,710255,668959,1379214,664253,605552,1269805,,,,664253,605552,1269805
2024,172635,00923000,Wayne County Community College District,MI,13,,3,NJCAA,838,941,1779,2,Basketball,18,12,,,18,12,3911,70404,3911,46936,117340,,,,,,141515,104875,246390,,,,141515,104875,246390,141515,104875,246390,,,,141515,104875,246390
2024,181783,00256600,Wayne State College,NE,4,,1,NCAA,1190,1610,2800,2,Basketball,16,15,,,16,15,7715,123438,7824,117365,240803,,,,,,621386,542481,1163867,,,,621386,542481,1163867,621386,542481,1163867,,,,621386,542481,1163867
2024,172644,00232900,Wayne State University,MI,4,,1,NCAA,5179,7476,12655,2,Basketball,15,15,,,15,15,9122,136826,8057,120851,257677,,,,,,1010799,808822,1819621,,,,1010799,808822,1819621,1010799,808822,1819621,,,,1010799,808822,1819621
2024,216694,00339100,Waynesburg University,PA,16,,4,NCCAA,483,508,991,2,Basketball,55,22,,,55,22,443,24350,1110,24423,48773,,,,,,166574,194960,361534,,,,166574,194960,361534,166574,194960,361534,,,,166574,194960,361534
2024,229799,00366400,Weatherford College,TX,12,,3,NJCAA,522,980,1502,2,Basketball,19,15,,,19,15,5104,96970,7113,106689,203659,,,,,,405142,396862,802004,,,,405142,396862,802004,403204,394925,798129,,,,403204,394925,798129
2024,197221,00290000,Webb Institute,NY,18,MAISA,8,other,80,26,106,2,Basketball,15,10,,,15,10,636,9533,285,2854,12387,,,,,,10187,3441,13628,,,,10187,3441,13628,9851,3220,13071,,,,9851,3220,13071
2024,138293,00154000,Webber International University,FL,9,,2,NAIA,570,225,795,2,Basketball,13,14,,,13,14,4674,60766,2108,29511,90277,,,,,,446471,308291,754762,,,,446471,308291,754762,446471,293912,740383,,,,446471,293912,740383
2024,230782,00368000,Weber State University,UT,2,,1,NCAA,4648,6333,10981,2,Basketball,16,19,,,16,19,45287,724586,16422,312024,1036610,,,,,,2223737,1319334,3543071,,,,2223737,1319334,3543071,2223737,1319334,3543071,,,,2223737,1319334,3543071
2024,179894,00252100,Webster University,MO,7,,1,NCAA,845,1135,1980,2,Basketball,25,21,,,25,21,3496,87406,4142,86991,174397,,,,,,183914,212951,396865,,,,183914,212951,396865,190757,215908,406665,,,,190757,215908,406665
2024,220206,03001800,Welch College,TN,16,,4,NCCAA,84,85,169,2,Basketball,26,11,,,26,11,3624,94235,4759,52346,146581,,,,,,104235,67900,172135,,,,104235,67900,172135,110230,65975,176205,,,,110230,65975,176205
2024,168218,00222400,Wellesley College,MA,7,,1,NCAA,3,2296,2299,2,Basketball,,13,,,0,13,0,0,2806,36484,36484,,,,,,,283759,283759,,,,0,283759,283759,,283759,283759,,,,0,283759,283759
2024,236975,00380100,Wenatchee Valley College,WA,19,,8,other,499,733,1232,2,Basketball,12,16,,,12,16,3049,36586,1948,31165,67751,,,,,,103467,91719,195186,,,,103467,91719,195186,103467,91719,195186,,,,103467,91719,195186
2024,168227,00222500,Wentworth Institute of Technology,MA,7,,1,NCAA,2648,974,3622,2,Basketball,17,13,,,17,13,2639,44871,3395,44129,89000,,,,,,205669,186231,391900,,,,205669,186231,391900,176792,168132,344924,,,,176792,168132,344924
2024,130697,00142400,Wesleyan University,CT,6,,1,NCAA,1462,1597,3059,2,Basketball,19,11,,,19,11,5948,113018,4185,46032,159050,,,,,,543624,325211,868835,,,,543624,325211,868835,433541,266142,699683,,,,433541,266142,699683
2024,216764,00332800,West Chester University of Pennsylvania,PA,4,,1,NCAA,5422,7578,13000,2,Basketball,16,11,,,16,11,6527,104434,6959,76552,180986,,,,,,651664,391494,1043158,,,,651664,391494,1043158,620688,412062,1032750,,,,620688,412062,1032750
2024,237932,00382300,West Liberty University,WV,4,,1,NCAA,578,876,1454,2,Basketball,15,14,,,15,14,5565,83473,3317,46443,129916,,,,,,621022,486434,1107456,,,,621022,486434,1107456,621022,486434,1107456,,,,621022,486434,1107456
2024,125471,00859600,West Los Angeles College,CA,17,,8,other,665,912,1577,2,Basketball,19,9,,,19,9,1917,36426,4424,39812,76238,,,,,,95555,96128,191683,,,,95555,96128,191683,92576,95155,187731,,,,92576,95155,187731
2024,229814,00366500,West Texas A & M University,TX,4,,1,NCAA,2228,3147,5375,2,Basketball,15,16,,,15,16,11924,178866,14068,225086,403952,,,,,,848827,746395,1595222,,,,848827,746395,1595222,848827,746395,1595222,,,,848827,746395,1595222
2024,125499,00133800,West Valley College,CA,17,,8,other,1137,1185,2322,2,Basketball,16,,,,16,0,7252,116025,0,0,116025,,,,,,540096,,540096,,,,540096,0,540096,540096,,540096,,,,540096,0,540096
2024,237899,00382600,West Virginia State University,WV,4,,1,NCAA,538,674,1212,2,Basketball,17,20,,,17,20,4026,68436,2738,54766,123202,,,,,,554395,455179,1009574,,,,554395,455179,1009574,554395,455179,1009574,,,,554395,455179,1009574
2024,238032,00382700,West Virginia University,WV,1,,1,NCAA,8212,8599,16811,2,Basketball,16,15,,,16,15,126308,2020924,61875,928118,2949042,,,,,,10222908,5476114,15699022,,,,10222908,5476114,15699022,10222908,5476114,15699022,,,,10222908,5476114,15699022
2024,237950,00382701,West Virginia University Institute of Technology,WV,9,,2,NAIA,532,402,934,2,Basketball,17,14,,,17,14,4638,78838,5736,80305,159143,,,,,,297384,329469,626853,,,,297384,329469,626853,297384,329469,626853,,,,297384,329469,626853
2024,237969,00383000,West Virginia Wesleyan College,WV,4,,1,NCAA,466,483,949,2,Basketball,24,25,,,24,25,2212,53076,1903,47584,100660,,,,,,309016,429665,738681,,,,309016,429665,738681,309016,429665,738681,,,,309016,429665,738681
2024,490133,04249600,Westcliff University,CA,9,,2,NAIA,1002,600,1602,2,Basketball,43,18,,,43,18,3423,147178,5100,91802,238980,,,,,,347650,321051,668701,,,,347650,321051,668701,344007,315551,659558,,,,344007,315551,659558
2024,200004,00298100,Western Carolina University,NC,2,,1,NCAA,3594,4661,8255,2,Basketball,16,12,,,16,12,16620,265914,15173,182074,447988,,,,,,1508101,1182919,2691020,,,,1508101,1182919,2691020,1508101,1182919,2691020,,,,1508101,1182919,2691020
2024,128391,00137200,Western Colorado University,CO,4,,1,NCAA,822,612,1434,2,Basketball,16,16,,,16,16,6259,100150,5288,84614,184764,,,,,,608964,621208,1230172,,,,608964,621208,1230172,608964,621208,1230172,,,,608964,621208,1230172
2024,130776,00138000,Western Connecticut State University,CT,6,,1,NCAA,1593,1588,3181,2,Basketball,21,13,,,21,13,3169,66556,3578,46510,113066,,,,,,264166,175231,439397,,,,264166,175231,439397,264166,175231,439397,,,,264166,175231,439397
2024,149772,00178000,Western Illinois University,IL,2,,1,NCAA,1550,2186,3736,2,Basketball,14,14,,,14,14,5731,80229,4594,64320,144549,,,,,,1375742,1178330,2554072,,,,1375742,1178330,2554072,1375742,1178330,2554072,,,,1375742,1178330,2554072
2024,154572,00731600,Western Iowa Tech Community College,IA,13,,3,NJCAA,699,799,1498,2,Basketball,15,,,,15,0,4701,70509,0,0,70509,,,,,,289865,,289865,,,,289865,0,289865,289865,,289865,,,,289865,0,289865
2024,157951,00200200,Western Kentucky University,KY,1,,1,NCAA,4325,6774,11099,2,Basketball,18,14,,,18,14,49648,893655,44995,629933,1523588,,,,,,2976729,1788218,4764947,,,,2976729,1788218,4764947,2976729,1788218,4764947,,,,2976729,1788218,4764947
2024,172699,00233000,Western Michigan University,MI,1,,1,NCAA,5256,5715,10971,2,Basketball,16,15,,,16,15,40665,650634,23842,357636,1008270,,,,,,2375653,1755999,4131652,,,,2375653,1755999,4131652,2375653,1755999,4131652,,,,2375653,1755999,4131652
2024,181817,00256000,Western Nebraska Community College,NE,12,,3,NJCAA,257,321,578,2,Basketball,15,10,,,15,10,2833,42494,5214,52142,94636,,,,,,283977,274114,558091,,,,283977,274114,558091,275579,267328,542907,,,,275579,267328,542907
2024,168254,00222600,Western New England University,MA,6,,1,NCAA,1432,1111,2543,2,Basketball,17,19,,,17,19,3538,60142,3408,64743,124885,,,,,,147541,325786,473327,,,,147541,325786,473327,147541,267320,414861,,,,147541,267320,414861
2024,188304,00266400,Western New Mexico University,NM,4,,1,NCAA,486,763,1249,2,Basketball,18,14,,,18,14,6275,112954,7901,110609,223563,,,,,,614852,531265,1146117,,,,614852,531265,1146117,613229,526178,1139407,,,,613229,526178,1139407
2024,208035,00314600,Western Oklahoma State College,OK,13,,3,NJCAA,211,263,474,2,Basketball,46,18,,,46,18,1474,67823,2065,37175,104998,,,,,,310037,167422,477459,,,,310037,167422,477459,297108,167422,464530,,,,297108,167422,464530
2024,210429,00320900,Western Oregon University,OR,4,,1,NCAA,948,1709,2657,2,Basketball,16,14,,,16,14,12354,197659,13192,184693,382352,,,,,,687964,585697,1273661,,,,687964,585697,1273661,687964,585697,1273661,,,,687964,585697,1273661
2024,229832,00954900,Western Texas College,TX,12,,3,NJCAA,212,166,378,2,Basketball,13,14,,,13,14,3835,49851,2510,35133,84984,,,,,,308169,265178,573347,,,,308169,265178,573347,302922,244510,547432,,,,302922,244510,547432
2024,237011,00380200,Western Washington University,WA,5,,1,NCAA,5214,7129,12343,2,Basketball,17,14,,,17,14,12756,216845,17890,250463,467308,,,,,,932489,1054689,1987178,,,,932489,1054689,1987178,932489,1054689,1987178,,,,932489,1054689,1987178
2024,240693,00393300,Western Wyoming Community College,WY,12,,3,NJCAA,352,408,760,2,Basketball,15,15,,,15,15,5864,87955,6205,93074,181029,,,,,,446415,340942,787357,,,,446415,340942,787357,446415,340942,787357,,,,446415,340942,787357
2024,168263,00218900,Westfield State University,MA,6,,1,NCAA,1435,1754,3189,2,Basketball,15,18,,,15,18,3949,59233,2801,50413,109646,,,,,,150020,149677,299697,,,,150020,149677,299697,143328,142959,286287,,,,143328,142959,286287
2024,179946,00252300,Westminster College,MO,6,,1,NCAA,362,257,619,2,Basketball,28,20,,,28,20,2226,62317,3214,64272,126589,,,,,,202716,150771,353487,,,,202716,150771,353487,202716,150771,353487,,,,202716,150771,353487
2024,216807,00339200,Westminster College,PA,6,,1,NCAA,529,504,1033,2,Basketball,21,14,,,21,14,2725,57233,3522,49301,106534,,,,,,154985,129304,284289,,,,154985,129304,284289,154985,129304,284289,,,,154985,129304,284289
2024,230807,00368100,Westminster University,UT,5,,1,NCAA,334,456,790,2,Basketball,18,15,,,18,15,5645,101617,6159,92378,193995,,,,,,411622,422813,834435,,,,411622,422813,834435,411622,422813,834435,,,,411622,422813,834435
2024,125727,00134100,Westmont College,CA,5,,1,NCAA,503,790,1293,2,Basketball,14,14,,,14,14,10490,146866,10064,140891,287757,,,,,,686373,624305,1310678,,,,686373,624305,1310678,699138,637492,1336630,,,,699138,637492,1336630
2024,216825,01017600,Westmoreland County Community College,PA,13,,3,NJCAA,447,595,1042,2,Basketball,17,,,,17,0,3119,53015,0,0,53015,,,,,,69317,,69317,,,,69317,0,69317,69317,,69317,,,,69317,0,69317
2024,237039,01036400,Whatcom Community College,WA,19,,8,other,580,728,1308,2,Basketball,20,13,,,20,13,1432,28649,2307,29995,58644,,,,,,65499,66151,131650,,,,65499,66151,131650,65499,66151,131650,,,,65499,66151,131650
2024,149781,00178100,Wheaton College,IL,6,,1,NCAA,954,1135,2089,2,Basketball,22,11,,,22,11,2363,51983,5163,56795,108778,,,,,,207916,290080,497996,,,,207916,290080,497996,207916,290080,497996,,,,207916,290080,497996
2024,168281,00222700,Wheaton College (Massachusetts),MA,7,,1,NCAA,611,1158,1769,2,Basketball,18,15,,,18,15,2448,44068,3873,58090,102158,,,,,,203248,199533,402781,,,,203248,199533,402781,203248,199533,402781,,,,203248,199533,402781
2024,238078,00383100,Wheeling University,WV,4,,1,NCAA,351,231,582,2,Basketball,21,23,,,21,23,5639,118415,5240,120521,238936,,,,,,321285,418617,739902,,,,321285,418617,739902,593296,672533,1265829,,,,593296,672533,1265829
2024,237057,00380300,Whitman College,WA,7,,1,NCAA,644,865,1509,2,Basketball,19,12,,,19,12,5940,112867,9872,118459,231326,,,,,,363188,352376,715564,,,,363188,352376,715564,350424,328731,679155,,,,350424,328731,679155
2024,125763,00134200,Whittier College,CA,7,,1,NCAA,321,424,745,2,Basketball,15,12,,,15,12,2823,42338,3357,40283,82621,,,,,,154036,138003,292039,,,,154036,138003,292039,143138,141003,284141,,,,143138,141003,284141
2024,237066,00380400,Whitworth University,WA,6,,1,NCAA,817,1013,1830,2,Basketball,17,12,,,17,12,8260,140412,8086,97033,237445,,,,,,373463,270668,644131,,,,373463,270668,644131,326281,270668,596949,,,,326281,270668,596949
2024,156125,00195000,Wichita State University,KS,3,,1,NCAA,3863,4824,8687,2,Basketball,15,23,,,15,23,154661,2319917,43154,992540,3312457,,,,,,6755672,2914849,9670521,,,,6755672,2914849,9670521,6755672,2914849,9670521,,,,6755672,2914849,9670521
2024,216852,00331300,Widener University,PA,6,,1,NCAA,1108,1668,2776,2,Basketball,19,15,,,19,15,970,18423,1060,15902,34325,,,,,,193197,193091,386288,,,,193197,193091,386288,193721,183938,377659,,,,193721,183938,377659
2024,206491,00314100,Wilberforce University,OH,9,,2,NAIA,321,371,692,2,Basketball,20,16,,,20,16,801,16013,5411,86571,102584,,,,,,74210,131210,205420,,,,74210,131210,205420,74210,131210,205420,,,,74210,131210,205420
2024,229887,00366900,Wiley University,TX,9,,2,NAIA,335,357,692,2,Basketball,19,16,,,19,16,6086,115638,8826,141214,256852,,,,,,435548,439554,875102,,,,435548,439554,875102,435548,439554,875102,,,,435548,439554,875102
2024,216931,00339400,Wilkes University,PA,6,,1,NCAA,927,966,1893,2,Basketball,17,13,,,17,13,4149,70530,4581,59558,130088,,,,,,260942,141550,402492,,,,260942,141550,402492,260942,141550,402492,,,,260942,141550,402492
2024,210401,00322700,Willamette University,OR,6,,1,NCAA,604,974,1578,2,Basketball,22,12,,,22,12,3792,83431,5738,68858,152289,,,,,,251127,244136,495263,,,,251127,244136,495263,251127,244136,495263,,,,251127,244136,495263
2024,231624,00370500,William & Mary,VA,2,,1,NCAA,2878,4093,6971,2,Basketball,16,14,,,16,14,38808,620921,32209,450919,1071840,,,,,,2603665,1325577,3929242,,,,2603665,1325577,3929242,2835398,2512032,5347430,,,,2835398,2512032,5347430
2024,176479,00244700,William Carey University,MS,9,,2,NAIA,629,1270,1899,2,Basketball,26,16,,,26,16,7056,183467,11336,181378,364845,,,,,,591023,500798,1091821,,,,591023,500798,1091821,580780,497931,1078711,,,,580780,497931,1078711
2024,122728,00128100,William Jessup University,CA,5,,1,NCAA,533,629,1162,2,Basketball,16,22,,,16,22,2671,42742,1321,29058,71800,,,,,,559356,369451,928807,,,,559356,369451,928807,534683,370858,905541,,,,534683,370858,905541
2024,179955,00252400,William Jewell College,MO,4,,1,NCAA,459,420,879,2,Basketball,17,15,,,17,15,5062,86055,3100,46503,132558,,,,,,411059,398989,810048,,,,411059,398989,810048,534741,431863,966604,,,,534741,431863,966604
2024,187444,00262500,William Paterson University of New Jersey,NJ,6,,1,NCAA,2120,3116,5236,2,Basketball,16,18,,,16,18,2075,33192,2269,40838,74030,,,,,,193551,206599,400150,,,,193551,206599,400150,191876,198419,390295,,,,191876,198419,390295
2024,199272,00295300,William Peace University,NC,7,,1,NCAA,326,275,601,2,Basketball,20,14,,,20,14,2983,59655,3739,52350,112005,,,,,,177300,164463,341763,,,,177300,164463,341763,159920,154437,314357,,,,159920,154437,314357
2024,154590,00190000,William Penn University,IA,9,,2,NAIA,666,572,1238,2,Basketball,97,21,,,97,21,735,71272,2368,49720,120992,,,,,,1851447,675255,2526702,,,,1851447,675255,2526702,1847356,664299,2511655,,,,1847356,664299,2511655
2024,149842,00396100,William Rainey Harper College,IL,14,,3,NJCAA,1967,1952,3919,2,Basketball,14,12,,,14,12,1473,20617,1676,20113,40730,,,,,,79537,72385,151922,,,,79537,72385,151922,79537,72385,151922,,,,79537,72385,151922
2024,179964,00252500,William Woods University,MO,9,,2,NAIA,442,594,1036,2,Basketball,31,13,,,31,13,2899,89884,4616,60012,149896,,,,,,984105,555259,1539364,,,,984105,555259,1539364,955853,551419,1507272,,,,955853,551419,1507272
2024,107877,00110600,Williams Baptist University,AR,9,,2,NAIA,237,236,473,2,Basketball,32,28,,,32,28,1307,41835,2391,66944,108779,,,,,,450675,527017,977692,,,,450675,527017,977692,441186,495911,937097,,,,441186,495911,937097
2024,168342,00222900,Williams College,MA,6,,1,NCAA,987,1089,2076,2,Basketball,17,16,,,17,16,3162,53753,3834,61340,115093,,,,,,260077,300489,560566,,,,260077,300489,560566,260077,300489,560566,,,,260077,300489,560566
2024,200341,00300700,Williston State College,ND,12,,3,NJCAA,227,282,509,2,Basketball,20,16,,,20,16,2533,50652,2993,47880,98532,,,,,,195911,232292,428203,,,,195911,232292,428203,191819,229261,421080,,,,191819,229261,421080
2024,206507,00314200,Wilmington College,OH,6,,1,NCAA,457,503,960,2,Basketball,30,18,,,30,18,2045,61335,3002,54027,115362,,,,,,171942,158284,330226,,,,171942,158284,330226,167114,150605,317719,,,,167114,150605,317719
2024,131113,00794800,Wilmington University,DE,5,,1,NCAA,1258,1727,2985,2,Basketball,17,13,,,17,13,5810,98775,5470,71106,169881,,,,,,310074,263505,573579,,,,310074,263505,573579,314043,203576,517619,,,,314043,203576,517619
2024,217013,00339600,Wilson College,PA,7,,1,NCAA,119,508,627,2,Basketball,9,15,,,9,15,6276,56482,3151,47263,103745,,,,,,126155,124625,250780,,,,126155,124625,250780,126155,124625,250780,,,,126155,124625,250780
2024,199962,00298500,Wingate University,NC,4,,1,NCAA,1080,1531,2611,2,Basketball,26,15,,,26,15,3571,92851,4943,74144,166995,,,,,,623402,731126,1354528,,,,623402,731126,1354528,607489,605279,1212768,,,,607489,605279,1212768
2024,175272,00239400,Winona State University,MN,4,,1,NCAA,1394,3063,4457,2,Basketball,18,15,,,18,15,7863,141527,6369,95541,237068,,,,,,626738,478787,1105525,,,,626738,478787,1105525,626738,478787,1105525,,,,626738,478787,1105525
2024,199999,00298600,Winston-Salem State University,NC,4,,1,NCAA,1017,2741,3758,2,Basketball,15,14,,,15,14,9743,146144,9677,135478,281622,,,,,,639359,600419,1239778,,,,639359,600419,1239778,639359,600419,1239778,,,,639359,600419,1239778
2024,218964,00345600,Winthrop University,SC,3,,1,NCAA,1181,2160,3341,2,Basketball,16,17,,,16,17,42025,672406,30288,514896,1187302,,,,,,1944015,1556460,3500475,,,,1944015,1556460,3500475,1944015,1556460,3500475,,,,1944015,1556460,3500475
2024,240338,02136600,Wisconsin Lutheran College,WI,6,,1,NCAA,448,481,929,2,Basketball,24,21,,,24,21,4602,110444,6058,127210,237654,,,,,,325818,249232,575050,,,,325818,249232,575050,257342,243914,501256,,,,257342,243914,501256
2024,206525,00314300,Wittenberg University,OH,6,,1,NCAA,634,575,1209,2,Basketball,18,18,,,18,18,4237,76269,5105,91881,168150,,,,,,247121,259948,507069,,,,247121,259948,507069,247121,259948,507069,,,,247121,259948,507069
2024,218973,00345700,Wofford College,SC,2,,1,NCAA,870,935,1805,2,Basketball,13,12,,,13,12,51737,672583,15643,187714,860297,,,,,,2442245,1603939,4046184,,,,2442245,1603939,4046184,2442245,1603939,4046184,,,,2442245,1603939,4046184
2024,168421,00223300,Worcester Polytechnic Institute,MA,6,,1,NCAA,3583,1747,5330,2,Basketball,18,18,,,18,18,3291,59242,3475,62550,121792,,,,,,342434,327273,669707,,,,342434,327273,669707,342434,327273,669707,,,,342434,327273,669707
2024,168430,00219000,Worcester State University,MA,6,,1,NCAA,1346,2029,3375,2,Basketball,22,11,,,22,11,1342,29526,13262,145882,175408,,,,,,62181,210700,272881,,,,62181,210700,272881,56369,219005,275374,,,,56369,219005,275374
2024,197531,01185900,Word of Life Bible Institute,NY,20,,8,other,245,244,489,2,Basketball,14,8,,,14,8,1356,18982,1185,9481,28463,,,,,,29508,19045,48553,,,,29508,19045,48553,32881,18363,51244,,,,32881,18363,51244
2024,206604,00307800,Wright State University-Main Campus,OH,3,,1,NCAA,2558,3199,5757,2,Basketball,14,15,,,14,15,43861,614054,23417,351255,965309,,,,,,2583303,1536262,4119565,,,,2583303,1536262,4119565,2583303,1536262,4119565,,,,2583303,1536262,4119565
2024,206622,00314400,Xavier University,OH,3,,1,NCAA,1832,2243,4075,2,Basketball,20,16,,,20,16,178615,3572290,57306,916890,4489180,,,,,,16016940,3696345,19713285,,,,16016940,3696345,19713285,11742338,3696344,15438682,,,,11742338,3696344,15438682
2024,160904,00203200,Xavier University of Louisiana,LA,9,,2,NAIA,631,1929,2560,2,Basketball,21,16,,,21,16,4718,99080,5618,89887,188967,,,,,,676995,645408,1322403,,,,676995,645408,1322403,614858,616914,1231772,,,,614858,616914,1231772
2024,237109,00380500,Yakima Valley College,WA,8,NWAC,8,other,593,1194,1787,2,Basketball,10,11,,,10,11,4680,46801,3080,33876,80677,,,,,,112555,90874,203429,,,,112555,90874,203429,112555,90874,203429,,,,112555,90874,203429
2024,130794,00142600,Yale University,CT,2,,1,NCAA,3275,3477,6752,2,Basketball,16,13,,,16,13,23905,382481,32301,419908,802389,,,,,,2101646,1397524,3499170,,,,2101646,1397524,3499170,2101646,1397524,3499170,,,,2101646,1397524,3499170
2024,106148,00107900,Yavapai College,AZ,12,,3,NJCAA,776,768,1544,2,Basketball,14,15,,,14,15,6211,86953,4552,68285,155238,,,,,,324275,277078,601353,,,,324275,277078,601353,324275,277078,601353,,,,324275,277078,601353
2024,197708,00290300,Yeshiva University,NY,7,,1,NCAA,1532,1290,2822,2,Basketball,19,12,,,19,12,4630,87963,5751,69009,156972,,,,,,149329,108775,258104,,,,149329,108775,258104,149329,108775,258104,,,,149329,108775,258104
2024,217059,00339900,York College of Pennsylvania,PA,7,,1,NCAA,1336,1734,3070,2,Basketball,19,19,,,19,19,3402,64646,3230,61366,126012,,,,,,216991,178472,395463,,,,216991,178472,395463,177008,166844,343852,,,,177008,166844,343852
2024,181853,00256700,York University,NE,10,,2,NAIA,218,179,397,2,Basketball,43,23,,,43,23,1554,66824,2022,46505,113329,,,,,,523346,380617,903963,,,,523346,380617,903963,523346,380617,903963,,,,523346,380617,903963
2024,141361,00160400,Young Harris College,GA,5,,1,NCAA,332,418,750,2,Basketball,19,18,,,19,18,5592,106239,4673,84113,190352,,,,,,544626,502225,1046851,,,,544626,502225,1046851,544626,502225,1046851,,,,544626,502225,1046851
2024,206695,00314500,Youngstown State University,OH,2,,1,NCAA,3186,3630,6816,2,Basketball,16,16,,,16,16,40576,649222,24504,392061,1041283,,,,,,2285833,1577417,3863250,,,,2285833,1577417,3863250,2285833,1577417,3863250,,,,2285833,1577417,3863250
2024,126119,00134400,Yuba College,CA,17,,8,other,639,842,1481,2,Basketball,13,10,,,13,10,2410,31335,3044,30440,61775,,,,,,102319,76221,178540,,,,102319,76221,178540,102319,76221,178540,,,,102319,76221,178540
