Survey Year,UNITID,OPE ID,Institution Name,State CD,Classification Name,Classification Other,Sanction Code,Sanction Name,Male Undergraduates,Female Undergraduates,Total Undergraduates,Sport Code,Sport Name,# Participants Men's Team,# Participants Women's Team,# Participants Men Coed Team,# Participants Women Coed Team,Total # Participants Men's Team/Men Coed Team,Total # Participants Women's Team/Women Coed Team,Operating Expenses per Participant/Men's Team,Operating Expenses per Team/Men's Team,Operating Expenses per Participant/Women's Team,Operating Expenses per Team/Women's Team,Total Operating Expenses Men's Team and Women's Team,Operating Expenses per Participant/Men Coed Team,Operating Expenses per Team/Men Coed Team,Operating Expenses per Participant/Women Coed Team,Operating Expenses per Team/Women Coed Team,Total Operating Expenses Men Coed Team/Women Coed Team,Revenues Men's Team,Revenues Women's Team,Total Revenues For Men's Team and Women's Team,Revenues Men Coed Team,Revenues Women Coed Team,Total Revenues Men Coed Team/Women Coed Team,Total Revenues Men's Team and Men Coed Team,Total Revenues Women's Team and Women Coed Team,Total Revenues Men's Team/Women's Team and Coed Team,Expenses Men's Team,Expenses Women's Team,Total Expenses Men's Team and Women's Team,Expenses Men Coed Team,Expenses Women Coed Team,Total Expenses Men Coed Team and Women Coed Team,Total Expenses Men's Team and Men Coed Team,Total Expenses Women's Team and  Women Coed Team,Total Expenses Men's Team/Women's Team and Coed Team
2024,222178,00353700,Abilene Christian University,TX,2,,1,NCAA,1258,1843,3101,15,Soccer,,26,,,0,26,0,0,7596,197508,197508,,,,,,,1195313,1195313,,,,0,1195313,1195313,,1069910,1069910,,,,0,1069910,1069910
2024,138558,00154100,Abraham Baldwin Agricultural College,GA,9,,2,NAIA,1062,1398,2460,15,Soccer,,35,,,0,35,0,0,291,10196,10196,,,,,,,51718,51718,,,,0,51718,51718,,51718,51718,,,,0,51718,51718
2024,126182,00134500,Adams State University,CO,4,,1,NCAA,485,430,915,15,Soccer,34,36,,,34,36,1448,49234,1451,52244,101478,,,,,,234840,282544,517384,,,,234840,282544,517384,234840,282544,517384,,,,234840,282544,517384
2024,188429,00266600,Adelphi University,NY,5,,1,NCAA,1696,3433,5129,15,Soccer,36,25,,,36,25,2583,92974,2511,62771,155745,,,,,,575936,492974,1068910,,,,575936,492974,1068910,575936,492974,1068910,,,,575936,492974,1068910
2024,168528,00223400,Adrian College,MI,6,,1,NCAA,917,676,1593,15,Soccer,30,30,,,30,30,650,19509,1724,51706,71215,,,,,,96731,128172,224903,,,,96731,128172,224903,96731,128172,224903,,,,96731,128172,224903
2024,100654,00100200,Alabama A & M University,AL,2,,1,NCAA,2375,3293,5668,15,Soccer,,57,,,0,57,0,0,1273,72570,72570,,,,,,,620869,620869,,,,0,620869,620869,,525424,525424,,,,0,525424,525424
2024,100724,00100500,Alabama State University,AL,2,,1,NCAA,1177,2066,3243,15,Soccer,,27,,,0,27,0,0,1533,41403,41403,,,,,,,473458,473458,,,,0,473458,473458,,473458,473458,,,,0,473458,473458
2024,188526,00288500,Albany College of Pharmacy and Health Sciences,NY,20,,8,other,169,304,473,15,Soccer,24,18,,,24,18,903,21663,833,14989,36652,,,,,,33663,29989,63652,,,,33663,29989,63652,33663,29989,63652,,,,33663,29989,63652
2024,138716,00154400,Albany State University,GA,4,,1,NCAA,1271,3157,4428,15,Soccer,,21,,,0,21,0,0,164,3452,3452,,,,,,,56221,56221,,,,0,56221,56221,,128650,128650,,,,0,128650,128650
2024,128498,00137400,Albertus Magnus College,CT,7,,1,NCAA,360,575,935,15,Soccer,31,29,,,31,29,1103,34185,1187,34412,68597,,,,,,123106,121181,244287,,,,123106,121181,244287,123106,121181,244287,,,,123106,121181,244287
2024,168546,00223500,Albion College,MI,6,,1,NCAA,604,690,1294,15,Soccer,26,28,,,26,28,2325,60450,1931,54059,114509,,,,,,175272,173547,348819,,,,175272,173547,348819,174776,170846,345622,,,,174776,170846,345622
2024,210571,00322900,Albright College,PA,6,,1,NCAA,546,604,1150,15,Soccer,30,21,,,30,21,515,15460,577,12110,27570,,,,,,75513,68780,144293,,,,75513,68780,144293,75513,68780,144293,,,,75513,68780,144293
2024,175342,00239600,Alcorn State University,MS,2,,1,NCAA,701,1357,2058,15,Soccer,,18,,,0,18,0,0,9051,162922,162922,,,,,,,333955,333955,,,,0,333955,333955,,333955,333955,,,,0,333955,333955
2024,172918,00554400,Alexandria Technical & Community College,MN,14,,3,NJCAA,632,398,1030,15,Soccer,18,12,,,18,12,1203,21654,891,10687,32341,,,,,,69027,46018,115045,,,,69027,46018,115045,55269,49518,104787,,,,55269,49518,104787
2024,188641,00266800,Alfred University,NY,6,,1,NCAA,675,729,1404,15,Soccer,34,33,,,34,33,1512,51402,1224,40381,91783,,,,,,150206,141702,291908,,,,150206,141702,291908,142117,146978,289095,,,,142117,146978,289095
2024,156189,00195100,Alice Lloyd College,KY,9,,2,NAIA,275,277,552,15,Soccer,20,15,,,20,15,1170,23397,1113,16694,40091,,,,,,26762,22634,49396,,,,26762,22634,49396,33378,22587,55965,,,,33378,22587,55965
2024,108807,00111100,Allan Hancock College,CA,17,,8,other,1528,1651,3179,15,Soccer,33,23,,,33,23,1767,58300,3217,73999,132299,,,,,,104062,117243,221305,,,,104062,117243,221305,99303,111559,210862,,,,99303,111559,210862
2024,161688,00205700,Allegany College of Maryland,MD,13,,3,NJCAA,301,472,773,15,Soccer,16,13,,,16,13,1031,16501,380,4944,21445,,,,,,44977,24370,69347,,,,44977,24370,69347,44977,24370,69347,,,,44977,24370,69347
2024,210669,00323000,Allegheny College,PA,6,,1,NCAA,536,575,1111,15,Soccer,28,20,,,28,20,2749,76981,4496,89919,166900,,,,,,176214,198545,374759,,,,176214,198545,374759,176214,198545,374759,,,,176214,198545,374759
2024,154642,00190100,Allen County Community College,KS,12,,3,NJCAA,232,225,457,15,Soccer,85,23,,,85,23,502,42655,1352,31105,73760,,,,,,224051,168161,392212,,,,224051,168161,392212,224051,168161,392212,,,,224051,168161,392212
2024,217624,00341700,Allen University,SC,4,,1,NCAA,316,244,560,15,Soccer,,19,,,0,19,0,0,1611,30605,30605,,,,,,,178676,178676,,,,0,178676,178676,,178676,178676,,,,0,178676,178676
2024,168591,00223600,Alma College,MI,6,,1,NCAA,532,596,1128,15,Soccer,36,22,,,36,22,1432,51543,1797,39536,91079,,,,,,151722,118383,270105,,,,151722,118383,270105,151722,118383,270105,,,,151722,118383,270105
2024,210775,00323300,Alvernia University,PA,6,,1,NCAA,687,1047,1734,15,Soccer,30,25,,,30,25,770,23099,1161,29034,52133,,,,,,112772,114190,226962,,,,112772,114190,226962,103742,106977,210719,,,,103742,106977,210719
2024,164447,00211400,American International College,MA,4,,1,NCAA,537,441,978,15,Soccer,54,42,,,54,42,397,21425,572,24023,45448,,,,,,629020,666726,1295746,,,,629020,666726,1295746,629020,666726,1295746,,,,629020,666726,1295746
2024,109208,00123200,American River College,CA,17,,8,other,2370,2682,5052,15,Soccer,31,23,,,31,23,860,26647,915,21044,47691,,,,,,137497,126357,263854,,,,137497,126357,263854,132496,122865,255361,,,,132496,122865,255361
2024,131159,00143400,American University,DC,3,,1,NCAA,2646,4415,7061,15,Soccer,30,30,,,30,30,5978,179343,3402,102067,281410,,,,,,1259984,1203619,2463603,,,,1259984,1203619,2463603,1259984,1203619,2463603,,,,1259984,1203619,2463603
2024,164465,00211500,Amherst College,MA,6,,1,NCAA,861,1050,1911,15,Soccer,32,31,,,32,31,4740,151677,3587,111194,262871,,,,,,451877,425782,877659,,,,451877,425782,877659,451877,425782,877659,,,,451877,425782,877659
2024,150066,00178500,Anderson University,IN,6,,1,NCAA,531,494,1025,15,Soccer,40,32,,,40,32,884,35343,1045,33442,68785,,,,,,183594,118210,301804,,,,183594,118210,301804,183594,115159,298753,,,,183594,115159,298753
2024,217633,00341800,Anderson University,SC,6,,1,NCAA,1171,1913,3084,15,Soccer,38,28,,,38,28,1272,48323,1434,40145,88468,,,,,,487378,465407,952785,,,,487378,465407,952785,459234,440357,899591,,,,459234,440357,899591
2024,138761,00154500,Andrew College,GA,12,,3,NJCAA,277,107,384,15,Soccer,15,14,,,15,14,1293,19389,675,9456,28845,,,,,,182632,170894,353526,,,,182632,170894,353526,182632,170894,353526,,,,182632,170894,353526
2024,168740,00223800,Andrews University,MI,20,,8,other,512,583,1095,15,Soccer,23,20,,,23,20,1497,34426,1480,29603,64029,,,,,,46076,43253,89329,,,,46076,43253,89329,46076,43253,89329,,,,46076,43253,89329
2024,222822,00666100,Angelina College,TX,12,,3,NJCAA,452,805,1257,15,Soccer,29,26,,,29,26,1984,57546,2067,53731,111277,,,,,,191686,193591,385277,,,,191686,193591,385277,191686,193591,385277,,,,191686,193591,385277
2024,222831,00354100,Angelo State University,TX,4,,1,NCAA,2198,2892,5090,15,Soccer,,32,,,0,32,0,0,2314,74050,74050,,,,,,,492668,492668,,,,0,492668,492668,,464735,464735,,,,0,464735,464735
2024,164492,00211700,Anna Maria College,MA,6,,1,NCAA,471,311,782,15,Soccer,35,15,,,35,15,1020,35709,1295,19427,55136,,,,,,89423,118736,208159,,,,89423,118736,208159,89423,118736,208159,,,,89423,118736,208159
2024,161767,00205800,Anne Arundel Community College,MD,13,,3,NJCAA,1337,1586,2923,15,Soccer,28,15,,,28,15,616,17252,5283,79246,96498,,,,,,39941,105998,145939,,,,39941,105998,145939,39941,105998,145939,,,,39941,105998,145939
2024,172963,00233200,Anoka-Ramsey Community College,MN,14,,3,NJCAA,828,1054,1882,15,Soccer,22,14,,,22,14,735,16169,381,5335,21504,,,,,,34323,25080,59403,,,,34323,25080,59403,34323,25080,59403,,,,34323,25080,59403
2024,109350,00111300,Antelope Valley Community College District,CA,17,,8,other,1895,2152,4047,15,Soccer,49,25,,,49,25,868,42530,1446,36157,78687,,,,,,88404,82031,170435,,,,88404,82031,170435,88404,82031,170435,,,,88404,82031,170435
2024,237136,00754400,Appalachian Bible College,WV,16,,4,NCCAA,107,77,184,15,Soccer,19,,,,19,0,1097,20852,0,0,20852,,,,,,26848,,26848,,,,26848,0,26848,26848,,26848,,,,26848,0,26848
2024,197869,00290600,Appalachian State University,NC,1,,1,NCAA,8122,9976,18098,15,Soccer,,28,,,0,28,0,0,11456,320770,320770,,,,,,,1102269,1102269,,,,0,1102269,1102269,,1102269,1102269,,,,0,1102269,1102269
2024,168786,00223900,Aquinas College,MI,10,,2,NAIA,473,496,969,15,Soccer,34,30,,,34,30,1346,45759,1952,58562,104321,,,,,,406982,365774,772756,,,,406982,365774,772756,406982,365774,772756,,,,406982,365774,772756
2024,211088,00323500,Arcadia University,PA,7,,1,NCAA,664,1152,1816,15,Soccer,39,37,,,39,37,763,29759,895,33110,62869,,,,,,183222,188520,371742,,,,183222,188520,371742,183222,188520,371742,,,,183222,188520,371742
2024,105899,00711300,Arizona Christian University,AZ,9,,2,NAIA,664,434,1098,15,Soccer,38,39,,,38,39,1081,41074,1053,41079,82153,,,,,,795377,778231,1573608,,,,795377,778231,1573608,795377,778231,1573608,,,,795377,778231,1573608
2024,104151,00108100,Arizona State University Campus Immersion,AZ,1,,1,NCAA,30671,29606,60277,15,Soccer,,31,,,0,31,0,0,8902,275953,275953,,,,,,,2550164,2550164,,,,0,2550164,2550164,,2550164,2550164,,,,0,2550164,2550164
2024,104160,00107100,Arizona Western College,AZ,12,,3,NJCAA,835,1131,1966,15,Soccer,30,24,,,30,24,2625,78750,2897,69528,148278,,,,,,498267,476387,974654,,,,498267,476387,974654,498267,476387,974654,,,,498267,476387,974654
2024,106458,00109000,Arkansas State University,AR,1,,1,NCAA,2210,3310,5520,15,Soccer,,31,,,0,31,0,0,7200,223197,223197,,,,,,,1085400,1085400,,,,0,1085400,1085400,,1085400,1085400,,,,0,1085400,1085400
2024,222877,02081400,Arlington Baptist University,TX,16,,4,NCCAA,191,87,278,15,Soccer,24,14,,,24,14,301,7235,261,3653,10888,,,,,,54125,36458,90583,,,,54125,36458,90583,90372,61874,152246,,,,90372,61874,152246
2024,156213,00195200,Asbury University,KY,7,,1,NCAA,492,783,1275,15,Soccer,41,28,,,41,28,1124,46101,1105,30933,77034,,,,,,189731,138818,328549,,,,189731,138818,328549,189731,138818,328549,,,,189731,138818,328549
2024,201104,00301200,Ashland University,OH,4,,1,NCAA,870,975,1845,15,Soccer,40,35,,,40,35,2400,95998,2353,82342,178340,,,,,,475491,509185,984676,,,,475491,509185,984676,475491,509185,984676,,,,475491,509185,984676
2024,164562,00211800,Assumption University,MA,4,,1,NCAA,753,907,1660,15,Soccer,47,30,,,47,30,1524,71607,2555,76649,148256,,,,,,288109,480710,768819,,,,288109,480710,768819,272049,470929,742978,,,,272049,470929,742978
2024,183655,00259600,Atlantic Cape Community College,NJ,14,,3,NJCAA,626,898,1524,15,Soccer,17,13,,,17,13,527,8962,502,6532,15494,,,,,,22580,20150,42730,,,,22580,20150,42730,22580,20150,42730,,,,22580,20150,42730
2024,485768,04233900,Atlantis University,FL,20,,8,other,267,63,330,15,Soccer,32,,,,32,0,1990,63688,0,0,63688,,,,,,267803,,267803,,,,267803,0,267803,267803,,267803,,,,267803,0,267803
2024,100858,00100900,Auburn University,AL,1,,1,NCAA,12326,12851,25177,15,Soccer,,35,,,0,35,0,0,14609,511307,511307,,,,,,,456839,456839,,,,0,456839,456839,,3108462,3108462,,,,0,3108462,3108462
2024,100830,00831000,Auburn University at Montgomery,AL,5,,1,NCAA,693,1331,2024,15,Soccer,33,22,,,33,22,1590,52470,2155,47415,99885,,,,,,572332,537273,1109605,,,,572332,537273,1109605,556982,537273,1094255,,,,556982,537273,1094255
2024,173045,00233400,Augsburg University,MN,6,,1,NCAA,1079,1289,2368,15,Soccer,30,23,,,30,23,854,25625,907,20865,46490,,,,,,160599,114180,274779,,,,160599,114180,274779,160599,114180,274779,,,,160599,114180,274779
2024,143084,00163300,Augustana College,IL,6,,1,NCAA,1156,1318,2474,15,Soccer,34,30,,,34,30,1230,41811,2278,68341,110152,,,,,,122051,156758,278809,,,,122051,156758,278809,122051,156758,278809,,,,122051,156758,278809
2024,219000,00345800,Augustana University,SD,4,,1,NCAA,759,1178,1937,15,Soccer,,35,,,0,35,0,0,628,21984,21984,,,,,,,746755,746755,,,,0,746755,746755,,746755,746755,,,,0,746755,746755
2024,143118,00163400,Aurora University,IL,6,,1,NCAA,1253,2407,3660,15,Soccer,39,21,,,39,21,1183,46154,1570,32973,79127,,,,,,182081,116763,298844,,,,182081,116763,298844,182081,116763,298844,,,,182081,116763,298844
2024,222983,00354300,Austin College,TX,6,,1,NCAA,565,597,1162,15,Soccer,42,40,,,42,40,2929,123017,2464,98579,221596,,,,,,235858,193280,429138,,,,235858,193280,429138,232602,195282,427884,,,,232602,195282,427884
2024,219602,00347800,Austin Peay State University,TN,2,,1,NCAA,2183,3303,5486,15,Soccer,,26,,,0,26,0,0,3321,86339,86339,,,,,,,387631,387631,,,,0,387631,387631,,387631,387631,,,,0,387631,387631
2024,446048,03941300,Ave Maria University,FL,10,,2,NAIA,602,681,1283,15,Soccer,41,48,,,41,48,1012,41510,886,42530,84040,,,,,,667386,637205,1304591,,,,667386,637205,1304591,667386,637205,1304591,,,,667386,637205,1304591
2024,231420,00370200,Averett University,VA,6,,1,NCAA,565,576,1141,15,Soccer,31,23,,,31,23,1103,34200,865,19903,54103,,,,,,117109,82500,199609,,,,117109,82500,199609,117109,82500,199609,,,,117109,82500,199609
2024,176628,00244900,Avila University,MO,9,,2,NAIA,447,732,1179,15,Soccer,30,26,,,30,26,833,24987,1036,26945,51932,,,,,,443304,442942,886246,,,,443304,442942,886246,464544,425943,890487,,,,464544,425943,890487
2024,109785,00111700,Azusa Pacific University,CA,5,,1,NCAA,803,1640,2443,15,Soccer,37,30,,,37,30,2444,90428,2657,79701,170129,,,,,,686125,588975,1275100,,,,686125,588975,1275100,686125,588975,1275100,,,,686125,588975,1275100
2024,164580,00212100,Babson College,MA,7,,1,NCAA,1523,1186,2709,15,Soccer,37,28,,,37,28,2083,77087,1832,51295,128382,,,,,,284346,204469,488815,,,,284346,204469,488815,284346,204469,488815,,,,284346,204469,488815
2024,154688,00190300,Baker University,KS,9,,2,NAIA,461,496,957,15,Soccer,63,24,,,63,24,1155,72740,1814,43526,116266,,,,,,1727991,639572,2367563,,,,1727991,639572,2367563,1710493,631574,2342067,,,,1710493,631574,2342067
2024,109819,00111800,Bakersfield College,CA,17,,8,other,2644,3576,6220,15,Soccer,39,24,,,39,24,1292,50382,1446,34697,85079,,,,,,272988,241124,514112,,,,272988,241124,514112,255856,231791,487647,,,,255856,231791,487647
2024,201195,00301400,Baldwin Wallace University,OH,6,,1,NCAA,1268,1482,2750,15,Soccer,58,35,,,58,35,596,34560,944,33031,67591,,,,,,135952,123812,259764,,,,135952,123812,259764,135952,123812,259764,,,,135952,123812,259764
2024,150136,00178600,Ball State University,IN,1,,1,NCAA,5163,7864,13027,15,Soccer,,27,,,0,27,0,0,5529,149281,149281,,,,,,,985313,985313,,,,0,985313,985313,,985313,985313,,,,0,985313,985313
2024,155070,00191700,Barclay College,KS,16,,4,NCCAA,72,51,123,15,Soccer,25,,,,25,0,1030,25761,0,0,25761,,,,,,40808,,40808,,,,40808,0,40808,40808,,40808,,,,40808,0,40808
2024,189088,00267100,Bard College,NY,7,,1,NCAA,906,1297,2203,15,Soccer,30,21,,,30,21,1903,57101,3229,67818,124919,,,,,,172152,187217,359369,,,,172152,187217,359369,172152,187217,359369,,,,172152,187217,359369
2024,132471,00146600,Barry University,FL,5,,1,NCAA,784,1313,2097,15,Soccer,44,32,,,44,32,1311,57686,1968,62981,120667,,,,,,664750,655343,1320093,,,,664750,655343,1320093,664750,655343,1320093,,,,664750,655343,1320093
2024,197911,00290800,Barton College,NC,4,,1,NCAA,501,417,918,15,Soccer,51,30,,,51,30,1250,63747,2995,89854,153601,,,,,,472084,475847,947931,,,,472084,475847,947931,472084,475847,947931,,,,472084,475847,947931
2024,154697,00460800,Barton County Community College,KS,12,,3,NJCAA,526,701,1227,15,Soccer,40,33,,,40,33,745,29794,812,26788,56582,,,,,,178594,189330,367924,,,,178594,189330,367924,178594,189330,367924,,,,178594,189330,367924
2024,160977,00203600,Bates College,ME,6,,1,NCAA,848,912,1760,15,Soccer,32,30,,,32,30,2033,65043,1359,40763,105806,,,,,,396796,260772,657568,,,,396796,260772,657568,305053,266482,571535,,,,305053,266482,571535
2024,223232,00354500,Baylor University,TX,1,,1,NCAA,5908,8646,14554,15,Soccer,,33,,,0,33,0,0,20404,673330,673330,,,,,,,3398434,3398434,,,,0,3398434,3398434,,3398434,3398434,,,,0,3398434,3398434
2024,175421,00239700,Belhaven University,MS,6,,1,NCAA,463,679,1142,15,Soccer,37,31,,,37,31,2465,91196,3750,116249,207445,,,,,,190935,231820,422755,,,,190935,231820,422755,190935,231820,422755,,,,190935,231820,422755
2024,156286,00195400,Bellarmine University,KY,3,,1,NCAA,817,1293,2110,15,Soccer,42,34,,,42,34,4383,184102,6521,221718,405820,,,,,,760110,905447,1665557,,,,760110,905447,1665557,760110,905447,1665557,,,,760110,905447,1665557
2024,234669,00376900,Bellevue College,WA,19,,8,other,1839,2245,4084,15,Soccer,25,25,,,25,25,1045,26113,1127,28180,54293,,,,,,69138,67803,136941,,,,69138,67803,136941,67887,67803,135690,,,,67887,67803,135690
2024,180814,00974300,Bellevue University,NE,10,,2,NAIA,3224,3476,6700,15,Soccer,37,27,,,37,27,4320,159848,3596,97089,256937,,,,,,608177,492321,1100498,,,,608177,492321,1100498,608177,492321,1100498,,,,608177,492321,1100498
2024,197984,00291000,Belmont Abbey College,NC,5,,1,NCAA,668,564,1232,15,Soccer,60,50,,,60,50,867,52035,1064,53208,105243,,,,,,433202,395061,828263,,,,433202,395061,828263,433202,395061,828263,,,,433202,395061,828263
2024,219709,00347900,Belmont University,TN,3,,1,NCAA,2401,4505,6906,15,Soccer,25,27,,,25,27,6672,166796,6196,167300,334096,,,,,,1230153,1266345,2496498,,,,1230153,1266345,2496498,1230153,1266345,2496498,,,,1230153,1266345,2496498
2024,238333,00383500,Beloit College,WI,6,,1,NCAA,457,467,924,15,Soccer,28,20,,,28,20,900,25203,1463,29260,54463,,,,,,99066,106001,205067,,,,99066,106001,205067,99066,106001,205067,,,,99066,106001,205067
2024,173124,00233600,Bemidji State University,MN,4,,1,NCAA,964,1339,2303,15,Soccer,,34,,,0,34,0,0,4463,151756,151756,,,,,,,567162,567162,,,,0,567162,567162,,567162,567162,,,,0,567162,567162
2024,154712,01025600,Benedictine College,KS,9,,2,NAIA,1140,1115,2255,15,Soccer,51,29,,,51,29,418,21335,523,15175,36510,,,,,,722927,371795,1094722,,,,722927,371795,1094722,722927,371795,1094722,,,,722927,371795,1094722
2024,145619,00176700,Benedictine University,IL,6,,1,NCAA,940,874,1814,15,Soccer,66,47,,,66,47,310,20453,480,22581,43034,,,,,,335420,320120,655540,,,,335420,320120,655540,321645,316655,638300,,,,321645,316655,638300
2024,164739,00212400,Bentley University,MA,4,,1,NCAA,2682,1751,4433,15,Soccer,38,36,,,38,36,1531,58190,2411,86786,144976,,,,,,264012,396803,660815,,,,264012,396803,660815,264012,353708,617720,,,,264012,353708,617720
2024,156295,00195500,Berea College,KY,7,,1,NCAA,619,891,1510,15,Soccer,27,23,,,27,23,2450,66139,2124,48852,114991,,,,,,95498,97104,192602,,,,95498,97104,192602,93802,97247,191049,,,,93802,97247,191049
2024,183743,00473600,Bergen Community College,NJ,14,,3,NJCAA,2730,2945,5675,15,Soccer,28,21,,,28,21,1014,28383,1043,21911,50294,,,,,,42947,36475,79422,,,,42947,36475,79422,42947,36475,79422,,,,42947,36475,79422
2024,183789,00750200,Berkeley College-Woodland Park,NJ,20,,8,other,291,837,1128,15,Soccer,38,,,,38,0,2586,98285,0,0,98285,,,,,,149782,,149782,,,,149782,0,149782,149782,,149782,,,,149782,0,149782
2024,139144,00155400,Berry College,GA,6,,1,NCAA,839,1389,2228,15,Soccer,24,30,,,24,30,2204,52906,1934,58007,110913,,,,,,240705,232298,473003,,,,240705,232298,473003,222565,213893,436458,,,,222565,213893,436458
2024,154721,00190400,Bethany College,KS,10,,2,NAIA,376,190,566,15,Soccer,34,25,,,34,25,685,23297,928,23202,46499,,,,,,705200,380289,1085489,,,,705200,380289,1085489,705200,378664,1083864,,,,705200,378664,1083864
2024,237181,00380800,Bethany College,WV,6,,1,NCAA,359,254,613,15,Soccer,30,32,,,30,32,1052,31547,853,27305,58852,,,,,,137577,105517,243094,,,,137577,105517,243094,122577,105304,227881,,,,122577,105304,227881
2024,173142,00233700,Bethany Lutheran College,MN,7,,1,NCAA,318,338,656,15,Soccer,35,23,,,35,23,1015,35530,880,20236,55766,,,,,,125144,94029,219173,,,,125144,94029,219173,125764,95124,220888,,,,125764,95124,220888
2024,154749,00190500,Bethel College-North Newton,KS,10,,2,NAIA,250,241,491,15,Soccer,42,45,,,42,45,719,30181,723,32551,62732,,,,,,373200,383683,756883,,,,373200,383683,756883,360262,378834,739096,,,,360262,378834,739096
2024,150145,00178700,Bethel University,IN,10,,2,NAIA,417,534,951,15,Soccer,64,38,,,64,38,732,46840,910,34563,81403,,,,,,771610,410710,1182320,,,,771610,410710,1182320,771610,410710,1182320,,,,771610,410710,1182320
2024,173160,00905800,Bethel University,MN,6,,1,NCAA,742,901,1643,15,Soccer,27,18,,,27,18,1605,43340,1882,33876,77216,,,,,,117215,108831,226046,,,,117215,108831,226046,117215,108831,226046,,,,117215,108831,226046
2024,219718,00348000,Bethel University,TN,9,,2,NAIA,815,652,1467,15,Soccer,53,26,,,53,26,848,44948,2028,52717,97665,,,,,,884654,337315,1221969,,,,884654,337315,1221969,715259,613900,1329159,,,,715259,613900,1329159
2024,110060,03266300,Bethesda University,CA,15,,4,NCCAA,137,46,183,15,Soccer,23,,,,23,0,559,12857,0,0,12857,,,,,,104070,,104070,,,,104070,0,104070,104070,,104070,,,,104070,0,104070
2024,196079,00283600,Binghamton University,NY,3,,1,NCAA,6842,7476,14318,15,Soccer,28,27,,,28,27,3634,101753,4305,116236,217989,,,,,,1104816,1205670,2310486,,,,1104816,1205670,2310486,864161,965015,1829176,,,,864161,965015,1829176
2024,110097,00112200,Biola University,CA,5,,1,NCAA,1318,1860,3178,15,Soccer,33,35,,,33,35,3008,99255,2778,97232,196487,,,,,,679550,628650,1308200,,,,679550,628650,1308200,674630,623270,1297900,,,,674630,623270,1297900
2024,143279,00163800,Black Hawk College,IL,13,,3,NJCAA,526,762,1288,15,Soccer,30,15,,,30,15,742,22265,1494,22411,44676,,,,,,100860,78158,179018,,,,100860,78158,179018,100860,78158,179018,,,,100860,78158,179018
2024,219046,00345900,Black Hills State University,SD,4,,1,NCAA,523,1034,1557,15,Soccer,,33,,,0,33,0,0,2362,77959,77959,,,,,,,377086,377086,,,,0,377086,377086,,377770,377770,,,,0,377770,377770
2024,143288,00163900,Blackburn College,IL,7,,1,NCAA,196,261,457,15,Soccer,34,15,,,34,15,1491,50678,1589,23830,74508,,,,,,166105,74325,240430,,,,166105,74325,240430,166105,74325,240430,,,,166105,74325,240430
2024,223427,00354900,Blinn College District,TX,12,,3,NJCAA,4224,3887,8111,15,Soccer,34,29,,,34,29,2599,88382,2479,71895,160277,,,,,,511239,446232,957471,,,,511239,446232,957471,501447,445720,947167,,,,501447,445720,947167
2024,183822,00261704,Bloomfield College of Montclair State University,NJ,5,,1,NCAA,296,398,694,15,Soccer,33,,,,33,0,753,24845,0,0,24845,,,,,,87252,,87252,,,,87252,0,87252,87252,,87252,,,,87252,0,87252
2024,175430,00239800,Blue Mountain Christian University,MS,9,,2,NAIA,245,233,478,15,Soccer,46,11,,,46,11,1104,50801,825,9076,59877,,,,,,546039,168401,714440,,,,546039,168401,714440,546039,168401,714440,,,,546039,168401,714440
2024,208275,00318600,Blue Mountain Community College,OR,19,,8,other,262,287,549,15,Soccer,26,21,,,26,21,1317,34252,2175,45685,79937,,,,,,102220,122324,224544,,,,102220,122324,224544,99898,121359,221257,,,,99898,121359,221257
2024,237215,00380900,Bluefield State University,WV,4,CIAA,1,NCAA,365,519,884,15,Soccer,,20,,,0,20,0,0,668,13353,13353,,,,,,,201502,201502,,,,0,201502,201502,,201502,201502,,,,0,201502,201502
2024,231554,00370300,Bluefield University,VA,9,,2,NAIA,324,227,551,15,Soccer,35,25,,,35,25,662,23175,948,23690,46865,,,,,,520393,412460,932853,,,,520393,412460,932853,520393,412460,932853,,,,520393,412460,932853
2024,201371,00301600,Bluffton University,OH,6,,1,NCAA,334,241,575,15,Soccer,24,32,,,24,32,1367,32803,969,31013,63816,,,,,,91368,115532,206900,,,,91368,115532,206900,84249,92915,177164,,,,84249,92915,177164
2024,217749,00342100,Bob Jones University,SC,16,,4,NCCAA,894,1012,1906,15,Soccer,24,24,,,24,24,909,21815,922,22132,43947,,,,,,100898,113185,214083,,,,100898,113185,214083,100898,113185,214083,,,,100898,113185,214083
2024,142115,00161600,Boise State University,ID,1,,1,NCAA,6072,8020,14092,15,Soccer,,39,,,0,39,0,0,9238,360297,360297,,,,,,,1825693,1825693,,,,0,1825693,1825693,,1825693,1825693,,,,0,1825693,1825693
2024,164924,00212800,Boston College,MA,1,,1,NCAA,4664,5148,9812,15,Soccer,35,38,,,35,38,12263,429194,10835,411711,840905,,,,,,1990839,2777121,4767960,,,,1990839,2777121,4767960,1990839,2777121,4767960,,,,1990839,2777121,4767960
2024,164988,00213000,Boston University,MA,3,,1,NCAA,7540,10501,18041,15,Soccer,28,32,,,28,32,7189,201282,8470,271052,472334,,,,,,1536870,2338372,3875242,,,,1536870,2338372,3875242,1536870,2338372,3875242,,,,1536870,2338372,3875242
2024,161004,00203800,Bowdoin College,ME,6,,1,NCAA,897,975,1872,15,Soccer,31,23,,,31,23,3584,111096,2503,57572,168668,,,,,,377807,395941,773748,,,,377807,395941,773748,305482,355132,660614,,,,305482,355132,660614
2024,201441,00301800,Bowling Green State University-Main Campus,OH,1,,1,NCAA,5196,6978,12174,15,Soccer,26,30,,,26,30,681,17715,602,18060,35775,,,,,,754856,826297,1581153,,,,754856,826297,1581153,742546,818477,1561023,,,,742546,818477,1561023
2024,143358,00164100,Bradley University,IL,3,,1,NCAA,1702,1796,3498,15,Soccer,33,,,,33,0,4162,137352,0,0,137352,,,,,,1154420,,1154420,,,,1154420,0,1154420,1154420,,1154420,,,,1154420,0,1154420
2024,165015,00213300,Brandeis University,MA,7,,1,NCAA,1548,2063,3611,15,Soccer,35,27,,,35,27,2474,86587,3105,83834,170421,,,,,,301600,288558,590158,,,,301600,288558,590158,301600,288558,590158,,,,301600,288558,590158
2024,139199,00155600,Brenau University,GA,9,,2,NAIA,80,793,873,15,Soccer,,24,,,0,24,0,0,2538,60909,60909,,,,,,,399184,399184,,,,0,399184,399184,,397872,397872,,,,0,397872,397872
2024,156356,00195800,Brescia University,KY,9,,2,NAIA,219,258,477,15,Soccer,33,25,,,33,25,433,14274,494,12354,26628,,,,,,271823,244383,516206,,,,271823,244383,516206,271823,228124,499947,,,,271823,228124,499947
2024,198066,00291200,Brevard College,NC,6,,1,NCAA,504,305,809,15,Soccer,69,28,,,69,28,1048,72327,2403,67284,139611,,,,,,148133,151571,299704,,,,148133,151571,299704,148133,151571,299704,,,,148133,151571,299704
2024,139205,00155700,Brewton-Parker College,GA,9,,2,NAIA,387,229,616,15,Soccer,29,24,,,29,24,1733,50263,1876,45035,95298,,,,,,581508,394705,976213,,,,581508,394705,976213,581508,394705,976213,,,,581508,394705,976213
2024,152992,00184600,Briar Cliff University,IA,10,,2,NAIA,322,240,562,15,Soccer,42,28,,,42,28,782,32860,766,21453,54313,,,,,,631582,478521,1110103,,,,631582,478521,1110103,626736,476721,1103457,,,,626736,476721,1103457
2024,231581,00370400,Bridgewater College,VA,6,,1,NCAA,735,661,1396,15,Soccer,30,28,,,30,28,1889,56671,2789,78105,134776,,,,,,166745,179665,346410,,,,166745,179665,346410,166745,179665,346410,,,,166745,179665,346410
2024,165024,00218300,Bridgewater State University,MA,6,,1,NCAA,2832,3791,6623,15,Soccer,30,29,,,30,29,694,20810,909,26363,47173,,,,,,63224,77559,140783,,,,63224,77559,140783,54603,67646,122249,,,,54603,67646,122249
2024,230038,00367000,Brigham Young University,UT,1,,1,NCAA,14605,15542,30147,15,Soccer,,31,,,0,31,0,0,33275,1031521,1031521,,,,,,,5004505,5004505,,,,0,5004505,5004505,,4378229,4378229,,,,0,4378229,4378229
2024,165033,00217600,Bristol Community College,MA,14,,3,NJCAA,778,1230,2008,15,Soccer,22,15,,,22,15,180,3968,167,2508,6476,,,,,,28887,18991,47878,,,,28887,18991,47878,28887,18991,47878,,,,28887,18991,47878
2024,183859,00840400,Brookdale Community College,NJ,14,,3,NJCAA,2099,1987,4086,15,Soccer,25,14,,,25,14,489,12216,804,11257,23473,,,,,,24466,24419,48885,,,,24466,24419,48885,24466,24419,48885,,,,24466,24419,48885
2024,217156,00340100,Brown University,RI,2,,1,NCAA,3588,3597,7185,15,Soccer,31,31,,,31,31,4581,142014,6787,210411,352425,,,,,,809360,1040502,1849862,,,,809360,1040502,1849862,809360,1040502,1849862,,,,809360,1040502,1849862
2024,219790,00353600,Bryan College-Dayton,TN,10,,2,NAIA,376,346,722,15,Soccer,58,31,,,58,31,1039,60237,1488,46118,106355,,,,,,415602,235948,651550,,,,415602,235948,651550,398032,230423,628455,,,,398032,230423,628455
2024,188517,00267807,Bryant & Stratton College-Albany,NY,20,,8,other,93,113,206,15,Soccer,19,,,,19,0,2585,49115,0,0,49115,,,,,,196142,,196142,,,,196142,0,196142,196142,,196142,,,,196142,0,196142
2024,189583,00267800,Bryant & Stratton College-Buffalo,NY,20,,8,other,147,435,582,15,Soccer,21,,,,21,0,3060,64253,0,0,64253,,,,,,331584,,331584,,,,331584,0,331584,331584,,331584,,,,331584,0,331584
2024,189592,00267803,Bryant & Stratton College-Greece,NY,20,,8,other,95,205,300,15,Soccer,52,,,,52,0,2684,139590,0,0,139590,,,,,,877406,,877406,,,,877406,0,877406,877406,,877406,,,,877406,0,877406
2024,189565,00267806,Bryant & Stratton College-Syracuse North,NY,20,,8,other,105,266,371,15,Soccer,27,19,,,27,19,6311,170398,6319,120054,290452,,,,,,609963,526433,1136396,,,,609963,526433,1136396,609963,526433,1136396,,,,609963,526433,1136396
2024,451750,00267814,Bryant & Stratton College-Wauwatosa,WI,13,,3,NJCAA,184,450,634,15,Soccer,20,27,,,20,27,1181,23629,504,13618,37247,,,,,,215839,178337,394176,,,,215839,178337,394176,215839,178337,394176,,,,215839,178337,394176
2024,217165,00340200,Bryant University,RI,2,,1,NCAA,2045,1127,3172,15,Soccer,42,28,,,42,28,3496,146830,3257,91191,238021,,,,,,1242818,1090588,2333406,,,,1242818,1090588,2333406,1242818,1090588,2333406,,,,1242818,1090588,2333406
2024,211291,00323800,Bucknell University,PA,2,,1,NCAA,1852,2016,3868,15,Soccer,28,30,,,28,30,4281,119871,3563,106892,226763,,,,,,1095520,1599756,2695276,,,,1095520,1599756,2695276,1095520,1599756,2695276,,,,1095520,1599756,2695276
2024,211307,00323900,Bucks County Community College,PA,20,,8,other,995,1134,2129,15,Soccer,23,11,,,23,11,294,6760,504,5545,12305,,,,,,20654,16838,37492,,,,20654,16838,37492,20654,16577,37231,,,,20654,16577,37231
2024,153001,00184700,Buena Vista University,IA,6,,1,NCAA,456,739,1195,15,Soccer,28,24,,,28,24,996,27883,1067,25605,53488,,,,,,143978,105094,249072,,,,143978,105094,249072,141399,105094,246493,,,,141399,105094,246493
2024,165112,01121000,Bunker Hill Community College,MA,14,,3,NJCAA,1641,2000,3641,15,Soccer,25,20,,,25,20,1696,42393,1639,32782,75175,,,,,,58022,47482,105504,,,,58022,47482,105504,58022,47482,105504,,,,58022,47482,105504
2024,209409,00320800,Bushnell University,OR,10,,2,NAIA,223,236,459,15,Soccer,43,39,,,43,39,1582,68009,1276,49779,117788,,,,,,404230,320141,724371,,,,404230,320141,724371,404230,320141,724371,,,,404230,320141,724371
2024,154800,00190600,Butler Community College,KS,12,,3,NJCAA,1069,1517,2586,15,Soccer,,28,,,0,28,0,0,807,22609,22609,,,,,,,425067,425067,,,,0,425067,425067,,400265,400265,,,,0,400265,400265
2024,150163,00178800,Butler University,IN,2,,1,NCAA,1694,2573,4267,15,Soccer,29,32,,,29,32,2311,67017,2184,69876,136893,,,,,,1298105,1641354,2939459,,,,1298105,1641354,2939459,1299790,1599496,2899286,,,,1299790,1599496,2899286
2024,110246,00807300,Butte College,CA,17,,8,other,2252,2686,4938,15,Soccer,25,18,,,25,18,281,7020,339,6101,13121,,,,,,73807,103927,177734,,,,73807,103927,177734,73807,103927,177734,,,,73807,103927,177734
2024,110334,00112400,Cabrillo College,CA,17,,8,other,1287,1499,2786,15,Soccer,31,17,,,31,17,394,12216,638,10850,23066,,,,,,149671,95793,245464,,,,149671,95793,245464,149223,92099,241322,,,,149223,92099,241322
2024,215114,00335100,Cairn University-Langhorne,PA,7,,1,NCAA,362,361,723,15,Soccer,39,22,,,39,22,803,31306,862,18955,50261,,,,,,53500,41505,95005,,,,53500,41505,95005,53500,41505,95005,,,,53500,41505,95005
2024,183910,00259800,Caldwell University,NJ,5,,1,NCAA,655,888,1543,15,Soccer,45,41,,,45,41,673,30282,794,32571,62853,,,,,,376538,376407,752945,,,,376538,376407,752945,374786,373482,748268,,,,374786,373482,748268
2024,110361,00112500,California Baptist University,CA,3,,1,NCAA,2811,4644,7455,15,Soccer,30,39,,,30,39,6475,194247,5056,197167,391414,,,,,,1595380,1609929,3205309,,,,1595380,1609929,3205309,1441164,1584430,3025594,,,,1441164,1584430,3025594
2024,110404,00113100,California Institute of Technology,CA,7,,1,NCAA,541,446,987,15,Soccer,31,25,,,31,25,556,17226,1848,46191,63417,,,,,,235594,231901,467495,,,,235594,231901,467495,235594,231901,467495,,,,235594,231901,467495
2024,110413,00113300,California Lutheran University,CA,6,,1,NCAA,1020,1228,2248,15,Soccer,41,37,,,41,37,1854,76021,2565,94898,170919,,,,,,207875,318793,526668,,,,207875,318793,526668,207875,318793,526668,,,,207875,318793,526668
2024,110422,00114300,California Polytechnic State University-San Luis Obispo,CA,2,,1,NCAA,10391,10839,21230,15,Soccer,38,46,,,38,46,6235,236945,4426,203612,440557,,,,,,1034540,1263839,2298379,,,,1034540,1263839,2298379,1034540,1263839,2298379,,,,1034540,1263839,2298379
2024,115755,00114900,California State Polytechnic University-Humboldt,CA,5,,1,NCAA,2248,2672,4920,15,Soccer,34,32,,,34,32,4513,153449,5517,176552,330001,,,,,,538355,523484,1061839,,,,538355,523484,1061839,554979,586052,1141031,,,,554979,586052,1141031
2024,110529,00114400,California State Polytechnic University-Pomona,CA,5,,1,NCAA,12262,9772,22034,15,Soccer,34,35,,,34,35,3639,123734,4591,160689,284423,,,,,,808678,784428,1593106,,,,808678,784428,1593106,772490,725677,1498167,,,,772490,725677,1498167
2024,111188,00113400,California State University Maritime Academy,CA,9,,2,NAIA,639,137,776,15,Soccer,31,12,,,31,12,1381,42797,1982,23786,66583,,,,,,118499,212427,330926,,,,118499,212427,330926,134750,219801,354551,,,,134750,219801,354551
2024,110486,00799300,California State University-Bakersfield,CA,3,,1,NCAA,2503,4657,7160,15,Soccer,28,39,,,28,39,5949,166567,6583,256721,423288,,,,,,770809,1001264,1772073,,,,770809,1001264,1772073,770809,1001264,1772073,,,,770809,1001264,1772073
2024,110538,00114600,California State University-Chico,CA,5,,1,NCAA,5468,6918,12386,15,Soccer,40,30,,,40,30,2329,93158,2925,87736,180894,,,,,,709512,373301,1082813,,,,709512,373301,1082813,538534,400045,938579,,,,538534,400045,938579
2024,110547,00114100,California State University-Dominguez Hills,CA,5,,1,NCAA,3936,5697,9633,15,Soccer,40,36,,,40,36,4332,173269,2249,80979,254248,,,,,,536554,409423,945977,,,,536554,409423,945977,536554,409423,945977,,,,536554,409423,945977
2024,110574,00113800,California State University-East Bay,CA,5,,1,NCAA,3151,4428,7579,15,Soccer,32,28,,,32,28,9323,298325,5583,156324,454649,,,,,,623391,526825,1150216,,,,623391,526825,1150216,623391,526825,1150216,,,,623391,526825,1150216
2024,110556,00114700,California State University-Fresno,CA,1,,1,NCAA,7452,10773,18225,15,Soccer,,30,,,0,30,0,0,8844,265333,265333,,,,,,,1744589,1744589,,,,0,1744589,1744589,,1744589,1744589,,,,0,1744589,1744589
2024,110565,00113700,California State University-Fullerton,CA,3,,1,NCAA,13873,17820,31693,15,Soccer,26,31,,,26,31,6328,164526,10945,339290,503816,,,,,,1010868,1316031,2326899,,,,1010868,1316031,2326899,1010868,1316031,2326899,,,,1010868,1316031,2326899
2024,110583,00113900,California State University-Long Beach,CA,3,,1,NCAA,12551,18144,30695,15,Soccer,,24,,,0,24,0,0,6657,159777,159777,,,,,,,988463,988463,,,,0,988463,988463,,988463,988463,,,,0,988463,988463
2024,110592,00114000,California State University-Los Angeles,CA,5,,1,NCAA,7125,8988,16113,15,Soccer,36,37,,,36,37,3509,126338,1917,70931,197269,,,,,,701985,468912,1170897,,,,701985,468912,1170897,701985,468912,1170897,,,,701985,468912,1170897
2024,409698,03260300,California State University-Monterey Bay,CA,5,,1,NCAA,2422,3666,6088,15,Soccer,30,34,,,30,34,4844,145319,4257,144736,290055,,,,,,439663,436040,875703,,,,439663,436040,875703,438671,435726,874397,,,,438671,435726,874397
2024,110608,00115300,California State University-Northridge,CA,3,,1,NCAA,12736,14838,27574,15,Soccer,27,23,,,27,23,7885,212899,11731,269812,482711,,,,,,1137623,924123,2061746,,,,1137623,924123,2061746,1333982,971030,2305012,,,,1333982,971030,2305012
2024,110617,00115000,California State University-Sacramento,CA,2,,1,NCAA,10064,12786,22850,15,Soccer,37,30,,,37,30,4812,178057,7762,232865,410922,,,,,,777352,1005300,1782652,,,,777352,1005300,1782652,777352,1005300,1782652,,,,777352,1005300,1782652
2024,110510,00114200,California State University-San Bernardino,CA,5,,1,NCAA,4910,7608,12518,15,Soccer,34,35,,,34,35,5806,197409,6314,220990,418399,,,,,,730759,728274,1459033,,,,730759,728274,1459033,726334,728064,1454398,,,,726334,728064,1454398
2024,366711,03011300,California State University-San Marcos,CA,5,,1,NCAA,5199,7248,12447,15,Soccer,29,32,,,29,32,3987,115610,3630,116164,231774,,,,,,485154,455846,941000,,,,485154,455846,941000,485154,455846,941000,,,,485154,455846,941000
2024,110495,00115700,California State University-Stanislaus,CA,5,,1,NCAA,2322,4396,6718,15,Soccer,32,37,,,32,37,4941,158101,5385,199258,357359,,,,,,546648,702914,1249562,,,,546648,702914,1249562,546648,702914,1249562,,,,546648,702914,1249562
2024,150172,00183400,Calumet College of Saint Joseph,IN,10,,2,NAIA,244,139,383,15,Soccer,12,18,,,12,18,1248,14977,581,10463,25440,,,,,,230776,177422,408198,,,,230776,177422,408198,230776,177422,408198,,,,230776,177422,408198
2024,169080,00224100,Calvin University,MI,6,,1,NCAA,1475,1527,3002,15,Soccer,33,30,,,33,30,2359,77858,1632,48953,126811,,,,,,293649,207818,501467,,,,293649,207818,501467,291419,205443,496862,,,,291419,205443,496862
2024,183938,00686500,Camden County College,NJ,14,,3,NJCAA,1498,1708,3206,15,Soccer,33,,,,33,0,1775,58587,0,0,58587,,,,,,73382,,73382,,,,73382,0,73382,73382,,73382,,,,73382,0,73382
2024,198136,00291300,Campbell University,NC,2,,1,NCAA,1058,1221,2279,15,Soccer,29,31,,,29,31,5427,157382,4325,134078,291460,,,,,,834299,1022031,1856330,,,,834299,1022031,1856330,834299,1022031,1856330,,,,834299,1022031,1856330
2024,156365,00195900,Campbellsville University,KY,9,,2,NAIA,1057,1527,2584,15,Soccer,55,47,,,55,47,1068,58753,1176,55284,114037,,,,,,562226,513721,1075947,,,,562226,513721,1075947,562226,513721,1075947,,,,562226,513721,1075947
2024,111434,00697300,Canada College,CA,17,,8,other,380,426,806,15,Soccer,25,16,,,25,16,3787,94675,3596,57536,152211,,,,,,285049,228288,513337,,,,285049,228288,513337,198636,178919,377555,,,,198636,178919,377555
2024,189705,00268100,Canisius University,NY,3,,1,NCAA,804,842,1646,15,Soccer,34,26,,,34,26,2350,79887,3772,98064,177951,,,,,,452968,517554,970522,,,,452968,517554,970522,452968,517554,970522,,,,452968,517554,970522
2024,198154,00532000,Cape Fear Community College,NC,8,"NJCAA: Men's Basketball Div I, all other Div II",8,other,1322,1757,3079,15,Soccer,26,22,,,26,22,866,22504,724,15933,38437,,,,,,42683,36112,78795,,,,42683,36112,78795,42683,36112,78795,,,,42683,36112,78795
2024,201548,00302300,Capital University,OH,6,,1,NCAA,672,887,1559,15,Soccer,28,33,,,28,33,1464,40993,1129,37270,78263,,,,,,100793,135317,236110,,,,100793,135317,236110,100793,135317,236110,,,,100793,135317,236110
2024,143613,00726500,Carl Sandburg College,IL,13,,3,NJCAA,238,393,631,15,Soccer,23,,,,23,0,297,6834,0,0,6834,,,,,,137724,,137724,,,,137724,0,137724,134083,,134083,,,,134083,0,134083
2024,173258,00234000,Carleton College,MN,6,,1,NCAA,1036,1050,2086,15,Soccer,31,34,,,31,34,884,27399,1669,56750,84149,,,,,,140640,150371,291011,,,,140640,150371,291011,141589,151089,292678,,,,141589,151089,292678
2024,211431,00330300,Carlow University,PA,7,,1,NCAA,176,866,1042,15,Soccer,25,21,,,25,21,2461,61536,3329,69905,131441,,,,,,117216,159664,276880,,,,117216,159664,276880,117216,159664,276880,,,,117216,159664,276880
2024,211440,00324200,Carnegie Mellon University,PA,6,,1,NCAA,3645,3488,7133,15,Soccer,37,31,,,37,31,2687,99433,2688,83339,182772,,,,,,242252,231894,474146,,,,242252,231894,474146,239379,227658,467037,,,,239379,227658,467037
2024,199971,03570300,Carolina Christian College,NC,8,NCCAA,8,other,27,25,52,15,Soccer,,11,,,0,11,0,0,684,7523,7523,,,,,,,48240,48240,,,,0,48240,48240,,22823,22823,,,,0,22823,22823
2024,489937,00295600,Carolina University,NC,9,,2,NAIA,255,188,443,15,Soccer,42,16,,,42,16,1111,46662,1890,30240,76902,,,,,,201223,179339,380562,,,,201223,179339,380562,434839,224110,658949,,,,434839,224110,658949
2024,180106,00252600,Carroll College,MT,9,,2,NAIA,443,632,1075,15,Soccer,33,25,,,33,25,4312,142286,3514,87850,230136,,,,,,460228,379754,839982,,,,460228,379754,839982,460228,379754,839982,,,,460228,379754,839982
2024,405872,03100700,Carroll Community College,MD,13,,3,NJCAA,403,405,808,15,Soccer,18,17,,,18,17,521,9376,633,10765,20141,,,,,,45150,54664,99814,,,,45150,54664,99814,45150,54664,99814,,,,45150,54664,99814
2024,238458,00383800,Carroll University,WI,6,,1,NCAA,794,1645,2439,15,Soccer,41,38,,,41,38,455,18645,599,22743,41388,,,,,,149945,185325,335270,,,,149945,185325,335270,145402,147404,292806,,,,145402,147404,292806
2024,219806,00348100,Carson-Newman University,TN,4,,1,NCAA,667,678,1345,15,Soccer,28,23,,,28,23,3028,84795,3715,85436,170231,,,,,,575062,609846,1184908,,,,575062,609846,1184908,575062,591119,1166181,,,,575062,591119,1166181
2024,238476,00383900,Carthage College,WI,6,,1,NCAA,1123,1517,2640,15,Soccer,37,31,,,37,31,2562,94800,1449,44932,139732,,,,,,266106,173622,439728,,,,266106,173622,439728,225817,123072,348889,,,,225817,123072,348889
2024,201645,00302400,Case Western Reserve University,OH,6,,1,NCAA,3326,3065,6391,15,Soccer,28,32,,,28,32,2814,78788,2457,78630,157418,,,,,,236405,271364,507769,,,,236405,271364,507769,236405,271364,507769,,,,236405,271364,507769
2024,240505,00392800,Casper College,WY,12,,3,NJCAA,516,857,1373,15,Soccer,26,26,,,26,26,2013,52348,1836,47727,100075,,,,,,430556,441527,872083,,,,430556,441527,872083,430556,441527,872083,,,,430556,441527,872083
2024,198215,00291400,Catawba College,NC,4,,1,NCAA,576,571,1147,15,Soccer,43,58,,,43,58,1359,58428,1447,83943,142371,,,,,,589393,689825,1279218,,,,589393,689825,1279218,555918,711124,1267042,,,,555918,711124,1267042
2024,189839,00286100,Cayuga County Community College,NY,14,,3,NJCAA,331,406,737,15,Soccer,32,,,,32,0,1794,57408,0,0,57408,,,,,,71000,,71000,,,,71000,0,71000,71000,,71000,,,,71000,0,71000
2024,162104,00830800,Cecil College,MD,13,,3,NJCAA,233,246,479,15,Soccer,16,,,,16,0,1086,17383,0,0,17383,,,,,,70163,,70163,,,,70163,0,70163,70163,,70163,,,,70163,0,70163
2024,211468,00324300,Cedar Crest College,PA,7,,1,NCAA,50,616,666,15,Soccer,,22,,,0,22,0,0,986,21681,21681,,,,,,,85915,85915,,,,0,85915,85915,,85915,85915,,,,0,85915,85915
2024,201654,00302500,Cedarville University,OH,5,,1,NCAA,1844,2139,3983,15,Soccer,30,28,,,30,28,1844,55309,1749,48965,104274,,,,,,509713,531336,1041049,,,,509713,531336,1041049,509713,531336,1041049,,,,509713,531336,1041049
2024,158477,00200300,Centenary College of Louisiana,LA,6,,1,NCAA,337,345,682,15,Soccer,27,33,,,27,33,1620,43749,1148,37884,81633,,,,,,182833,167239,350072,,,,182833,167239,350072,182833,167239,350072,,,,182833,167239,350072
2024,183974,00259900,Centenary University,NJ,7,,1,NCAA,336,519,855,15,Soccer,35,17,,,35,17,819,28672,934,15880,44552,,,,,,81754,116080,197834,,,,81754,116080,197834,81754,116080,197834,,,,81754,116080,197834
2024,106713,00109300,Central Baptist College,AR,9,,2,NAIA,257,192,449,15,Soccer,36,16,,,36,16,473,17023,468,7492,24515,,,,,,328890,208258,537148,,,,328890,208258,537148,253953,217842,471795,,,,253953,217842,471795
2024,154855,00190800,Central Christian College of Kansas,KS,9,,2,NAIA,203,164,367,15,Soccer,41,19,,,41,19,1232,50520,2076,39439,89959,,,,,,764717,409244,1173961,,,,764717,409244,1173961,764717,409244,1173961,,,,764717,409244,1173961
2024,176910,02266400,Central Christian College of the Bible,MO,16,,4,NCCAA,75,40,115,15,Soccer,25,,,,25,0,2760,69000,0,0,69000,,,,,,102939,,102939,,,,102939,0,102939,102939,,102939,,,,102939,0,102939
2024,153108,00185000,Central College,IA,6,,1,NCAA,573,477,1050,15,Soccer,44,30,,,44,30,379,16659,585,17535,34194,,,,,,162012,154486,316498,,,,162012,154486,316498,162013,154486,316499,,,,162013,154486,316499
2024,180902,02099500,Central Community College,NE,8,"Soccer is NJCCA Div I, everything else is Div II",8,other,851,867,1718,15,Soccer,29,22,,,29,22,1841,53378,1922,42283,95661,,,,,,175346,176489,351835,,,,175346,176489,351835,175346,176489,351835,,,,175346,176489,351835
2024,128771,00137800,Central Connecticut State University,CT,2,,1,NCAA,3514,3037,6551,15,Soccer,27,27,,,27,27,1986,53617,2337,63100,116717,,,,,,398340,801681,1200021,,,,398340,801681,1200021,398340,801681,1200021,,,,398340,801681,1200021
2024,483045,00576300,Central Georgia Technical College,GA,12,,3,NJCAA,805,1208,2013,15,Soccer,19,18,,,19,18,428,8123,453,8153,16276,,,,,,101748,108766,210514,,,,101748,108766,210514,101748,108766,210514,,,,101748,108766,210514
2024,161077,00527600,Central Maine Community College,ME,20,,8,other,844,850,1694,15,Soccer,18,22,,,18,22,1375,24757,981,21590,46347,,,,,,25310,22754,48064,,,,25310,22754,48064,34578,37934,72512,,,,34578,37934,72512
2024,176947,00245300,Central Methodist University-College of Liberal Arts and Sciences,MO,9,,2,NAIA,505,532,1037,15,Soccer,58,63,,,58,63,890,51638,1195,75258,126896,,,,,,846262,902596,1748858,,,,846262,902596,1748858,842183,894608,1736791,,,,842183,894608,1736791
2024,169248,00224300,Central Michigan University,MI,1,,1,NCAA,3439,5227,8666,15,Soccer,,32,,,0,32,0,0,4326,138435,138435,,,,,,,867212,867212,,,,0,867212,867212,,867212,867212,,,,0,867212,867212
2024,211477,00489000,Central Penn College,PA,20,,8,other,52,82,134,15,Soccer,24,13,,,24,13,1778,42668,906,11776,54444,,,,,,56367,22591,78958,,,,56367,22591,78958,56367,22591,78958,,,,56367,22591,78958
2024,234827,00377100,Central Washington University,WA,4,,1,NCAA,3153,3631,6784,15,Soccer,,32,,,0,32,0,0,2926,93641,93641,,,,,,,492131,492131,,,,0,492131,492131,,492132,492132,,,,0,492132,492132
2024,240514,00728900,Central Wyoming College,WY,12,,3,NJCAA,213,332,545,15,Soccer,35,21,,,35,21,1248,43682,1248,26209,69891,,,,,,137027,111414,248441,,,,137027,111414,248441,137027,111414,248441,,,,137027,111414,248441
2024,234845,00377200,Centralia College,WA,19,,8,other,478,610,1088,15,Soccer,21,22,,,21,22,1384,29060,1206,26535,55595,,,,,,88928,101075,190003,,,,88928,101075,190003,84266,95970,180236,,,,84266,95970,180236
2024,156408,00196100,Centre College,KY,6,,1,NCAA,669,726,1395,15,Soccer,28,41,,,28,41,3033,84914,1939,79500,164414,,,,,,185031,181360,366391,,,,185031,181360,366391,185031,181360,366391,,,,185031,181360,366391
2024,111887,00116100,Cerritos College,CA,17,,8,other,3950,4559,8509,15,Soccer,38,25,,,38,25,816,31016,2127,53181,84197,,,,,,174352,161052,335404,,,,174352,161052,335404,165447,152650,318097,,,,165447,152650,318097
2024,111920,00116200,Chabot College,CA,17,,8,other,1942,1778,3720,15,Soccer,39,23,,,39,23,605,23582,997,22942,46524,,,,,,70010,69370,139380,,,,70010,69370,139380,70010,69370,139380,,,,70010,69370,139380
2024,111939,00116300,Chaffey College,CA,17,,8,other,2957,3929,6886,15,Soccer,32,25,,,32,25,748,23922,1219,30465,54387,,,,,,48526,89384,137910,,,,48526,89384,137910,60562,65048,125610,,,,60562,65048,125610
2024,141486,00160500,Chaminade University of Honolulu,HI,5,,1,NCAA,426,963,1389,15,Soccer,27,23,,,27,23,2728,73652,5245,120630,194282,,,,,,224392,341153,565545,,,,224392,341153,565545,224392,341153,565545,,,,224392,341153,565545
2024,492069,04276100,Champion Christian College,AR,16,,4,NCCAA,101,34,135,15,Soccer,15,,,,15,0,149,2240,0,0,2240,,,,,,41989,,41989,,,,41989,0,41989,41989,,41989,,,,41989,0,41989
2024,364025,03072200,Chandler-Gilbert Community College,AZ,13,,3,NJCAA,1058,875,1933,15,Soccer,22,19,,,22,19,799,17574,445,8459,26033,,,,,,25010,40016,65026,,,,25010,40016,65026,27092,32900,59992,,,,27092,32900,59992
2024,111948,00116400,Chapman University,CA,6,,1,NCAA,2757,4485,7242,15,Soccer,35,32,,,35,32,1627,56939,1447,46293,103232,,,,,,183538,166182,349720,,,,183538,166182,349720,183538,166182,349720,,,,183538,166182,349720
2024,217688,00341900,Charleston Southern University,SC,2,,1,NCAA,1003,1707,2710,15,Soccer,,24,,,0,24,0,0,3426,82219,82219,,,,,,,622708,622708,,,,0,622708,622708,,622708,622708,,,,0,622708,622708
2024,211556,00324400,Chatham University,PA,7,,1,NCAA,391,754,1145,15,Soccer,28,31,,,28,31,1691,47357,1577,48899,96256,,,,,,122112,132099,254211,,,,122112,132099,254211,122112,132099,254211,,,,122112,132099,254211
2024,208390,00321800,Chemeketa Community College,OR,19,,8,other,1340,1902,3242,15,Soccer,25,21,,,25,21,990,24753,846,17765,42518,,,,,,78207,61876,140083,,,,78207,61876,140083,78207,61876,140083,,,,78207,61876,140083
2024,211583,00324500,Chestnut Hill College,PA,5,,1,NCAA,340,359,699,15,Soccer,24,26,,,24,26,1652,39657,1745,45378,85035,,,,,,178918,242418,421336,,,,178918,242418,421336,184898,245088,429986,,,,184898,245088,429986
2024,144005,00169400,Chicago State University,IL,3,,1,NCAA,324,625,949,15,Soccer,32,26,,,32,26,1314,42063,1530,39784,81847,,,,,,404592,488256,892848,,,,404592,488256,892848,404592,488256,892848,,,,404592,488256,892848
2024,198303,00291600,Chowan University,NC,4,,1,NCAA,354,222,576,15,Soccer,35,30,,,35,30,2264,79226,1494,44811,124037,,,,,,466080,344545,810625,,,,466080,344545,810625,466080,344545,810625,,,,466080,344545,810625
2024,219833,00348200,Christian Brothers University,TN,5,,1,NCAA,395,440,835,15,Soccer,46,39,,,46,39,1895,87150,2031,79221,166371,,,,,,604711,615548,1220259,,,,604711,615548,1220259,651258,541906,1193164,,,,651258,541906,1193164
2024,231712,00370600,Christopher Newport University,VA,6,,1,NCAA,2039,2250,4289,15,Soccer,32,32,,,32,32,4578,146497,5073,162350,308847,,,,,,345287,337796,683083,,,,345287,337796,683083,345287,337796,683083,,,,345287,337796,683083
2024,223898,00355300,Cisco College,TX,12,,3,NJCAA,359,470,829,15,Soccer,,15,,,0,15,0,0,2542,38124,38124,,,,,,,202099,202099,,,,0,202099,202099,,202099,202099,,,,0,202099,202099
2024,217864,00342300,Citadel Military College of South Carolina,SC,2,,1,NCAA,2218,331,2549,15,Soccer,,25,,,0,25,0,0,4233,105822,105822,,,,,,,977268,977268,,,,0,977268,977268,,693645,693645,,,,0,693645,693645
2024,112172,00116600,Citrus College,CA,17,,8,other,1863,2126,3989,15,Soccer,40,21,,,40,21,1307,52289,2770,58170,110459,,,,,,110783,299545,410328,,,,110783,299545,410328,101414,292301,393715,,,,101414,292301,393715
2024,112190,00450200,City College of San Francisco,CA,17,,8,other,2642,2507,5149,15,Soccer,28,26,,,28,26,772,21625,1148,29838,51463,,,,,,108001,99582,207583,,,,108001,99582,207583,103001,77995,180996,,,,103001,77995,180996
2024,144184,00164800,City Colleges of Chicago-Harry S Truman College,IL,12,,3,NJCAA,425,541,966,15,Soccer,24,20,,,24,20,905,21709,532,10637,32346,,,,,,168353,116595,284948,,,,168353,116595,284948,168353,116595,284948,,,,168353,116595,284948
2024,144157,00165400,City Colleges of Chicago-Kennedy-King College,IL,12,,3,NJCAA,499,413,912,15,Soccer,24,,,,24,0,412,9885,0,0,9885,,,,,,51536,,51536,,,,51536,0,51536,71125,,71125,,,,71125,0,71125
2024,144166,00165000,City Colleges of Chicago-Malcolm X College,IL,12,,3,NJCAA,574,1881,2455,15,Soccer,20,,,,20,0,1095,21898,0,0,21898,,,,,,191866,,191866,,,,191866,0,191866,191866,,191866,,,,191866,0,191866
2024,144193,00164900,City Colleges of Chicago-Richard J Daley College,IL,8,NJCAA Division I & NJCAA Division II,8,other,1035,458,1493,15,Soccer,26,12,,,26,12,748,19449,501,6007,25456,,,,,,74552,49363,123915,,,,74552,49363,123915,74552,49363,123915,,,,74552,49363,123915
2024,144218,00165500,City Colleges of Chicago-Wilbur Wright College,IL,12,,3,NJCAA,1214,943,2157,15,Soccer,25,,,,25,0,606,15143,0,0,15143,,,,,,151743,,151743,,,,151743,0,151743,151743,,151743,,,,151743,0,151743
2024,208406,00487800,Clackamas Community College,OR,19,,8,other,959,1074,2033,15,Soccer,,17,,,0,17,0,0,1103,18754,18754,,,,,,,110091,110091,,,,0,110091,110091,,100883,100883,,,,0,100883,100883
2024,112260,00117000,Claremont McKenna College,CA,6,,1,NCAA,690,691,1381,15,Soccer,32,26,,,32,26,2945,94243,2845,73974,168217,,,,,,326461,253232,579693,,,,326461,253232,579693,326461,253232,579693,,,,326461,253232,579693
2024,234933,00377300,Clark College,WA,19,,8,other,1105,1572,2677,15,Soccer,30,21,,,30,21,1954,58620,1537,32277,90897,,,,,,159135,89733,248868,,,,159135,89733,248868,137264,86013,223277,,,,137264,86013,223277
2024,165334,00213900,Clark University,MA,7,,1,NCAA,955,1244,2199,15,Soccer,28,30,,,28,30,965,27029,914,27412,54441,,,,,,134786,166472,301258,,,,134786,166472,301258,134786,166472,301258,,,,134786,166472,301258
2024,153126,00185200,Clarke University,IA,9,,2,NAIA,394,330,724,15,Soccer,70,62,,,70,62,1990,139293,2296,142323,281616,,,,,,1744012,1665844,3409856,,,,1744012,1665844,3409856,1744012,1665844,3409856,,,,1744012,1665844,3409856
2024,190044,00269900,Clarkson University,NY,7,,1,NCAA,1520,669,2189,15,Soccer,31,23,,,31,23,1625,50379,1733,39851,90230,,,,,,158290,129371,287661,,,,158290,129371,287661,156877,126055,282932,,,,156877,126055,282932
2024,139311,00897600,Clayton  State University,GA,5,,1,NCAA,841,1857,2698,15,Soccer,35,32,,,35,32,2541,88933,840,26890,115823,,,,,,419062,321261,740323,,,,419062,321261,740323,485316,328236,813552,,,,485316,328236,813552
2024,169327,00224600,Cleary University,MI,9,,2,NAIA,345,195,540,15,Soccer,33,35,,,33,35,1729,57044,1769,61925,118969,,,,,,441943,400635,842578,,,,441943,400635,842578,441943,400635,842578,,,,441943,400635,842578
2024,217882,00342500,Clemson University,SC,1,,1,NCAA,10292,12341,22633,15,Soccer,34,27,,,34,27,12460,423656,11272,304331,727987,,,,,,3583872,2843918,6427790,,,,3583872,2843918,6427790,3583872,2843918,6427790,,,,3583872,2843918,6427790
2024,202134,00303200,Cleveland State University,OH,3,,1,NCAA,3506,3951,7457,15,Soccer,31,30,,,31,30,3557,110263,3494,104827,215090,,,,,,541608,680389,1221997,,,,541608,680389,1221997,538415,578880,1117295,,,,538415,578880,1117295
2024,190053,00678700,Clinton Community College,NY,14,,3,NJCAA,126,125,251,15,Soccer,19,,,,19,0,1057,20081,0,0,20081,,,,,,30781,,30781,,,,30781,0,30781,30781,,30781,,,,30781,0,30781
2024,489201,04253400,Clovis Community College,CA,17,,8,other,1004,1132,2136,15,Soccer,27,22,,,27,22,2709,73137,2346,51618,124755,,,,,,103742,108257,211999,,,,103742,108257,211999,102498,106868,209366,,,,102498,106868,209366
2024,223320,00354600,Coastal Bend College,TX,12,,3,NJCAA,322,582,904,15,Soccer,35,,,,35,0,2411,84400,0,0,84400,,,,,,351247,,351247,,,,351247,0,351247,351247,,351247,,,,351247,0,351247
2024,218724,00345100,Coastal Carolina University,SC,1,,1,NCAA,4379,5631,10010,15,Soccer,29,28,,,29,28,5351,155170,6430,180037,335207,,,,,,1317276,999256,2316532,,,,1317276,999256,2316532,1317276,999256,2316532,,,,1317276,999256,2316532
2024,104425,00107200,Cochise County Community College District,AZ,12,,3,NJCAA,628,824,1452,15,Soccer,,28,,,0,28,0,0,3479,97409,97409,,,,,,,380769,380769,,,,0,380769,380769,,380769,380769,,,,0,380769,380769
2024,153144,00185400,Coe College,IA,6,,1,NCAA,575,573,1148,15,Soccer,35,22,,,35,22,671,23481,868,19085,42566,,,,,,101802,97570,199372,,,,101802,97570,199372,101802,97570,199372,,,,101802,97570,199372
2024,154925,00191000,Coffeyville Community College,KS,12,,3,NJCAA,463,303,766,15,Soccer,30,19,,,30,19,1351,40544,1375,26133,66677,,,,,,340195,256155,596350,,,,340195,256155,596350,358414,248439,606853,,,,358414,248439,606853
2024,217907,00342700,Coker University,SC,5,,1,NCAA,356,453,809,15,Soccer,62,36,,,62,36,1407,87222,1834,66031,153253,,,,,,220987,524956,745943,,,,220987,524956,745943,208651,517584,726235,,,,208651,517584,726235
2024,161086,00203900,Colby College,ME,6,,1,NCAA,1175,1232,2407,15,Soccer,37,30,,,37,30,1530,56619,4054,121619,178238,,,,,,312271,362563,674834,,,,312271,362563,674834,312271,362563,674834,,,,312271,362563,674834
2024,182634,00257200,Colby-Sawyer College,NH,7,,1,NCAA,225,489,714,15,Soccer,36,24,,,36,24,1068,38457,1429,34298,72755,,,,,,98950,85218,184168,,,,98950,85218,184168,98950,85218,184168,,,,98950,85218,184168
2024,190099,00270100,Colgate University,NY,2,,1,NCAA,1365,1803,3168,15,Soccer,29,29,,,29,29,8158,236568,6555,190105,426673,,,,,,1675452,1817340,3492792,,,,1675452,1817340,3492792,1675452,1817340,3492792,,,,1675452,1817340,3492792
2024,217819,00342800,College of Charleston,SC,3,,1,NCAA,3196,6897,10093,15,Soccer,31,28,,,31,28,6626,205419,6397,179102,384521,,,,,,916798,999602,1916400,,,,916798,999602,1916400,916798,999602,1916400,,,,916798,999602,1916400
2024,144865,00665600,College of DuPage,IL,14,,3,NJCAA,3661,3423,7084,15,Soccer,18,18,,,18,18,1563,28138,1506,27105,55243,,,,,,65150,67991,133141,,,,65150,67991,133141,62025,64769,126794,,,,62025,64769,126794
2024,146472,00769400,College of Lake County,IL,13,,3,NJCAA,1751,1758,3509,15,Soccer,18,21,,,18,21,1196,21521,1099,23085,44606,,,,,,62708,68312,131020,,,,62708,68312,131020,62708,70134,132842,,,,62708,70134,132842
2024,118347,00117800,College of Marin,CA,17,,8,other,636,607,1243,15,Soccer,28,15,,,28,15,479,13408,914,13709,27117,,,,,,86333,89318,175651,,,,86333,89318,175651,86333,89318,175651,,,,86333,89318,175651
2024,167394,00214000,College of Our Lady of the Elms,MA,7,,1,NCAA,239,623,862,15,Soccer,29,25,,,29,25,969,28093,1073,26830,54923,,,,,,39615,33330,72945,,,,39615,33330,72945,39615,33330,72945,,,,39615,33330,72945
2024,142559,00161900,College of Southern Idaho,ID,12,,3,NJCAA,777,1015,1792,15,Soccer,20,20,,,20,20,3927,78549,3927,78548,157097,,,,,,342365,260961,603326,,,,342365,260961,603326,342365,260961,603326,,,,342365,260961,603326
2024,162122,00206400,College of Southern Maryland,MD,13,,3,NJCAA,724,926,1650,15,Soccer,24,19,,,24,19,905,21725,1521,28894,50619,,,,,,67715,78614,146329,,,,67715,78614,146329,67715,78614,146329,,,,67715,78614,146329
2024,182005,01036200,College of Southern Nevada,NV,12,,3,NJCAA,4053,5252,9305,15,Soccer,28,27,,,28,27,1577,44143,1608,43404,87547,,,,,,77341,76151,153492,,,,77341,76151,153492,75527,72147,147674,,,,75527,72147,147674
2024,190558,00269800,College of Staten Island CUNY,NY,5,,1,NCAA,3785,3826,7611,15,Soccer,28,25,,,28,25,1544,43225,1092,27307,70532,,,,,,180910,187462,368372,,,,180910,187462,368372,180910,187462,368372,,,,180910,187462,368372
2024,111461,00890300,College of the Canyons,CA,17,,8,other,2685,2665,5350,15,Soccer,44,21,,,44,21,826,36345,2145,45049,81394,,,,,,162179,141869,304048,,,,162179,141869,304048,156303,134687,290990,,,,156303,134687,290990
2024,113573,00118200,College of the Desert,CA,17,,8,other,1851,2235,4086,15,Soccer,32,27,,,32,27,1561,49936,1234,33307,83243,,,,,,99290,77661,176951,,,,99290,77661,176951,99290,77661,176951,,,,99290,77661,176951
2024,166124,00214100,College of the Holy Cross,MA,2,,1,NCAA,1429,1677,3106,15,Soccer,34,33,,,34,33,4223,143597,4592,151523,295120,,,,,,874305,1339529,2213834,,,,874305,1339529,2213834,874305,1339529,2213834,,,,874305,1339529,2213834
2024,121707,00118500,College of the Redwoods,CA,17,,8,other,725,792,1517,15,Soccer,19,14,,,19,14,1306,24820,1879,26302,51122,,,,,,77317,77451,154768,,,,77317,77451,154768,62094,68853,130947,,,,62094,68853,130947
2024,123217,00118600,College of the Sequoias,CA,17,,8,other,2470,2903,5373,15,Soccer,27,26,,,27,26,1221,32979,1164,30273,63252,,,,,,76211,81522,157733,,,,76211,81522,157733,66136,66231,132367,,,,66136,66231,132367
2024,123484,00118700,College of the Siskiyous,CA,17,,8,other,341,277,618,15,Soccer,22,20,,,22,20,3490,76769,4081,81629,158398,,,,,,143197,168092,311289,,,,143197,168092,311289,143197,168092,311289,,,,143197,168092,311289
2024,126669,00940100,Colorado Christian University,CO,5,,1,NCAA,597,1155,1752,15,Soccer,25,26,,,25,26,3046,76150,2966,77123,153273,,,,,,420952,354454,775406,,,,420952,354454,775406,420952,354454,775406,,,,420952,354454,775406
2024,126678,00134700,Colorado College,CO,7,,1,NCAA,873,1113,1986,15,Soccer,25,24,,,25,24,9249,231221,9647,231536,462757,,,,,,424611,1535584,1960195,,,,424611,1535584,1960195,420995,1633352,2054347,,,,420995,1633352,2054347
2024,127556,00135800,Colorado Mesa University,CO,4,,1,NCAA,3172,3748,6920,15,Soccer,37,30,,,37,30,2700,99900,2624,78717,178617,,,,,,495325,393761,889086,,,,495325,393761,889086,475475,385280,860755,,,,475475,385280,860755
2024,126748,00135900,Colorado Northwestern Community College,CO,12,,3,NJCAA,156,206,362,15,Soccer,19,15,,,19,15,1963,37290,2420,36300,73590,,,,,,132250,172505,304755,,,,132250,172505,304755,129090,171826,300916,,,,129090,171826,300916
2024,126775,00134800,Colorado School of Mines,CO,4,,1,NCAA,4049,1882,5931,15,Soccer,35,32,,,35,32,3234,113186,4619,147812,260998,,,,,,669384,771009,1440393,,,,669384,771009,1440393,669384,771009,1440393,,,,669384,771009,1440393
2024,128106,00136500,Colorado State University Pueblo,CO,4,,1,NCAA,1147,1339,2486,15,Soccer,36,32,,,36,32,2190,78832,3322,106308,185140,,,,,,420210,473516,893726,,,,420210,473516,893726,420210,473516,893726,,,,420210,473516,893726
2024,126818,00135000,Colorado State University-Fort Collins,CO,1,,1,NCAA,10278,12701,22979,15,Soccer,,36,,,0,36,0,0,7204,259354,259354,,,,,,,1304013,1304013,,,,0,1304013,1304013,,1304013,1304013,,,,0,1304013,1304013
2024,234979,00377400,Columbia Basin College,WA,19,,8,other,1088,1647,2735,15,Soccer,32,24,,,32,24,1423,45549,2962,71083,116632,,,,,,115999,152198,268197,,,,115999,152198,268197,115999,152198,268197,,,,115999,152198,268197
2024,217934,00343000,Columbia College,SC,9,,2,NAIA,232,723,955,15,Soccer,37,29,,,37,29,266,9840,345,10012,19852,,,,,,164289,184294,348583,,,,164289,184294,348583,164289,184294,348583,,,,164289,184294,348583
2024,177065,00245600,Columbia College,MO,9,,2,NAIA,975,1489,2464,15,Soccer,42,25,,,42,25,1139,47849,1394,34856,82705,,,,,,464161,268285,732446,,,,464161,268285,732446,464161,268285,732446,,,,464161,268285,732446
2024,217925,00342900,Columbia International University,SC,9,,2,NAIA,327,330,657,15,Soccer,26,26,,,26,26,1823,47407,1334,34685,82092,,,,,,331544,327600,659144,,,,331544,327600,659144,388600,269518,658118,,,,388600,269518,658118
2024,219888,00348300,Columbia State Community College,TN,12,,3,NJCAA,1040,1595,2635,15,Soccer,,21,,,0,21,0,0,3158,66311,66311,,,,,,,223029,223029,,,,0,223029,223029,,223029,223029,,,,0,223029,223029
2024,190150,00270700,Columbia University in the City of New York,NY,2,,1,NCAA,4229,4145,8374,15,Soccer,29,32,,,29,32,3335,96713,6777,216848,313561,,,,,,517847,695039,1212886,,,,517847,695039,1212886,517847,695039,1212886,,,,517847,695039,1212886
2024,139366,00156100,Columbus State University,GA,5,,1,NCAA,1676,2383,4059,15,Soccer,,33,,,0,33,0,0,2164,71405,71405,,,,,,,415050,415050,,,,0,415050,415050,,415050,415050,,,,0,415050,415050
2024,498562,00331500,Commonwealth University of Pennsylvania,PA,4,,1,NCAA,3513,5194,8707,15,Soccer,71,82,,,71,82,1705,121079,2170,177958,299037,,,,,,517008,624261,1141269,,,,517008,624261,1141269,511407,628184,1139591,,,,511407,628184,1139591
2024,446163,03874400,Community Christian College,AZ,12,,3,NJCAA,375,10,385,15,Soccer,18,,,,18,0,3560,64073,0,0,64073,,,,,,70213,,70213,,,,70213,0,70213,70213,,70213,,,,70213,0,70213
2024,434672,00206300,Community College of Baltimore County,MD,13,,3,NJCAA,1920,2081,4001,15,Soccer,46,20,,,46,20,2389,109874,1612,32240,142114,,,,,,307530,92453,399983,,,,307530,92453,399983,224388,85441,309829,,,,224388,85441,309829
2024,217475,00340800,Community College of Rhode Island,RI,14,,3,NJCAA,1903,2575,4478,15,Soccer,18,17,,,18,17,1190,21414,2248,38214,59628,,,,,,69962,59865,129827,,,,69962,59865,129827,29258,46789,76047,,,,29258,46789,76047
2024,112686,04281700,Compton College,CA,17,,8,other,447,596,1043,15,Soccer,28,23,,,28,23,1203,33678,1378,31683,65361,,,,,,74648,71653,146301,,,,74648,71653,146301,74648,71653,146301,,,,74648,71653,146301
2024,237330,00381000,Concord University,WV,4,,1,NCAA,591,850,1441,15,Soccer,82,85,,,82,85,1065,87323,973,82698,170021,,,,,,485303,560019,1045322,,,,485303,560019,1045322,485303,560020,1045323,,,,485303,560020,1045323
2024,173300,00234600,Concordia College at Moorhead,MN,6,,1,NCAA,831,954,1785,15,Soccer,32,23,,,32,23,1084,34697,2387,54890,89587,,,,,,100303,118272,218575,,,,100303,118272,218575,100303,118272,218575,,,,100303,118272,218575
2024,224004,00355700,Concordia University Texas,TX,7,,1,NCAA,387,633,1020,15,Soccer,35,28,,,35,28,2089,73101,2552,71451,144552,,,,,,158964,164951,323915,,,,158964,164951,323915,158964,164951,323915,,,,158964,164951,323915
2024,144351,00166600,Concordia University-Chicago,IL,6,,1,NCAA,559,626,1185,15,Soccer,39,30,,,39,30,880,34334,1979,59355,93689,,,,,,113157,170042,283199,,,,113157,170042,283199,111497,152783,264280,,,,111497,152783,264280
2024,112075,02070500,Concordia University-Irvine,CA,5,,1,NCAA,587,919,1506,15,Soccer,30,28,,,30,28,3662,109871,3958,110819,220690,,,,,,708231,553541,1261772,,,,708231,553541,1261772,708231,553541,1261772,,,,708231,553541,1261772
2024,180984,00254100,Concordia University-Nebraska,NE,9,,2,NAIA,606,617,1223,15,Soccer,34,35,,,34,35,1012,34407,989,34624,69031,,,,,,776206,656381,1432587,,,,776206,656381,1432587,750465,652543,1403008,,,,750465,652543,1403008
2024,173328,00234700,Concordia University-Saint Paul,MN,4,,1,NCAA,785,1524,2309,15,Soccer,,32,,,0,32,0,0,4340,138875,138875,,,,,,,417906,417906,,,,0,417906,417906,,417906,417906,,,,0,417906,417906
2024,238616,00384200,Concordia University-Wisconsin,WI,6,,1,NCAA,792,1041,1833,15,Soccer,38,27,,,38,27,779,29588,1067,28819,58407,,,,,,125989,124335,250324,,,,125989,124335,250324,114471,113989,228460,,,,114471,113989,228460
2024,128902,00137900,Connecticut College,CT,7,,1,NCAA,762,1173,1935,15,Soccer,36,34,,,36,34,1172,42200,1026,34871,77071,,,,,,272388,269437,541825,,,,272388,269437,541825,272388,269437,541825,,,,272388,269437,541825
2024,206996,00315300,Connors State College,OK,12,,3,NJCAA,361,753,1114,15,Soccer,30,22,,,30,22,410,12286,814,17906,30192,,,,,,115931,98618,214549,,,,115931,98618,214549,115931,98618,214549,,,,115931,98618,214549
2024,112826,00119000,Contra Costa College,CA,17,,8,other,767,994,1761,15,Soccer,30,15,,,30,15,521,15624,790,11857,27481,,,,,,55478,50024,105502,,,,55478,50024,105502,55478,50024,105502,,,,55478,50024,105502
2024,217961,00343100,Converse University,SC,5,,1,NCAA,311,830,1141,15,Soccer,45,31,,,45,31,1347,60614,1255,38901,99515,,,,,,473627,421595,895222,,,,473627,421595,895222,469388,411337,880725,,,,469388,411337,880725
2024,175573,00240200,Copiah-Lincoln Community College,MS,12,,3,NJCAA,709,974,1683,15,Soccer,25,26,,,25,26,714,17852,404,10515,28367,,,,,,280221,191541,471762,,,,280221,191541,471762,280221,191541,471762,,,,280221,191541,471762
2024,210331,00133900,Corban University,OR,10,,2,NAIA,269,339,608,15,Soccer,37,32,,,37,32,900,33298,1447,46309,79607,,,,,,486084,411978,898062,,,,486084,411978,898062,486084,411978,898062,,,,486084,411978,898062
2024,153162,00185600,Cornell College,IA,6,,1,NCAA,579,499,1078,15,Soccer,28,20,,,28,20,1318,36903,1162,23239,60142,,,,,,146960,114286,261246,,,,146960,114286,261246,131525,102706,234231,,,,131525,102706,234231
2024,190415,00271100,Cornell University,NY,2,,1,NCAA,7198,8641,15839,15,Soccer,35,34,,,35,34,4025,140886,4465,151815,292701,,,,,,715317,713683,1429000,,,,715317,713683,1429000,715317,658504,1373821,,,,715317,658504,1373821
2024,170037,00226600,Cornerstone University,MI,9,,2,NAIA,432,590,1022,15,Soccer,48,45,,,48,45,1206,57867,1483,66724,124591,,,,,,302131,270336,572467,,,,302131,270336,572467,302131,270336,572467,,,,302131,270336,572467
2024,106795,02220900,Cossatot Community College of the University of Arkansas,AR,13,,3,NJCAA,146,209,355,15,Soccer,16,11,,,16,11,209,3338,303,3337,6675,,,,,,30249,29856,60105,,,,30249,29856,60105,30249,29856,60105,,,,30249,29856,60105
2024,113096,00753600,Cosumnes River College,CA,17,,8,other,1713,1802,3515,15,Soccer,36,27,,,36,27,912,32837,2185,58989,91826,,,,,,159018,204708,363726,,,,159018,204708,363726,159018,204708,363726,,,,159018,204708,363726
2024,184180,00772900,County College of Morris,NJ,13,,3,NJCAA,1396,1127,2523,15,Soccer,18,,,,18,0,625,11250,0,0,11250,,,,,,30000,,30000,,,,30000,0,30000,30000,,30000,,,,30000,0,30000
2024,139393,00348400,Covenant College,GA,7,,1,NCAA,450,479,929,15,Soccer,26,25,,,26,25,1764,45870,1923,48078,93948,,,,,,195154,153102,348256,,,,195154,153102,348256,148989,140226,289215,,,,148989,140226,289215
2024,154952,00190200,Cowley County Community College,KS,12,,3,NJCAA,472,612,1084,15,Soccer,29,26,,,29,26,1561,45257,1504,39093,84350,,,,,,270586,268860,539446,,,,270586,268860,539446,270586,268860,539446,,,,270586,268860,539446
2024,181002,00254200,Creighton University,NE,3,,1,NCAA,1784,2475,4259,15,Soccer,31,30,,,31,30,10180,315571,8248,247445,563016,,,,,,1165236,1009607,2174843,,,,1165236,1009607,2174843,1635003,1607978,3242981,,,,1635003,1607978,3242981
2024,177135,00245900,Crowder College,MO,12,,3,NJCAA,653,992,1645,15,Soccer,33,25,,,33,25,1309,43207,1352,33795,77002,,,,,,198289,193850,392139,,,,198289,193850,392139,198289,193850,392139,,,,198289,193850,392139
2024,174862,00238300,Crown College,MN,6,,1,NCAA,324,298,622,15,Soccer,28,24,,,28,24,1152,32254,2519,60466,92720,,,,,,92439,133874,226313,,,,92439,133874,226313,108327,110182,218509,,,,108327,110182,218509
2024,113193,00119200,Cuesta College,CA,17,,8,other,1385,1452,2837,15,Soccer,,19,,,0,19,0,0,524,9959,9959,,,,,,,32904,32904,,,,0,32904,32904,,32004,32004,,,,0,32004,32004
2024,177144,00246000,Culver-Stockton College,MO,10,,2,NAIA,433,346,779,15,Soccer,46,36,,,46,36,644,29637,691,24862,54499,,,,,,411057,256329,667386,,,,411057,256329,667386,411057,256329,667386,,,,411057,256329,667386
2024,219949,00348500,Cumberland University,TN,9,,2,NAIA,888,1071,1959,15,Soccer,27,22,,,27,22,3341,90205,3720,81833,172038,,,,,,797234,774767,1572001,,,,797234,774767,1572001,788815,775286,1564101,,,,788815,775286,1564101
2024,190512,00727300,CUNY Bernard M Baruch College,NY,7,,1,NCAA,6598,6534,13132,15,Soccer,27,,,,27,0,1726,46614,0,0,46614,,,,,,72435,,72435,,,,72435,0,72435,72435,,72435,,,,72435,0,72435
2024,190521,00269100,CUNY Borough of Manhattan Community College,NY,14,,3,NJCAA,5368,6527,11895,15,Soccer,27,12,,,27,12,770,20782,765,9182,29964,,,,,,28500,20157,48657,,,,28500,20157,48657,28500,20157,48657,,,,28500,20157,48657
2024,190530,00269200,CUNY Bronx Community College,NY,14,,3,NJCAA,1534,1877,3411,15,Soccer,11,,,,11,0,473,5201,0,0,5201,,,,,,13725,,13725,,,,13725,0,13725,13725,,13725,,,,13725,0,13725
2024,190549,00268700,CUNY Brooklyn College,NY,7,,1,NCAA,3689,4407,8096,15,Soccer,26,22,,,26,22,1047,27234,1091,24004,51238,,,,,,49096,46446,95542,,,,49096,46446,95542,49096,46446,95542,,,,49096,46446,95542
2024,190567,00268800,CUNY City College,NY,7,,1,NCAA,4972,5360,10332,15,Soccer,28,22,,,28,22,160,4487,203,4466,8953,,,,,,18086,22039,40125,,,,18086,22039,40125,18086,22039,40125,,,,18086,22039,40125
2024,190594,00268900,CUNY Hunter College,NY,7,,1,NCAA,4461,8859,13320,15,Soccer,24,,,,24,0,466,11177,0,0,11177,,,,,,32993,,32993,,,,32993,0,32993,32993,,32993,,,,32993,0,32993
2024,190600,00269300,CUNY John Jay College of Criminal Justice,NY,7,,1,NCAA,3358,6258,9616,15,Soccer,26,20,,,26,20,749,19466,1299,25985,45451,,,,,,61796,92564,154360,,,,61796,92564,154360,61796,92564,154360,,,,61796,92564,154360
2024,190619,00269400,CUNY Kingsborough Community College,NY,14,,3,NJCAA,2338,3027,5365,15,Soccer,27,,,,27,0,525,14178,0,0,14178,,,,,,36661,,36661,,,,36661,0,36661,36661,,36661,,,,36661,0,36661
2024,190628,01005100,CUNY LaGuardia Community College,NY,14,,3,NJCAA,3018,3876,6894,15,Soccer,30,,,,30,0,349,10456,0,0,10456,,,,,,35456,,35456,,,,35456,0,35456,35456,,35456,,,,35456,0,35456
2024,190637,00702200,CUNY Lehman College,NY,7,,1,NCAA,2681,4749,7430,15,Soccer,29,19,,,29,19,444,12886,527,10013,22899,,,,,,36546,33673,70219,,,,36546,33673,70219,36546,33673,70219,,,,36546,33673,70219
2024,190646,01009700,CUNY Medgar Evers College,NY,7,,1,NCAA,617,1525,2142,15,Soccer,18,14,,,18,14,1440,25914,1111,15558,41472,,,,,,46358,30438,76796,,,,46358,30438,76796,46358,30438,76796,,,,46358,30438,76796
2024,190664,00269000,CUNY Queens College,NY,5,,1,NCAA,4869,5049,9918,15,Soccer,41,31,,,41,31,1194,48934,1389,43065,91999,,,,,,241546,206766,448312,,,,241546,206766,448312,232969,204690,437659,,,,232969,204690,437659
2024,190673,00269700,CUNY Queensborough Community College,NY,14,,3,NJCAA,2521,2602,5123,15,Soccer,23,14,,,23,14,175,4032,162,2261,6293,,,,,,17491,12978,30469,,,,17491,12978,30469,17491,12978,30469,,,,17491,12978,30469
2024,190691,00475900,CUNY York College,NY,7,,1,NCAA,1170,2055,3225,15,Soccer,23,16,,,23,16,666,15317,1170,18720,34037,,,,,,30126,31558,61684,,,,30126,31558,61684,30126,31558,61684,,,,30126,31558,61684
2024,165529,00214300,Curry College,MA,6,,1,NCAA,736,944,1680,15,Soccer,32,26,,,32,26,1866,59702,1755,45642,105344,,,,,,115893,99589,215482,,,,115893,99589,215482,115893,99589,215482,,,,115893,99589,215482
2024,202356,00304000,Cuyahoga Community College District,OH,13,,3,NJCAA,1751,2352,4103,15,Soccer,17,,,,17,0,2886,49066,0,0,49066,,,,,,154515,,154515,,,,154515,0,154515,154515,,154515,,,,154515,0,154515
2024,113218,02111300,Cuyamaca College,CA,17,,8,other,945,997,1942,15,Soccer,35,21,,,35,21,372,13030,372,7820,20850,,,,,,84875,46665,131540,,,,84875,46665,131540,58135,44949,103084,,,,58135,44949,103084
2024,113236,00119300,Cypress College,CA,17,,8,other,2558,3219,5777,15,Soccer,33,29,,,33,29,1099,36256,2685,77875,114131,,,,,,192461,256786,449247,,,,192461,256786,449247,189602,267713,457315,,,,189602,267713,457315
2024,190716,00271200,D'Youville  University,NY,5,,1,NCAA,296,715,1011,15,Soccer,32,26,,,32,26,1994,63819,2951,76738,140557,,,,,,426044,409409,835453,,,,426044,409409,835453,425947,409121,835068,,,,425947,409121,835068
2024,190725,00280800,Daemen University,NY,5,,1,NCAA,411,1136,1547,15,Soccer,30,27,,,30,27,2609,78263,3556,96010,174273,,,,,,428917,452655,881572,,,,428917,452655,881572,428917,453185,882102,,,,428917,453185,882102
2024,173416,01040200,Dakota County Technical College,MN,13,,3,NJCAA,867,522,1389,15,Soccer,26,15,,,26,15,1899,49378,2301,34518,83896,,,,,,113604,88784,202388,,,,113604,88784,202388,113389,88284,201673,,,,113389,88284,201673
2024,219091,00346100,Dakota Wesleyan University,SD,9,,2,NAIA,326,318,644,15,Soccer,30,27,,,30,27,777,23305,845,22812,46117,,,,,,315832,268222,584054,,,,315832,268222,584054,199686,214834,414520,,,,199686,214834,414520
2024,224226,00356000,Dallas Baptist University,TX,5,,1,NCAA,861,1205,2066,15,Soccer,37,31,,,37,31,4392,162507,5472,169627,332134,,,,,,764183,956096,1720279,,,,764183,956096,1720279,675162,945506,1620668,,,,675162,945506,1620668
2024,224244,00694100,Dallas Christian College,TX,8,NCCAA Division I & NCCAA Division II,8,other,133,74,207,15,Soccer,24,,,,24,0,1342,32197,0,0,32197,,,,,,359238,,359238,,,,359238,0,359238,183020,,183020,,,,183020,0,183020
2024,224615,00445300,Dallas College,TX,14,,3,NJCAA,6439,7728,14167,15,Soccer,103,143,,,103,143,883,90934,797,113963,204897,,,,,,374510,560952,935462,,,,374510,560952,935462,374510,560952,935462,,,,374510,560952,935462
2024,139463,00395600,Dalton State College,GA,9,,2,NAIA,1051,1798,2849,15,Soccer,27,29,,,27,29,1230,33223,1129,32754,65977,,,,,,142068,152535,294603,,,,142068,152535,294603,142068,152535,294603,,,,142068,152535,294603
2024,182670,00257300,Dartmouth College,NH,2,,1,NCAA,2351,2190,4541,15,Soccer,29,31,,,29,31,4185,121378,5124,158852,280230,,,,,,598518,675847,1274365,,,,598518,675847,1274365,598518,675847,1274365,,,,598518,675847,1274365
2024,169479,00224900,Davenport University,MI,4,,1,NCAA,931,935,1866,15,Soccer,27,34,,,27,34,3298,89054,2117,71972,161026,,,,,,531967,475122,1007089,,,,531967,475122,1007089,531967,475122,1007089,,,,531967,475122,1007089
2024,198385,00291800,Davidson College,NC,2,,1,NCAA,877,990,1867,15,Soccer,28,30,,,28,30,4422,123813,5671,170126,293939,,,,,,652198,532182,1184380,,,,652198,532182,1184380,722699,725728,1448427,,,,722699,725728,1448427
2024,237358,00381100,Davis & Elkins College,WV,5,,1,NCAA,284,369,653,15,Soccer,56,31,,,56,31,596,33377,882,27353,60730,,,,,,576470,427469,1003939,,,,576470,427469,1003939,563056,427179,990235,,,,563056,427179,990235
2024,133386,00147500,Daytona State College,FL,12,,3,NJCAA,1992,2448,4440,15,Soccer,29,32,,,29,32,2271,65866,2339,74844,140710,,,,,,509180,548304,1057484,,,,509180,548304,1057484,509180,548304,1057484,,,,509180,548304,1057484
2024,113333,00448000,De Anza College,CA,17,,8,other,4504,3668,8172,15,Soccer,30,19,,,30,19,2041,61226,1407,26729,87955,,,,,,194847,89028,283875,,,,194847,89028,283875,180878,88919,269797,,,,180878,88919,269797
2024,165574,00214400,Dean College,MA,6,,1,NCAA,518,539,1057,15,Soccer,36,22,,,36,22,872,31397,1756,38622,70019,,,,,,94033,88900,182933,,,,94033,88900,182933,90444,87548,177992,,,,90444,87548,177992
2024,202514,00304100,Defiance College,OH,10,,2,NAIA,314,167,481,15,Soccer,24,15,,,24,15,1148,27562,1478,22166,49728,,,,,,613299,634418,1247717,,,,613299,634418,1247717,471860,416987,888847,,,,471860,416987,888847
2024,211927,00711000,Delaware County Community College,PA,14,,3,NJCAA,960,940,1900,15,Soccer,15,,,,15,0,1433,21500,0,0,21500,,,,,,35000,,35000,,,,35000,0,35000,35000,,35000,,,,35000,0,35000
2024,130934,00142800,Delaware State University,DE,2,,1,NCAA,1357,2513,3870,15,Soccer,,27,,,0,27,0,0,2395,64673,64673,,,,,,,491913,491913,,,,0,491913,491913,,491913,491913,,,,0,491913,491913
2024,211981,00325200,Delaware Valley University,PA,6,,1,NCAA,598,980,1578,15,Soccer,31,35,,,31,35,789,24450,643,22498,46948,,,,,,91375,93069,184444,,,,91375,93069,184444,91375,93069,184444,,,,91375,93069,184444
2024,169521,00225100,Delta College,MI,14,"Two Sports are NJCAA Division II, Five Sports DIII",3,NJCAA,927,1349,2276,15,Soccer,,27,,,0,27,0,0,451,12166,12166,,,,,,,55894,55894,,,,0,55894,55894,,55894,55894,,,,0,55894,55894
2024,175616,00240300,Delta State University,MS,4,,1,NCAA,676,756,1432,15,Soccer,28,21,,,28,21,1382,38697,2240,47037,85734,,,,,,251010,261183,512193,,,,251010,261183,512193,251010,261183,512193,,,,251010,261183,512193
2024,202523,00304200,Denison University,OH,6,,1,NCAA,1134,1242,2376,15,Soccer,30,28,,,30,28,3606,108180,2650,74209,182389,,,,,,324937,228670,553607,,,,324937,228670,553607,324937,228670,553607,,,,324937,228670,553607
2024,144740,00167100,DePaul University,IL,3,,1,NCAA,5897,7337,13234,15,Soccer,30,31,,,30,31,6529,195865,7566,234536,430401,,,,,,1310822,1403151,2713973,,,,1310822,1403151,2713973,1310822,1403151,2713973,,,,1310822,1403151,2713973
2024,150400,00179200,DePauw University,IN,6,,1,NCAA,942,948,1890,15,Soccer,33,30,,,33,30,2142,70675,1388,41634,112309,,,,,,228748,200391,429139,,,,228748,200391,429139,228748,200391,429139,,,,228748,200391,429139
2024,210739,00398600,DeSales University,PA,7,,1,NCAA,717,1174,1891,15,Soccer,35,32,,,35,32,1166,40810,1124,35968,76778,,,,,,172557,161070,333627,,,,172557,161070,333627,167796,154209,322005,,,,167796,154209,322005
2024,113634,00119100,Diablo Valley College,CA,17,,8,other,3239,2995,6234,15,Soccer,,18,,,0,18,0,0,1048,18857,18857,,,,,,,58496,58496,,,,0,58496,58496,,51040,51040,,,,0,51040,51040
2024,212009,00325300,Dickinson College,PA,6,,1,NCAA,908,1362,2270,15,Soccer,36,32,,,36,32,1762,63436,1661,53144,116580,,,,,,133224,156829,290053,,,,133224,156829,290053,127367,119160,246527,,,,127367,119160,246527
2024,181020,00254400,Doane University,NE,10,,2,NAIA,517,422,939,15,Soccer,25,32,,,25,32,2091,52284,1836,58739,111023,,,,,,400578,439207,839785,,,,400578,439207,839785,403648,435824,839472,,,,403648,435824,839472
2024,154998,00191300,Dodge City Community College,KS,12,,3,NJCAA,410,341,751,15,Soccer,32,19,,,32,19,1000,32009,1453,27604,59613,,,,,,144157,174370,318527,,,,144157,174370,318527,144157,174370,318527,,,,144157,174370,318527
2024,148496,00175000,Dominican University,IL,7,,1,NCAA,748,1723,2471,15,Soccer,41,33,,,41,33,1952,80032,1750,57750,137782,,,,,,210227,163164,373391,,,,210227,163164,373391,210227,163164,373391,,,,210227,163164,373391
2024,190761,00271300,Dominican University New York,NY,5,,1,NCAA,399,645,1044,15,Soccer,38,25,,,38,25,984,37401,1406,35156,72557,,,,,,278252,170016,448268,,,,278252,170016,448268,278252,170016,448268,,,,278252,170016,448268
2024,113698,00119600,Dominican University of California,CA,5,,1,NCAA,287,715,1002,15,Soccer,38,34,,,38,34,2462,93571,2495,84845,178416,,,,,,326872,333961,660833,,,,326872,333961,660833,326872,333961,660833,,,,326872,333961,660833
2024,153250,00185900,Dordt University,IA,10,,2,NAIA,783,797,1580,15,Soccer,51,42,,,51,42,754,38448,1327,55751,94199,,,,,,485537,505261,990798,,,,485537,505261,990798,485537,505261,990798,,,,485537,505261,990798
2024,153269,00186000,Drake University,IA,2,,1,NCAA,968,1518,2486,15,Soccer,30,31,,,30,31,3786,113570,4577,141900,255470,,,,,,748947,972882,1721829,,,,748947,972882,1721829,748947,972882,1721829,,,,748947,972882,1721829
2024,184348,00260300,Drew University,NJ,7,,1,NCAA,674,849,1523,15,Soccer,44,32,,,44,32,728,32012,1037,33199,65211,,,,,,170070,138959,309029,,,,170070,138959,309029,170070,138959,309029,,,,170070,138959,309029
2024,212054,00325600,Drexel University,PA,3,,1,NCAA,6359,5943,12302,15,Soccer,28,29,,,28,29,6050,169399,5250,152261,321660,,,,,,1215422,1097570,2312992,,,,1215422,1097570,2312992,1215422,1097570,2312992,,,,1215422,1097570,2312992
2024,177214,00246100,Drury University,MO,5,,1,NCAA,666,702,1368,15,Soccer,50,36,,,50,36,2050,102485,4157,149658,252143,,,,,,643462,693217,1336679,,,,643462,693217,1336679,643462,693217,1336679,,,,643462,693217,1336679
2024,198419,00292000,Duke University,NC,1,,1,NCAA,2971,3447,6418,15,Soccer,31,27,,,31,27,8992,278757,16403,442893,721650,,,,,,2168207,3043304,5211511,,,,2168207,3043304,5211511,2500862,3146339,5647201,,,,2500862,3146339,5647201
2024,212106,00325800,Duquesne University,PA,2,,1,NCAA,1972,3316,5288,15,Soccer,34,34,,,34,34,3312,112609,3108,105668,218277,,,,,,966303,1054604,2020907,,,,966303,1054604,2020907,966303,1054604,2020907,,,,966303,1054604,2020907
2024,190840,00286400,Dutchess Community College,NY,14,,3,NJCAA,1209,1289,2498,15,Soccer,20,,,,20,0,1316,26310,0,0,26310,,,,,,48329,,48329,,,,48329,0,48329,46329,,46329,,,,46329,0,46329
2024,220057,00683500,Dyersburg State Community College,TN,12,,3,NJCAA,495,818,1313,15,Soccer,,17,,,0,17,0,0,5213,88626,88626,,,,,,,146335,146335,,,,0,146335,146335,,146335,146335,,,,0,146335,146335
2024,150455,00179300,Earlham College,IN,7,,1,NCAA,315,350,665,15,Soccer,32,22,,,32,22,1412,45172,2063,45392,90564,,,,,,209458,201826,411284,,,,209458,201826,411284,209458,201826,411284,,,,209458,201826,411284
2024,198464,00292300,East Carolina University,NC,1,,1,NCAA,7375,9578,16953,15,Soccer,,31,,,0,31,0,0,12384,383914,383914,,,,,,,1340645,1340645,,,,0,1340645,1340645,,1330384,1330384,,,,0,1330384,1330384
2024,177250,00886200,East Central College,MO,13,,3,NJCAA,428,638,1066,15,Soccer,25,15,,,25,15,2350,58750,2887,43305,102055,,,,,,145178,106184,251362,,,,145178,106184,251362,145178,106184,251362,,,,145178,106184,251362
2024,175643,00240400,East Central Community College,MS,13,,3,NJCAA,576,757,1333,15,Soccer,23,15,,,23,15,377,8666,578,8672,17338,,,,,,253594,181524,435118,,,,253594,181524,435118,253594,181524,435118,,,,253594,181524,435118
2024,207041,00315400,East Central University,OK,4,,1,NCAA,860,1248,2108,15,Soccer,,30,,,0,30,0,0,2248,67452,67452,,,,,,,259203,259203,,,,0,259203,259203,,259203,259203,,,,0,259203,259203
2024,113856,02226000,East Los Angeles College,CA,17,,8,other,2496,2959,5455,15,Soccer,36,25,,,36,25,1383,49798,1781,44532,94330,,,,,,82821,86237,169058,,,,82821,86237,169058,98467,93201,191668,,,,98467,93201,191668
2024,175652,00240500,East Mississippi Community College,MS,12,,3,NJCAA,1062,1246,2308,15,Soccer,23,20,,,23,20,3273,75275,811,16217,91492,,,,,,319061,230799,549860,,,,319061,230799,549860,319061,230799,549860,,,,319061,230799,549860
2024,212115,00332000,East Stroudsburg University of Pennsylvania,PA,4,,1,NCAA,2033,2480,4513,15,Soccer,43,40,,,43,40,1263,54306,1121,44858,99164,,,,,,280672,394640,675312,,,,280672,394640,675312,237724,382452,620176,,,,237724,382452,620176
2024,220075,00348700,East Tennessee State University,TN,2,,1,NCAA,3450,5413,8863,15,Soccer,28,27,,,28,27,2922,81812,4499,121460,203272,,,,,,450398,627905,1078303,,,,450398,627905,1078303,450398,627905,1078303,,,,450398,627905,1078303
2024,224554,00356500,East Texas A&M University,TX,2,,1,NCAA,2532,3730,6262,15,Soccer,,27,,,0,27,0,0,9026,243700,243700,,,,,,,950957,950957,,,,0,950957,950957,,950226,950226,,,,0,950226,950226
2024,224527,00356400,East Texas Baptist University,TX,6,,1,NCAA,598,621,1219,15,Soccer,35,30,,,35,30,3021,105735,2554,76620,182355,,,,,,215893,175353,391246,,,,215893,175353,391246,215893,175353,391246,,,,215893,175353,391246
2024,104577,00107300,Eastern Arizona College,AZ,12,,3,NJCAA,656,633,1289,15,Soccer,29,29,,,29,29,6105,177055,7144,207175,384230,,,,,,986838,893904,1880742,,,,986838,893904,1880742,986838,893904,1880742,,,,986838,893904,1880742
2024,129215,00142500,Eastern Connecticut State University,CT,7,,1,NCAA,1331,1931,3262,15,Soccer,30,27,,,30,27,2763,82879,1114,30090,112969,,,,,,237952,170381,408333,,,,237952,170381,408333,237952,170381,408333,,,,237952,170381,408333
2024,132693,00147000,Eastern Florida State College,FL,12,,3,NJCAA,2052,2184,4236,15,Soccer,28,26,,,28,26,5272,147625,3410,88651,236276,,,,,,328954,315841,644795,,,,328954,315841,644795,328954,315841,644795,,,,328954,315841,644795
2024,144892,00167400,Eastern Illinois University,IL,2,,1,NCAA,1521,2194,3715,15,Soccer,32,25,,,32,25,2908,93064,3935,98366,191430,,,,,,330501,556306,886807,,,,330501,556306,886807,330501,556306,886807,,,,330501,556306,886807
2024,153311,00407500,Eastern Iowa Community College District,IA,13,,3,NJCAA,589,1038,1627,15,Soccer,,14,,,0,14,0,0,1223,17125,17125,,,,,,,48076,48076,,,,0,48076,48076,,48076,48076,,,,0,48076,48076
2024,156620,00196300,Eastern Kentucky University,KY,2,,1,NCAA,4236,6349,10585,15,Soccer,,32,,,0,32,0,0,8018,256575,256575,,,,,,,927404,927404,,,,0,927404,927404,,927404,927404,,,,0,927404,927404
2024,232043,00370800,Eastern Mennonite University,VA,7,,1,NCAA,321,414,735,15,Soccer,25,22,,,25,22,2280,56995,1907,41954,98949,,,,,,125503,99235,224738,,,,125503,99235,224738,125503,99235,224738,,,,125503,99235,224738
2024,169798,00225900,Eastern Michigan University,MI,1,,1,NCAA,3259,4482,7741,15,Soccer,,36,,,0,36,0,0,3945,142024,142024,,,,,,,1087199,1087199,,,,0,1087199,1087199,,1087199,1087199,,,,0,1087199,1087199
2024,187648,00265100,Eastern New Mexico University-Main Campus,NM,4,,1,NCAA,922,1488,2410,15,Soccer,32,40,,,32,40,638,20422,425,16995,37417,,,,,,698694,719961,1418655,,,,698694,719961,1418655,698694,719961,1418655,,,,698694,719961,1418655
2024,207050,00315500,Eastern Oklahoma State College,OK,12,,3,NJCAA,219,414,633,15,Soccer,27,18,,,27,18,936,25270,1233,22201,47471,,,,,,153393,150149,303542,,,,153393,150149,303542,155166,152096,307262,,,,155166,152096,307262
2024,208646,00319300,Eastern Oregon University,OR,9,,2,NAIA,643,841,1484,15,Soccer,35,37,,,35,37,1926,67394,1367,50566,117960,,,,,,315425,252423,567848,,,,315425,252423,567848,315425,252422,567847,,,,315425,252422,567847
2024,212133,00325900,Eastern University,PA,6,,1,NCAA,753,932,1685,15,Soccer,39,30,,,39,30,1578,61539,1693,50782,112321,,,,,,236347,172105,408452,,,,236347,172105,408452,167546,136356,303902,,,,167546,136356,303902
2024,235097,00377500,Eastern Washington University,WA,2,,1,NCAA,2450,3182,5632,15,Soccer,,32,,,0,32,0,0,8614,275660,275660,,,,,,,1194815,1194815,,,,0,1194815,1194815,,1194815,1194815,,,,0,1194815,1194815
2024,446233,03855300,Ecclesia College,AR,15,,4,NCCAA,70,25,95,15,Soccer,16,,,,16,0,1667,26672,0,0,26672,,,,,,141910,,141910,,,,141910,0,141910,141910,,141910,,,,141910,0,141910
2024,133492,00148700,Eckerd College,FL,5,,1,NCAA,545,1296,1841,15,Soccer,34,32,,,34,32,1693,57549,2564,82038,139587,,,,,,644330,693252,1337582,,,,644330,693252,1337582,644330,693252,1337582,,,,644330,693252,1337582
2024,238661,00384800,Edgewood College,WI,7,,1,NCAA,365,663,1028,15,Soccer,46,34,,,46,34,878,40391,984,33469,73860,,,,,,338265,135551,473816,,,,338265,135551,473816,306705,127578,434283,,,,306705,127578,434283
2024,235103,00500100,Edmonds College,WA,19,,8,other,860,1010,1870,15,Soccer,19,22,,,19,22,977,18565,1679,36935,55500,,,,,,51959,84947,136906,,,,51959,84947,136906,45539,75979,121518,,,,45539,75979,121518
2024,133526,00147800,Edward Waters University,FL,4,,1,NCAA,546,474,1020,15,Soccer,,26,,,0,26,0,0,2278,59224,59224,,,,,,,296490,296490,,,,0,296490,296490,,296490,296490,,,,0,296490,296490
2024,113980,00119700,El Camino Community College District,CA,17,,8,other,3633,3747,7380,15,Soccer,33,26,,,33,26,318,10508,463,12050,22558,,,,,,89926,73706,163632,,,,89926,73706,163632,88619,70822,159441,,,,88619,70822,159441
2024,144944,00167500,Elgin Community College,IL,13,,3,NJCAA,1414,1339,2753,15,Soccer,27,16,,,27,16,1362,36773,1533,24526,61299,,,,,,85747,71951,157698,,,,85747,71951,157698,85747,71951,157698,,,,85747,71951,157698
2024,212197,00326200,Elizabethtown College,PA,7,,1,NCAA,741,1034,1775,15,Soccer,34,26,,,34,26,676,22978,1077,28012,50990,,,,,,158153,121530,279683,,,,158153,121530,279683,158153,121530,279683,,,,158153,121530,279683
2024,144962,00167600,Elmhurst University,IL,6,,1,NCAA,1129,1835,2964,15,Soccer,40,36,,,40,36,1048,41936,1143,41151,83087,,,,,,158293,176872,335165,,,,158293,176872,335165,155650,176872,332522,,,,155650,176872,332522
2024,190983,00271800,Elmira College,NY,7,,1,NCAA,235,456,691,15,Soccer,41,32,,,41,32,937,38408,908,29066,67474,,,,,,98418,85831,184249,,,,98418,85831,184249,98418,85831,184249,,,,98418,85831,184249
2024,198516,00292700,Elon University,NC,2,,1,NCAA,2540,3733,6273,15,Soccer,30,28,,,30,28,5917,177507,9117,255273,432780,,,,,,1239688,1494529,2734217,,,,1239688,1494529,2734217,1239688,1494529,2734217,,,,1239688,1494529,2734217
2024,133553,00147900,Embry-Riddle Aeronautical University-Daytona Beach,FL,5,,1,NCAA,5411,2133,7544,15,Soccer,29,27,,,29,27,1664,48248,2042,55135,103383,,,,,,793486,783988,1577474,,,,793486,783988,1577474,793486,783988,1577474,,,,793486,783988,1577474
2024,104586,00147902,Embry-Riddle Aeronautical University-Prescott,AZ,10,,2,NAIA,2205,851,3056,15,Soccer,34,34,,,34,34,2860,97233,3145,106921,204154,,,,,,545697,548664,1094361,,,,545697,548664,1094361,545697,546415,1092112,,,,545697,546415,1092112
2024,165662,00214600,Emerson College,MA,7,,1,NCAA,1311,2520,3831,15,Soccer,26,22,,,26,22,1400,36405,2429,53444,89849,,,,,,165609,202297,367906,,,,165609,202297,367906,163552,185867,349419,,,,163552,185867,349419
2024,165671,00214700,Emmanuel College,MA,7,,1,NCAA,431,1391,1822,15,Soccer,30,26,,,30,26,1580,47414,2338,60796,108210,,,,,,88756,108314,197070,,,,88756,108314,197070,88756,108314,197070,,,,88756,108314,197070
2024,139630,00156300,Emmanuel University,GA,5,,1,NCAA,424,337,761,15,Soccer,31,39,,,31,39,1970,61062,1424,55518,116580,,,,,,470106,528377,998483,,,,470106,528377,998483,470106,521709,991815,,,,470106,521709,991815
2024,153302,02328900,Emmaus Bible College,IA,16,,4,NCCAA,99,102,201,15,Soccer,18,,,,18,0,1743,31370,0,0,31370,,,,,,58236,,58236,,,,58236,0,58236,59407,,59407,,,,59407,0,59407
2024,232025,00370900,Emory & Henry University,VA,4,,1,NCAA,470,573,1043,15,Soccer,32,32,,,32,32,605,19345,607,19430,38775,,,,,,239361,261417,500778,,,,239361,261417,500778,239361,261417,500778,,,,239361,261417,500778
2024,139658,00156400,Emory University,GA,7,,1,NCAA,3120,4106,7226,15,Soccer,38,32,,,38,32,4599,174743,5178,165680,340423,,,,,,502730,550657,1053387,,,,502730,550657,1053387,370520,375561,746081,,,,370520,375561,746081
2024,487092,00156401,Emory University-Oxford College,GA,14,,3,NJCAA,443,523,966,15,Soccer,24,16,,,24,16,1798,43143,3287,52588,95731,,,,,,107805,122398,230203,,,,107805,122398,230203,107805,122398,230203,,,,107805,122398,230203
2024,155025,00192700,Emporia State University,KS,4,,1,NCAA,757,1318,2075,15,Soccer,,27,,,0,27,0,0,2431,65632,65632,,,,,,,533364,533364,,,,0,533364,533364,,473153,473153,,,,0,473153,473153
2024,165699,00214800,Endicott College,MA,6,,1,NCAA,1037,2007,3044,15,Soccer,39,32,,,39,32,699,27274,1129,36142,63416,,,,,,120753,192314,313067,,,,120753,192314,313067,120753,192314,313067,,,,120753,192314,313067
2024,101143,00101500,Enterprise State Community College,AL,13,,3,NJCAA,557,454,1011,15,Soccer,27,,,,27,0,936,25269,0,0,25269,,,,,,601204,,601204,,,,601204,0,601204,601204,,601204,,,,601204,0,601204
2024,191083,01068400,Erie Community College,NY,14,,3,NJCAA,2224,2270,4494,15,Soccer,17,,,,17,0,1946,33086,0,0,33086,,,,,,42775,,42775,,,,42775,0,42775,42475,,42475,,,,42475,0,42475
2024,217998,00343200,Erskine College,SC,4,,1,NCAA,525,235,760,15,Soccer,33,29,,,33,29,1540,50827,1648,47778,98605,,,,,,353989,277477,631466,,,,353989,277477,631466,353989,277477,631466,,,,353989,277477,631466
2024,184481,00710700,Essex County College,NJ,13,,3,NJCAA,1365,1865,3230,15,Soccer,21,16,,,21,16,676,14186,629,10066,24252,,,,,,68557,62154,130711,,,,68557,62154,130711,68557,62154,130711,,,,68557,62154,130711
2024,144971,00167800,Eureka College,IL,6,,1,NCAA,287,234,521,15,Soccer,41,17,,,41,17,1295,53081,1895,32217,85298,,,,,,123507,77358,200865,,,,123507,77358,200865,123507,77358,200865,,,,123507,77358,200865
2024,177339,00246300,Evangel University,MO,9,NAIA is only one division now.,2,NAIA,609,611,1220,15,Soccer,39,37,,,39,37,1466,57179,1378,50969,108148,,,,,,451932,294596,746528,,,,451932,294596,746528,451932,294596,746528,,,,451932,294596,746528
2024,235149,00377600,Everett Community College,WA,19,,8,other,1133,1372,2505,15,Soccer,25,19,,,25,19,926,23141,779,14802,37943,,,,,,68987,54095,123082,,,,68987,54095,123082,68987,54095,123082,,,,68987,54095,123082
2024,114266,01245200,Evergreen Valley College,CA,17,,8,other,976,960,1936,15,Soccer,32,17,,,32,17,946,30267,2496,42427,72694,,,,,,90902,94681,185583,,,,90902,94681,185583,90902,94681,185583,,,,90902,94681,185583
2024,129242,00138500,Fairfield University,CT,3,,1,NCAA,2249,3077,5326,15,Soccer,33,33,,,33,33,4421,145886,5388,177789,323675,,,,,,1167942,1564159,2732101,,,,1167942,1564159,2732101,1167942,1564159,2732101,,,,1167942,1564159,2732101
2024,184694,00260701,Fairleigh Dickinson University-Florham Campus,NJ,6,,1,NCAA,886,1038,1924,15,Soccer,36,27,,,36,27,1063,38260,1630,44003,82263,,,,,,148534,170217,318751,,,,148534,170217,318751,148534,170217,318751,,,,148534,170217,318751
2024,184603,00260700,Fairleigh Dickinson University-Metropolitan Campus,NJ,3,,1,NCAA,1067,1074,2141,15,Soccer,36,31,,,36,31,2570,92519,2627,81432,173951,,,,,,741614,890200,1631814,,,,741614,890200,1631814,741614,890200,1631814,,,,741614,890200,1631814
2024,237367,00381200,Fairmont State University,WV,4,,1,NCAA,1016,1270,2286,15,Soccer,,29,,,0,29,0,0,1430,41483,41483,,,,,,,317802,317802,,,,0,317802,317802,,290744,290744,,,,0,290744,290744
2024,153320,00712100,Faith Baptist Bible College and Theological Seminary,IA,16,,4,NCCAA,170,205,375,15,Soccer,25,19,,,25,19,1868,46700,1599,30383,77083,,,,,,54140,37823,91963,,,,54140,37823,91963,54140,37823,91963,,,,54140,37823,91963
2024,196042,00285800,Farmingdale State College,NY,7,,1,NCAA,4711,3221,7932,15,Soccer,33,36,,,33,36,598,19720,635,22862,42582,,,,,,91951,95951,187902,,,,91951,95951,187902,91171,94313,185484,,,,91171,94313,185484
2024,191126,00286600,Fashion Institute of Technology,NY,14,,3,NJCAA,1186,5692,6878,15,Soccer,,17,,,0,17,0,0,2669,45367,45367,,,,,,,87887,87887,,,,0,87887,87887,,87887,87887,,,,0,87887,87887
2024,101189,00100300,Faulkner University,AL,9,,2,NAIA,558,593,1151,15,Soccer,48,26,,,48,26,3255,156243,3827,99509,255752,,,,,,1081457,465093,1546550,,,,1081457,465093,1546550,1081457,465093,1546550,,,,1081457,465093,1546550
2024,114433,00859700,Feather River Community College District,CA,17,,8,other,284,313,597,15,Soccer,24,18,,,24,18,1319,31645,1677,30193,61838,,,,,,109390,114691,224081,,,,109390,114691,224081,109390,114691,224081,,,,109390,114691,224081
2024,184612,00261000,Felician University,NJ,5,,1,NCAA,508,1179,1687,15,Soccer,54,35,,,54,35,2907,156954,2022,70787,227741,,,,,,483232,505394,988626,,,,483232,505394,988626,483232,505394,988626,,,,483232,505394,988626
2024,169910,00226000,Ferris State University,MI,8,NCAA Division II w/Football and DI Men's Hockey,8,other,3036,3521,6557,15,Soccer,,32,,,0,32,0,0,3313,106012,106012,,,,,,,609725,609725,,,,0,609725,609725,,609725,609725,,,,0,609725,609725
2024,232089,00371100,Ferrum College,VA,6,,1,NCAA,419,273,692,15,Soccer,35,26,,,35,26,743,26017,1190,30945,56962,,,,,,120650,119803,240453,,,,120650,119803,240453,120650,119803,240453,,,,120650,119803,240453
2024,191199,00753200,Finger Lakes Community College,NY,14,,3,NJCAA,895,1085,1980,15,Soccer,26,12,,,26,12,745,19357,1000,11994,31351,,,,,,30522,31524,62046,,,,30522,31524,62046,24357,19994,44351,,,,24357,19994,44351
2024,165802,00215000,Fisher College,MA,9,,2,NAIA,356,258,614,15,Soccer,37,19,,,37,19,2017,74629,3604,68476,143105,,,,,,132696,120952,253648,,,,132696,120952,253648,132696,120952,253648,,,,132696,120952,253648
2024,165820,00218400,Fitchburg State University,MA,6,,1,NCAA,1122,1115,2237,15,Soccer,32,23,,,32,23,737,23575,995,22891,46466,,,,,,67811,73728,141539,,,,67811,73728,141539,67811,71247,139058,,,,67811,71247,139058
2024,191205,01256100,Five Towns College,NY,20,,8,other,355,154,509,15,Soccer,24,12,,,24,12,1686,40460,1359,16309,56769,,,,,,98940,36309,135249,,,,98940,36309,135249,98940,36309,135249,,,,98940,36309,135249
2024,133711,00789300,Flagler College,FL,5,,1,NCAA,748,1601,2349,15,Soccer,30,23,,,30,23,1097,32909,2861,65813,98722,,,,,,721701,908606,1630307,,,,721701,908606,1630307,721701,908606,1630307,,,,721701,908606,1630307
2024,133669,00148100,Florida Atlantic University,FL,1,,1,NCAA,7503,10385,17888,15,Soccer,30,31,,,30,31,9702,291071,9470,293571,584642,,,,,,1187914,1333787,2521701,,,,1187914,1333787,2521701,1187914,1333787,2521701,,,,1187914,1333787,2521701
2024,133809,00148200,Florida College,FL,9,,2,NAIA,284,293,577,15,Soccer,30,17,,,30,17,1658,49736,2089,35517,85253,,,,,,363336,246356,609692,,,,363336,246356,609692,363336,246356,609692,,,,363336,246356,609692
2024,433660,03255300,Florida Gulf Coast University,FL,3,,1,NCAA,4644,6385,11029,15,Soccer,30,27,,,30,27,6349,190466,7958,214868,405334,,,,,,952477,990824,1943301,,,,952477,990824,1943301,952477,990824,1943301,,,,952477,990824,1943301
2024,133881,00146900,Florida Institute of Technology,FL,5,,1,NCAA,2182,1100,3282,15,Soccer,32,25,,,32,25,3090,98890,3451,86279,185169,,,,,,833486,713183,1546669,,,,833486,713183,1546669,833486,713183,1546669,,,,833486,713183,1546669
2024,133951,00963500,Florida International University,FL,18,,8,other,11229,14986,26215,15,Soccer,26,30,,,26,30,9261,240791,5946,178386,419177,,,,,,1171440,1021850,2193290,,,,1171440,1021850,2193290,1171440,1021850,2193290,,,,1171440,1021850,2193290
2024,133979,00148600,Florida Memorial University,FL,9,,2,NAIA,502,641,1143,15,Soccer,34,24,,,34,24,873,29695,887,21286,50981,,,,,,350168,321282,671450,,,,350168,321282,671450,350168,321282,671450,,,,350168,321282,671450
2024,408844,02547600,Florida National University-Main Campus,FL,9,,2,NAIA,489,1217,1706,15,Soccer,71,34,,,71,34,1625,115343,2012,68404,183747,,,,,,981064,552037,1533101,,,,981064,552037,1533101,834006,593799,1427805,,,,834006,593799,1427805
2024,134079,00148800,Florida Southern College,FL,5,,1,NCAA,908,1688,2596,15,Soccer,35,41,,,35,41,1583,55397,1695,69480,124877,,,,,,599785,501685,1101470,,,,599785,501685,1101470,599785,501685,1101470,,,,599785,501685,1101470
2024,134097,00148900,Florida State University,FL,1,,1,NCAA,12735,16536,29271,15,Soccer,,26,,,0,26,0,0,25134,653496,653496,,,,,,,2800112,2800112,,,,0,2800112,2800112,,2800112,2800112,,,,0,2800112,2800112
2024,444219,03871300,Folsom Lake College,CA,17,,8,other,1115,1140,2255,15,Soccer,32,29,,,32,29,681,21784,937,27160,48944,,,,,,111601,112528,224129,,,,111601,112528,224129,111601,112528,224129,,,,111601,112528,224129
2024,114716,00119900,Foothill College,CA,17,,8,other,1814,2035,3849,15,Soccer,31,19,,,31,19,156,4830,250,4750,9580,,,,,,259636,102778,362414,,,,259636,102778,362414,259636,102778,362414,,,,259636,102778,362414
2024,191241,00272200,Fordham University,NY,2,,1,NCAA,3960,6141,10101,15,Soccer,33,32,,,33,32,5049,166615,5004,160124,326739,,,,,,1590829,1755467,3346296,,,,1590829,1755467,3346296,1590829,1755467,3346296,,,,1590829,1755467,3346296
2024,155061,00191500,Fort Hays State University,KS,4,,1,NCAA,1759,2950,4709,15,Soccer,37,28,,,37,28,2127,78693,2044,57239,135932,,,,,,482528,412665,895193,,,,482528,412665,895193,481930,411517,893447,,,,481930,411517,893447
2024,127185,00135300,Fort Lewis College,CO,4,,1,NCAA,1322,1493,2815,15,Soccer,28,36,,,28,36,5998,167939,3734,134427,302366,,,,,,732288,609119,1341407,,,,732288,609119,1341407,686404,605145,1291549,,,,686404,605145,1291549
2024,165866,00218500,Framingham State University,MA,6,,1,NCAA,1094,1285,2379,15,Soccer,22,26,,,22,26,1503,33074,1674,43521,76595,,,,,,56735,57957,114692,,,,56735,57957,114692,52058,57697,109755,,,,52058,57697,109755
2024,218061,00922600,Francis Marion University,SC,5,,1,NCAA,904,1570,2474,15,Soccer,50,37,,,50,37,1348,67405,1143,42288,109693,,,,,,501616,415163,916779,,,,501616,415163,916779,501616,415163,916779,,,,501616,415163,916779
2024,205957,00303600,Franciscan University of Steubenville,OH,7,,1,NCAA,1230,1438,2668,15,Soccer,42,26,,,42,26,1017,42724,1002,26063,68787,,,,,,100082,67343,167425,,,,100082,67343,167425,86128,64003,150131,,,,86128,64003,150131
2024,212577,00326500,Franklin and Marshall College,PA,6,,1,NCAA,871,923,1794,15,Soccer,33,24,,,33,24,2110,69616,2265,54367,123983,,,,,,246357,184423,430780,,,,246357,184423,430780,224805,176865,401670,,,,224805,176865,401670
2024,150604,00179800,Franklin College,IN,6,,1,NCAA,443,446,889,15,Soccer,25,21,,,25,21,1157,28925,1738,36492,65417,,,,,,156971,87804,244775,,,,156971,87804,244775,145914,87178,233092,,,,145914,87178,233092
2024,182795,00257500,Franklin Pierce University,NH,4,,1,NCAA,463,380,843,15,Soccer,52,45,,,52,45,1064,55319,861,38744,94063,,,,,,629514,604914,1234428,,,,629514,604914,1234428,629514,604914,1234428,,,,629514,604914,1234428
2024,162557,00207100,Frederick Community College,MD,13,,3,NJCAA,860,842,1702,15,Soccer,25,16,,,25,16,1645,41126,799,12780,53906,,,,,,67846,40239,108085,,,,67846,40239,108085,67846,40239,108085,,,,67846,40239,108085
2024,220215,00349200,Freed-Hardeman University,TN,9,,2,NAIA,559,627,1186,15,Soccer,43,28,,,43,28,1018,43790,1460,40883,84673,,,,,,788850,601580,1390430,,,,788850,601580,1390430,782017,586716,1368733,,,,782017,586716,1368733
2024,114789,00130700,Fresno City College,CA,17,,8,other,3076,3585,6661,15,Soccer,34,31,,,34,31,6573,223489,3722,115397,338886,,,,,,2135654,286543,2422197,,,,2135654,286543,2422197,423654,309654,733308,,,,423654,309654,733308
2024,114813,00125300,Fresno Pacific University,CA,5,,1,NCAA,318,625,943,15,Soccer,42,30,,,42,30,3961,166380,4407,132209,298589,,,,,,918724,548846,1467570,,,,918724,548846,1467570,749658,455890,1205548,,,,749658,455890,1205548
2024,155089,00191800,Friends University,KS,9,,2,NAIA,505,485,990,15,Soccer,43,34,,,43,34,626,26912,1130,38410,65322,,,,,,618629,514933,1133562,,,,618629,514933,1133562,372467,357711,730178,,,,372467,357711,730178
2024,162584,00207200,Frostburg State University,MD,4,,1,NCAA,1184,1166,2350,15,Soccer,34,30,,,34,30,919,31245,1163,34891,66136,,,,,,296470,306381,602851,,,,296470,306381,602851,296470,306381,602851,,,,296470,306381,602851
2024,114859,00120100,Fullerton College,CA,17,,8,other,3597,3606,7203,15,Soccer,42,14,,,42,14,850,35704,1500,21003,56707,,,,,,163614,131911,295525,,,,163614,131911,295525,163614,131911,295525,,,,163614,131911,295525
2024,191302,00286700,Fulton-Montgomery Community College,NY,14,,3,NJCAA,269,327,596,15,Soccer,23,,,,23,0,1251,28764,0,0,28764,,,,,,39371,,39371,,,,39371,0,39371,38212,,38212,,,,38212,0,38212
2024,218070,00343400,Furman University,SC,2,,1,NCAA,995,1369,2364,15,Soccer,30,32,,,30,32,5126,153782,9964,318843,472625,,,,,,1152652,1496794,2649446,,,,1152652,1496794,2649446,1152652,1496794,2649446,,,,1152652,1496794,2649446
2024,131450,00144300,Gallaudet University,DC,6,,1,NCAA,373,393,766,15,Soccer,23,,,,23,0,2004,46095,0,0,46095,,,,,,125122,,125122,,,,125122,0,125122,125122,,125122,,,,125122,0,125122
2024,212601,00326600,Gannon University,PA,4,,1,NCAA,994,1315,2309,15,Soccer,47,42,,,47,42,2070,97279,1911,80268,177547,,,,,,613808,600686,1214494,,,,613808,600686,1214494,613808,600686,1214494,,,,613808,600686,1214494
2024,155104,00191900,Garden City Community College,KS,12,,3,NJCAA,536,548,1084,15,Soccer,32,19,,,32,19,1085,34725,1378,26187,60912,,,,,,208372,195214,403586,,,,208372,195214,403586,208372,195214,403586,,,,208372,195214,403586
2024,198561,00292900,Gardner-Webb University,NC,2,,1,NCAA,661,971,1632,15,Soccer,69,39,,,69,39,2568,177177,3147,122727,299904,,,,,,905196,686292,1591488,,,,905196,686292,1591488,905196,686292,1591488,,,,905196,686292,1591488
2024,162609,01001400,Garrett College,MD,8,"NJCAA Division II, III; MD JUCO; Region XX",8,other,204,144,348,15,Soccer,,22,,,0,22,0,0,721,15859,15859,,,,,,,138478,138478,,,,0,138478,138478,,138478,138478,,,,0,138478,138478
2024,105145,00830300,GateWay Community College,AZ,13,,3,NJCAA,395,699,1094,15,Soccer,21,18,,,21,18,295,6187,395,7109,13296,,,,,,62682,64304,126986,,,,62682,64304,126986,61901,64220,126121,,,,61901,64220,126121
2024,114938,00120200,Gavilan College,CA,17,,8,other,802,950,1752,15,Soccer,26,18,,,26,18,764,19871,469,8434,28305,,,,,,57154,35533,92687,,,,57154,35533,92687,50735,30337,81072,,,,50735,30337,81072
2024,191339,00678200,Genesee Community College,NY,14,,3,NJCAA,499,802,1301,15,Soccer,30,23,,,30,23,1002,30055,1503,34558,64613,,,,,,51625,52230,103855,,,,51625,52230,103855,51625,52230,103855,,,,51625,52230,103855
2024,212656,00326700,Geneva College,PA,6,,1,NCAA,580,494,1074,15,Soccer,34,24,,,34,24,2930,99635,1275,30588,130223,,,,,,185184,98222,283406,,,,185184,98222,283406,185184,98222,283406,,,,185184,98222,283406
2024,208822,00319400,George Fox University,OR,6,,1,NCAA,1056,1452,2508,15,Soccer,30,24,,,30,24,2995,89855,3350,80397,170252,,,,,,206898,205859,412757,,,,206898,205859,412757,192913,182842,375755,,,,192913,182842,375755
2024,232186,00374900,George Mason University,VA,3,,1,NCAA,11453,11014,22467,15,Soccer,31,33,,,31,33,5231,162169,4138,136570,298739,,,,,,1173011,1262874,2435885,,,,1173011,1262874,2435885,1173011,1262874,2435885,,,,1173011,1262874,2435885
2024,131469,00144400,George Washington University,DC,3,,1,NCAA,3843,6843,10686,15,Soccer,29,36,,,29,36,3980,115414,5447,196092,311506,,,,,,1262315,1773384,3035699,,,,1262315,1773384,3035699,1262315,1773384,3035699,,,,1262315,1773384,3035699
2024,156745,00196400,Georgetown College,KY,9,,2,NAIA,574,516,1090,15,Soccer,37,24,,,37,24,965,35705,944,22665,58370,,,,,,1273939,719143,1993082,,,,1273939,719143,1993082,1273939,719143,1993082,,,,1273939,719143,1993082
2024,131496,00144500,Georgetown University,DC,2,,1,NCAA,2941,4261,7202,15,Soccer,28,33,,,28,33,3207,89806,2032,67046,156852,,,,,,1998318,2119632,4117950,,,,1998318,2119632,4117950,1998318,2119632,4117950,,,,1998318,2119632,4117950
2024,139861,00160200,Georgia College & State University,GA,5,,1,NCAA,1964,3577,5541,15,Soccer,,32,,,0,32,0,0,1187,37979,37979,,,,,,,314214,314214,,,,0,314214,314214,,313214,313214,,,,0,313214,313214
2024,447689,04142900,Georgia Gwinnett College,GA,9,,2,NAIA,3113,4573,7686,15,Soccer,28,26,,,28,26,807,22587,2400,62392,84979,,,,,,345388,378160,723548,,,,345388,378160,723548,345388,378160,723548,,,,345388,378160,723548
2024,485111,00157100,Georgia Military College,GA,12,,3,NJCAA,1031,1324,2355,15,Soccer,44,24,,,44,24,486,21390,735,17632,39022,,,,,,135848,142880,278728,,,,135848,142880,278728,135848,142880,278728,,,,135848,142880,278728
2024,139931,00157200,Georgia Southern University,GA,1,,1,NCAA,8031,10740,18771,15,Soccer,39,29,,,39,29,4036,157411,8217,238289,395700,,,,,,854789,902415,1757204,,,,854789,902415,1757204,854789,902415,1757204,,,,854789,902415,1757204
2024,139764,00157300,Georgia Southwestern State University,GA,5,,1,NCAA,599,1203,1802,15,Soccer,30,26,,,30,26,2423,72700,2002,52050,124750,,,,,,250205,257335,507540,,,,250205,257335,507540,250205,257335,507540,,,,250205,257335,507540
2024,139940,00157400,Georgia State University,GA,1,,1,NCAA,8427,11963,20390,15,Soccer,29,35,,,29,35,4694,136129,4013,140450,276579,,,,,,973623,1169823,2143446,,,,973623,1169823,2143446,973623,1169823,2143446,,,,973623,1169823,2143446
2024,184773,00260800,Georgian Court University,NJ,5,,1,NCAA,347,767,1114,15,Soccer,63,35,,,63,35,681,42877,1026,35907,78784,,,,,,723220,445953,1169173,,,,723220,445953,1169173,694325,431569,1125894,,,,694325,431569,1125894
2024,212674,00326800,Gettysburg College,PA,6,,1,NCAA,1064,1029,2093,15,Soccer,39,38,,,39,38,2048,79884,1816,68994,148878,,,,,,224635,200117,424752,,,,224635,200117,424752,224635,200117,424752,,,,224635,200117,424752
2024,115001,00120300,Glendale Community College,CA,17,,8,other,2928,3117,6045,15,Soccer,40,26,,,40,26,826,33023,1073,27886,60909,,,,,,141701,91059,232760,,,,141701,91059,232760,141701,91059,232760,,,,141701,91059,232760
2024,104708,00107600,Glendale Community College,AZ,13,,3,NJCAA,1832,1967,3799,15,Soccer,37,28,,,37,28,329,12164,401,11225,23389,,,,,,43594,45330,88924,,,,43594,45330,88924,43594,45330,88924,,,,43594,45330,88924
2024,237385,00381300,Glenville State University,WV,4,,1,NCAA,483,433,916,15,Soccer,,31,,,0,31,0,0,763,23645,23645,,,,,,,312999,312999,,,,0,312999,312999,,290035,290035,,,,0,290035,290035
2024,115126,00120600,Golden West College,CA,17,,8,other,1391,1456,2847,15,Soccer,37,27,,,37,27,882,32618,798,21546,54164,,,,,,106626,136538,243164,,,,106626,136538,243164,106626,136538,243164,,,,106626,136538,243164
2024,130989,00142900,Goldey-Beacom College,DE,5,,1,NCAA,312,322,634,15,Soccer,44,26,,,44,26,1214,53400,2059,53536,106936,,,,,,285339,193120,478459,,,,285339,193120,478459,285339,193120,478459,,,,285339,193120,478459
2024,235316,00377800,Gonzaga University,WA,3,,1,NCAA,2393,2744,5137,15,Soccer,31,36,,,31,36,6537,202648,7833,281985,484633,,,,,,1625864,1929509,3555373,,,,1625864,1929509,3555373,1710680,2032285,3742965,,,,1710680,2032285,3742965
2024,165936,00215300,Gordon College,MA,7,,1,NCAA,527,714,1241,15,Soccer,31,29,,,31,29,1012,31376,1010,29280,60656,,,,,,252772,175725,428497,,,,252772,175725,428497,202769,154025,356794,,,,202769,154025,356794
2024,139968,00157500,Gordon State College,GA,12,,3,NJCAA,556,1117,1673,15,Soccer,,15,,,0,15,0,0,799,11986,11986,,,,,,,54542,54542,,,,0,54542,54542,,54542,54542,,,,0,54542,54542
2024,150668,00179900,Goshen College,IN,10,,2,NAIA,307,384,691,15,Soccer,44,30,,,44,30,1217,53556,1783,53490,107046,,,,,,782977,603537,1386514,,,,782977,603537,1386514,782977,603537,1386514,,,,782977,603537,1386514
2024,162654,00207300,Goucher College,MD,7,,1,NCAA,328,602,930,15,Soccer,33,29,,,33,29,1020,33664,850,24641,58305,,,,,,125445,113281,238726,,,,125445,113281,238726,125445,113281,238726,,,,125445,113281,238726
2024,145336,00914500,Governors State University,IL,9,,2,NAIA,672,1071,1743,15,Soccer,38,18,,,38,18,1845,70094,3901,70214,140308,,,,,,679773,483873,1163646,,,,679773,483873,1163646,679773,483873,1163646,,,,679773,483873,1163646
2024,170000,00226500,Grace Christian University,MI,16,,4,NCCAA,241,253,494,15,Soccer,24,15,,,24,15,2068,49641,1378,20676,70317,,,,,,66572,35818,102390,,,,66572,35818,102390,66572,35814,102386,,,,66572,35814,102386
2024,150677,00180000,Grace College and Theological Seminary,IN,9,,2,NAIA,585,857,1442,15,Soccer,26,24,,,26,24,2001,52031,2364,56726,108757,,,,,,497433,500483,997916,,,,497433,500483,997916,497433,500483,997916,,,,497433,500483,997916
2024,153366,00186600,Graceland University-Lamoni,IA,10,,2,NAIA,465,309,774,15,Soccer,55,34,,,55,34,1182,65006,1890,64260,129266,,,,,,522863,480032,1002895,,,,522863,480032,1002895,522863,480032,1002895,,,,522863,480032,1002895
2024,159009,00200600,Grambling State University,LA,2,,1,NCAA,1483,2272,3755,15,Soccer,,32,,,0,32,0,0,317,10140,10140,,,,,,,521405,521405,,,,0,521405,521405,,521405,521405,,,,0,521405,521405
2024,104717,00107400,Grand Canyon University,AZ,3,,1,NCAA,9944,15221,25165,15,Soccer,36,33,,,36,33,10872,391390,11157,368189,759579,,,,,,1441387,1206831,2648218,,,,1441387,1206831,2648218,1441387,1206831,2648218,,,,1441387,1206831,2648218
2024,170055,00226700,Grand Rapids Community College,MI,13,,3,NJCAA,1783,1898,3681,15,Soccer,26,24,,,26,24,2164,56269,1316,31572,87841,,,,,,84744,54538,139282,,,,84744,54538,139282,84744,54538,139282,,,,84744,54538,139282
2024,170082,00226800,Grand Valley State University,MI,4,,1,NCAA,6722,10409,17131,15,Soccer,,30,,,0,30,0,0,8826,264770,264770,,,,,,,1324484,1324484,,,,0,1324484,1324484,,1223283,1223283,,,,0,1223283,1223283
2024,153375,00186700,Grand View University,IA,9,,2,NAIA,636,743,1379,15,Soccer,86,41,,,86,41,728,62565,1592,65275,127840,,,,,,977038,524311,1501349,,,,977038,524311,1501349,977038,524311,1501349,,,,977038,524311,1501349
2024,170091,00226900,Great Lakes Christian College,MI,16,,4,NCCAA,104,75,179,15,Soccer,23,22,,,23,22,564,12978,750,16505,29483,,,,,,131187,118753,249940,,,,131187,118753,249940,70387,76455,146842,,,,70387,76455,146842
2024,198598,00293000,Greensboro College,NC,6,,1,NCAA,424,253,677,15,Soccer,25,26,,,25,26,1136,28401,2406,62568,90969,,,,,,90071,139698,229769,,,,90071,139698,229769,90071,139698,229769,,,,90071,139698,229769
2024,145372,00168400,Greenville University,IL,6,,1,NCAA,479,399,878,15,Soccer,57,31,,,57,31,967,55100,1268,39295,94395,,,,,,164514,113856,278370,,,,164514,113856,278370,169900,116977,286877,,,,169900,116977,286877
2024,153384,00186800,Grinnell College,IA,6,,1,NCAA,788,937,1725,15,Soccer,29,25,,,29,25,2167,62831,2091,52276,115107,,,,,,135698,120969,256667,,,,135698,120969,256667,135698,120969,256667,,,,135698,120969,256667
2024,115296,00120800,Grossmont College,CA,17,,8,other,2004,2499,4503,15,Soccer,,18,,,0,18,0,0,413,7432,7432,,,,,,,117200,117200,,,,0,117200,117200,,16907,16907,,,,0,16907,16907
2024,198613,00293100,Guilford College,NC,6,,1,NCAA,512,473,985,15,Soccer,30,28,,,30,28,1026,30765,1333,37324,68089,,,,,,96944,106345,203289,,,,96944,106345,203289,105930,104074,210004,,,,105930,104074,210004
2024,173647,00235300,Gustavus Adolphus College,MN,6,,1,NCAA,862,981,1843,15,Soccer,43,34,,,43,34,886,38093,2140,72769,110862,,,,,,213301,220172,433473,,,,213301,220172,433473,213301,220172,433473,,,,213301,220172,433473
2024,212832,00327000,Gwynedd Mercy University,PA,7,,1,NCAA,288,701,989,15,Soccer,28,23,,,28,23,971,27194,739,17008,44202,,,,,,49194,37008,86202,,,,49194,37008,86202,49194,37008,86202,,,,49194,37008,86202
2024,162690,00207400,Hagerstown Community College,MD,13,,3,NJCAA,521,616,1137,15,Soccer,23,14,,,23,14,843,19387,1200,16793,36180,,,,,,57283,56627,113910,,,,57283,56627,113910,57283,56627,113910,,,,57283,56627,113910
2024,191515,00272800,Hamilton College,NY,6,,1,NCAA,902,1127,2029,15,Soccer,37,27,,,37,27,2957,109403,2586,69831,179234,,,,,,436110,364140,800250,,,,436110,364140,800250,436110,364140,800250,,,,436110,364140,800250
2024,173665,00235400,Hamline University,MN,6,,1,NCAA,622,1097,1719,15,Soccer,38,34,,,38,34,1447,54978,1559,52996,107974,,,,,,114619,140499,255118,,,,114619,140499,255118,114619,140499,255118,,,,114619,140499,255118
2024,166018,00466100,Hampshire College,MA,20,,8,other,315,524,839,15,Soccer,17,11,,,17,11,336,5712,269,2957,8669,,,,,,13475,8064,21539,,,,13475,8064,21539,13475,8064,21539,,,,13475,8064,21539
2024,232265,00371400,Hampton University,VA,2,,1,NCAA,1159,2471,3630,15,Soccer,,35,,,0,35,0,0,3534,123707,123707,,,,,,,801568,801568,,,,0,801568,801568,,800216,800216,,,,0,800216,800216
2024,177542,00908900,Hannibal-LaGrange University,MO,9,,2,NAIA,188,171,359,15,Soccer,33,,,,33,0,376,12412,0,0,12412,,,,,,612708,,612708,,,,612708,0,612708,612708,,612708,,,,612708,0,612708
2024,150756,00180100,Hanover College,IN,6,,1,NCAA,507,514,1021,15,Soccer,49,35,,,49,35,1305,63959,2064,72234,136193,,,,,,170142,188627,358769,,,,170142,188627,358769,170142,188627,358769,,,,170142,188627,358769
2024,212869,00327200,Harcum College,PA,8,NJCAA Multi-division,8,other,132,433,565,15,Soccer,24,21,,,24,21,1839,44125,1403,29466,73591,,,,,,1048628,928782,1977410,,,,1048628,928782,1977410,1048628,928782,1977410,,,,1048628,928782,1977410
2024,225247,00357100,Hardin-Simmons University,TX,6,,1,NCAA,621,597,1218,15,Soccer,43,29,,,43,29,1898,81600,2982,86480,168080,,,,,,254809,288877,543686,,,,254809,288877,543686,235013,262274,497287,,,,235013,262274,497287
2024,107044,00109700,Harding University,AR,4,,1,NCAA,1476,1730,3206,15,Soccer,28,30,,,28,30,1222,34205,2068,62050,96255,,,,,,378878,526522,905400,,,,378878,526522,905400,406594,561018,967612,,,,406594,561018,967612
2024,162706,00207500,Harford Community College,MD,12,,3,NJCAA,773,745,1518,15,Soccer,30,19,,,30,19,1481,44434,2128,40423,84857,,,,,,81654,83903,165557,,,,81654,83903,165557,81544,83903,165447,,,,81544,83903,165447
2024,177551,00246600,Harris-Stowe State University,MO,9,,2,NAIA,283,554,837,15,Soccer,40,20,,,40,20,421,16854,951,19012,35866,,,,,,115692,116801,232493,,,,115692,116801,232493,115692,116801,232493,,,,115692,116801,232493
2024,212878,00327300,Harrisburg Area Community College,PA,14,,3,NJCAA,1199,1875,3074,15,Soccer,12,,,,12,0,313,3752,0,0,3752,,,,,,12230,,12230,,,,12230,0,12230,12230,,12230,,,,12230,0,12230
2024,115393,00120900,Hartnell College,CA,17,,8,other,1795,2029,3824,15,Soccer,30,26,,,30,26,1746,52375,1718,44658,97033,,,,,,88375,80658,169033,,,,88375,80658,169033,88375,80658,169033,,,,88375,80658,169033
2024,191533,00272900,Hartwick College,NY,6,,1,NCAA,413,651,1064,15,Soccer,24,26,,,24,26,1600,38389,1194,31042,69431,,,,,,152177,130330,282507,,,,152177,130330,282507,152177,130330,282507,,,,152177,130330,282507
2024,166027,00215500,Harvard University,MA,2,,1,NCAA,3297,3818,7115,15,Soccer,31,30,,,31,30,8117,251617,6168,185029,436646,,,,,,725978,793626,1519604,,,,725978,793626,1519604,725978,793626,1519604,,,,725978,793626,1519604
2024,181127,00254800,Hastings College,NE,10,,2,NAIA,457,433,890,15,Soccer,33,38,,,33,38,1834,60512,798,30305,90817,,,,,,566942,547356,1114298,,,,566942,547356,1114298,566942,547356,1114298,,,,566942,547356,1114298
2024,212911,00327400,Haverford College,PA,7,,1,NCAA,614,812,1426,15,Soccer,28,27,,,28,27,4285,119989,2363,63789,183778,,,,,,198203,170297,368500,,,,198203,170297,368500,195669,167233,362902,,,,195669,167233,362902
2024,141644,00727900,Hawaii Pacific University,HI,5,,1,NCAA,660,1373,2033,15,Soccer,24,26,,,24,26,4047,97133,3177,82592,179725,,,,,,337670,291075,628745,,,,337670,291075,628745,337670,291075,628745,,,,337670,291075,628745
2024,153445,00459500,Hawkeye Community College,IA,13,,3,NJCAA,815,941,1756,15,Soccer,36,25,,,36,25,664,23904,664,16600,40504,,,,,,175205,175205,350410,,,,175205,175205,350410,175205,175205,350410,,,,175205,175205,350410
2024,384342,03083800,Heartland Community College,IL,13,,3,NJCAA,650,733,1383,15,Soccer,28,23,,,28,23,1139,31900,1548,35605,67505,,,,,,388325,417915,806240,,,,388325,417915,806240,388325,417915,806240,,,,388325,417915,806240
2024,203085,00304800,Heidelberg University,OH,6,,1,NCAA,494,409,903,15,Soccer,33,32,,,33,32,1325,43718,1661,53153,96871,,,,,,144584,170114,314698,,,,144584,170114,314698,144584,170114,314698,,,,144584,170114,314698
2024,107080,00109900,Hendrix College,AR,6,,1,NCAA,536,557,1093,15,Soccer,45,37,,,45,37,1946,87582,2006,74236,161818,,,,,,188078,162737,350815,,,,188078,162737,350815,188078,162737,350815,,,,188078,162737,350815
2024,191612,00478800,Herkimer County Community College,NY,14,,3,NJCAA,435,421,856,15,Soccer,30,24,,,30,24,506,15192,514,12343,27535,,,,,,23821,20972,44793,,,,23821,20972,44793,23821,20972,44793,,,,23821,20972,44793
2024,155177,00192000,Hesston College,KS,9,,2,NAIA,181,183,364,15,Soccer,45,20,,,45,20,1657,74555,2188,43752,118307,,,,,,391974,288009,679983,,,,391974,288009,679983,384374,281359,665733,,,,384374,281359,665733
2024,198695,00293300,High Point University,NC,3,,1,NCAA,2266,2836,5102,15,Soccer,35,35,,,35,35,2964,103732,2772,97034,200766,,,,,,1386618,1422880,2809498,,,,1386618,1422880,2809498,1251794,1278871,2530665,,,,1251794,1278871,2530665
2024,155186,00192100,Highland Community College,KS,12,,3,NJCAA,363,368,731,15,Soccer,,19,,,0,19,0,0,1056,20064,20064,,,,,,,121845,121845,,,,0,121845,121845,,90866,90866,,,,0,90866,90866
2024,235431,00378100,Highline College,WA,19,,8,other,703,1309,2012,15,Soccer,30,20,,,30,20,630,18890,942,18834,37724,,,,,,65703,67936,133639,,,,65703,67936,133639,61050,63758,124808,,,,61050,63758,124808
2024,191621,00273500,Hilbert College,NY,6,,1,NCAA,368,504,872,15,Soccer,22,21,,,22,21,1226,26972,1117,23462,50434,,,,,,110399,107696,218095,,,,110399,107696,218095,105082,93725,198807,,,,105082,93725,198807
2024,225371,00357300,Hill College,TX,12,,3,NJCAA,403,442,845,15,Soccer,23,22,,,23,22,1405,32316,1187,26115,58431,,,,,,195218,169907,365125,,,,195218,169907,365125,187825,159425,347250,,,,187825,159425,347250
2024,175786,00240700,Hinds Community College,MS,12,,3,NJCAA,2070,2932,5002,15,Soccer,25,25,,,25,25,685,17117,1020,25504,42621,,,,,,232015,250892,482907,,,,232015,250892,482907,213012,228863,441875,,,,213012,228863,441875
2024,203128,00304900,Hiram College,OH,6,,1,NCAA,396,358,754,15,Soccer,39,17,,,39,17,782,30481,1349,22932,53413,,,,,,91229,88402,179631,,,,91229,88402,179631,91229,88402,179631,,,,91229,88402,179631
2024,191630,00273100,Hobart William Smith Colleges,NY,6,,1,NCAA,825,951,1776,15,Soccer,31,50,,,31,50,2544,78857,5031,251545,330402,,,,,,445602,586649,1032251,,,,445602,586649,1032251,445602,586649,1032251,,,,445602,586649,1032251
2024,191649,00273200,Hofstra University,NY,3,,1,NCAA,2657,3626,6283,15,Soccer,29,30,,,29,30,7069,205007,5490,164697,369704,,,,,,1679980,1929528,3609508,,,,1679980,1929528,3609508,1679980,1929528,3609508,,,,1679980,1929528,3609508
2024,175810,00240800,Holmes Community College,MS,13,,3,NJCAA,1001,2104,3105,15,Soccer,24,23,,,24,23,227,5439,773,17780,23219,,,,,,230017,226876,456893,,,,230017,226876,456893,230017,226876,456893,,,,230017,226876,456893
2024,150774,00726300,Holy Cross College,IN,10,,2,NAIA,381,209,590,15,Soccer,27,22,,,27,22,1586,42825,2059,45294,88119,,,,,,366447,246067,612514,,,,366447,246067,612514,366447,246067,612514,,,,366447,246067,612514
2024,212984,00327500,Holy Family University,PA,5,,1,NCAA,712,1532,2244,15,Soccer,47,30,,,47,30,626,29434,1058,31726,61160,,,,,,496558,325288,821846,,,,496558,325288,821846,496558,325288,821846,,,,496558,325288,821846
2024,166133,00217000,Holyoke Community College,MA,14,,3,NJCAA,523,715,1238,15,Soccer,18,20,,,18,20,422,7600,437,8745,16345,,,,,,23540,25687,49227,,,,23540,25687,49227,22102,24343,46445,,,,22102,24343,46445
2024,162760,00207600,Hood College,MD,7,,1,NCAA,399,773,1172,15,Soccer,36,24,,,36,24,924,33276,1441,34580,67856,,,,,,142603,149976,292579,,,,142603,149976,292579,142603,149976,292579,,,,142603,149976,292579
2024,170301,00227300,Hope College,MI,6,,1,NCAA,1282,1954,3236,15,Soccer,34,27,,,34,27,1112,37817,1026,27693,65510,,,,,,153130,118057,271187,,,,153130,118057,271187,152630,118057,270687,,,,152630,118057,270687
2024,120537,00125200,Hope International University,CA,9,,2,NAIA,230,270,500,15,Soccer,49,36,,,49,36,2385,116864,2844,102391,219255,,,,,,859014,975707,1834721,,,,859014,975707,1834721,859014,975707,1834721,,,,859014,975707,1834721
2024,191676,00273400,Houghton University,NY,7,,1,NCAA,295,426,721,15,Soccer,31,25,,,31,25,1331,41250,1751,43765,85015,,,,,,92873,91173,184046,,,,92873,91173,184046,92873,91173,184046,,,,92873,91173,184046
2024,225399,00357600,Houston Christian University,TX,2,,1,NCAA,945,1269,2214,15,Soccer,31,25,,,31,25,8602,266674,2962,74059,340733,,,,,,1074472,940958,2015430,,,,1074472,940958,2015430,1074472,940958,2015430,,,,1074472,940958,2015430
2024,162779,00817500,Howard Community College,MD,13,,3,NJCAA,1038,1032,2070,15,Soccer,24,16,,,24,16,952,22842,1183,18924,41766,,,,,,57142,49067,106209,,,,57142,49067,106209,57142,49067,106209,,,,57142,49067,106209
2024,225548,00357500,Howard Payne University,TX,6,,1,NCAA,345,316,661,15,Soccer,24,31,,,24,31,1209,29024,1262,39109,68133,,,,,,112703,147265,259968,,,,112703,147265,259968,106597,147265,253862,,,,106597,147265,253862
2024,131520,00144800,Howard University,DC,2,,1,NCAA,2605,7274,9879,15,Soccer,32,33,,,32,33,859,27478,961,31699,59177,,,,,,511385,948111,1459496,,,,511385,948111,1459496,511385,982325,1493710,,,,511385,982325,1493710
2024,191719,00286800,Hudson Valley Community College,NY,14,,3,NJCAA,2466,2165,4631,15,Soccer,23,18,,,23,18,1148,26394,1437,25870,52264,,,,,,48375,48328,96703,,,,48375,48328,96703,48375,48328,96703,,,,48375,48328,96703
2024,101435,00101900,Huntingdon College,AL,6,,1,NCAA,488,385,873,15,Soccer,32,26,,,32,26,1576,50419,1934,50295,100714,,,,,,172926,172400,345326,,,,172926,172400,345326,162075,166405,328480,,,,162075,166405,328480
2024,150941,00180300,Huntington University,IN,9,,2,NAIA,355,599,954,15,Soccer,45,35,,,45,35,1666,74976,1147,40157,115133,,,,,,579855,293210,873065,,,,579855,293210,873065,537157,290076,827233,,,,537157,290076,827233
2024,487524,00204300,Husson University,ME,6,,1,NCAA,807,1092,1899,15,Soccer,27,27,,,27,27,2212,59728,3823,103214,162942,,,,,,167661,232253,399914,,,,167661,232253,399914,152097,202622,354719,,,,152097,202622,354719
2024,225575,00357700,Huston-Tillotson University,TX,9,,2,NAIA,407,395,802,15,Soccer,32,20,,,32,20,313,10000,488,9760,19760,,,,,,167420,151161,318581,,,,167420,151161,318581,171815,159287,331102,,,,171815,159287,331102
2024,155195,00192300,Hutchinson Community College,KS,12,,3,NJCAA,679,931,1610,15,Soccer,,22,,,0,22,0,0,855,18816,18816,,,,,,,265697,265697,,,,0,265697,265697,,265697,265697,,,,0,265697,265697
2024,142276,00162000,Idaho State University,ID,2,,1,NCAA,2545,3688,6233,15,Soccer,,29,,,0,29,0,0,12547,363852,363852,,,,,,,1059115,1059115,,,,0,1059115,1059115,,1059115,1059115,,,,0,1059115,1059115
2024,145682,00675300,Illinois Central College,IL,13,,3,NJCAA,967,1116,2083,15,Soccer,23,19,,,23,19,2580,59344,2625,49875,109219,,,,,,151663,148480,300143,,,,151663,148480,300143,151663,148480,300143,,,,151663,148480,300143
2024,145691,00168800,Illinois College,IL,6,,1,NCAA,425,443,868,15,Soccer,32,25,,,32,25,1500,48008,1410,35241,83249,,,,,,192368,155561,347929,,,,192368,155561,347929,192368,155561,347929,,,,192368,155561,347929
2024,145725,00169100,Illinois Institute of Technology,IL,7,,1,NCAA,1719,935,2654,15,Soccer,34,35,,,34,35,1146,38975,1620,56705,95680,,,,,,149412,180313,329725,,,,149412,180313,329725,149412,180313,329725,,,,149412,180313,329725
2024,145813,00169200,Illinois State University,IL,2,,1,NCAA,7762,10295,18057,15,Soccer,,33,,,0,33,0,0,5251,173286,173286,,,,,,,938382,938382,,,,0,938382,938382,,938382,938382,,,,0,938382,938382
2024,145831,00170500,Illinois Valley Community College,IL,13,,3,NJCAA,481,553,1034,15,Soccer,24,13,,,24,13,849,20376,996,12947,33323,,,,,,60242,45294,105536,,,,60242,45294,105536,60441,45294,105735,,,,60441,45294,105735
2024,145646,00169600,Illinois Wesleyan University,IL,6,,1,NCAA,797,783,1580,15,Soccer,30,25,,,30,25,2128,63829,1644,41101,104930,,,,,,186851,134995,321846,,,,186851,134995,321846,186851,134995,321846,,,,186851,134995,321846
2024,213011,00327600,Immaculata University,PA,7,,1,NCAA,354,743,1097,15,Soccer,33,22,,,33,22,882,29118,1361,29936,59054,,,,,,64047,63936,127983,,,,64047,63936,127983,64047,63936,127983,,,,64047,63936,127983
2024,115861,00121400,Imperial Valley College,CA,17,,8,other,1556,1956,3512,15,Soccer,23,19,,,23,19,1105,25407,1239,23542,48949,,,,,,39685,39173,78858,,,,39685,39173,78858,37645,36589,74234,,,,37645,36589,74234
2024,153472,00840300,Indian Hills Community College,IA,12,,3,NJCAA,615,653,1268,15,Soccer,67,22,,,67,22,479,32112,1706,37533,69645,,,,,,292782,292246,585028,,,,292782,292246,585028,292782,292246,585028,,,,292782,292246,585028
2024,151290,00180500,Indiana Institute of Technology,IN,9,,2,NAIA,842,556,1398,15,Soccer,83,28,,,83,28,515,42764,1336,37395,80159,,,,,,1582597,613297,2195894,,,,1582597,613297,2195894,1582597,613297,2195894,,,,1582597,613297,2195894
2024,151324,00180700,Indiana State University,IN,2,,1,NCAA,2368,3004,5372,15,Soccer,,40,,,0,40,0,0,4563,182513,182513,,,,,,,847689,847689,,,,0,847689,847689,,847689,847689,,,,0,847689,847689
2024,213020,00327700,Indiana University of Pennsylvania-Main Campus,PA,4,,1,NCAA,2402,3971,6373,15,Soccer,,35,,,0,35,0,0,1986,69497,69497,,,,,,,261836,261836,,,,0,261836,261836,,257829,257829,,,,0,257829,257829
2024,151351,00180900,Indiana University-Bloomington,IN,1,,1,NCAA,18495,18512,37007,15,Soccer,35,33,,,35,33,8845,309565,9003,297100,606665,,,,,,2565055,2418676,4983731,,,,2565055,2418676,4983731,2565055,2418676,4983731,,,,2565055,2418676,4983731
2024,151388,00181100,Indiana University-East,IN,10,,2,NAIA,517,1165,1682,15,Soccer,28,25,,,28,25,636,17817,1173,29315,47132,,,,,,210749,256579,467328,,,,210749,256579,467328,209450,254095,463545,,,,209450,254095,463545
2024,151111,00181300,Indiana University-Indianapolis,IN,3,,1,NCAA,3924,8200,12124,15,Soccer,29,27,,,29,27,5315,154133,5854,158071,312204,,,,,,554480,668964,1223444,,,,554480,668964,1223444,554480,668964,1223444,,,,554480,668964,1223444
2024,151333,00181400,Indiana University-Kokomo,IN,9,,2,NAIA,658,1315,1973,15,Soccer,,25,,,0,25,0,0,2215,55386,55386,,,,,,,211466,211466,,,,0,211466,211466,,211466,211466,,,,0,211466,211466
2024,151360,00181500,Indiana University-Northwest,IN,10,,2,NAIA,560,1464,2024,15,Soccer,24,27,,,24,27,2062,49488,1739,46963,96451,,,,,,232049,175717,407766,,,,232049,175717,407766,232049,175717,407766,,,,232049,175717,407766
2024,151342,00181600,Indiana University-South Bend,IN,9,,2,NAIA,1056,2017,3073,15,Soccer,,24,,,0,24,0,0,1936,46452,46452,,,,,,,151394,151394,,,,0,151394,151394,,152834,152834,,,,0,152834,152834
2024,151801,00182200,Indiana Wesleyan University-Marion,IN,10,,2,NAIA,780,1171,1951,15,Soccer,37,30,,,37,30,1714,63414,3903,117079,180493,,,,,,484957,552849,1037806,,,,484957,552849,1037806,468875,537829,1006704,,,,468875,537829,1006704
2024,242617,04254200,Inter American University of Puerto Rico-San German,PR,8,LAI,8,other,1087,1239,2326,15,Soccer,21,26,,,21,26,536,11263,466,12109,23372,,,,,,126901,171167,298068,,,,126901,171167,298068,126901,171167,298068,,,,126901,171167,298068
2024,191931,00273700,Iona University,NY,2,,1,NCAA,1328,1605,2933,15,Soccer,29,39,,,29,39,4192,121572,2759,107610,229182,,,,,,654603,705123,1359726,,,,654603,705123,1359726,654603,705123,1359726,,,,654603,705123,1359726
2024,153524,00186500,Iowa Central Community College,IA,13,,3,NJCAA,1151,1232,2383,15,Soccer,40,26,,,40,26,714,28567,1257,32692,61259,,,,,,254728,281862,536590,,,,254728,281862,536590,254728,281862,536590,,,,254728,281862,536590
2024,153533,00186400,Iowa Lakes Community College,IA,13,,3,NJCAA,368,291,659,15,Soccer,45,19,,,45,19,3424,154098,3789,71982,226080,,,,,,325075,193564,518639,,,,325075,193564,518639,325075,193564,518639,,,,325075,193564,518639
2024,153603,00186900,Iowa State University,IA,1,,1,NCAA,13389,11008,24397,15,Soccer,,36,,,0,36,0,0,8679,312427,312427,,,,,,,157095,157095,,,,0,157095,157095,,1902937,1902937,,,,0,1902937,1902937
2024,153630,00459800,Iowa Western Community College,IA,12,,3,NJCAA,1029,803,1832,15,Soccer,78,35,,,78,35,1432,111665,1875,65626,177291,,,,,,582491,434793,1017284,,,,582491,434793,1017284,582491,434793,1017284,,,,582491,434793,1017284
2024,116439,02539500,Irvine Valley College,CA,17,,8,other,2630,2210,4840,15,Soccer,34,25,,,34,25,1701,57833,1744,43599,101432,,,,,,176032,162820,338852,,,,176032,162820,338852,176032,162820,338852,,,,176032,162820,338852
2024,175829,00240900,Itawamba Community College,MS,13,,3,NJCAA,1240,1975,3215,15,Soccer,24,23,,,24,23,1336,32060,1394,32053,64113,,,,,,237480,237430,474910,,,,237480,237430,474910,237480,237430,474910,,,,237480,237430,474910
2024,191968,00273900,Ithaca College,NY,6,,1,NCAA,1921,2279,4200,15,Soccer,29,35,,,29,35,1618,46932,1882,65875,112807,,,,,,181094,246369,427463,,,,181094,246369,427463,181094,246369,427463,,,,181094,246369,427463
2024,170444,00227400,Jackson College,MI,13,,3,NJCAA,459,726,1185,15,Soccer,18,21,,,18,21,1137,20457,1786,37505,57962,,,,,,41908,98159,140067,,,,41908,98159,140067,41908,98159,140067,,,,41908,98159,140067
2024,175856,00241000,Jackson State University,MS,2,,1,NCAA,1531,2611,4142,15,Soccer,,41,,,0,41,0,0,1270,52067,52067,,,,,,,470536,470536,,,,0,470536,470536,,470536,470536,,,,0,470536,470536
2024,225876,00357900,Jacksonville College-Main Campus,TX,12,,3,NJCAA,93,48,141,15,Soccer,36,15,,,36,15,991,35667,1075,16123,51790,,,,,,73911,42412,116323,,,,73911,42412,116323,73911,42412,116323,,,,73911,42412,116323
2024,101480,00102000,Jacksonville State University,AL,1,,1,NCAA,2577,3797,6374,15,Soccer,,30,,,0,30,0,0,7246,217386,217386,,,,,,,881059,881059,,,,0,881059,881059,,881059,881059,,,,0,881059,881059
2024,134945,00149500,Jacksonville University,FL,3,,1,NCAA,1241,1523,2764,15,Soccer,32,34,,,32,34,3544,113404,2802,95265,208669,,,,,,901857,901554,1803411,,,,901857,901554,1803411,901857,901554,1803411,,,,901857,901554,1803411
2024,232423,00372100,James Madison University,VA,2,,1,NCAA,8602,11174,19776,15,Soccer,30,36,,,30,36,10430,312898,10241,368667,681565,,,,,,1652271,1945684,3597955,,,,1652271,1945684,3597955,1652271,1945684,3597955,,,,1652271,1945684,3597955
2024,191986,00286900,Jamestown Community College,NY,14,NJCAA Div III  except  M/WBasketball NJCAA Div. II,3,NJCAA,583,714,1297,15,Soccer,26,13,,,26,13,625,16238,737,9587,25825,,,,,,33771,20335,54106,,,,33771,20335,54106,33771,20335,54106,,,,33771,20335,54106
2024,225885,00363700,Jarvis Christian University,TX,9,,2,NAIA,254,254,508,15,Soccer,28,23,,,28,23,918,25712,1137,26154,51866,,,,,,183897,183734,367631,,,,183897,183734,367631,183897,183734,367631,,,,183897,183734,367631
2024,177676,00246800,Jefferson College,MO,12,,3,NJCAA,711,812,1523,15,Soccer,24,17,,,24,17,1590,38150,1998,33974,72124,,,,,,204525,175959,380484,,,,204525,175959,380484,204525,175959,380484,,,,204525,175959,380484
2024,192022,00287000,Jefferson Community College,NY,14,,3,NJCAA,473,636,1109,15,Soccer,24,16,,,24,16,741,17795,934,14949,32744,,,,,,30988,27973,58961,,,,30988,27973,58961,30988,27973,58961,,,,30988,27973,58961
2024,107141,00110000,John Brown University,AR,9,,2,NAIA,633,767,1400,15,Soccer,42,24,,,42,24,1120,47048,3009,72217,119265,,,,,,505111,525303,1030414,,,,505111,525303,1030414,505111,519306,1024417,,,,505111,519306,1024417
2024,101514,00101300,John C Calhoun State Community College,AL,12,,3,NJCAA,1437,1617,3054,15,Soccer,30,21,,,30,21,433,12988,828,17383,30371,,,,,,25934,31481,57415,,,,25934,31481,57415,25934,31481,57415,,,,25934,31481,57415
2024,203368,00305000,John Carroll University,OH,6,,1,NCAA,1202,1032,2234,15,Soccer,48,35,,,48,35,1307,62753,1740,60886,123639,,,,,,180079,159297,339376,,,,180079,159297,339376,180079,159297,339376,,,,180079,159297,339376
2024,146278,01281300,John Wood Community College,IL,13,,3,NJCAA,370,450,820,15,Soccer,22,16,,,22,16,675,14856,563,9012,23868,,,,,,81110,82044,163154,,,,81110,82044,163154,85533,74472,160005,,,,85533,74472,160005
2024,162928,00207700,Johns Hopkins University,MD,8,NCAA DIII w/FB; M/W LAX DI,8,other,2556,3117,5673,15,Soccer,30,37,,,30,37,1928,57826,3032,112188,170014,,,,,,284197,376510,660707,,,,284197,376510,660707,284197,351648,635845,,,,284197,351648,635845
2024,445708,00340410,Johnson & Wales University-Charlotte,NC,7,,1,NCAA,400,753,1153,15,Soccer,28,30,,,28,30,1981,55472,2220,66601,122073,,,,,,133085,144928,278013,,,,133085,144928,278013,133085,163181,296266,,,,133085,163181,296266
2024,217235,00340400,Johnson & Wales University-Providence,RI,7,,1,NCAA,1386,2354,3740,15,Soccer,28,33,,,28,33,1471,41181,1553,51251,92432,,,,,,167960,173849,341809,,,,167960,173849,341809,167960,173849,341809,,,,167960,173849,341809
2024,155210,00824400,Johnson County Community College,KS,12,,3,NJCAA,2319,2460,4779,15,Soccer,29,25,,,29,25,3159,91624,5428,135699,227323,,,,,,366481,422030,788511,,,,366481,422030,788511,366481,422030,788511,,,,366481,422030,788511
2024,220473,00349500,Johnson University,TN,10,,2,NAIA,336,341,677,15,Soccer,36,24,,,36,24,1235,44469,1476,35426,79895,,,,,,380926,340759,721685,,,,380926,340759,721685,380926,340759,721685,,,,380926,340759,721685
2024,146296,00169900,Joliet Junior College,IL,14,,3,NJCAA,1881,2043,3924,15,Soccer,21,19,,,21,19,1750,36745,849,16127,52872,,,,,,53338,35493,88831,,,,53338,35493,88831,56534,36299,92833,,,,56534,36299,92833
2024,175883,00241100,Jones County Junior College,MS,12,,3,NJCAA,1101,1694,2795,15,Soccer,21,24,,,21,24,2917,61261,3005,72112,133373,,,,,,421243,494479,915722,,,,421243,494479,915722,421243,494479,915722,,,,421243,494479,915722
2024,146339,00170000,Judson University,IL,9,,2,NAIA,409,278,687,15,Soccer,65,34,,,65,34,942,61206,1378,46837,108043,,,,,,771068,378936,1150004,,,,771068,378936,1150004,770871,378937,1149808,,,,770871,378937,1149808
2024,213251,00327900,Juniata College,PA,6,,1,NCAA,572,618,1190,15,Soccer,29,32,,,29,32,1300,37696,1038,33216,70912,,,,,,200186,159287,359473,,,,200186,159287,359473,181820,153712,335532,,,,181820,153712,335532
2024,498623,04311200,Justice University,AZ,15,,4,NCCAA,75,35,110,15,Soccer,20,15,,,20,15,925,18490,285,4278,22768,,,,,,113240,112481,225721,,,,113240,112481,225721,128990,94778,223768,,,,128990,94778,223768
2024,170532,00227500,Kalamazoo College,MI,6,,1,NCAA,511,626,1137,15,Soccer,22,24,,,22,24,1978,43508,1681,40343,83851,,,,,,145846,142111,287957,,,,145846,142111,287957,145846,142111,287957,,,,145846,142111,287957
2024,146348,00769000,Kankakee Community College,IL,13,,3,NJCAA,405,439,844,15,Soccer,21,16,,,21,16,845,17750,730,11683,29433,,,,,,258819,128859,387678,,,,258819,128859,387678,258819,128859,387678,,,,258819,128859,387678
2024,155308,02168900,Kansas Christian College,KS,16,,4,NCCAA,97,31,128,15,Soccer,23,,,,23,0,669,15381,0,0,15381,,,,,,30381,,30381,,,,30381,0,30381,57381,,57381,,,,57381,0,57381
2024,155292,00192500,Kansas City Kansas Community College,KS,12,,3,NJCAA,621,820,1441,15,Soccer,30,21,,,30,21,1515,45437,2028,42590,88027,,,,,,262771,289827,552598,,,,262771,289827,552598,247508,275224,522732,,,,247508,275224,522732
2024,155399,00192800,Kansas State University,KS,1,,1,NCAA,6872,7062,13934,15,Soccer,,35,,,0,35,0,0,10809,378304,378304,,,,,,,1754882,1754882,,,,0,1754882,1754882,,1754882,1754882,,,,0,1754882,1754882
2024,155414,00192900,Kansas Wesleyan University,KS,9,,2,NAIA,505,392,897,15,Soccer,83,44,,,83,44,527,43754,1203,52924,96678,,,,,,1464258,771638,2235896,,,,1464258,771638,2235896,916255,982742,1898997,,,,916255,982742,1898997
2024,146366,00170100,Kaskaskia College,IL,12,,3,NJCAA,448,777,1225,15,Soccer,,17,,,0,17,0,0,766,13027,13027,,,,,,,132802,132802,,,,0,132802,132802,,132802,132802,,,,0,132802,132802
2024,185262,00262200,Kean University,NJ,6,,1,NCAA,3878,5989,9867,15,Soccer,31,30,,,31,30,2059,63816,1755,52643,116459,,,,,,177298,165305,342603,,,,177298,165305,342603,177298,165305,342603,,,,177298,165305,342603
2024,183062,00259000,Keene State College,NH,7,,1,NCAA,1302,1365,2667,15,Soccer,34,27,,,34,27,873,29684,1277,34478,64162,,,,,,142061,150301,292362,,,,142061,150301,292362,140071,149875,289946,,,,140071,149875,289946
2024,135081,02151900,Keiser University-Ft Lauderdale,FL,9,,2,NAIA,3857,7703,11560,15,Soccer,73,40,,,73,40,1248,91109,3531,141226,232335,,,,,,1211641,975600,2187241,,,,1211641,975600,2187241,1209337,929908,2139245,,,,1209337,929908,2139245
2024,170550,00227600,Kellogg Community College,MI,13,,3,NJCAA,354,534,888,15,Soccer,,20,,,0,20,0,0,630,12604,12604,,,,,,,63189,63189,,,,0,63189,63189,,63189,63189,,,,0,63189,63189
2024,486840,00157700,Kennesaw State University,GA,2,,1,NCAA,15442,15831,31273,15,Soccer,,34,,,0,34,0,0,7874,267707,267707,,,,,,,1077912,1077912,,,,0,1077912,1077912,,1077912,1077912,,,,0,1077912,1077912
2024,203517,00305100,Kent State University at Kent,OH,1,,1,NCAA,6418,10582,17000,15,Soccer,,30,,,0,30,0,0,5340,160202,160202,,,,,,,1120774,1120774,,,,0,1120774,1120774,,1120774,1120774,,,,0,1120774,1120774
2024,157100,00196500,Kentucky Christian University,KY,9,,2,NAIA,295,126,421,15,Soccer,29,25,,,29,25,1267,36737,1325,33122,69859,,,,,,330110,324313,654423,,,,330110,324313,654423,330110,324313,654423,,,,330110,324313,654423
2024,157076,00196900,Kentucky Wesleyan College,KY,4,,1,NCAA,419,413,832,15,Soccer,47,33,,,47,33,1789,84083,2030,67005,151088,,,,,,540289,422656,962945,,,,540289,422656,962945,563445,407735,971180,,,,563445,407735,971180
2024,203535,00306500,Kenyon College,OH,6,,1,NCAA,755,977,1732,15,Soccer,34,24,,,34,24,1304,44341,1377,33047,77388,,,,,,134871,123589,258460,,,,134871,123589,258460,134871,123589,258460,,,,134871,123589,258460
2024,192192,00274400,Keuka College,NY,7,,1,NCAA,228,694,922,15,Soccer,29,25,,,29,25,1227,35578,1478,36946,72524,,,,,,82229,86051,168280,,,,82229,86051,168280,82229,86051,168280,,,,82229,86051,168280
2024,213303,00328000,Keystone College,PA,6,,1,NCAA,347,271,618,15,Soccer,21,14,,,21,14,1912,40144,1901,26618,66762,,,,,,91833,60928,152761,,,,91833,60928,152761,91833,60928,152761,,,,91833,60928,152761
2024,220516,00349600,King University,TN,5,,1,NCAA,345,472,817,15,Soccer,39,25,,,39,25,1035,40365,1202,30050,70415,,,,,,379032,194944,573976,,,,379032,194944,573976,327708,263343,591051,,,,327708,263343,591051
2024,213321,00328200,King's College,PA,6,,1,NCAA,767,697,1464,15,Soccer,28,32,,,28,32,1415,39612,1259,40300,79912,,,,,,111857,107796,219653,,,,111857,107796,219653,111857,107796,219653,,,,111857,107796,219653
2024,146418,00768400,Kishwaukee College,IL,13,,3,NJCAA,462,550,1012,15,Soccer,22,15,,,22,15,774,17037,877,13158,30195,,,,,,51242,44186,95428,,,,51242,44186,95428,42280,37879,80159,,,,42280,37879,80159
2024,146427,00170400,Knox College,IL,6,,1,NCAA,564,554,1118,15,Soccer,41,21,,,41,21,1868,76594,3245,68155,144749,,,,,,158453,154697,313150,,,,158453,154697,313150,130959,131727,262686,,,,130959,131727,262686
2024,213349,00332200,Kutztown University of Pennsylvania,PA,4,,1,NCAA,2528,3364,5892,15,Soccer,,35,,,0,35,0,0,1713,59944,59944,,,,,,,498799,498799,,,,0,498799,498799,,403231,403231,,,,0,403231,403231
2024,171881,00231100,Kuyper College,MI,16,,4,NCCAA,94,35,129,15,Soccer,21,,,,21,0,1866,39185,0,0,39185,,,,,,109950,,109950,,,,109950,0,109950,109950,,109950,,,,109950,0,109950
2024,213358,00398700,La Roche University,PA,7,,1,NCAA,310,358,668,15,Soccer,30,24,,,30,24,934,28019,1231,29550,57569,,,,,,82066,53634,135700,,,,82066,53634,135700,90025,52809,142834,,,,90025,52809,142834
2024,213367,00328700,La Salle University,PA,3,,1,NCAA,624,1061,1685,15,Soccer,35,28,,,35,28,3026,105896,3741,104757,210653,,,,,,792033,1119920,1911953,,,,792033,1119920,1911953,792033,1119920,1911953,,,,792033,1119920,1911953
2024,117627,00121500,La Sierra University,CA,10,,2,NAIA,439,625,1064,15,Soccer,32,32,,,32,32,2722,87103,2873,91942,179045,,,,,,313370,277185,590555,,,,313370,277185,590555,313370,277185,590555,,,,313370,277185,590555
2024,213376,00328300,Lackawanna College,PA,13,,3,NJCAA,618,837,1455,15,Soccer,13,13,,,13,13,1570,20415,784,10194,30609,,,,,,104063,89713,193776,,,,104063,89713,193776,93250,86434,179684,,,,93250,86434,179684
2024,213385,00328400,Lafayette College,PA,2,,1,NCAA,1370,1372,2742,15,Soccer,29,31,,,29,31,5779,167581,4449,137911,305492,,,,,,1379501,1619224,2998725,,,,1379501,1619224,2998725,1379501,1619224,2998725,,,,1379501,1619224,2998725
2024,140234,00157800,LaGrange College,GA,6,,1,NCAA,348,286,634,15,Soccer,26,23,,,26,23,1375,35759,1378,31699,67458,,,,,,79336,81368,160704,,,,79336,81368,160704,79336,81368,160704,,,,79336,81368,160704
2024,203580,00306600,Lake Erie College,OH,4,,1,NCAA,409,436,845,15,Soccer,71,34,,,71,34,1071,76039,1878,63835,139874,,,,,,647080,536869,1183949,,,,647080,536869,1183949,647080,536869,1183949,,,,647080,536869,1183949
2024,146481,00170600,Lake Forest College,IL,6,,1,NCAA,776,1017,1793,15,Soccer,32,27,,,32,27,1171,37464,1228,33154,70618,,,,,,148252,126450,274702,,,,148252,126450,274702,148252,126450,274702,,,,148252,126450,274702
2024,170620,00227700,Lake Michigan College,MI,13,,3,NJCAA,410,579,989,15,Soccer,22,14,,,22,14,1601,35230,2046,28642,63872,,,,,,80258,58073,138331,,,,80258,58073,138331,80258,58073,138331,,,,80258,58073,138331
2024,117195,01290700,Lake Tahoe Community College,CA,17,,8,other,377,345,722,15,Soccer,28,22,,,28,22,1601,44825,2134,46946,91771,,,,,,91838,98136,189974,,,,91838,98136,189974,91838,98136,189974,,,,91838,98136,189974
2024,203599,00680400,Lakeland Community College,OH,13,,3,NJCAA,404,458,862,15,Soccer,14,14,,,14,14,1593,22305,1533,21467,43772,,,,,,58530,60897,119427,,,,58530,60897,119427,58530,60897,119427,,,,58530,60897,119427
2024,238980,00385400,Lakeland University,WI,6,,1,NCAA,362,337,699,15,Soccer,36,25,,,36,25,710,25566,802,20055,45621,,,,,,98733,105733,204466,,,,98733,105733,204466,93729,102729,196458,,,,93729,102729,196458
2024,127389,00135500,Lamar Community College,CO,12,,3,NJCAA,156,141,297,15,Soccer,28,26,,,28,26,558,15610,644,16732,32342,,,,,,182741,209611,392352,,,,182741,209611,392352,182491,206333,388824,,,,182491,206333,388824
2024,226091,00358100,Lamar University,TX,2,,1,NCAA,2556,3792,6348,15,Soccer,,33,,,0,33,0,0,4326,142743,142743,,,,,,,1039357,1039357,,,,0,1039357,1039357,,1039357,1039357,,,,0,1039357,1039357
2024,213400,00328500,Lancaster Bible College,PA,7,,1,NCAA,441,553,994,15,Soccer,44,23,,,44,23,1059,46601,884,20329,66930,,,,,,175080,104544,279624,,,,175080,104544,279624,142623,83614,226237,,,,142623,83614,226237
2024,218229,00343500,Lander University,SC,5,,1,NCAA,1054,2197,3251,15,Soccer,55,33,,,55,33,1177,64740,1386,45743,110483,,,,,,816724,703784,1520508,,,,816724,703784,1520508,692247,572234,1264481,,,,692247,572234,1264481
2024,209038,00319600,Lane Community College,OR,19,,8,other,1411,1544,2955,15,Soccer,31,23,,,31,23,765,23728,1543,35492,59220,,,,,,133037,158073,291110,,,,133037,158073,291110,129058,156309,285367,,,,129058,156309,285367
2024,240620,00925900,Laramie County Community College,WY,12,,3,NJCAA,564,1020,1584,15,Soccer,32,25,,,32,25,2328,74491,4255,106366,180857,,,,,,379100,393362,772462,,,,379100,393362,772462,379100,393362,772462,,,,379100,393362,772462
2024,366401,03035700,Las Positas College,CA,17,,8,other,1673,1381,3054,15,Soccer,28,19,,,28,19,791,22137,1036,19684,41821,,,,,,57547,52800,110347,,,,57547,52800,110347,58654,56201,114855,,,,58654,56201,114855
2024,166391,00215800,Lasell University,MA,7,,1,NCAA,423,753,1176,15,Soccer,31,28,,,31,28,654,20261,864,24189,44450,,,,,,58400,66748,125148,,,,58400,66748,125148,58400,66748,125148,,,,58400,66748,125148
2024,170675,00227900,Lawrence Technological University,MI,9,,2,NAIA,999,537,1536,15,Soccer,54,36,,,54,36,1912,103249,2122,76384,179633,,,,,,1392981,913451,2306432,,,,1392981,913451,2306432,967712,496460,1464172,,,,967712,496460,1464172
2024,239017,00385600,Lawrence University,WI,6,,1,NCAA,668,710,1378,15,Soccer,35,32,,,35,32,1595,55811,1655,52944,108755,,,,,,147807,176603,324410,,,,147807,176603,324410,147807,176603,324410,,,,147807,176603,324410
2024,192323,00274800,Le Moyne College,NY,3,,1,NCAA,937,1277,2214,15,Soccer,32,28,,,32,28,3306,105804,4439,124303,230107,,,,,,561214,673070,1234284,,,,561214,673070,1234284,561158,672691,1233849,,,,561158,672691,1233849
2024,213507,00328800,Lebanon Valley College,PA,6,,1,NCAA,719,930,1649,15,Soccer,32,26,,,32,26,1444,46193,1355,35240,81433,,,,,,125198,107505,232703,,,,125198,107505,232703,121085,107304,228389,,,,121085,107304,228389
2024,220613,00350000,Lee University,TN,5,,1,NCAA,921,1486,2407,15,Soccer,34,30,,,34,30,2773,94295,2870,86090,180385,,,,,,599829,612852,1212681,,,,599829,612852,1212681,599829,612852,1212681,,,,599829,612852,1212681
2024,198808,00293900,Lees-McRae College,NC,5,,1,NCAA,289,566,855,15,Soccer,32,34,,,32,34,2154,68918,2475,84157,153075,,,,,,546507,428667,975174,,,,546507,428667,975174,546507,428667,975174,,,,546507,428667,975174
2024,213543,00328900,Lehigh University,PA,2,,1,NCAA,3012,2801,5813,15,Soccer,29,30,,,29,30,4614,133794,3424,102711,236505,,,,,,990079,1303805,2293884,,,,990079,1303805,2293884,990079,1303805,2293884,,,,990079,1303805,2293884
2024,448594,04111300,Lemoore College,CA,17,,8,other,562,853,1415,15,Soccer,24,21,,,24,21,1310,31432,1372,28809,60241,,,,,,45234,57310,102544,,,,45234,57310,102544,45234,57310,102544,,,,45234,57310,102544
2024,198835,00294100,Lenoir-Rhyne University,NC,4,,1,NCAA,618,682,1300,15,Soccer,42,40,,,42,40,1468,61655,1886,75451,137106,,,,,,519381,528819,1048200,,,,519381,528819,1048200,519381,528819,1048200,,,,519381,528819,1048200
2024,166452,00216000,Lesley University,MA,7,,1,NCAA,252,539,791,15,Soccer,22,24,,,22,24,459,10098,472,11328,21426,,,,,,39881,44438,84319,,,,39881,44438,84319,39881,44438,84319,,,,39881,44438,84319
2024,226231,00358400,LeTourneau University,TX,7,,1,NCAA,842,414,1256,15,Soccer,37,28,,,37,28,2058,76140,1723,48230,124370,,,,,,186912,140762,327674,,,,186912,140762,327674,186912,140762,327674,,,,186912,140762,327674
2024,209056,00319700,Lewis & Clark College,OR,6,,1,NCAA,767,1325,2092,15,Soccer,29,25,,,29,25,3174,92046,2821,70525,162571,,,,,,166147,146223,312370,,,,166147,146223,312370,166147,146223,312370,,,,166147,146223,312370
2024,146603,01002000,Lewis and Clark Community College,IL,12,,3,NJCAA,623,755,1378,15,Soccer,27,23,,,27,23,966,26077,1260,28971,55048,,,,,,267977,227589,495566,,,,267977,227589,495566,267977,227871,495848,,,,267977,227871,495848
2024,146612,00170700,Lewis University,IL,5,,1,NCAA,1658,1753,3411,15,Soccer,49,30,,,49,30,1484,72728,2184,65530,138258,,,,,,641481,553384,1194865,,,,641481,553384,1194865,641481,553384,1194865,,,,641481,553384,1194865
2024,232557,02053000,Liberty University,VA,1,,1,NCAA,14279,18031,32310,15,Soccer,26,31,,,26,31,9899,257377,12368,383405,640782,,,,,,1296465,1671336,2967801,,,,1296465,1671336,2967801,1296465,1671336,2967801,,,,1296465,1671336,2967801
2024,117104,02270600,Life Pacific University,CA,9,,2,NAIA,176,199,375,15,Soccer,29,18,,,29,18,1293,37505,1576,28365,65870,,,,,,245267,179303,424570,,,,245267,179303,424570,245267,179303,424570,,,,245267,179303,424570
2024,140252,02074800,Life University,GA,9,,2,NAIA,389,397,786,15,Soccer,55,45,,,55,45,866,47611,1113,50081,97692,,,,,,735406,733908,1469314,,,,735406,733908,1469314,735406,733908,1469314,,,,735406,733908,1469314
2024,146685,00717000,Lincoln Land Community College,IL,13,,3,NJCAA,798,846,1644,15,Soccer,,19,,,0,19,0,0,2191,41628,41628,,,,,,,195539,195539,,,,0,195539,195539,,190408,190408,,,,0,190408,190408
2024,220631,00350200,Lincoln Memorial University,TN,5,,1,NCAA,433,901,1334,15,Soccer,41,33,,,41,33,1627,66721,1926,63573,130294,,,,,,533016,526102,1059118,,,,533016,526102,1059118,527586,522981,1050567,,,,527586,522981,1050567
2024,403478,00174224,Lincoln Trail College,IL,12,,3,NJCAA,125,161,286,15,Soccer,24,,,,24,0,888,21317,0,0,21317,,,,,,323168,,323168,,,,323168,0,323168,292992,,292992,,,,292992,0,292992
2024,213598,00329000,Lincoln University,PA,4,,1,NCAA,543,960,1503,15,Soccer,,19,,,0,19,0,0,1931,36688,36688,,,,,,,158861,158861,,,,0,158861,158861,,158861,158861,,,,0,158861,158861
2024,177940,00247900,Lincoln University,MO,4,,1,NCAA,551,712,1263,15,Soccer,46,18,,,46,18,1259,57921,3349,60290,118211,,,,,,378106,360805,738911,,,,378106,360805,738911,376670,356653,733323,,,,376670,356653,733323
2024,177968,00248000,Lindenwood University,MO,2,,1,NCAA,1625,2435,4060,15,Soccer,33,25,,,33,25,2993,98756,4283,107073,205829,,,,,,591308,590120,1181428,,,,591308,590120,1181428,591308,590120,1181428,,,,591308,590120,1181428
2024,157216,00197200,Lindsey Wilson College,KY,9,,2,NAIA,666,841,1507,15,Soccer,60,34,,,60,34,1527,91595,1461,49690,141285,,,,,,922261,653207,1575468,,,,922261,653207,1575468,922261,638575,1560836,,,,922261,638575,1560836
2024,209065,00319800,Linfield University,OR,6,,1,NCAA,534,969,1503,15,Soccer,40,27,,,40,27,1687,67481,1693,45698,113179,,,,,,209544,234038,443582,,,,209544,234038,443582,154152,164051,318203,,,,154152,164051,318203
2024,219976,00348600,Lipscomb University,TN,3,,1,NCAA,1119,1748,2867,15,Soccer,30,26,,,30,26,10193,305783,12007,312193,617976,,,,,,1651977,2117216,3769193,,,,1651977,2117216,3769193,1651977,2117216,3769193,,,,1651977,2117216,3769193
2024,117645,00121900,Long Beach City College,CA,17,,8,other,4225,4906,9131,15,Soccer,31,25,,,31,25,764,23675,1007,25170,48845,,,,,,245362,210020,455382,,,,245362,210020,455382,244440,206625,451065,,,,244440,206625,451065
2024,192448,00275100,Long Island University,NY,2,,1,NCAA,1788,3263,5051,15,Soccer,33,27,,,33,27,6849,226032,3792,102378,328410,,,,,,929709,895670,1825379,,,,929709,895670,1825379,929709,895670,1825379,,,,929709,895670,1825379
2024,232566,00371900,Longwood University,VA,3,,1,NCAA,831,2084,2915,15,Soccer,29,29,,,29,29,4432,128541,4353,126234,254775,,,,,,833935,1034891,1868826,,,,833935,1034891,1868826,894686,991319,1886005,,,,894686,991319,1886005
2024,153825,00187300,Loras College,IA,6,,1,NCAA,622,438,1060,15,Soccer,50,44,,,50,44,1271,63567,1131,49757,113324,,,,,,243643,260520,504163,,,,243643,260520,504163,243643,260520,504163,,,,243643,260520,504163
2024,117788,00122300,Los Angeles City College,CA,17,Unknown,8,other,1337,1593,2930,15,Soccer,35,21,,,35,21,1508,52792,1651,34665,87457,,,,,,173991,191190,365181,,,,173991,191190,365181,173991,191190,365181,,,,173991,191190,365181
2024,117690,00122400,Los Angeles Harbor College,CA,17,,8,other,634,834,1468,15,Soccer,28,20,,,28,20,1557,43596,1607,32149,75745,,,,,,110463,99257,209720,,,,110463,99257,209720,110463,99257,209720,,,,110463,99257,209720
2024,117867,01255000,Los Angeles Mission College,CA,17,,8,other,751,1058,1809,15,Soccer,33,,,,33,0,2401,79242,0,0,79242,,,,,,249330,,249330,,,,249330,0,249330,249330,,249330,,,,249330,0,249330
2024,117706,00122600,Los Angeles Pierce College,CA,17,,8,other,2261,2382,4643,15,Soccer,25,24,,,25,24,630,15750,1143,27432,43182,,,,,,81494,99622,181116,,,,81494,99622,181116,81494,99622,181116,,,,81494,99622,181116
2024,117733,00122800,Los Angeles Valley College,CA,17,,8,other,1660,1878,3538,15,Soccer,,20,,,0,20,0,0,603,12064,12064,,,,,,,98045,98045,,,,0,98045,98045,,98045,98045,,,,0,98045,98045
2024,117894,01034000,Los Medanos College,CA,17,,8,other,1337,1549,2886,15,Soccer,,17,,,0,17,0,0,340,5783,5783,,,,,,,25185,25185,,,,0,25185,25185,,25185,25185,,,,0,25185,25185
2024,198871,00294300,Louisburg College,NC,13,,3,NJCAA,278,121,399,15,Soccer,23,15,,,23,15,563,12949,459,6885,19834,,,,,,150434,109119,259553,,,,150434,109119,259553,150434,109119,259553,,,,150434,109119,259553
2024,159568,00200700,Louisiana Christian University,LA,9,,2,NAIA,377,263,640,15,Soccer,29,18,,,29,18,2542,73710,2603,46846,120556,,,,,,373148,338657,711805,,,,373148,338657,711805,373148,338657,711805,,,,373148,338657,711805
2024,159391,00201000,Louisiana State University and Agricultural & Mechanical College,LA,1,,1,NCAA,12494,16688,29182,15,Soccer,,32,,,0,32,0,0,20941,670109,670109,,,,,,,202609,202609,,,,0,202609,202609,,2748277,2748277,,,,0,2748277,2748277
2024,159382,00201100,Louisiana State University-Alexandria,LA,9,,2,NAIA,978,2528,3506,15,Soccer,37,32,,,37,32,1537,56871,1751,56033,112904,,,,,,181609,117030,298639,,,,181609,117030,298639,181609,177030,358639,,,,181609,177030,358639
2024,159407,00201200,Louisiana State University-Eunice,LA,13,,3,NJCAA,443,1209,1652,15,Soccer,26,26,,,26,26,1651,42920,1790,46542,89462,,,,,,193373,201195,394568,,,,193373,201195,394568,193373,201195,394568,,,,193373,201195,394568
2024,159416,00201300,Louisiana State University-Shreveport,LA,9,,2,NAIA,712,910,1622,15,Soccer,27,25,,,27,25,1543,41653,2649,66229,107882,,,,,,276724,251146,527870,,,,276724,251146,527870,276724,251146,527870,,,,276724,251146,527870
2024,159647,00200800,Louisiana Tech University,LA,1,,1,NCAA,4437,3337,7774,15,Soccer,,29,,,0,29,0,0,5188,150446,150446,,,,,,,754928,754928,,,,0,754928,754928,,754928,754928,,,,0,754928,754928
2024,203757,00306900,Lourdes University,OH,10,,2,NAIA,240,272,512,15,Soccer,32,33,,,32,33,489,15645,697,23000,38645,,,,,,433186,400799,833985,,,,433186,400799,833985,429979,392941,822920,,,,429979,392941,822920
2024,235750,00378200,Lower Columbia College,WA,19,,8,other,360,748,1108,15,Soccer,,25,,,0,25,0,0,695,17373,17373,,,,,,,80572,80572,,,,0,80572,80572,,78471,78471,,,,0,78471,78471
2024,117946,01164900,Loyola Marymount University,CA,3,,1,NCAA,3317,3647,6964,15,Soccer,36,35,,,36,35,7586,273097,7299,255451,528548,,,,,,1811678,2056738,3868416,,,,1811678,2056738,3868416,1811678,2056738,3868416,,,,1811678,2056738,3868416
2024,146719,00171000,Loyola University Chicago,IL,3,,1,NCAA,3465,7807,11272,15,Soccer,30,32,,,30,32,11290,338692,7299,233558,572250,,,,,,1350132,1445858,2795990,,,,1350132,1445858,2795990,1350132,1445858,2795990,,,,1350132,1445858,2795990
2024,163046,00207800,Loyola University Maryland,MD,3,,1,NCAA,1686,2159,3845,15,Soccer,27,30,,,27,30,10693,288717,6132,183969,472686,,,,,,1410448,1602492,3012940,,,,1410448,1602492,3012940,1410448,1602492,3012940,,,,1410448,1602492,3012940
2024,226383,00358600,Lubbock Christian University,TX,5,,1,NCAA,478,667,1145,15,Soccer,38,31,,,38,31,2945,111921,4114,127532,239453,,,,,,608705,671738,1280443,,,,608705,671738,1280443,608705,671738,1280443,,,,608705,671738,1280443
2024,153834,00187400,Luther College,IA,6,,1,NCAA,654,714,1368,15,Soccer,42,28,,,42,28,1183,49674,1093,30616,80290,,,,,,238808,157562,396370,,,,238808,157562,396370,237757,157432,395189,,,,237757,157432,395189
2024,213668,00329300,Lycoming College,PA,6,,1,NCAA,489,505,994,15,Soccer,30,29,,,30,29,1537,46124,1269,36806,82930,,,,,,169632,163339,332971,,,,169632,163339,332971,148145,149349,297494,,,,148145,149349,297494
2024,132657,00150500,Lynn University,FL,5,,1,NCAA,1352,1276,2628,15,Soccer,32,32,,,32,32,2382,76209,2573,82345,158554,,,,,,789723,594593,1384316,,,,789723,594593,1384316,789723,594593,1384316,,,,789723,594593,1384316
2024,106342,00108800,Lyon College,AR,6,,1,NCAA,362,279,641,15,Soccer,45,24,,,45,24,1169,52608,1553,37275,89883,,,,,,154967,125456,280423,,,,154967,125456,280423,154967,125456,280423,,,,154967,125456,280423
2024,173902,00235800,Macalester College,MN,6,,1,NCAA,909,1190,2099,15,Soccer,34,32,,,34,32,836,28407,1549,49582,77989,,,,,,254723,267256,521979,,,,254723,267256,521979,259478,272478,531956,,,,259478,272478,531956
2024,497046,04296100,Madera Community College,CA,17,,8,other,302,484,786,15,Soccer,,20,,,0,20,0,0,2708,54150,54150,,,,,,,123391,123391,,,,0,123391,123391,,123391,123391,,,,0,123391,123391
2024,238263,00400700,Madison Area Technical College,WI,13,,3,NJCAA,1829,1640,3469,15,Soccer,25,23,,,25,23,772,19311,893,20550,39861,,,,,,118656,115007,233663,,,,118656,115007,233663,77434,72908,150342,,,,77434,72908,150342
2024,170806,00228200,Madonna University,MI,9,,2,NAIA,498,831,1329,15,Soccer,43,55,,,43,55,1541,66253,1104,60713,126966,,,,,,523179,434467,957646,,,,523179,434467,957646,529334,407279,936613,,,,529334,407279,936613
2024,161299,00204400,Maine Maritime Academy,ME,6,,1,NCAA,683,176,859,15,Soccer,22,24,,,22,24,2411,53043,2585,62047,115090,,,,,,108722,133919,242641,,,,108722,133919,242641,108722,133919,242641,,,,108722,133919,242641
2024,203775,00307200,Malone University,OH,5,,1,NCAA,325,422,747,15,Soccer,50,26,,,50,26,1021,51038,2199,57167,108205,,,,,,506345,286792,793137,,,,506345,286792,793137,506345,286792,793137,,,,506345,286792,793137
2024,151777,00182000,Manchester University,IN,6,,1,NCAA,483,440,923,15,Soccer,41,25,,,41,25,713,29242,788,19690,48932,,,,,,135557,107788,243345,,,,135557,107788,243345,129031,105011,234042,,,,129031,105011,234042
2024,155496,00193100,Manhattan Christian College,KS,16,,4,NCCAA,61,59,120,15,Soccer,18,12,,,18,12,606,10904,902,10826,21730,,,,,,31904,33366,65270,,,,31904,33366,65270,32926,30826,63752,,,,32926,30826,63752
2024,192703,00275800,Manhattan University,NY,3,,1,NCAA,1560,1059,2619,15,Soccer,40,30,,,40,30,1780,71196,2018,60546,131742,,,,,,1024943,700287,1725230,,,,1024943,700287,1725230,1008063,693718,1701781,,,,1008063,693718,1701781
2024,192749,00276000,Manhattanville University,NY,7,,1,NCAA,528,798,1326,15,Soccer,44,27,,,44,27,643,28290,580,15652,43942,,,,,,161241,148470,309711,,,,161241,148470,309711,160554,145431,305985,,,,160554,145431,305985
2024,213774,00329400,Manor College,PA,20,,8,other,122,236,358,15,Soccer,19,14,,,19,14,1363,25891,2474,34632,60523,,,,,,56222,56195,112417,,,,56222,56195,112417,56222,56195,112417,,,,56222,56195,112417
2024,239071,02317200,Maranatha Baptist University,WI,7,,1,NCAA,183,245,428,15,Soccer,31,20,,,31,20,779,24154,1164,23287,47441,,,,,,46914,34615,81529,,,,46914,34615,81529,33536,33932,67468,,,,33536,33932,67468
2024,239080,00386100,Marian University,WI,7,,1,NCAA,324,468,792,15,Soccer,33,33,,,33,33,1779,58705,1250,41244,99949,,,,,,230061,200897,430958,,,,230061,200897,430958,204865,190990,395855,,,,204865,190990,395855
2024,151786,00182100,Marian University,IN,10,,2,NAIA,933,1177,2110,15,Soccer,76,41,,,76,41,1429,108629,1977,81048,189677,,,,,,1666657,667727,2334384,,,,1666657,667727,2334384,1666657,667727,2334384,,,,1666657,667727,2334384
2024,497833,00182103,Marian University-Ancilla,IN,13,,3,NJCAA,110,114,224,15,Soccer,15,,,,15,0,2480,37206,0,0,37206,,,,,,110206,,110206,,,,110206,0,110206,110206,,110206,,,,110206,0,110206
2024,203845,00307300,Marietta College,OH,6,,1,NCAA,494,424,918,15,Soccer,36,33,,,36,33,1273,45814,881,29085,74899,,,,,,133625,91720,225345,,,,133625,91720,225345,120768,99394,220162,,,,120768,99394,220162
2024,192819,00276500,Marist University,NY,2,,1,NCAA,2108,2943,5051,15,Soccer,27,31,,,27,31,3991,107746,2508,77734,185480,,,,,,892805,822650,1715455,,,,892805,822650,1715455,892805,822650,1715455,,,,892805,822650,1715455
2024,239105,00386300,Marquette University,WI,3,,1,NCAA,3322,4258,7580,15,Soccer,33,32,,,33,32,7165,236452,12806,409784,646236,,,,,,1334925,1744552,3079477,,,,1334925,1744552,3079477,1334925,1744552,3079477,,,,1334925,1744552,3079477
2024,198899,00294400,Mars Hill University,NC,4,,1,NCAA,510,486,996,15,Soccer,70,46,,,70,46,1215,85015,1284,59069,144084,,,,,,679805,368711,1048516,,,,679805,368711,1048516,679805,368711,1048516,,,,679805,368711,1048516
2024,237525,00381500,Marshall University,WV,1,,1,NCAA,2941,3813,6754,15,Soccer,31,31,,,31,31,24995,774855,15908,493139,1267994,,,,,,3007967,1538675,4546642,,,,3007967,1538675,4546642,3007967,1538675,4546642,,,,3007967,1538675,4546642
2024,153922,00187500,Marshalltown Community College,IA,8,NJCAA D1 and NJCAA D2,8,other,317,274,591,15,Soccer,29,15,,,29,15,1243,36040,1398,20965,57005,,,,,,110419,79652,190071,,,,110419,79652,190071,110419,79652,190071,,,,110419,79652,190071
2024,173452,00236100,Martin Luther College,MN,6,,1,NCAA,296,305,601,15,Soccer,32,21,,,32,21,810,25906,942,19772,45678,,,,,,62603,52115,114718,,,,62603,52115,114718,62603,52115,114718,,,,62603,52115,114718
2024,232672,00372300,Mary Baldwin University,VA,7,,1,NCAA,251,655,906,15,Soccer,27,28,,,27,28,2113,57060,2291,64151,121211,,,,,,118068,132152,250220,,,,118068,132152,250220,118068,132152,250220,,,,118068,132152,250220
2024,232706,00372400,Marymount University,VA,7,,1,NCAA,679,1043,1722,15,Soccer,34,38,,,34,38,1744,59280,1756,66714,125994,,,,,,198702,200746,399448,,,,198702,200746,399448,168336,186895,355231,,,,168336,186895,355231
2024,220710,00350500,Maryville College,TN,6,,1,NCAA,460,538,998,15,Soccer,30,27,,,30,27,2867,86000,3224,87038,173038,,,,,,172446,177107,349553,,,,172446,177107,349553,171321,172359,343680,,,,171321,172359,343680
2024,178059,00248200,Maryville University of Saint Louis,MO,5,,1,NCAA,1360,2296,3656,15,Soccer,34,28,,,34,28,2186,74309,2885,80791,155100,,,,,,805598,649939,1455537,,,,805598,649939,1455537,758999,582651,1341650,,,,758999,582651,1341650
2024,213826,00329600,Marywood University,PA,7,,1,NCAA,618,1110,1728,15,Soccer,30,29,,,30,29,1151,34518,1058,30695,65213,,,,,,134339,129852,264191,,,,134339,129852,264191,123924,99532,223456,,,,123924,99532,223456
2024,166647,00217100,Massachusetts Bay Community College,MA,14,,3,NJCAA,696,700,1396,15,Soccer,18,,,,18,0,833,14996,0,0,14996,,,,,,27224,,27224,,,,27224,0,27224,27224,,27224,,,,27224,0,27224
2024,167288,00218700,Massachusetts College of Liberal Arts,MA,7,,1,NCAA,302,355,657,15,Soccer,27,22,,,27,22,1455,39273,1201,26429,65702,,,,,,82618,80584,163202,,,,82618,80584,163202,82618,80584,163202,,,,82618,80584,163202
2024,166683,00217800,Massachusetts Institute of Technology,MA,6,,1,NCAA,2320,2169,4489,15,Soccer,30,33,,,30,33,1763,52897,1876,61922,114819,,,,,,123796,130127,253923,,,,123796,130127,253923,123796,130127,253923,,,,123796,130127,253923
2024,166692,00218100,Massachusetts Maritime Academy,MA,6,,1,NCAA,1177,203,1380,15,Soccer,29,24,,,29,24,898,26041,691,16592,42633,,,,,,108688,41124,149812,,,,108688,41124,149812,108613,48209,156822,,,,108613,48209,156822
2024,166823,00217700,Massasoit Community College,MA,8,"NJCAA Division II, III",8,other,782,826,1608,15,Soccer,23,,,,23,0,2528,58142,0,0,58142,,,,,,79473,,79473,,,,79473,0,79473,79396,,79396,,,,79396,0,79396
2024,164270,00210900,McDaniel College,MD,6,,1,NCAA,708,896,1604,15,Soccer,27,29,,,27,29,1601,43214,2012,58361,101575,,,,,,154399,216139,370538,,,,154399,216139,370538,195850,192985,388835,,,,195850,192985,388835
2024,147004,00769100,McHenry County College,IL,13,,3,NJCAA,1053,1043,2096,15,Soccer,22,,,,22,0,411,9032,0,0,9032,,,,,,68900,,68900,,,,68900,0,68900,65755,,65755,,,,65755,0,65755
2024,147013,00172200,McKendree University,IL,4,,1,NCAA,775,856,1631,15,Soccer,38,37,,,38,37,2647,100572,2019,74713,175285,,,,,,721426,746178,1467604,,,,721426,746178,1467604,721426,746178,1467604,,,,721426,746178,1467604
2024,226587,00359100,McMurry University,TX,6,,1,NCAA,544,538,1082,15,Soccer,34,34,,,34,34,2149,73078,2437,82857,155935,,,,,,131998,202190,334188,,,,131998,202190,334188,131998,202190,334188,,,,131998,202190,334188
2024,159717,00201700,McNeese State University,LA,2,,1,NCAA,1778,2751,4529,15,Soccer,,36,,,0,36,0,0,351,12634,12634,,,,,,,563606,563606,,,,0,563606,563606,,563606,563606,,,,0,563606,563606
2024,155511,00193300,McPherson College,KS,9,,2,NAIA,585,285,870,15,Soccer,34,23,,,34,23,353,12002,434,9973,21975,,,,,,854391,474285,1328676,,,,854391,474285,1328676,854391,474285,1328676,,,,854391,474285,1328676
2024,118684,01167200,Mendocino College,CA,17,,8,other,321,569,890,15,Soccer,28,17,,,28,17,1123,31456,798,13565,45021,,,,,,79309,44418,123727,,,,79309,44418,123727,76232,43127,119359,,,,76232,43127,119359
2024,118693,00123600,Menlo College,CA,4,,1,NCAA,417,314,731,15,Soccer,37,29,,,37,29,2748,101667,2306,66875,168542,,,,,,696301,572575,1268876,,,,696301,572575,1268876,696301,572575,1268876,,,,696301,572575,1268876
2024,118718,00123700,Merced College,CA,17,,8,other,2016,2888,4904,15,Soccer,35,24,,,35,24,938,32831,1244,29846,62677,,,,,,92341,95147,187488,,,,92341,95147,187488,92341,95147,187488,,,,92341,95147,187488
2024,185509,00474000,Mercer County Community College,NJ,12,,3,NJCAA,1064,978,2042,15,Soccer,31,17,,,31,17,2686,83277,1547,26304,109581,,,,,,140080,72104,212184,,,,140080,72104,212184,140080,72104,212184,,,,140080,72104,212184
2024,140447,00158000,Mercer University,GA,2,,1,NCAA,1480,2532,4012,15,Soccer,31,25,,,31,25,4641,143881,5093,127323,271204,,,,,,833778,1046980,1880758,,,,833778,1046980,1880758,833778,1046980,1880758,,,,833778,1046980,1880758
2024,193016,00277200,Mercy University,NY,5,,1,NCAA,1581,3534,5115,15,Soccer,31,27,,,31,27,1967,60977,1693,45706,106683,,,,,,233385,225633,459018,,,,233385,225633,459018,233385,225633,459018,,,,233385,225633,459018
2024,213987,00329700,Mercyhurst University,PA,2,,1,NCAA,910,1196,2106,15,Soccer,66,51,,,66,51,2287,150941,2843,144999,295940,,,,,,817219,883327,1700546,,,,817219,883327,1700546,817219,883327,1700546,,,,817219,883327,1700546
2024,175935,00241300,Meridian Community College,MS,13,,3,NJCAA,566,1314,1880,15,Soccer,27,25,,,27,25,3026,81707,2459,61470,143177,,,,,,311470,288857,600327,,,,311470,288857,600327,310720,288107,598827,,,,310720,288107,598827
2024,166850,00212000,Merrimack College,MA,2,,1,NCAA,1772,2043,3815,15,Soccer,36,33,,,36,33,2293,82559,3633,119896,202455,,,,,,741061,1015440,1756501,,,,741061,1015440,1756501,741061,1015440,1756501,,,,741061,1015440,1756501
2024,118772,00126700,Merritt College,CA,17,,8,other,377,580,957,15,Soccer,23,17,,,23,17,436,10037,528,8983,19020,,,,,,47086,60707,107793,,,,47086,60707,107793,47086,60707,107793,,,,47086,60707,107793
2024,105154,00107700,Mesa Community College,AZ,13,,3,NJCAA,2216,2256,4472,15,Soccer,35,23,,,35,23,467,16330,613,14099,30429,,,,,,123772,110235,234007,,,,123772,110235,234007,123772,110235,234007,,,,123772,110235,234007
2024,213996,00329800,Messiah University,PA,7,,1,NCAA,938,1274,2212,15,Soccer,27,30,,,27,30,1166,31483,1171,35118,66601,,,,,,179204,154772,333976,,,,179204,154772,333976,170490,147287,317777,,,,170490,147287,317777
2024,198969,00294600,Methodist University,NC,6,,1,NCAA,770,580,1350,15,Soccer,39,31,,,39,31,1401,54654,2420,75024,129678,,,,,,155813,161169,316982,,,,155813,161169,316982,155813,161169,316982,,,,155813,161169,316982
2024,177995,00248400,Metropolitan Community College-Kansas City,MO,8,NJCAA Division I and II,8,other,2250,2930,5180,15,Soccer,31,27,,,31,27,1014,31426,1028,27746,59172,,,,,,156334,149683,306017,,,,156334,149683,306017,154354,145616,299970,,,,154354,145616,299970
2024,127565,00136000,Metropolitan State University of Denver,CO,5,,1,NCAA,3983,4479,8462,15,Soccer,35,27,,,35,27,2266,79326,3295,88969,168295,,,,,,523932,555152,1079084,,,,523932,555152,1079084,485062,554353,1039415,,,,485062,554353,1039415
2024,135717,00150600,Miami Dade College,FL,12,,3,NJCAA,9743,12647,22390,15,Soccer,29,24,,,29,24,4355,126287,4355,104514,230801,,,,,,792679,651950,1444629,,,,792679,651950,1444629,792679,651950,1444629,,,,792679,651950,1444629
2024,204024,00307700,Miami University-Oxford,OH,1,,1,NCAA,7767,8510,16277,15,Soccer,,31,,,0,31,0,0,5341,165564,165564,,,,,,,1221856,1221856,,,,0,1221856,1221856,,1221856,1221856,,,,0,1221856,1221856
2024,171100,00229000,Michigan State University,MI,1,,1,NCAA,18483,19923,38406,15,Soccer,28,32,,,28,32,11701,327634,13412,429174,756808,,,,,,1796598,2506914,4303512,,,,1796598,2506914,4303512,1796598,2506914,4303512,,,,1796598,2506914,4303512
2024,171128,00229200,Michigan Technological University,MI,4,,1,NCAA,4085,1676,5761,15,Soccer,,27,,,0,27,0,0,4238,114424,114424,,,,,,,630321,630321,,,,0,630321,630321,,630321,630321,,,,0,630321,630321
2024,245953,00694200,Mid-America Christian University,OK,9,,2,NAIA,487,836,1323,15,Soccer,35,30,,,35,30,3292,115212,2874,86213,201425,,,,,,578912,456088,1035000,,,,578912,456088,1035000,575536,434359,1009895,,,,575536,434359,1009895
2024,199458,02280900,Mid-Atlantic Christian University,NC,20,,8,other,85,21,106,15,Soccer,17,,,,17,0,729,12401,0,0,12401,,,,,,41172,,41172,,,,41172,0,41172,41172,,41172,,,,41172,0,41172
2024,155520,00703200,MidAmerica Nazarene University,KS,9,,2,NAIA,457,459,916,15,Soccer,47,45,,,47,45,1565,73564,2033,91495,165059,,,,,,803446,715094,1518540,,,,803446,715094,1518540,749926,671785,1421711,,,,749926,671785,1421711
2024,482158,00158100,Middle Georgia State University,GA,9,,2,NAIA,2175,2130,4305,15,Soccer,30,24,,,30,24,922,27669,1903,45677,73346,,,,,,109758,181292,291050,,,,109758,181292,291050,109758,181292,291050,,,,109758,181292,291050
2024,220978,00351000,Middle Tennessee State University,TN,1,,1,NCAA,6796,7322,14118,15,Soccer,,32,,,0,32,0,0,11362,363589,363589,,,,,,,1300977,1300977,,,,0,1300977,1300977,,1300977,1300977,,,,0,1300977,1300977
2024,230959,00369100,Middlebury College,VT,6,,1,NCAA,1268,1460,2728,15,Soccer,37,34,,,37,34,1746,64598,1721,58497,123095,,,,,,323139,333296,656435,,,,323139,333296,656435,323139,333296,656435,,,,323139,333296,656435
2024,185536,00261500,Middlesex College,NJ,14,,3,NJCAA,1968,2210,4178,15,Soccer,28,19,,,28,19,1120,31372,1242,23598,54970,,,,,,48337,35600,83937,,,,48337,35600,83937,48337,35600,83937,,,,48337,35600,83937
2024,181330,00255300,Midland University,NE,10,,2,NAIA,647,504,1151,15,Soccer,55,24,,,55,24,1241,68271,1754,42095,110366,,,,,,1076416,734221,1810637,,,,1076416,734221,1810637,1383415,403954,1787369,,,,1383415,403954,1787369
2024,157377,00197500,Midway University,KY,9,,2,NAIA,433,642,1075,15,Soccer,54,46,,,54,46,747,40327,819,37679,78006,,,,,,361588,338477,700065,,,,361588,338477,700065,361588,338477,700065,,,,361588,338477,700065
2024,178208,00248500,Midwestern Baptist Theological Seminary,MO,16,,4,NCCAA,345,158,503,15,Soccer,23,24,,,23,24,571,13138,598,14351,27489,,,,,,206478,117401,323879,,,,206478,117401,323879,206478,117401,323879,,,,206478,117401,323879
2024,226833,00359200,Midwestern State University,TX,4,,1,NCAA,1261,2101,3362,15,Soccer,35,31,,,35,31,1406,49207,1209,37468,86675,,,,,,389856,405850,795706,,,,389856,405850,795706,389856,405850,795706,,,,389856,405850,795706
2024,214041,00332500,Millersville University of Pennsylvania,PA,4,,1,NCAA,1994,2669,4663,15,Soccer,25,27,,,25,27,2029,50717,1201,32440,83157,,,,,,266758,238452,505210,,,,266758,238452,505210,266758,238452,505210,,,,266758,238452,505210
2024,486901,00351100,Milligan University,TN,10,,2,NAIA,413,399,812,15,Soccer,53,49,,,53,49,1006,53335,1498,73395,126730,,,,,,1076735,862481,1939216,,,,1076735,862481,1939216,1068718,853122,1921840,,,,1068718,853122,1921840
2024,147244,00172400,Millikin University,IL,6,,1,NCAA,623,701,1324,15,Soccer,30,27,,,30,27,1009,30265,1149,31013,61278,,,,,,136823,169195,306018,,,,136823,169195,306018,136823,169195,306018,,,,136823,169195,306018
2024,175980,00241400,Millsaps College,MS,6,,1,NCAA,296,247,543,15,Soccer,29,22,,,29,22,1413,40966,1808,39770,80736,,,,,,137256,117162,254418,,,,137256,117162,254418,137256,117162,254418,,,,137256,117162,254418
2024,239248,00386600,Milwaukee Area Technical College,WI,13,,3,NJCAA,1406,1633,3039,15,Soccer,18,14,,,18,14,976,17570,1218,17056,34626,,,,,,51970,42367,94337,,,,51970,42367,94337,51970,42367,94337,,,,51970,42367,94337
2024,239318,00386800,Milwaukee School of Engineering,WI,7,,1,NCAA,1833,762,2595,15,Soccer,34,33,,,34,33,2538,86290,1778,58676,144966,,,,,,198567,206162,404729,,,,198567,206162,404729,198567,206162,404729,,,,198567,206162,404729
2024,178217,00248600,Mineral Area College,MO,8,NJCAA Div I;  NJCAA Div II; NJCAA Div III,8,other,530,757,1287,15,Soccer,33,19,,,33,19,1071,35353,1288,24480,59833,,,,,,256925,233386,490311,,,,256925,233386,490311,256925,232499,489424,,,,256925,232499,489424
2024,174358,00236700,Minnesota State University Moorhead,MN,4,,1,NCAA,969,1629,2598,15,Soccer,,30,,,0,30,0,0,2536,76066,76066,,,,,,,275386,275386,,,,0,275386,275386,,266961,266961,,,,0,266961,266961
2024,173920,00236000,Minnesota State University-Mankato,MN,4,,1,NCAA,4715,5303,10018,15,Soccer,,43,,,0,43,0,0,3653,157071,157071,,,,,,,725969,725969,,,,0,725969,725969,,725957,725957,,,,0,725957,725957
2024,173638,00526300,Minnesota West Community and Technical College,MN,14,,3,NJCAA,481,398,879,15,Soccer,25,,,,25,0,658,16441,0,0,16441,,,,,,44155,,44155,,,,44155,0,44155,44155,,44155,,,,44155,0,44155
2024,200253,00299400,Minot State University,ND,4,,1,NCAA,678,1018,1696,15,Soccer,,28,,,0,28,0,0,4857,136007,136007,,,,,,,505122,505122,,,,0,505122,505122,,505122,505122,,,,0,505122,505122
2024,118912,00123900,MiraCosta College,CA,17,,8,other,2049,2363,4412,15,Soccer,35,21,,,35,21,765,26773,798,16755,43528,,,,,,80315,59018,139333,,,,80315,59018,139333,75139,57738,132877,,,,75139,57738,132877
2024,214069,00324700,Misericordia University,PA,6,,1,NCAA,608,938,1546,15,Soccer,31,31,,,31,31,1432,44395,1640,50853,95248,,,,,,101900,157323,259223,,,,101900,157323,259223,101900,152477,254377,,,,101900,152477,254377
2024,176664,01320800,Mission University,MO,9,,2,NAIA,216,120,336,15,Soccer,16,,,,16,0,1448,23171,0,0,23171,,,,,,272763,,272763,,,,272763,0,272763,272763,,272763,,,,272763,0,272763
2024,176053,00241500,Mississippi College,MS,4,,1,NCAA,1028,1413,2441,15,Soccer,36,36,,,36,36,379,13659,375,13482,27141,,,,,,502736,354188,856924,,,,502736,354188,856924,502736,354188,856924,,,,502736,354188,856924
2024,176071,00241700,Mississippi Gulf Coast Community College,MS,12,,3,NJCAA,1850,2692,4542,15,Soccer,25,25,,,25,25,1919,47982,1085,27120,75102,,,,,,347508,328437,675945,,,,347508,328437,675945,342702,313405,656107,,,,342702,313405,656107
2024,176080,00242300,Mississippi State University,MS,1,,1,NCAA,8166,8698,16864,15,Soccer,,41,,,0,41,0,0,13115,537732,537732,,,,,,,3058114,3058114,,,,0,3058114,3058114,,3058114,3058114,,,,0,3058114,3058114
2024,176035,00242200,Mississippi University for Women,MS,7,,1,NCAA,293,1153,1446,15,Soccer,20,17,,,20,17,2740,54807,3094,52598,107405,,,,,,133179,125035,258214,,,,133179,125035,258214,133179,124660,257839,,,,133179,124660,257839
2024,176044,00242400,Mississippi Valley State University,MS,2,,1,NCAA,508,529,1037,15,Soccer,,20,,,0,20,0,0,2998,59951,59951,,,,,,,202623,202623,,,,0,202623,202623,,202623,202623,,,,0,202623,202623
2024,178244,00754000,Missouri Baptist University,MO,9,,2,NAIA,611,687,1298,15,Soccer,44,37,,,44,37,1074,47267,1088,40260,87527,,,,,,1302281,1038336,2340617,,,,1302281,1038336,2340617,1278037,1025745,2303782,,,,1278037,1025745,2303782
2024,178341,00248800,Missouri Southern State University,MO,4,,1,NCAA,991,1494,2485,15,Soccer,,31,,,0,31,0,0,2045,63396,63396,,,,,,,382097,382097,,,,0,382097,382097,,381618,381618,,,,0,381618,381618
2024,179566,00250300,Missouri State University-Springfield,MO,2,,1,NCAA,4350,7158,11508,15,Soccer,30,31,,,30,31,7181,215437,6274,194497,409934,,,,,,887089,867304,1754393,,,,887089,867304,1754393,887089,867304,1754393,,,,887089,867304,1754393
2024,178411,00251700,Missouri University of Science and Technology,MO,4,,1,NCAA,3921,1168,5089,15,Soccer,40,30,,,40,30,1424,56968,1160,34791,91759,,,,,,351647,212914,564561,,,,351647,212914,564561,351647,212914,564561,,,,351647,212914,564561
2024,178369,00248900,Missouri Valley College,MO,9,,2,NAIA,819,562,1381,15,Soccer,27,30,,,27,30,660,17827,502,15066,32893,,,,,,1457624,663479,2121103,,,,1457624,663479,2121103,1441263,947982,2389245,,,,1441263,947982,2389245
2024,178387,00249000,Missouri Western State University,MO,4,,1,NCAA,807,1168,1975,15,Soccer,,31,,,0,31,0,0,3821,118464,118464,,,,,,,555333,555333,,,,0,555333,555333,,500371,500371,,,,0,500371,500371
2024,129774,00139300,Mitchell College,CT,7,,1,NCAA,200,164,364,15,Soccer,23,16,,,23,16,1468,33772,1536,24576,58348,,,,,,92033,93774,185807,,,,92033,93774,185807,91572,90070,181642,,,,91572,90070,181642
2024,118976,00124000,Modesto Junior College,CA,17,,8,other,2464,3344,5808,15,Soccer,32,27,,,32,27,829,26533,860,23215,49748,,,,,,75916,222059,297975,,,,75916,222059,297975,75916,222059,297975,,,,75916,222059,297975
2024,105206,01186400,Mohave Community College,AZ,12,,3,NJCAA,310,439,749,15,Soccer,24,24,,,24,24,3062,73483,2614,62729,136212,,,,,,265083,250074,515157,,,,265083,250074,515157,265083,250074,515157,,,,265083,250074,515157
2024,193283,00287100,Mohawk Valley Community College,NY,14,,3,NJCAA,1060,1137,2197,15,Soccer,44,23,,,44,23,2061,90684,2631,60513,151197,,,,,,109343,79171,188514,,,,109343,79171,188514,109343,79171,188514,,,,109343,79171,188514
2024,193292,00277500,Molloy University,NY,5,,1,NCAA,771,1928,2699,15,Soccer,30,25,,,30,25,3006,90193,3654,91341,181534,,,,,,325952,334079,660031,,,,325952,334079,660031,320172,322228,642400,,,,320172,322228,642400
2024,147341,00172500,Monmouth College,IL,6,,1,NCAA,375,325,700,15,Soccer,25,25,,,25,25,1126,28158,960,24007,52165,,,,,,81597,79259,160856,,,,81597,79259,160856,81597,79259,160856,,,,81597,79259,160856
2024,185572,00261600,Monmouth University,NJ,2,,1,NCAA,1308,2284,3592,15,Soccer,27,26,,,27,26,4884,131861,3781,98297,230158,,,,,,1175623,1271913,2447536,,,,1175623,1271913,2447536,1175623,1271913,2447536,,,,1175623,1271913,2447536
2024,193326,00287200,Monroe Community College,NY,8,"We are multi-divisional. NJCAA Division I, II, III",8,other,1929,2567,4496,15,Soccer,28,21,,,28,21,1477,41363,4447,93377,134740,,,,,,150610,226759,377369,,,,150610,226759,377369,150610,226759,377369,,,,150610,226759,377369
2024,193308,00479900,Monroe University,NY,8,NJCAA Division I and NJCAA Division III,8,other,1465,2416,3881,15,Soccer,106,25,,,106,25,3566,378022,4690,117251,495273,,,,,,1343229,527386,1870615,,,,1343229,527386,1870615,1343228,527386,1870614,,,,1343228,527386,1870614
2024,180179,00253000,Montana State University Billings,MT,5,,1,NCAA,733,1088,1821,15,Soccer,32,30,,,32,30,3892,124548,3362,100869,225417,,,,,,338665,316708,655373,,,,338665,316708,655373,345609,298156,643765,,,,345609,298156,643765
2024,185590,00261700,Montclair State University,NJ,6,,1,NCAA,7048,10133,17181,15,Soccer,37,29,,,37,29,1029,38072,1253,36350,74422,,,,,,224658,222353,447011,,,,224658,222353,447011,226771,241718,468489,,,,226771,241718,468489
2024,119067,00124200,Monterey Peninsula College,CA,17,,8,other,1105,1081,2186,15,Soccer,32,,,,32,0,783,25056,0,0,25056,,,,,,73924,,73924,,,,73924,0,73924,73924,,73924,,,,73924,0,73924
2024,163426,00691100,Montgomery College,MD,13,,3,NJCAA,2693,2462,5155,15,Soccer,26,28,,,26,28,3662,95200,1433,40121,135321,,,,,,210868,129713,340581,,,,210868,129713,340581,210868,129713,340581,,,,210868,129713,340581
2024,214111,00445200,Montgomery County Community College,PA,14,,3,NJCAA,1214,1177,2391,15,Soccer,24,,,,24,0,1542,36999,0,0,36999,,,,,,44296,,44296,,,,44296,0,44296,51999,,51999,,,,51999,0,51999
2024,199032,00294800,Montreat College,NC,9,,2,NAIA,392,306,698,15,Soccer,47,27,,,47,27,935,43953,850,22939,66892,,,,,,1127195,543591,1670786,,,,1127195,543591,1670786,1132322,534814,1667136,,,,1132322,534814,1667136
2024,119137,00711500,Moorpark College,CA,17,,8,other,2313,2149,4462,15,Soccer,33,19,,,33,19,486,16046,1222,23220,39266,,,,,,87817,97675,185492,,,,87817,97675,185492,88082,93067,181149,,,,88082,93067,181149
2024,147378,00769200,Moraine Valley Community College,IL,13,,3,NJCAA,1967,2005,3972,15,Soccer,26,24,,,26,24,531,13799,632,15161,28960,,,,,,60389,61966,122355,,,,60389,61966,122355,60389,61966,122355,,,,60389,61966,122355
2024,214157,00330100,Moravian University,PA,6,,1,NCAA,744,1111,1855,15,Soccer,42,29,,,42,29,981,41183,1076,31204,72387,,,,,,168372,189330,357702,,,,168372,189330,357702,141479,178904,320383,,,,141479,178904,320383
2024,157386,00197600,Morehead State University,KY,2,,1,NCAA,1662,2535,4197,15,Soccer,,31,,,0,31,0,0,5534,171563,171563,,,,,,,635898,635898,,,,0,635898,635898,,636414,636414,,,,0,636414,636414
2024,154004,00187900,Morningside University,IA,9,,2,NAIA,555,559,1114,15,Soccer,45,30,,,45,30,821,36927,1231,36926,73853,,,,,,325480,268605,594085,,,,325480,268605,594085,312261,255386,567647,,,,312261,255386,567647
2024,147411,00172800,Morton College,IL,13,,3,NJCAA,530,572,1102,15,Soccer,29,19,,,29,19,2819,81756,1663,31601,113357,,,,,,218888,141826,360714,,,,218888,141826,360714,218888,141826,360714,,,,218888,141826,360714
2024,221096,00683600,Motlow State Community College,TN,12,,3,NJCAA,1138,1703,2841,15,Soccer,,20,,,0,20,0,0,2491,49828,49828,,,,,,,156266,156266,,,,0,156266,156266,,123143,123143,,,,0,123143,123143
2024,214166,00330200,Mount Aloysius College,PA,7,,1,NCAA,305,726,1031,15,Soccer,28,27,,,28,27,930,26049,857,23135,49184,,,,,,95477,84617,180094,,,,95477,84617,180094,95477,84617,180094,,,,95477,84617,180094
2024,219198,00346500,Mount Marty University,SD,10,,2,NAIA,339,282,621,15,Soccer,30,19,,,30,19,699,20958,960,18245,39203,,,,,,751533,486552,1238085,,,,751533,486552,1238085,751533,486552,1238085,,,,751533,486552,1238085
2024,154013,00188000,Mount Mercy University,IA,9,,2,NAIA,446,627,1073,15,Soccer,83,45,,,83,45,506,41986,710,31935,73921,,,,,,780573,498827,1279400,,,,780573,498827,1279400,758071,473470,1231541,,,,758071,473470,1231541
2024,193353,00277800,Mount Saint Mary College,NY,7,,1,NCAA,304,677,981,15,Soccer,20,22,,,20,22,1960,39201,2161,47543,86744,,,,,,104551,133521,238072,,,,104551,133521,238072,100701,122970,223671,,,,100701,122970,223671
2024,204200,00303300,Mount St. Joseph University,OH,6,,1,NCAA,505,580,1085,15,Soccer,28,34,,,28,34,1194,33434,884,30053,63487,,,,,,110657,130364,241021,,,,110657,130364,241021,110657,130364,241021,,,,110657,130364,241021
2024,163462,00208600,Mount St. Mary's University,MD,3,,1,NCAA,845,834,1679,15,Soccer,47,29,,,47,29,3108,146091,4072,118086,264177,,,,,,900352,1136884,2037236,,,,900352,1136884,2037236,900352,1136884,2037236,,,,900352,1136884,2037236
2024,204194,00708500,Mount Vernon Nazarene University,OH,9,,2,NAIA,550,798,1348,15,Soccer,48,34,,,48,34,783,37593,906,30801,68394,,,,,,234716,257614,492330,,,,234716,257614,492330,234716,257614,492330,,,,234716,257614,492330
2024,119164,00124500,Mt San Antonio College,CA,17,,8,other,4930,4913,9843,15,Soccer,31,28,,,31,28,1020,31635,1221,34185,65820,,,,,,190788,146420,337208,,,,190788,146420,337208,139515,134769,274284,,,,139515,134769,274284
2024,119216,00124600,Mt San Jacinto Community College District,CA,17,,8,other,2753,3570,6323,15,Soccer,,21,,,0,21,0,0,1212,25459,25459,,,,,,,51412,51412,,,,0,51412,51412,,51412,51412,,,,0,51412,51412
2024,214175,00330400,Muhlenberg College,PA,6,,1,NCAA,709,995,1704,15,Soccer,33,27,,,33,27,1380,45538,719,19410,64948,,,,,,236035,135288,371323,,,,236035,135288,371323,236035,125535,361570,,,,236035,125535,361570
2024,207236,00315800,Murray State College,OK,12,,3,NJCAA,393,658,1051,15,Soccer,30,16,,,30,16,789,23671,1588,25407,49078,,,,,,132796,124765,257561,,,,132796,124765,257561,115867,135486,251353,,,,115867,135486,251353
2024,157401,00197700,Murray State University,KY,2,,1,NCAA,2361,3737,6098,15,Soccer,,28,,,0,28,0,0,4842,135576,135576,,,,,,,942447,942447,,,,0,942447,942447,,785489,785489,,,,0,785489,785489
2024,171304,00229700,Muskegon Community College,MI,13,,3,NJCAA,496,597,1093,15,Soccer,21,19,,,21,19,1644,34523,1279,24296,58819,,,,,,50296,56581,106877,,,,50296,56581,106877,51798,49596,101394,,,,51798,49596,101394
2024,204264,00308400,Muskingum University,OH,6,,1,NCAA,626,666,1292,15,Soccer,35,23,,,35,23,1580,55294,1958,45042,100336,,,,,,121189,121088,242277,,,,121189,121088,242277,121189,121088,242277,,,,121189,121088,242277
2024,119331,00124700,Napa Valley College,CA,17,,8,other,705,931,1636,15,Soccer,26,14,,,26,14,829,21559,1028,14385,35944,,,,,,74569,57253,131822,,,,74569,57253,131822,74569,57253,131822,,,,74569,57253,131822
2024,193478,00287300,Nassau Community College,NY,14,,3,NJCAA,3457,3145,6602,15,Soccer,22,16,,,22,16,1337,29422,973,15562,44984,,,,,,57022,45622,102644,,,,57022,45622,102644,57022,45622,102644,,,,57022,45622,102644
2024,106980,01210500,National Park College,AR,13,,3,NJCAA,471,769,1240,15,Soccer,29,12,,,29,12,1212,35160,2143,25716,60876,,,,,,122666,95214,217880,,,,122666,95214,217880,122666,95214,217880,,,,122666,95214,217880
2024,227146,00359300,Navarro College,TX,12,,3,NJCAA,815,1245,2060,15,Soccer,,26,,,0,26,0,0,2889,75114,75114,,,,,,,426450,426450,,,,0,426450,426450,,426450,426450,,,,0,426450,426450
2024,193584,00277900,Nazareth University,NY,7,,1,NCAA,517,1310,1827,15,Soccer,34,33,,,34,33,1118,38004,1395,46032,84036,,,,,,154829,217910,372739,,,,154829,217910,372739,146251,171152,317403,,,,146251,171152,317403
2024,181446,00255500,Nebraska Wesleyan University,NE,6,,1,NCAA,648,775,1423,15,Soccer,31,27,,,31,27,1542,47806,1551,41881,89687,,,,,,154812,134151,288963,,,,154812,134151,288963,149910,124282,274192,,,,149910,124282,274192
2024,228325,00361600,Nelson University,TX,9,,2,NAIA,661,621,1282,15,Soccer,62,35,,,62,35,684,42421,827,28939,71360,,,,,,322793,210836,533629,,,,322793,210836,533629,317738,224933,542671,,,,317738,224933,542671
2024,155566,00193600,Neosho County Community College,KS,8,NJCAA Division I and II,8,other,198,291,489,15,Soccer,31,26,,,31,26,1289,39965,1522,39564,79529,,,,,,195986,163719,359705,,,,195986,163719,359705,171618,169442,341060,,,,171618,169442,341060
2024,214272,00398800,Neumann University,PA,7,,1,NCAA,501,837,1338,15,Soccer,34,24,,,34,24,992,33712,838,20120,53832,,,,,,183995,95392,279387,,,,183995,95392,279387,183995,95392,279387,,,,183995,95392,279387
2024,262129,03957400,New College of Florida,FL,9,,2,NAIA,385,448,833,15,Soccer,24,18,,,24,18,2334,56009,2527,45492,101501,,,,,,471382,556449,1027831,,,,471382,556449,1027831,471382,556449,1027831,,,,471382,556449,1027831
2024,182980,00257900,New England College,NH,6,,1,NCAA,432,566,998,15,Soccer,31,19,,,31,19,1098,34035,3279,62293,96328,,,,,,141261,120407,261668,,,,141261,120407,261668,141261,120407,261668,,,,141261,120407,261668
2024,185129,00261300,New Jersey City University,NJ,7,,1,NCAA,1473,1814,3287,15,Soccer,40,30,,,40,30,1238,49500,1617,48500,98000,,,,,,185487,176456,361943,,,,185487,176456,361943,166347,185778,352125,,,,166347,185778,352125
2024,185828,00262100,New Jersey Institute of Technology,NJ,3,,1,NCAA,5954,2432,8386,15,Soccer,33,29,,,33,29,4172,137671,4256,123430,261101,,,,,,968343,1166694,2135037,,,,968343,1166694,2135037,962397,1137713,2100110,,,,962397,1137713,2100110
2024,187897,00265300,New Mexico Highlands University,NM,4,,1,NCAA,443,491,934,15,Soccer,,24,,,0,24,0,0,2770,66485,66485,,,,,,,347576,347576,,,,0,347576,347576,,347576,347576,,,,0,347576,347576
2024,188030,00265700,New Mexico State University-Main Campus,NM,1,,1,NCAA,4256,5883,10139,15,Soccer,,35,,,0,35,0,0,7183,251405,251405,,,,,,,1116286,1116286,,,,0,1116286,1116286,,1116286,1116286,,,,0,1116286,1116286
2024,193900,00278500,New York University,NY,7,,1,NCAA,11264,16514,27778,15,Soccer,29,33,,,29,33,6594,191213,6707,221345,412558,,,,,,448243,481323,929566,,,,448243,481323,929566,440432,463232,903664,,,,440432,463232,903664
2024,218414,00344000,Newberry College,SC,4,,1,NCAA,715,740,1455,15,Soccer,46,32,,,46,32,798,36716,1074,34358,71074,,,,,,403351,417321,820672,,,,403351,417321,820672,405897,434727,840624,,,,405897,434727,840624
2024,155335,00193900,Newman University,KS,5,,1,NCAA,283,533,816,15,Soccer,47,45,,,47,45,1568,73676,1059,47648,121324,,,,,,617821,653358,1271179,,,,617821,653358,1271179,617821,653358,1271179,,,,617821,653358,1271179
2024,183099,00258100,NHTI-Concord's Community College,NH,20,,8,other,362,522,884,15,Soccer,16,16,,,16,16,490,7836,776,12423,20259,,,,,,16476,21063,37539,,,,16476,21063,37539,16476,21063,37539,,,,16476,21063,37539
2024,193946,00287400,Niagara County Community College,NY,8,both NJCAA Division II and Division III,8,other,854,1352,2206,15,Soccer,15,14,,,15,14,1034,15515,875,12246,27761,,,,,,77799,57445,135244,,,,77799,57445,135244,66041,50248,116289,,,,66041,50248,116289
2024,193973,00278800,Niagara University,NY,3,,1,NCAA,870,1733,2603,15,Soccer,26,31,,,26,31,4026,104682,3286,101851,206533,,,,,,571779,765336,1337115,,,,571779,765336,1337115,571779,765336,1337115,,,,571779,765336,1337115
2024,159966,00200500,Nicholls State University,LA,2,,1,NCAA,1678,2604,4282,15,Soccer,,36,,,0,36,0,0,2150,77394,77394,,,,,,,433478,433478,,,,0,433478,433478,,411418,411418,,,,0,411418,411418
2024,167260,00219700,Nichols College,MA,6,,1,NCAA,716,356,1072,15,Soccer,30,35,,,30,35,942,28267,950,33240,61507,,,,,,124932,154634,279566,,,,124932,154634,279566,127834,165432,293266,,,,127834,165432,293266
2024,460464,04176100,Norco College,CA,17,,8,other,1112,941,2053,15,Soccer,28,24,,,28,24,972,27222,1068,25633,52855,,,,,,91289,84878,176167,,,,91289,84878,176167,84111,80996,165107,,,,84111,80996,165107
2024,461795,04179500,North American University,TX,10,,2,NAIA,409,162,571,15,Soccer,53,24,,,53,24,1103,58481,2847,68318,126799,,,,,,207557,119679,327236,,,,207557,119679,327236,207557,119679,327236,,,,207557,119679,327236
2024,199193,00297200,North Carolina State University at Raleigh,NC,1,,1,NCAA,12807,12968,25775,15,Soccer,32,29,,,32,29,8843,282983,9551,276965,559948,,,,,,1100806,1047299,2148105,,,,1100806,1047299,2148105,2039362,1911394,3950756,,,,2039362,1911394,3950756
2024,199209,00295100,North Carolina Wesleyan University,NC,6,,1,NCAA,517,516,1033,15,Soccer,56,27,,,56,27,858,48051,846,22841,70892,,,,,,138828,125851,264679,,,,138828,125851,264679,138828,125851,264679,,,,138828,125851,264679
2024,147660,00173400,North Central College,IL,6,,1,NCAA,1163,1229,2392,15,Soccer,36,31,,,36,31,792,28494,1045,32399,60893,,,,,,256626,431886,688512,,,,256626,431886,688512,196818,153165,349983,,,,196818,153165,349983
2024,174437,00236900,North Central University,MN,7,,1,NCAA,300,341,641,15,Soccer,28,18,,,28,18,1370,38358,1487,26762,65120,,,,,,111015,69527,180542,,,,111015,69527,180542,111015,69527,180542,,,,111015,69527,180542
2024,194028,00711100,North Country Community College,NY,14,,3,NJCAA,232,406,638,15,Soccer,19,24,,,19,24,1558,29594,1349,32378,61972,,,,,,37670,40538,78208,,,,37670,40538,78208,37670,40538,78208,,,,37670,40538,78208
2024,200332,00299700,North Dakota State University-Main Campus,ND,2,,1,NCAA,4322,4358,8680,15,Soccer,,31,,,0,31,0,0,7978,247327,247327,,,,,,,1187294,1187294,,,,0,1187294,1187294,,1187294,1187294,,,,0,1187294,1187294
2024,218441,00344100,North Greenville University,SC,4,,1,NCAA,833,910,1743,15,Soccer,48,24,,,48,24,1530,73420,2429,58302,131722,,,,,,745302,694920,1440222,,,,745302,694920,1440222,753208,742020,1495228,,,,753208,742020,1495228
2024,142443,00162300,North Idaho College,ID,12,DUAL CONFERENCE AFFILIATION NWAC & NJCAA Div I,3,NJCAA,623,673,1296,15,Soccer,27,24,,,27,24,6877,185686,8935,214438,400124,,,,,,785182,672121,1457303,,,,785182,672121,1457303,785182,672121,1457303,,,,785182,672121,1457303
2024,154059,00187700,North Iowa Area Community College,IA,13,,3,NJCAA,535,507,1042,15,Soccer,39,23,,,39,23,1441,56210,2634,60590,116800,,,,,,229531,204754,434285,,,,229531,204754,434285,229531,204754,434285,,,,229531,204754,434285
2024,147679,00173500,North Park University,IL,6,,1,NCAA,763,967,1730,15,Soccer,43,29,,,43,29,1739,74795,1334,38687,113482,,,,,,298938,167931,466869,,,,298938,167931,466869,298938,167931,466869,,,,298938,167931,466869
2024,214379,00719100,Northampton County Area Community College,PA,14,,3,NJCAA,1328,1800,3128,15,Soccer,21,,,,21,0,792,16629,0,0,16629,,,,,,33796,,33796,,,,33796,0,33796,33796,,33796,,,,33796,0,33796
2024,181491,01166700,Northeast Community College,NE,13,,3,NJCAA,941,849,1790,15,Soccer,28,23,,,28,23,6144,172030,4916,113057,285087,,,,,,415060,339961,755021,,,,415060,339961,755021,415060,339961,755021,,,,415060,339961,755021
2024,227225,02315400,Northeast Texas Community College,TX,12,,3,NJCAA,409,698,1107,15,Soccer,26,13,,,26,13,1752,45540,3463,45025,90565,,,,,,300674,62237,362911,,,,300674,62237,362911,177058,172832,349890,,,,177058,172832,349890
2024,127732,00136100,Northeastern Junior College,CO,12,,3,NJCAA,307,293,600,15,Soccer,24,15,,,24,15,1095,26280,2630,39450,65730,,,,,,169369,189350,358719,,,,169369,189350,358719,169369,189350,358719,,,,169369,189350,358719
2024,207290,00316000,Northeastern Oklahoma A&M College,OK,12,,3,NJCAA,553,801,1354,15,Soccer,26,17,,,26,17,994,25852,1110,18874,44726,,,,,,139387,156143,295530,,,,139387,156143,295530,139387,149942,289329,,,,139387,149942,289329
2024,207263,00316100,Northeastern State University,OK,4,,1,NCAA,1466,2142,3608,15,Soccer,33,27,,,33,27,1387,45757,2385,64393,110150,,,,,,375537,320879,696416,,,,375537,320879,696416,375537,320879,696416,,,,375537,320879,696416
2024,167358,00219900,Northeastern University,MA,3,,1,NCAA,7525,9801,17326,15,Soccer,33,33,,,33,33,6599,217768,7958,262616,480384,,,,,,1407162,1483213,2890375,,,,1407162,1483213,2890375,1407162,1483213,2890375,,,,1407162,1483213,2890375
2024,105330,00108200,Northern Arizona University,AZ,2,,1,NCAA,7622,12418,20040,15,Soccer,,38,,,0,38,0,0,8818,335101,335101,,,,,,,1100201,1100201,,,,0,1100201,1100201,,1100201,1100201,,,,0,1100201,1100201
2024,167376,00217400,Northern Essex Community College,MA,14,,3,NJCAA,479,464,943,15,Soccer,28,,,,28,0,1601,44829,0,0,44829,,,,,,60678,,60678,,,,60678,0,60678,56829,,56829,,,,56829,0,56829
2024,147703,00173700,Northern Illinois University,IL,1,,1,NCAA,4643,5376,10019,15,Soccer,27,28,,,27,28,3819,103119,3909,109453,212572,,,,,,898549,873895,1772444,,,,898549,873895,1772444,888549,863895,1752444,,,,888549,863895,1752444
2024,157447,00927500,Northern Kentucky University,KY,3,,1,NCAA,2847,3949,6796,15,Soccer,32,28,,,32,28,3745,119845,4035,112990,232835,,,,,,593018,752101,1345119,,,,593018,752101,1345119,593018,752101,1345119,,,,593018,752101,1345119
2024,171456,00230100,Northern Michigan University,MI,4,,1,NCAA,2286,3464,5750,15,Soccer,28,36,,,28,36,5311,148706,5882,211756,360462,,,,,,703278,830036,1533314,,,,703278,830036,1533314,720690,795260,1515950,,,,720690,795260,1515950
2024,207281,00316200,Northern Oklahoma College,OK,12,,3,NJCAA,539,729,1268,15,Soccer,25,20,,,25,20,1061,26516,1238,24760,51276,,,,,,258184,172483,430667,,,,258184,172483,430667,258184,172483,430667,,,,258184,172483,430667
2024,219259,00346600,Northern State University,SD,4,,1,NCAA,477,570,1047,15,Soccer,,31,,,0,31,0,0,3057,94759,94759,,,,,,,384585,384585,,,,0,384585,384585,,376941,376941,,,,0,376941,376941
2024,240666,00393000,Northern Wyoming Community College District,WY,8,National Intercollegiate Rodeo Association,8,other,417,608,1025,15,Soccer,28,23,,,28,23,1463,40956,2278,52400,93356,,,,,,283751,303125,586876,,,,283751,303125,586876,283751,303125,586876,,,,283751,303125,586876
2024,240657,00393100,Northwest College,WY,12,,3,NJCAA,321,346,667,15,Soccer,31,20,,,31,20,2198,68147,3141,62821,130968,,,,,,193668,203967,397635,,,,193668,203967,397635,192328,200742,393070,,,,192328,200742,393070
2024,154129,00460000,Northwest Iowa Community College,IA,13,,3,NJCAA,354,250,604,15,Soccer,31,15,,,31,15,1348,41796,2259,33890,75686,,,,,,155598,157305,312903,,,,155598,157305,312903,154348,153835,308183,,,,154348,153835,308183
2024,176178,00242700,Northwest Mississippi Community College,MS,13,,3,NJCAA,1806,2816,4622,15,Soccer,26,26,,,26,26,1641,42670,2793,72614,115284,,,,,,196208,312019,508227,,,,196208,312019,508227,196208,312019,508227,,,,196208,312019,508227
2024,178624,00249600,Northwest Missouri State University,MO,4,,1,NCAA,1560,2403,3963,15,Soccer,,28,,,0,28,0,0,3747,104909,104909,,,,,,,634979,634979,,,,0,634979,634979,,634979,634979,,,,0,634979,634979
2024,142461,00162400,Northwest Nazarene University,ID,5,,1,NCAA,425,509,934,15,Soccer,30,23,,,30,23,4196,125892,4072,93661,219553,,,,,,697784,515273,1213057,,,,697784,515273,1213057,697784,515273,1213057,,,,697784,515273,1213057
2024,236133,00378300,Northwest University,WA,10,,2,NAIA,253,372,625,15,Soccer,38,26,,,38,26,2269,86233,3143,81711,167944,,,,,,413137,381479,794616,,,,413137,381479,794616,413137,381479,794616,,,,413137,381479,794616
2024,154101,00188300,Northwestern College,IA,10,NAIA,2,NAIA,547,510,1057,15,Soccer,45,28,,,45,28,549,24724,695,19467,44191,,,,,,467587,283274,750861,,,,467587,283274,750861,459656,272636,732292,,,,459656,272636,732292
2024,207306,00316300,Northwestern Oklahoma State University,OK,4,,1,NCAA,568,745,1313,15,Soccer,,35,,,0,35,0,0,1898,66440,66440,,,,,,,284278,284278,,,,0,284278,284278,,288410,288410,,,,0,288410,288410
2024,160038,00202100,Northwestern State University of Louisiana,LA,2,,1,NCAA,1282,2884,4166,15,Soccer,,33,,,0,33,0,0,3061,101023,101023,,,,,,,691099,691099,,,,0,691099,691099,,686935,686935,,,,0,686935,686935
2024,147767,00173900,Northwestern University,IL,1,,1,NCAA,4097,4851,8948,15,Soccer,29,31,,,29,31,5108,148125,7409,229675,377800,,,,,,737081,1464744,2201825,,,,737081,1464744,2201825,1650824,2434828,4085652,,,,1650824,2434828,4085652
2024,171492,00407200,Northwood University,MI,4,,1,NCAA,864,472,1336,15,Soccer,39,35,,,39,35,2179,84992,2409,84307,169299,,,,,,562835,421720,984555,,,,562835,421720,984555,562835,421720,984555,,,,562835,421720,984555
2024,230995,00369200,Norwich University,VT,6,,1,NCAA,1421,627,2048,15,Soccer,24,28,,,24,28,1519,36455,1353,37885,74340,,,,,,130728,126429,257157,,,,130728,126429,257157,130728,126429,257157,,,,130728,126429,257157
2024,163578,00206500,Notre Dame of Maryland University,MD,7,,1,NCAA,138,459,597,15,Soccer,24,16,,,24,16,970,23289,1065,17033,40322,,,,,,46362,27278,73640,,,,46362,27278,73640,46466,27990,74456,,,,46466,27990,74456
2024,136215,00150900,Nova Southeastern University,FL,5,,1,NCAA,1966,4860,6826,15,Soccer,23,29,,,23,29,2918,67108,2454,71153,138261,,,,,,577307,679130,1256437,,,,577307,679130,1256437,577307,679130,1256437,,,,577307,679130,1256437
2024,174525,00999200,Oak Hills Christian College,MN,16,,4,NCCAA,37,26,63,15,Soccer,11,,,,11,0,886,9747,0,0,9747,,,,,,23234,,23234,,,,23234,0,23234,23234,,23234,,,,23234,0,23234
2024,152099,00182400,Oakland City University,IN,9,,2,NAIA,305,186,491,15,Soccer,57,31,,,57,31,1141,65034,2167,67182,132216,,,,,,1536624,908569,2445193,,,,1536624,908569,2445193,1536624,908569,2445193,,,,1536624,908569,2445193
2024,171571,00230700,Oakland University,MI,3,,1,NCAA,4256,5923,10179,15,Soccer,25,26,,,25,26,4055,101370,4934,128272,229642,,,,,,606948,755520,1362468,,,,606948,755520,1362468,606948,755520,1362468,,,,606948,755520,1362468
2024,147800,00989600,Oakton College,IL,13,,3,NJCAA,1064,938,2002,15,Soccer,21,16,,,21,16,605,12707,559,8943,21650,,,,,,53418,64872,118290,,,,53418,64872,118290,53418,64872,118290,,,,53418,64872,118290
2024,101912,00103300,Oakwood University,AL,9,,2,NAIA,485,619,1104,15,Soccer,19,11,,,19,11,812,15437,1445,15890,31327,,,,,,80437,80890,161327,,,,80437,80890,161327,80437,80890,161327,,,,80437,80890,161327
2024,204501,00308600,Oberlin College,OH,6,,1,NCAA,1174,1695,2869,15,Soccer,25,23,,,25,23,890,22238,688,15818,38056,,,,,,175934,182070,358004,,,,175934,182070,358004,175934,182070,358004,,,,175934,182070,358004
2024,120254,00124900,Occidental College,CA,7,,1,NCAA,769,1088,1857,15,Soccer,30,30,,,30,30,2569,77067,2443,73290,150357,,,,,,235524,199155,434679,,,,235524,199155,434679,180303,184720,365023,,,,180303,184720,365023
2024,185873,00262400,Ocean County College,NJ,14,,3,NJCAA,1378,1536,2914,15,Soccer,24,19,,,24,19,353,8481,1538,29215,37696,,,,,,22451,42185,64636,,,,22451,42185,64636,22451,42185,64636,,,,22451,42185,64636
2024,140696,00158600,Oglethorpe University,GA,7,,1,NCAA,492,829,1321,15,Soccer,56,30,,,56,30,1031,57742,1604,48119,105861,,,,,,208544,172394,380938,,,,208544,172394,380938,208544,172394,380938,,,,208544,172394,380938
2024,201964,00303000,Ohio Christian University,OH,15,,4,NCCAA,266,340,606,15,Soccer,18,15,,,18,15,2136,38441,1562,23426,61867,,,,,,136126,120721,256847,,,,136126,120721,256847,136126,120721,256847,,,,136126,120721,256847
2024,204617,00303500,Ohio Dominican University,OH,4,,1,NCAA,369,353,722,15,Soccer,32,34,,,32,34,1300,41602,1349,45871,87473,,,,,,235568,244550,480118,,,,235568,244550,480118,221136,251427,472563,,,,221136,251427,472563
2024,204635,00308900,Ohio Northern University,OH,6,,1,NCAA,1346,1111,2457,15,Soccer,49,31,,,49,31,2659,130291,3157,97861,228152,,,,,,427835,232444,660279,,,,427835,232444,660279,427835,232444,660279,,,,427835,232444,660279
2024,204796,00309000,Ohio State University-Main Campus,OH,1,,1,NCAA,21178,21777,42955,15,Soccer,28,28,,,28,28,17320,484954,17826,499135,984089,,,,,,2280643,2775323,5055966,,,,2280643,2775323,5055966,2280643,2775323,5055966,,,,2280643,2775323,5055966
2024,204857,00310000,Ohio University-Main Campus,OH,1,,1,NCAA,6798,9890,16688,15,Soccer,,31,,,0,31,0,0,5898,182838,182838,,,,,,,1008051,1008051,,,,0,1008051,1008051,,1008051,1008051,,,,0,1008051,1008051
2024,204909,00310900,Ohio Wesleyan University,OH,6,,1,NCAA,657,851,1508,15,Soccer,34,31,,,34,31,1508,51281,1498,46432,97713,,,,,,201635,182580,384215,,,,201635,182580,384215,201635,182580,384215,,,,201635,182580,384215
2024,120290,00448100,Ohlone College,CA,17,,8,other,1556,1401,2957,15,Soccer,23,19,,,23,19,762,17523,675,12820,30343,,,,,,56596,36649,93245,,,,56596,36649,93245,53175,34728,87903,,,,53175,34728,87903
2024,207403,00316400,Oklahoma Baptist University,OK,4,,1,NCAA,577,707,1284,15,Soccer,,23,,,0,23,0,0,1893,43539,43539,,,,,,,490191,490191,,,,0,490191,490191,,465960,465960,,,,0,465960,465960
2024,207324,00316500,Oklahoma Christian University,OK,5,,1,NCAA,786,871,1657,15,Soccer,37,37,,,37,37,1880,69551,2060,76232,145783,,,,,,535837,573139,1108976,,,,535837,573139,1108976,471446,502296,973742,,,,471446,502296,973742
2024,207458,00316600,Oklahoma City University,OK,9,,2,NAIA,487,945,1432,15,Soccer,29,22,,,29,22,1257,36442,2087,45908,82350,,,,,,1012607,1037834,2050441,,,,1012607,1037834,2050441,1012607,1037834,2050441,,,,1012607,1037834,2050441
2024,207351,00317400,Oklahoma Panhandle State University,OK,9,,2,NAIA,364,395,759,15,Soccer,24,19,,,24,19,1997,47937,4026,76500,124437,,,,,,258694,200547,459241,,,,258694,200547,459241,252962,185182,438144,,,,252962,185182,438144
2024,207388,00317000,Oklahoma State University-Main Campus,OK,1,,1,NCAA,9426,10546,19972,15,Soccer,,30,,,0,30,0,0,15213,456390,456390,,,,,,,537554,537554,,,,0,537554,537554,,1927857,1927857,,,,0,1927857,1927857
2024,206835,00315100,Oklahoma Wesleyan University,OK,10,,2,NAIA,338,270,608,15,Soccer,69,40,,,69,40,1311,90428,1252,50094,140522,,,,,,1547831,732493,2280324,,,,1547831,732493,2280324,1547831,732493,2280324,,,,1547831,732493,2280324
2024,232982,00372800,Old Dominion University,VA,1,,1,NCAA,6238,7336,13574,15,Soccer,32,25,,,32,25,6558,209843,10603,265078,474921,,,,,,1091896,1224992,2316888,,,,1091896,1224992,2316888,1091896,1224992,2316888,,,,1091896,1224992,2316888
2024,147828,00174100,Olivet Nazarene University,IL,9,,2,NAIA,1170,1347,2517,15,Soccer,61,45,,,61,45,964,58807,1365,61407,120214,,,,,,790374,639187,1429561,,,,790374,639187,1429561,615878,528203,1144081,,,,615878,528203,1144081
2024,194222,00287500,Onondaga Community College,NY,14,,3,NJCAA,1507,1599,3106,15,Soccer,17,21,,,17,21,1452,24683,1645,34544,59227,,,,,,59439,78817,138256,,,,59439,78817,138256,57006,66447,123453,,,,57006,66447,123453
2024,207582,00398500,Oral Roberts University,OK,3,,1,NCAA,1171,1634,2805,15,Soccer,30,34,,,30,34,6616,198482,6448,219239,417721,,,,,,944818,1056304,2001122,,,,944818,1056304,2001122,944818,1056304,2001122,,,,944818,1056304,2001122
2024,120342,00125000,Orange Coast College,CA,17,,8,other,3205,2871,6076,15,Soccer,37,24,,,37,24,590,21822,903,21665,43487,,,,,,150480,145409,295889,,,,150480,145409,295889,150480,145409,295889,,,,150480,145409,295889
2024,194240,00287600,Orange County Community College,NY,8,NJCAA Div. II and Div. III,8,other,971,1237,2208,15,Soccer,22,,,,22,0,749,16477,0,0,16477,,,,,,31977,,31977,,,,31977,0,31977,31977,,31977,,,,31977,0,31977
2024,209506,00321100,Oregon Institute of Technology,OR,10,,2,NAIA,1112,1050,2162,15,Soccer,31,34,,,31,34,2647,82057,1700,57800,139857,,,,,,386993,445028,832021,,,,386993,445028,832021,386449,456775,843224,,,,386449,456775,843224
2024,209542,00321000,Oregon State University,OR,1,,1,NCAA,11136,10836,21972,15,Soccer,30,25,,,30,25,8160,244812,9052,226296,471108,,,,,,1821766,1434947,3256713,,,,1821766,1434947,3256713,1821766,1434947,3256713,,,,1821766,1434947,3256713
2024,127778,00136200,Otero College,CO,12,,3,NJCAA,223,232,455,15,Soccer,36,24,,,36,24,849,30560,863,20710,51270,,,,,,315447,312793,628240,,,,315447,312793,628240,315447,312793,628240,,,,315447,312793,628240
2024,155627,00193700,Ottawa University-Ottawa,KS,9,,2,NAIA,493,318,811,15,Soccer,62,30,,,62,30,515,31909,556,16681,48590,,,,,,666415,365661,1032076,,,,666415,365661,1032076,865799,408599,1274398,,,,865799,408599,1274398
2024,464226,00193722,Ottawa University-Surprise,AZ,9,,2,NAIA,502,275,777,15,Soccer,53,46,,,53,46,994,52674,1155,53129,105803,,,,,,1263255,840802,2104057,,,,1263255,840802,2104057,1170405,897032,2067437,,,,1170405,897032,2067437
2024,204936,00311000,Otterbein University,OH,6,,1,NCAA,813,1251,2064,15,Soccer,25,34,,,25,34,1664,41603,1083,36834,78437,,,,,,145027,153756,298783,,,,145027,153756,298783,117674,132094,249768,,,,117674,132094,249768
2024,107512,00110200,Ouachita Baptist University,AR,4,,1,NCAA,706,874,1580,15,Soccer,28,33,,,28,33,3628,101590,4336,143090,244680,,,,,,339116,453828,792944,,,,339116,453828,792944,338288,467314,805602,,,,338288,467314,805602
2024,227331,00359800,Our Lady of the Lake University,TX,9,,2,NAIA,326,622,948,15,Soccer,37,36,,,37,36,1763,65234,1838,66174,131408,,,,,,412303,389704,802007,,,,412303,389704,802007,404053,375654,779707,,,,404053,375654,779707
2024,204945,00575300,Owens Community College,OH,14,,3,NJCAA,657,887,1544,15,Soccer,20,18,,,20,18,1452,29043,1114,20054,49097,,,,,,60451,48296,108747,,,,60451,48296,108747,54835,48754,103589,,,,54835,48754,103589
2024,120421,01284200,Oxnard College,CA,17,,8,other,820,890,1710,15,Soccer,34,23,,,34,23,396,13447,577,13261,26708,,,,,,74283,78356,152639,,,,74283,78356,152639,74283,78170,152453,,,,74283,78170,152453
2024,178679,02202700,Ozark Christian College,MO,16,,4,NCCAA,269,237,506,15,Soccer,18,,,,18,0,1201,21625,0,0,21625,,,,,,33039,,33039,,,,33039,0,33039,33039,,33039,,,,33039,0,33039
2024,194310,00279100,Pace University,NY,4,,1,NCAA,2524,4857,7381,15,Soccer,,38,,,0,38,0,0,1738,66034,66034,,,,,,,498235,498235,,,,0,498235,498235,,501577,501577,,,,0,501577,501577
2024,236230,00378500,Pacific Lutheran University,WA,6,,1,NCAA,841,1512,2353,15,Soccer,37,37,,,37,37,2901,107350,3010,111363,218713,,,,,,222682,258307,480989,,,,222682,258307,480989,209798,228150,437948,,,,209798,228150,437948
2024,495147,04284000,Pacific Northwest Christian College,WA,12,,3,NJCAA,91,24,115,15,Soccer,18,16,,,18,16,2663,47942,2996,47942,95884,,,,,,87388,100243,187631,,,,87388,100243,187631,87388,100243,187631,,,,87388,100243,187631
2024,120865,00125800,Pacific Union College,CA,10,,2,NAIA,274,428,702,15,Soccer,18,16,,,18,16,1427,25692,1674,26789,52481,,,,,,326302,325435,651737,,,,326302,325435,651737,321656,323331,644987,,,,321656,323331,644987
2024,209612,00321200,Pacific University,OR,6,,1,NCAA,633,813,1446,15,Soccer,34,34,,,34,34,1250,42499,1566,53235,95734,,,,,,149755,154716,304471,,,,149755,154716,304471,149755,154716,304471,,,,149755,154716,304471
2024,136330,00884900,Palm Beach Atlantic University,FL,5,,1,NCAA,806,1674,2480,15,Soccer,37,31,,,37,31,2361,87346,2027,62838,150184,,,,,,609384,546120,1155504,,,,609384,546120,1155504,608639,544593,1153232,,,,608639,544593,1153232
2024,120971,00126000,Palomar College,CA,17,,8,other,3354,2965,6319,15,Soccer,26,25,,,26,25,671,17444,647,16184,33628,,,,,,38854,34448,73302,,,,38854,34448,73302,38854,34448,73302,,,,38854,34448,73302
2024,364016,02623600,Paradise Valley Community College,AZ,8,"NJCAA Division I & II, Division is Sport Specific",8,other,825,810,1635,15,Soccer,31,19,,,31,19,313,9698,419,7952,17650,,,,,,88507,40017,128524,,,,88507,40017,128524,85477,38867,124344,,,,85477,38867,124344
2024,227401,00360100,Paris Junior College,TX,12,,3,NJCAA,496,755,1251,15,Soccer,30,21,,,30,21,1282,38450,1638,34392,72842,,,,,,175703,178153,353856,,,,175703,178153,353856,175703,178153,353856,,,,175703,178153,353856
2024,178721,00249800,Park University,MO,9,,2,NAIA,1292,1215,2507,15,Soccer,88,70,,,88,70,1151,101302,1107,77491,178793,,,,,,780551,622584,1403135,,,,780551,622584,1403135,780551,622584,1403135,,,,780551,622584,1403135
2024,147916,00711800,Parkland College,IL,13,,3,NJCAA,952,783,1735,15,Soccer,21,16,,,21,16,1097,23030,1923,30772,53802,,,,,,98547,103678,202225,,,,98547,103678,202225,98547,103678,202225,,,,98547,103678,202225
2024,121044,00126100,Pasadena City College,CA,17,,8,other,4256,4414,8670,15,Soccer,30,26,,,30,26,849,25462,1124,29227,54689,,,,,,184359,192768,377127,,,,184359,192768,377127,138153,197871,336024,,,,138153,197871,336024
2024,136400,01065200,Pasco-Hernando State College,FL,13,,3,NJCAA,1320,1755,3075,15,Soccer,,21,,,0,21,0,0,1069,22440,22440,,,,,,,135501,135501,,,,0,135501,135501,,135501,135501,,,,0,135501,135501
2024,233019,00375100,Patrick & Henry Community College,VA,14,,3,NJCAA,356,375,731,15,Soccer,34,,,,34,0,1250,42502,0,0,42502,,,,,,64602,,64602,,,,64602,0,64602,48502,,48502,,,,48502,0,48502
2024,227429,00360200,Paul Quinn College,TX,9,,2,NAIA,151,226,377,15,Soccer,21,12,,,21,12,1180,24784,2005,24054,48838,,,,,,76703,50019,126722,,,,76703,50019,126722,76703,50019,126722,,,,76703,50019,126722
2024,194392,00279500,Paul Smiths College of Arts and Science,NY,20,USCAA,8,other,362,209,571,15,Soccer,20,18,,,20,18,4068,81369,3368,60629,141998,,,,,,115369,103569,218938,,,,115369,103569,218938,115369,103569,218938,,,,115369,103569,218938
2024,176239,00243000,Pearl River Community College,MS,12,,3,NJCAA,1391,2711,4102,15,Soccer,25,20,,,25,20,3817,95430,2151,43021,138451,,,,,,291172,231826,522998,,,,291172,231826,522998,291172,231826,522998,,,,291172,231826,522998
2024,221643,01269300,Pellissippi State Community College,TN,12,,3,NJCAA,2199,2199,4398,15,Soccer,35,25,,,35,25,1807,63261,1630,40743,104004,,,,,,157327,138321,295648,,,,157327,138321,295648,157327,138321,295648,,,,157327,138321,295648
2024,236258,00378600,Peninsula College,WA,19,,8,other,306,389,695,15,Soccer,25,29,,,25,29,2148,53704,1931,55998,109702,,,,,,188426,187510,375936,,,,188426,187510,375936,188426,187510,375936,,,,188426,187510,375936
2024,366252,00339500,Pennsylvania College of Technology,PA,7,,1,NCAA,2646,1057,3703,15,Soccer,33,33,,,33,33,1592,52522,1347,44437,96959,,,,,,133531,124989,258520,,,,133531,124989,258520,133531,124989,258520,,,,133531,124989,258520
2024,214777,00332900,Pennsylvania State University-Main Campus,PA,1,,1,NCAA,21723,19725,41448,15,Soccer,27,36,,,27,36,13629,367971,18076,650736,1018707,,,,,,538565,849569,1388134,,,,538565,849569,1388134,1926335,3067352,4993687,,,,1926335,3067352,4993687
2024,214801,00332913,Pennsylvania State University-Penn State Abington,PA,7,,1,NCAA,1543,1124,2667,15,Soccer,37,23,,,37,23,1247,46154,1469,33783,79937,,,,,,140661,101819,242480,,,,140661,101819,242480,140661,101819,242480,,,,140661,101819,242480
2024,214689,00332903,Pennsylvania State University-Penn State Altoona,PA,7,,1,NCAA,1246,1067,2313,15,Soccer,24,26,,,24,26,1119,26862,1155,30025,56887,,,,,,30807,31494,62301,,,,30807,31494,62301,30807,31494,62301,,,,30807,31494,62301
2024,214698,00332904,Pennsylvania State University-Penn State Beaver,PA,20,,8,other,260,201,461,15,Soccer,15,13,,,15,13,1311,19659,1636,21274,40933,,,,,,26859,29136,55995,,,,26859,29136,55995,29136,26859,55995,,,,29136,26859,55995
2024,214704,00332906,Pennsylvania State University-Penn State Berks,PA,7,,1,NCAA,1033,728,1761,15,Soccer,28,17,,,28,17,758,21210,1274,21661,42871,,,,,,67500,68228,135728,,,,67500,68228,135728,60120,60583,120703,,,,60120,60583,120703
2024,214731,00332921,Pennsylvania State University-Penn State Brandywine,PA,7,,1,NCAA,696,426,1122,15,Soccer,28,17,,,28,17,766,21459,1087,18484,39943,,,,,,34786,29484,64270,,,,34786,29484,64270,34786,29484,64270,,,,34786,29484,64270
2024,214591,00332905,Pennsylvania State University-Penn State Erie-Behrend College,PA,6,,1,NCAA,1959,1182,3141,15,Soccer,32,30,,,32,30,2522,80692,2010,60292,140984,,,,,,135013,126162,261175,,,,135013,126162,261175,147013,139162,286175,,,,147013,139162,286175
2024,214786,00332910,Pennsylvania State University-Penn State Greater Allegheny,PA,20,,8,other,210,126,336,15,Soccer,31,,,,31,0,1281,39699,0,0,39699,,,,,,46179,,46179,,,,46179,0,46179,46179,,46179,,,,46179,0,46179
2024,214713,00332920,Pennsylvania State University-Penn State Harrisburg,PA,7,,1,NCAA,2251,1547,3798,15,Soccer,34,29,,,34,29,1006,34211,604,17509,51720,,,,,,100225,107303,207528,,,,100225,107303,207528,100225,107303,207528,,,,100225,107303,207528
2024,214768,00332909,Pennsylvania State University-Penn State Hazleton,PA,20,,8,other,270,208,478,15,Soccer,16,19,,,16,19,1067,17066,826,15699,32765,,,,,,25881,24557,50438,,,,25881,24557,50438,25455,24345,49800,,,,25455,24345,49800
2024,214670,00332902,Pennsylvania State University-Penn State Lehigh Valley,PA,20,,8,other,472,318,790,15,Soccer,25,,,,25,0,1645,41135,0,0,41135,,,,,,49532,,49532,,,,49532,0,49532,49532,,49532,,,,49532,0,49532
2024,214795,00332911,Pennsylvania State University-Penn State Mont Alto,PA,20,,8,other,211,298,509,15,Soccer,20,14,,,20,14,941,18820,904,12653,31473,,,,,,38412,32865,71277,,,,38412,32865,71277,35275,32335,67610,,,,35275,32335,67610
2024,214625,00332912,Pennsylvania State University-Penn State New Kensington,PA,20,,8,other,254,128,382,15,Soccer,30,13,,,30,13,1241,37217,455,5917,43134,,,,,,47316,12398,59714,,,,47316,12398,59714,47316,12398,59714,,,,47316,12398,59714
2024,214810,00332914,Pennsylvania State University-Penn State Schuylkill,PA,20,,8,other,213,365,578,15,Soccer,17,20,,,17,20,790,13435,1003,20064,33499,,,,,,19362,29328,48690,,,,19362,29328,48690,19362,29328,48690,,,,19362,29328,48690
2024,214652,00332915,Pennsylvania State University-Penn State Scranton,PA,20,,8,other,428,306,734,15,Soccer,28,,,,28,0,2148,60138,0,0,60138,,,,,,78423,,78423,,,,78423,0,78423,78423,,78423,,,,78423,0,78423
2024,214643,00332917,Pennsylvania State University-Penn State Wilkes-Barre,PA,20,,8,other,185,104,289,15,Soccer,14,,,,14,0,85,1189,0,0,1189,,,,,,19711,,19711,,,,19711,0,19711,19711,,19711,,,,19711,0,19711
2024,214829,00332918,Pennsylvania State University-Penn State York,PA,20,,8,other,371,224,595,15,Soccer,14,,,,14,0,1127,15776,0,0,15776,,,,,,24642,,24642,,,,24642,0,24642,24835,,24835,,,,24835,0,24835
2024,498571,00331600,Pennsylvania Western University,PA,4,,1,NCAA,2599,3864,6463,15,Soccer,28,88,,,28,88,1589,44492,1453,127898,172390,,,,,,265671,847451,1113122,,,,265671,847451,1113122,291128,876225,1167353,,,,291128,876225,1167353
2024,136473,00151300,Pensacola State College,FL,12,,3,NJCAA,1303,2252,3555,15,Soccer,,26,,,0,26,0,0,1536,39945,39945,,,,,,,148183,148183,,,,0,148183,148183,,148183,148183,,,,0,148183,148183
2024,121150,01014900,Pepperdine University,CA,3,,1,NCAA,1371,2019,3390,15,Soccer,,31,,,0,31,0,0,10577,327874,327874,,,,,,,2224032,2224032,,,,0,2224032,2224032,,2224032,2224032,,,,0,2224032,2224032
2024,199306,00295500,Pfeiffer University,NC,7,,1,NCAA,353,283,636,15,Soccer,50,21,,,50,21,902,45081,1383,29034,74115,,,,,,198243,131164,329407,,,,198243,131164,329407,228994,111037,340031,,,,228994,111037,340031
2024,105428,00107800,Phoenix College,AZ,13,,3,NJCAA,953,1435,2388,15,Soccer,25,27,,,25,27,644,16092,427,11516,27608,,,,,,136896,116156,253052,,,,136896,116156,253052,136896,116156,253052,,,,136896,116156,253052
2024,140818,00158800,Piedmont University,GA,7,,1,NCAA,367,699,1066,15,Soccer,32,36,,,32,36,2000,63989,2847,102496,166485,,,,,,186919,272369,459288,,,,186919,272369,459288,186919,272369,459288,,,,186919,272369,459288
2024,235237,00500000,Pierce College District,WA,19,,8,other,1122,1916,3038,15,Soccer,24,17,,,24,17,1434,34418,1162,19758,54176,,,,,,109512,73114,182626,,,,109512,73114,182626,99446,70489,169935,,,,99446,70489,169935
2024,105525,00726600,Pima Community College,AZ,13,,3,NJCAA,1718,1799,3517,15,Soccer,36,29,,,36,29,3609,129941,3747,108656,238597,,,,,,309137,288221,597358,,,,309137,288221,597358,309137,288221,597358,,,,309137,288221,597358
2024,155681,00192600,Pittsburg State University,KS,4,,1,NCAA,1913,1976,3889,15,Soccer,,40,,,0,40,0,0,6433,257320,257320,,,,,,,837765,837765,,,,0,837765,837765,,837765,837765,,,,0,837765,837765
2024,121257,00117200,Pitzer College,CA,6,,1,NCAA,494,701,1195,15,Soccer,32,31,,,32,31,969,31016,1195,37054,68070,,,,,,229884,246021,475905,,,,229884,246021,475905,233182,259237,492419,,,,233182,259237,492419
2024,183080,00259100,Plymouth State University,NH,6,,1,NCAA,1599,1492,3091,15,Soccer,28,29,,,28,29,1197,33511,898,26043,59554,,,,,,94566,84744,179310,,,,94566,84744,179310,96574,94492,191066,,,,96574,94492,191066
2024,121309,00126200,Point Loma Nazarene University,CA,5,,1,NCAA,988,1771,2759,15,Soccer,30,32,,,30,32,4207,126216,3184,101900,228116,,,,,,741911,832709,1574620,,,,741911,832709,1574620,741911,832709,1574620,,,,741911,832709,1574620
2024,215442,00335700,Point Park University,PA,5,,1,NCAA,754,1406,2160,15,Soccer,53,35,,,53,35,837,44365,1251,43798,88163,,,,,,849112,506056,1355168,,,,849112,506056,1355168,840210,482880,1323090,,,,840210,482880,1323090
2024,138868,00154700,Point University,GA,10,,2,NAIA,649,562,1211,15,Soccer,46,31,,,46,31,1206,55459,2162,67036,122495,,,,,,469448,403684,873132,,,,469448,403684,873132,469448,403684,873132,,,,469448,403684,873132
2024,136516,00151400,Polk State College,FL,12,,3,NJCAA,944,1546,2490,15,Soccer,,27,,,0,27,0,0,1440,38868,38868,,,,,,,268860,268860,,,,0,268860,268860,,268860,268860,,,,0,268860,268860
2024,121345,00117300,Pomona College,CA,6,,1,NCAA,740,919,1659,15,Soccer,32,31,,,32,31,969,31016,1195,37054,68070,,,,,,229884,246021,475905,,,,229884,246021,475905,233182,259237,492419,,,,233182,259237,492419
2024,241410,00393600,Pontifical Catholic University of Puerto Rico-Ponce,PR,8,Liga Atlética Interuniversitaria (LAI),8,other,1203,2189,3392,15,Soccer,19,16,,,19,16,142,2702,210,3357,6059,,,,,,31811,46286,78097,,,,31811,46286,78097,31811,46286,78097,,,,31811,46286,78097
2024,121363,00126800,Porterville College,CA,17,,8,other,476,711,1187,15,Soccer,,12,,,0,12,0,0,95,1143,1143,,,,,,,44519,44519,,,,0,44519,44519,,44519,44519,,,,0,44519,44519
2024,209746,00321300,Portland Community College,OR,19,,8,other,3737,4236,7973,15,Soccer,24,18,,,24,18,772,18528,763,13731,32259,,,,,,63401,76543,139944,,,,63401,76543,139944,63401,76543,139944,,,,63401,76543,139944
2024,209807,00321600,Portland State University,OR,2,,1,NCAA,4338,5671,10009,15,Soccer,,32,,,0,32,0,0,4999,159955,159955,,,,,,,897898,897898,,,,0,897898,897898,,897898,897898,,,,0,897898,897898
2024,130183,00140100,Post University,CT,4,,1,NCAA,1394,4021,5415,15,Soccer,36,19,,,36,19,3597,129474,2545,48361,177835,,,,,,741786,363172,1104958,,,,741786,363172,1104958,741786,363148,1104934,,,,741786,363148,1104934
2024,237701,00382711,Potomac State College of West Virginia University,WV,13,,3,NJCAA,323,464,787,15,Soccer,21,14,,,21,14,736,15462,1046,14641,30103,,,,,,67509,39331,106840,,,,67509,39331,106840,64467,39331,103798,,,,64467,39331,103798
2024,148007,00164000,Prairie State College,IL,13,,3,NJCAA,372,510,882,15,Soccer,22,20,,,22,20,1257,27650,763,15254,42904,,,,,,108900,76659,185559,,,,108900,76659,185559,108900,76659,185559,,,,108900,76659,185559
2024,227526,00363000,Prairie View A & M University,TX,2,,1,NCAA,2703,5458,8161,15,Soccer,,29,,,0,29,0,0,3806,110375,110375,,,,,,,389917,389917,,,,0,389917,389917,,389917,389917,,,,0,389917,389917
2024,155715,00193800,Pratt Community College,KS,12,,3,NJCAA,305,182,487,15,Soccer,36,31,,,36,31,139,5004,161,4991,9995,,,,,,288438,197359,485797,,,,288438,197359,485797,288438,199359,487797,,,,288438,199359,487797
2024,194578,00279800,Pratt Institute-Main,NY,7,NCAA Exploratory,1,NCAA,1063,2779,3842,15,Soccer,21,17,,,21,17,2163,45414,2051,34867,80281,,,,,,144041,127998,272039,,,,144041,127998,272039,139304,129998,269302,,,,139304,129998,269302
2024,218539,00344500,Presbyterian College,SC,8,NCAA Division I-FCS with exception of Football,8,other,424,424,848,15,Soccer,37,27,,,37,27,3114,115226,3192,86179,201405,,,,,,657127,644691,1301818,,,,657127,644691,1301818,657127,644691,1301818,,,,657127,644691,1301818
2024,163657,00208900,Prince George's Community College,MD,13,,3,NJCAA,1258,1642,2900,15,Soccer,25,,,,25,0,818,20462,0,0,20462,,,,,,37725,,37725,,,,37725,0,37725,37723,,37723,,,,37723,0,37723
2024,186131,00262700,Princeton University,NJ,2,,1,NCAA,2833,2876,5709,15,Soccer,31,26,,,31,26,9363,290267,5957,154890,445157,,,,,,736333,843061,1579394,,,,736333,843061,1579394,736333,843061,1579394,,,,736333,843061,1579394
2024,148016,00174400,Principia College,IL,7,,1,NCAA,199,137,336,15,Soccer,27,21,,,27,21,1076,29058,1173,24625,53683,,,,,,91120,87216,178336,,,,91120,87216,178336,91120,87216,178336,,,,91120,87216,178336
2024,217402,00340600,Providence College,RI,3,,1,NCAA,1910,2252,4162,15,Soccer,40,31,,,40,31,13787,551465,6102,189176,740641,,,,,,2570147,1875547,4445694,,,,2570147,1875547,4445694,2570147,1875547,4445694,,,,2570147,1875547,4445694
2024,151102,00182800,Purdue University Fort Wayne,IN,3,,1,NCAA,2431,2263,4694,15,Soccer,32,34,,,32,34,3847,123102,3171,107818,230920,,,,,,537449,600973,1138422,,,,537449,600973,1138422,476960,543562,1020522,,,,476960,543562,1020522
2024,490805,00182700,Purdue University Northwest,IN,5,,1,NCAA,2249,2357,4606,15,Soccer,36,29,,,36,29,2253,81112,2313,67078,148190,,,,,,325754,301942,627696,,,,325754,301942,627696,325754,301942,627696,,,,325754,301942,627696
2024,243780,00182500,Purdue University-Main Campus,IN,1,,1,NCAA,24972,16921,41893,15,Soccer,,36,,,0,36,0,0,14893,536136,536136,,,,,,,531926,531926,,,,0,531926,531926,,2222579,2222579,,,,0,2222579,2222579
2024,199412,00295700,Queens University of Charlotte,NC,3,,1,NCAA,456,724,1180,15,Soccer,34,37,,,34,37,4281,145561,4746,175603,321164,,,,,,789296,918134,1707430,,,,789296,918134,1707430,789296,918134,1707430,,,,789296,918134,1707430
2024,148131,00174500,Quincy University,IL,4,,1,NCAA,587,402,989,15,Soccer,47,33,,,47,33,1724,81049,1345,44392,125441,,,,,,620173,532341,1152514,,,,620173,532341,1152514,619173,532461,1151634,,,,619173,532461,1151634
2024,130226,00140200,Quinnipiac University,CT,3,,1,NCAA,2550,3854,6404,15,Soccer,27,30,,,27,30,5099,137669,6933,208004,345673,,,,,,1037697,1615256,2652953,,,,1037697,1615256,2652953,1037697,1615256,2652953,,,,1037697,1615256,2652953
2024,167534,00217500,Quinsigamond Community College,MA,14,,3,NJCAA,942,1020,1962,15,Soccer,18,,,,18,0,734,13211,0,0,13211,,,,,,23640,,23640,,,,23640,0,23640,23640,,23640,,,,23640,0,23640
2024,233277,00373200,Radford University,VA,3,,1,NCAA,2016,3488,5504,15,Soccer,37,32,,,37,32,1954,72296,2679,85743,158039,,,,,,385465,543968,929433,,,,385465,543968,929433,385465,543968,929433,,,,385465,543968,929433
2024,186201,00934400,Ramapo College of New Jersey,NJ,7,,1,NCAA,1890,2638,4528,15,Soccer,32,24,,,32,24,1538,49212,2031,48741,97953,,,,,,240212,213419,453631,,,,240212,213419,453631,235835,224862,460697,,,,235835,224862,460697
2024,207157,01026600,Randall University,OK,16,,4,NCCAA,151,95,246,15,Soccer,40,18,,,40,18,1397,55866,2372,42692,98558,,,,,,120027,106332,226359,,,,120027,106332,226359,120027,106332,226359,,,,120027,106332,226359
2024,233301,00373400,Randolph College,VA,7,,1,NCAA,283,374,657,15,Soccer,31,25,,,31,25,1086,33660,1420,35488,69148,,,,,,109912,116522,226434,,,,109912,116522,226434,109912,116522,226434,,,,109912,116522,226434
2024,233295,00373300,Randolph-Macon College,VA,6,,1,NCAA,753,860,1613,15,Soccer,36,31,,,36,31,1351,48623,1598,49527,98150,,,,,,202179,171129,373308,,,,202179,171129,373308,191055,171127,362182,,,,191055,171127,362182
2024,227687,00360300,Ranger College,TX,12,,3,NJCAA,331,416,747,15,Soccer,36,26,,,36,26,1145,41229,1397,36320,77549,,,,,,368297,346650,714947,,,,368297,346650,714947,368297,346650,714947,,,,368297,346650,714947
2024,186645,00773100,Raritan Valley Community College,NJ,13,,3,NJCAA,1415,1231,2646,15,Soccer,25,,,,25,0,1098,27451,0,0,27451,,,,,,42675,,42675,,,,42675,0,42675,42675,,42675,,,,42675,0,42675
2024,207069,00315600,Redlands Community College,OK,8,NJCAA Div I and II,8,other,228,315,543,15,Soccer,,19,,,0,19,0,0,1347,25596,25596,,,,,,,206268,206268,,,,0,206268,206268,,206268,206268,,,,0,206268,206268
2024,117052,00130800,Reedley College,CA,17,,8,other,996,870,1866,15,Soccer,,27,,,0,27,0,0,3197,86314,86314,,,,,,,183043,183043,,,,0,183043,183043,,183043,183043,,,,0,183043,183043
2024,231651,03091300,Regent University,VA,15,,4,NCCAA,1066,1624,2690,15,Soccer,26,16,,,26,16,1370,35612,1554,24858,60470,,,,,,56718,52822,109540,,,,56718,52822,109540,56718,52822,109540,,,,56718,52822,109540
2024,167598,00220600,Regis College,MA,7,,1,NCAA,188,603,791,15,Soccer,28,27,,,28,27,1016,28459,1270,34289,62748,,,,,,86814,91394,178208,,,,86814,91394,178208,86814,91394,178208,,,,86814,91394,178208
2024,127918,00136300,Regis University,CO,5,,1,NCAA,610,1243,1853,15,Soccer,35,31,,,35,31,2887,101049,2979,92358,193407,,,,,,478574,524870,1003444,,,,478574,524870,1003444,478574,524870,1003444,,,,478574,524870,1003444
2024,140872,00158900,Reinhardt University,GA,9,,2,NAIA,561,469,1030,15,Soccer,48,31,,,48,31,1239,59471,1561,48389,107860,,,,,,525431,524421,1049852,,,,525431,524421,1049852,440841,381759,822600,,,,440841,381759,822600
2024,194824,00280300,Rensselaer Polytechnic Institute,NY,6,,1,NCAA,3893,1772,5665,15,Soccer,36,30,,,36,30,1153,41518,1828,54851,96369,,,,,,188765,417900,606665,,,,188765,417900,606665,180109,221420,401529,,,,180109,221420,401529
2024,217420,00340700,Rhode Island College,RI,7,,1,NCAA,1401,2937,4338,15,Soccer,29,24,,,29,24,1140,33073,1269,30467,63540,,,,,,129987,128459,258446,,,,129987,128459,258446,129827,121496,251323,,,,129827,121496,251323
2024,221351,00351900,Rhodes College,TN,6,,1,NCAA,731,1016,1747,15,Soccer,30,35,,,30,35,2781,83439,1724,60328,143767,,,,,,217552,192534,410086,,,,217552,192534,410086,217552,192534,410086,,,,217552,192534,410086
2024,227757,00360400,Rice University,TX,1,,1,NCAA,2349,2323,4672,15,Soccer,,31,,,0,31,0,0,11974,371193,371193,,,,,,,2110252,2110252,,,,0,2110252,2110252,,2110252,2110252,,,,0,2110252,2110252
2024,233338,00370700,Richard Bland College,VA,13,,3,NJCAA,376,502,878,15,Soccer,27,14,,,27,14,2645,71424,2837,39721,111145,,,,,,221619,186271,407890,,,,221619,186271,407890,221619,186271,407890,,,,221619,186271,407890
2024,186283,00262800,Rider University,NJ,3,,1,NCAA,1305,1663,2968,15,Soccer,33,25,,,33,25,1898,62619,1790,44757,107376,,,,,,587486,664534,1252020,,,,587486,664534,1252020,587486,664534,1252020,,,,587486,664534,1252020
2024,121886,00126900,Rio Hondo College,CA,17,,8,other,2048,1872,3920,15,Soccer,31,16,,,31,16,1047,32461,1278,20454,52915,,,,,,95962,80403,176365,,,,95962,80403,176365,82082,56116,138198,,,,82082,56116,138198
2024,239628,00388400,Ripon College,WI,6,,1,NCAA,371,309,680,15,Soccer,40,31,,,40,31,1675,66980,1913,59288,126268,,,,,,150074,137366,287440,,,,150074,137366,287440,147980,137366,285346,,,,147980,137366,285346
2024,173063,00233500,Riverland Community College,MN,14,,3,NJCAA,472,436,908,15,Soccer,25,,,,25,0,1028,25694,0,0,25694,,,,,,33970,,33970,,,,33970,0,33970,33970,,33970,,,,33970,0,33970
2024,183211,00258600,Rivier University,NH,7,,1,NCAA,312,663,975,15,Soccer,33,29,,,33,29,1526,50355,1759,51007,101362,,,,,,123733,128710,252443,,,,123733,128710,252443,123733,128710,252443,,,,123733,128710,252443
2024,221397,00991400,Roane State Community College,TN,12,,3,NJCAA,750,1309,2059,15,Soccer,,21,,,0,21,0,0,2118,44474,44474,,,,,,,144761,144761,,,,0,144761,144761,,144761,144761,,,,0,144761,144761
2024,233426,00373600,Roanoke College,VA,7,,1,NCAA,822,909,1731,15,Soccer,32,27,,,32,27,1504,48122,2663,71908,120030,,,,,,189485,175646,365131,,,,189485,175646,365131,189485,175646,365131,,,,189485,175646,365131
2024,215655,00335900,Robert Morris University,PA,2,,1,NCAA,1520,1260,2780,15,Soccer,32,28,,,32,28,3379,108114,4114,115190,223304,,,,,,765720,759466,1525186,,,,765720,759466,1525186,765720,759466,1525186,,,,765720,759466,1525186
2024,194958,00280500,Roberts Wesleyan University,NY,5,,1,NCAA,367,621,988,15,Soccer,51,48,,,51,48,1934,98642,1098,52712,151354,,,,,,471427,407441,878868,,,,471427,407441,878868,453686,397954,851640,,,,453686,397954,851640
2024,174738,00237300,Rochester Community and Technical College,MN,14,,3,NJCAA,722,736,1458,15,Soccer,,14,,,0,14,0,0,1733,24260,24260,,,,,,,73297,73297,,,,0,73297,73297,,62411,62411,,,,0,62411,62411
2024,195003,00280600,Rochester Institute of Technology,NY,8,NCAA Division III & D1 M / W Hockey (no football),8,other,8364,4541,12905,15,Soccer,37,34,,,37,34,3324,122991,3146,106978,229969,,,,,,352632,316061,668693,,,,352632,316061,668693,326907,285929,612836,,,,326907,285929,612836
2024,170967,00228800,Rochester University,MI,9,,2,NAIA,291,372,663,15,Soccer,22,31,,,22,31,701,15423,993,30785,46208,,,,,,406554,354913,761467,,,,406554,354913,761467,406273,351922,758195,,,,406273,351922,758195
2024,148380,00174700,Rock Valley College,IL,13,,3,NJCAA,957,1022,1979,15,Soccer,28,20,,,28,20,971,27185,2790,55798,82983,,,,,,133448,145679,279127,,,,133448,145679,279127,125368,147411,272779,,,,125368,147411,272779
2024,148405,00174800,Rockford University,IL,6,,1,NCAA,462,468,930,15,Soccer,33,20,,,33,20,766,25293,583,11667,36960,,,,,,91552,74816,166368,,,,91552,74816,166368,91552,74816,166368,,,,91552,74816,166368
2024,179043,00249900,Rockhurst University,MO,5,,1,NCAA,569,916,1485,15,Soccer,78,58,,,78,58,969,75616,1090,63238,138854,,,,,,632316,639479,1271795,,,,632316,639479,1271795,632316,639479,1271795,,,,632316,639479,1271795
2024,195058,00287700,Rockland Community College,NY,8,NJCAA Division II and NJCAA Division III,8,other,1244,1145,2389,15,Soccer,15,,,,15,0,1221,18309,0,0,18309,,,,,,33950,,33950,,,,33950,0,33950,33950,,33950,,,,33950,0,33950
2024,180595,00253400,Rocky Mountain College,MT,9,,2,NAIA,455,371,826,15,Soccer,28,28,,,28,28,4499,125983,4480,125452,251435,,,,,,617517,487399,1104916,,,,617517,487399,1104916,617517,487399,1104916,,,,617517,487399,1104916
2024,217518,00341000,Roger Williams University,RI,7,,1,NCAA,1723,1878,3601,15,Soccer,34,27,,,34,27,1404,47734,1372,37047,84781,,,,,,117712,90460,208172,,,,117712,90460,208172,114923,88320,203243,,,,114923,88320,203243
2024,207661,00316800,Rogers State University,OK,5,,1,NCAA,859,1248,2107,15,Soccer,41,36,,,41,36,2658,108966,2416,86987,195953,,,,,,468840,445104,913944,,,,468840,445104,913944,468840,445104,913944,,,,468840,445104,913944
2024,209940,01018200,Rogue Community College,OR,19,,8,other,638,867,1505,15,Soccer,23,19,,,23,19,2424,55741,2396,45517,101258,,,,,,140424,115255,255679,,,,140424,115255,255679,140424,115255,255679,,,,140424,115255,255679
2024,136950,00151500,Rollins College,FL,5,,1,NCAA,1004,1576,2580,15,Soccer,39,24,,,39,24,1911,74528,2145,51476,126004,,,,,,809912,717011,1526923,,,,809912,717011,1526923,809912,717011,1526923,,,,809912,717011,1526923
2024,148487,00174900,Roosevelt University,IL,4,,1,NCAA,973,1543,2516,15,Soccer,34,29,,,34,29,2092,71123,2789,80886,152009,,,,,,494914,599080,1093994,,,,494914,599080,1093994,494914,599080,1093994,,,,494914,599080,1093994
2024,207670,00918500,Rose State College,OK,12,,3,NJCAA,774,1467,2241,15,Soccer,28,23,,,28,23,440,12306,623,14327,26633,,,,,,187873,188723,376596,,,,187873,188723,376596,187873,188723,376596,,,,187873,188723,376596
2024,152318,00183000,Rose-Hulman Institute of Technology,IN,6,,1,NCAA,1734,560,2294,15,Soccer,49,34,,,49,34,1887,92474,1841,62591,155065,,,,,,213982,203291,417273,,,,213982,203291,417273,213982,199732,413714,,,,213982,199732,413714
2024,215691,00336000,Rosemont College,PA,7,,1,NCAA,188,177,365,15,Soccer,30,18,,,30,18,1035,31061,1939,34899,65960,,,,,,49461,49209,98670,,,,49461,49209,98670,49461,49209,98670,,,,49461,49209,98670
2024,184205,00690104,Rowan College of South Jersey-Cumberland Campus,NJ,14,,3,NJCAA,402,643,1045,15,Soccer,22,17,,,22,17,585,12864,592,10061,22925,,,,,,27004,23201,50205,,,,27004,23201,50205,27004,23201,50205,,,,27004,23201,50205
2024,184791,00690100,Rowan College of South Jersey-Gloucester Campus,NJ,14,,3,NJCAA,1122,1513,2635,15,Soccer,29,15,,,29,15,583,16907,3061,45915,62822,,,,,,42066,71054,113120,,,,42066,71054,113120,42066,71054,113120,,,,42066,71054,113120
2024,184782,00260900,Rowan University,NJ,6,,1,NCAA,7235,6946,14181,15,Soccer,30,30,,,30,30,2673,80198,2795,83846,164044,,,,,,280830,267702,548532,,,,280830,267702,548532,220564,236806,457370,,,,220564,236806,457370
2024,167631,01193000,Roxbury Community College,MA,14,,3,NJCAA,261,426,687,15,Soccer,23,12,,,23,12,1128,25938,1328,15938,41876,,,,,,41938,25938,67876,,,,41938,25938,67876,41938,25938,67876,,,,41938,25938,67876
2024,195128,00281000,Russell Sage College,NY,7,,1,NCAA,400,815,1215,15,Soccer,37,27,,,37,27,756,27967,1122,30287,58254,,,,,,156472,171132,327604,,,,156472,171132,327604,128012,112077,240089,,,,128012,112077,240089
2024,186371,00262901,Rutgers University-Camden,NJ,7,,1,NCAA,1305,1955,3260,15,Soccer,38,33,,,38,33,1852,70394,1820,60057,130451,,,,,,140368,102762,243130,,,,140368,102762,243130,140368,102762,243130,,,,140368,102762,243130
2024,186380,00262900,Rutgers University-New Brunswick,NJ,1,,1,NCAA,18192,18378,36570,15,Soccer,28,38,,,28,38,9565,267818,10103,383915,651733,,,,,,2239058,2661648,4900706,,,,2239058,2661648,4900706,2239058,2661648,4900706,,,,2239058,2661648,4900706
2024,186399,00262902,Rutgers University-Newark,NJ,7,,1,NCAA,3246,3699,6945,15,Soccer,40,34,,,40,34,2108,84339,1350,45909,130248,,,,,,272502,201803,474305,,,,272502,201803,474305,272502,201803,474305,,,,272502,201803,474305
2024,122180,00123300,Sacramento City College,CA,17,,8,other,2024,2511,4535,15,Soccer,,23,,,0,23,0,0,765,17595,17595,,,,,,,73248,73248,,,,0,73248,73248,,73248,73248,,,,0,73248,73248
2024,130253,00140300,Sacred Heart University,CT,2,,1,NCAA,2433,4330,6763,15,Soccer,32,37,,,32,37,3095,99041,3547,131227,230268,,,,,,824136,1243993,2068129,,,,824136,1243993,2068129,824136,1243993,2068129,,,,824136,1243993,2068129
2024,122205,00891800,Saddleback College,CA,17,,8,other,3131,2927,6058,15,Soccer,32,31,,,32,31,1026,32820,1103,34189,67009,,,,,,148593,197273,345866,,,,148593,197273,345866,141287,186924,328211,,,,141287,186924,328211
2024,172051,00231400,Saginaw Valley State University,MI,4,,1,NCAA,1906,3372,5278,15,Soccer,33,35,,,33,35,3917,129245,3048,106693,235938,,,,,,668739,917701,1586440,,,,668739,917701,1586440,668739,917701,1586440,,,,668739,917701,1586440
2024,154235,00188900,Saint Ambrose University,IA,10,,2,NAIA,864,941,1805,15,Soccer,48,45,,,48,45,1195,57356,1149,51685,109041,,,,,,406244,413770,820014,,,,406244,413770,820014,388158,407213,795371,,,,388158,407213,795371
2024,183239,00258700,Saint Anselm College,NH,4,,1,NCAA,834,1235,2069,15,Soccer,38,39,,,38,39,2114,80319,2221,86603,166922,,,,,,348385,557319,905704,,,,348385,557319,905704,328902,448947,777849,,,,328902,448947,777849
2024,174783,00237700,Saint Cloud State University,MN,5,,1,NCAA,1846,2162,4008,15,Soccer,31,27,,,31,27,1889,58566,2970,80201,138767,,,,,,304234,382135,686369,,,,304234,382135,686369,304234,382135,686369,,,,304234,382135,686369
2024,227845,00362100,Saint Edward's University,TX,5,,1,NCAA,965,1413,2378,15,Soccer,38,37,,,38,37,3099,117745,3170,117272,235017,,,,,,774347,843989,1618336,,,,774347,843989,1618336,779130,837315,1616445,,,,779130,837315,1616445
2024,186618,00260000,Saint Elizabeth University,NJ,7,,1,NCAA,217,299,516,15,Soccer,36,12,,,36,12,1298,46742,2599,31191,77933,,,,,,101742,92024,193766,,,,101742,92024,193766,101742,90457,192199,,,,101742,90457,192199
2024,215743,00336600,Saint Francis University,PA,2,,1,NCAA,596,826,1422,15,Soccer,31,26,,,31,26,2624,81341,3965,103101,184442,,,,,,565442,726347,1291789,,,,565442,726347,1291789,565442,726347,1291789,,,,565442,726347,1291789
2024,161518,00205100,Saint Joseph's College of Maine,ME,7,,1,NCAA,317,483,800,15,Soccer,31,26,,,31,26,1604,49739,1591,41370,91109,,,,,,126426,119544,245970,,,,126426,119544,245970,126426,119544,245970,,,,126426,119544,245970
2024,215770,00336700,Saint Joseph's University - Philadelphia,PA,3,,1,NCAA,2195,2625,4820,15,Soccer,33,28,,,33,28,2243,74030,4961,138902,212932,,,,,,839892,1121668,1961560,,,,839892,1121668,1961560,839892,1121668,1961560,,,,839892,1121668,1961560
2024,137032,00152600,Saint Leo University,FL,5,,1,NCAA,1898,2594,4492,15,Soccer,82,66,,,82,66,968,79375,1847,121880,201255,,,,,,643702,657375,1301077,,,,643702,657375,1301077,609080,606476,1215556,,,,609080,606476,1215556
2024,179308,00247100,Saint Louis Community College,MO,13,,3,NJCAA,1753,2983,4736,15,Soccer,26,19,,,26,19,1120,29129,1308,24843,53972,,,,,,125239,119650,244889,,,,125239,119650,244889,124639,118450,243089,,,,124639,118450,243089
2024,179159,00250600,Saint Louis University,MO,3,,1,NCAA,2666,4034,6700,15,Soccer,36,31,,,36,31,6551,235834,9618,298152,533986,,,,,,1664876,2080747,3745623,,,,1664876,2080747,3745623,1664876,2080747,3745623,,,,1664876,2080747,3745623
2024,236452,00379400,Saint Martin's University,WA,5,,1,NCAA,476,618,1094,15,Soccer,30,26,,,30,26,2725,81750,3267,84945,166695,,,,,,379876,379876,759752,,,,379876,379876,759752,388903,370849,759752,,,,388903,370849,759752
2024,123554,00130200,Saint Mary's College of California,CA,3,,1,NCAA,845,1002,1847,15,Soccer,35,39,,,35,39,7019,245662,5954,232223,477885,,,,,,1427481,1726727,3154208,,,,1427481,1726727,3154208,1427481,1726727,3154208,,,,1427481,1726727,3154208
2024,174817,00238000,Saint Mary's University of Minnesota,MN,7,,1,NCAA,401,478,879,15,Soccer,38,40,,,38,40,1284,48782,1475,58996,107778,,,,,,146756,165672,312428,,,,146756,165672,312428,146756,165672,312428,,,,146756,165672,312428
2024,152381,00183500,Saint Mary-of-the-Woods College,IN,9,,2,NAIA,250,524,774,15,Soccer,25,25,,,25,25,1395,34867,1217,30415,65282,,,,,,254398,218020,472418,,,,254398,218020,472418,257163,216354,473517,,,,257163,216354,473517
2024,231059,00369400,Saint Michael's College,VT,5,,1,NCAA,502,581,1083,15,Soccer,43,37,,,43,37,1780,76551,2870,106187,182738,,,,,,324468,390417,714885,,,,324468,390417,714885,324468,390417,714885,,,,324468,390417,714885
2024,239716,00389200,Saint Norbert College,WI,6,,1,NCAA,768,883,1651,15,Soccer,31,30,,,31,30,1573,48749,1490,44693,93442,,,,,,149201,126449,275650,,,,149201,126449,275650,149201,126449,275650,,,,149201,126449,275650
2024,186432,00263800,Saint Peter's University,NJ,3,,1,NCAA,850,1209,2059,15,Soccer,29,28,,,29,28,2982,86473,2058,57624,144097,,,,,,408891,363544,772435,,,,408891,363544,772435,408891,363544,772435,,,,408891,363544,772435
2024,215798,00336800,Saint Vincent College,PA,6,,1,NCAA,739,507,1246,15,Soccer,36,31,,,36,31,1238,44570,1833,56824,101394,,,,,,132528,137972,270500,,,,132528,137972,270500,132528,137972,270500,,,,132528,137972,270500
2024,148627,00176800,Saint Xavier University,IL,10,,2,NAIA,1140,1800,2940,15,Soccer,40,31,,,40,31,877,35083,547,16956,52039,,,,,,369178,245342,614520,,,,369178,245342,614520,369178,245342,614520,,,,369178,245342,614520
2024,167729,00218800,Salem State University,MA,7,,1,NCAA,1373,2349,3722,15,Soccer,27,22,,,27,22,1236,33361,1445,31790,65151,,,,,,51902,51087,102989,,,,51902,51087,102989,51902,51087,102989,,,,51902,51087,102989
2024,237783,00382000,Salem University,WV,5,,1,NCAA,287,536,823,15,Soccer,34,16,,,34,16,1078,36651,1471,23528,60179,,,,,,344978,287967,632945,,,,344978,287967,632945,341712,287615,629327,,,,341712,287615,629327
2024,163851,00209100,Salisbury University,MD,6,,1,NCAA,2526,3289,5815,15,Soccer,35,38,,,35,38,2229,78027,1905,72372,150399,,,,,,240752,202087,442839,,,,240752,202087,442839,240752,202087,442839,,,,240752,202087,442839
2024,230746,00522000,Salt Lake Community College,UT,12,,3,NJCAA,2732,3309,6041,15,Soccer,32,27,,,32,27,3978,127291,4133,111598,238889,,,,,,510018,473893,983911,,,,510018,473893,983911,510018,473893,983911,,,,510018,473893,983911
2024,217536,00341100,Salve Regina University,RI,6,,1,NCAA,633,1437,2070,15,Soccer,36,35,,,36,35,1468,52857,1211,42399,95256,,,,,,169888,132488,302376,,,,169888,132488,302376,154856,120543,275399,,,,154856,120543,275399
2024,227881,00360600,Sam Houston State University,TX,1,,1,NCAA,5571,9254,14825,15,Soccer,,27,,,0,27,0,0,8849,238923,238923,,,,,,,877262,877262,,,,0,877262,877262,,877262,877262,,,,0,877262,877262
2024,102049,00103600,Samford University,AL,2,,1,NCAA,1446,2702,4148,15,Soccer,,32,,,0,32,0,0,3789,121235,121235,,,,,,,1218316,1218316,,,,0,1218316,1218316,,1175497,1175497,,,,0,1175497,1175497
2024,123527,00127200,San Bernardino Valley College,CA,17,,8,other,1657,1852,3509,15,Soccer,38,26,,,38,26,447,16982,678,17623,34605,,,,,,74584,82321,156905,,,,74584,82321,156905,74584,82321,156905,,,,74584,82321,156905
2024,122339,00127300,San Diego City College,CA,17,,8,other,609,579,1188,15,Soccer,23,16,,,23,16,325,7475,366,5860,13335,,,,,,68578,63997,132575,,,,68578,63997,132575,68578,63997,132575,,,,68578,63997,132575
2024,122375,00127500,San Diego Mesa College,CA,17,,8,other,1413,1399,2812,15,Soccer,34,24,,,34,24,305,10379,387,9289,19668,,,,,,78251,74972,153223,,,,78251,74972,153223,78251,74972,153223,,,,78251,74972,153223
2024,122384,01182000,San Diego Miramar College,CA,17,,8,other,981,580,1561,15,Soccer,,20,,,0,20,0,0,772,15449,15449,,,,,,,91522,91522,,,,0,91522,91522,,87418,87418,,,,0,87418,87418
2024,122409,00115100,San Diego State University,CA,1,,1,NCAA,13759,18371,32130,15,Soccer,28,28,,,28,28,12975,363289,12739,356691,719980,,,,,,1631712,1660377,3292089,,,,1631712,1660377,3292089,1323404,1601916,2925320,,,,1323404,1601916,2925320
2024,122597,00115400,San Francisco State University,CA,5,,1,NCAA,6932,8341,15273,15,Soccer,31,32,,,31,32,1570,48680,1757,56219,104899,,,,,,387819,375787,763606,,,,387819,375787,763606,387819,375787,763606,,,,387819,375787,763606
2024,122658,00128000,San Joaquin Delta College,CA,17,,8,other,3916,5025,8941,15,Soccer,27,25,,,27,25,1011,27302,659,16486,43788,,,,,,143683,113558,257241,,,,143683,113558,257241,138797,122034,260831,,,,138797,122034,260831
2024,122755,00115500,San Jose State University,CA,1,,1,NCAA,11661,10994,22655,15,Soccer,32,31,,,32,31,4460,142704,5809,180083,322787,,,,,,841413,1328522,2169935,,,,841413,1328522,2169935,841413,1328522,2169935,,,,841413,1328522,2169935
2024,121619,00128400,Santa Ana College,CA,17,,8,other,2163,2089,4252,15,Soccer,34,25,,,34,25,775,26355,933,23325,49680,,,,,,85657,84882,170539,,,,85657,84882,170539,85657,84882,170539,,,,85657,84882,170539
2024,122889,00128500,Santa Barbara City College,CA,17,,8,other,2158,2553,4711,15,Soccer,35,31,,,35,31,1185,41466,1481,45920,87386,,,,,,118129,114220,232349,,,,118129,114220,232349,118129,114220,232349,,,,118129,114220,232349
2024,122931,00132600,Santa Clara University,CA,3,,1,NCAA,3225,3194,6419,15,Soccer,29,35,,,29,35,7696,223196,12833,449169,672365,,,,,,1771438,2922370,4693808,,,,1771438,2922370,4693808,1771438,2922370,4693808,,,,1771438,2922370,4693808
2024,122977,00128600,Santa Monica College,CA,17,,8,other,4361,4945,9306,15,Soccer,37,27,,,37,27,428,15824,633,17102,32926,,,,,,140977,121775,262752,,,,140977,121775,262752,140977,121775,262752,,,,140977,121775,262752
2024,123013,00128700,Santa Rosa Junior College,CA,17,,8,other,2462,2534,4996,15,Soccer,43,28,,,43,28,1292,55556,1573,44044,99600,,,,,,206978,167563,374541,,,,206978,167563,374541,194337,155613,349950,,,,194337,155613,349950
2024,399212,03695700,Santiago Canyon College,CA,17,,8,other,1061,1008,2069,15,Soccer,35,25,,,35,25,488,17082,1015,25371,42453,,,,,,77799,214270,292069,,,,77799,214270,292069,77799,214270,292069,,,,77799,214270,292069
2024,195304,00281300,Sarah Lawrence College,NY,7,,1,NCAA,303,1207,1510,15,Soccer,32,22,,,32,22,807,25832,1011,22247,48079,,,,,,75879,73964,149843,,,,75879,73964,149843,75879,73964,149843,,,,75879,73964,149843
2024,140951,02141500,Savannah College of Art and Design,GA,10,,2,NAIA,3934,9461,13395,15,Soccer,26,29,,,26,29,3577,93007,5865,170093,263100,,,,,,531395,723394,1254789,,,,531395,723394,1254789,531345,708094,1239439,,,,531345,708094,1239439
2024,172200,00231500,Schoolcraft Community College District,MI,13,,3,NJCAA,1482,1548,3030,15,Soccer,32,23,,,32,23,1289,41251,3454,79432,120683,,,,,,93189,93030,186219,,,,93189,93030,186219,91422,98641,190063,,,,91422,98641,190063
2024,228042,00361000,Schreiner University,TX,7,,1,NCAA,483,544,1027,15,Soccer,52,28,,,52,28,1257,65354,1957,54801,120155,,,,,,205870,134008,339878,,,,205870,134008,339878,199822,133237,333059,,,,199822,133237,333059
2024,105747,00830400,Scottsdale Community College,AZ,13,,3,NJCAA,717,791,1508,15,Soccer,25,28,,,25,28,680,16998,612,17124,34122,,,,,,50103,111167,161270,,,,50103,111167,161270,50103,111167,161270,,,,50103,111167,161270
2024,236577,00378800,Seattle Pacific University,WA,5,,1,NCAA,594,1113,1707,15,Soccer,28,23,,,28,23,1882,52689,2313,53190,105879,,,,,,588383,578343,1166726,,,,588383,578343,1166726,588383,578343,1166726,,,,588383,578343,1166726
2024,236595,00379000,Seattle University,WA,3,,1,NCAA,1560,2406,3966,15,Soccer,30,32,,,30,32,11084,332533,9616,307713,640246,,,,,,1429949,1748614,3178563,,,,1429949,1748614,3178563,1404449,1748614,3153063,,,,1404449,1748614,3153063
2024,207740,00317800,Seminole State College,OK,12,,3,NJCAA,231,442,673,15,Soccer,,24,,,0,24,0,0,1226,29432,29432,,,,,,,356279,356279,,,,0,356279,356279,,356279,356279,,,,0,356279,356279
2024,186584,00263200,Seton Hall University,NJ,3,,1,NCAA,2574,3334,5908,15,Soccer,34,31,,,34,31,8735,296975,7610,235920,532895,,,,,,1433534,1576966,3010500,,,,1433534,1576966,3010500,1433534,1576966,3010500,,,,1433534,1576966,3010500
2024,215947,00336200,Seton Hill University,PA,4,,1,NCAA,522,872,1394,15,Soccer,60,39,,,60,39,1563,93760,1608,62702,156462,,,,,,494272,469339,963611,,,,494272,469339,963611,494272,469339,963611,,,,494272,469339,963611
2024,155858,00822800,Seward County Community College,KS,12,,3,NJCAA,325,409,734,15,Soccer,43,26,,,43,26,651,27983,1508,39200,67183,,,,,,229300,273800,503100,,,,229300,273800,503100,229300,273800,503100,,,,229300,273800,503100
2024,123299,00128900,Shasta College,CA,17,,8,other,1283,1780,3063,15,Soccer,23,18,,,23,18,542,12472,964,17343,29815,,,,,,27895,36294,64189,,,,27895,36294,64189,27895,36294,64189,,,,27895,36294,64189
2024,199643,00296200,Shaw University,NC,4,,1,NCAA,411,410,821,15,Soccer,39,34,,,39,34,1423,55491,2083,70826,126317,,,,,,298508,327017,625525,,,,298508,327017,625525,298508,327017,625525,,,,298508,327017,625525
2024,205443,00994200,Shawnee State University,OH,9,,2,NAIA,833,1105,1938,15,Soccer,22,20,,,22,20,1604,35286,1666,33324,68610,,,,,,262162,234997,497159,,,,262162,234997,497159,244719,222197,466916,,,,244719,222197,466916
2024,233541,00373700,Shenandoah University,VA,6,,1,NCAA,874,1183,2057,15,Soccer,30,36,,,30,36,956,28678,741,26665,55343,,,,,,156359,171436,327795,,,,156359,171436,327795,156359,171436,327795,,,,156359,171436,327795
2024,237792,00382200,Shepherd University,WV,4,,1,NCAA,856,1291,2147,15,Soccer,29,27,,,29,27,1572,45589,2596,70079,115668,,,,,,196296,295125,491421,,,,196296,295125,491421,196296,295125,491421,,,,196296,295125,491421
2024,216010,00332600,Shippensburg University of Pennsylvania,PA,4,,1,NCAA,1897,1965,3862,15,Soccer,27,31,,,27,31,1596,43105,1453,45029,88134,,,,,,212417,219460,431877,,,,212417,219460,431877,213062,223788,436850,,,,213062,223788,436850
2024,236610,00379100,Shoreline Community College,WA,19,,8,other,724,816,1540,15,Soccer,30,,,,30,0,592,17757,0,0,17757,,,,,,38372,,38372,,,,38372,0,38372,38372,,38372,,,,38372,0,38372
2024,140988,00159100,Shorter University,GA,4,,1,NCAA,505,475,980,15,Soccer,30,24,,,30,24,1362,40851,1655,39724,80575,,,,,,336126,280995,617121,,,,336126,280995,617121,336126,280995,617121,,,,336126,280995,617121
2024,195474,00281600,Siena College,NY,3,,1,NCAA,1522,1809,3331,15,Soccer,36,25,,,36,25,261,9379,389,9736,19115,,,,,,872366,1079985,1952351,,,,872366,1079985,1952351,871310,1003471,1874781,,,,871310,1003471,1874781
2024,172264,00231600,Siena Heights University,MI,10,,2,NAIA,540,587,1127,15,Soccer,48,55,,,48,55,1263,60631,2250,123771,184402,,,,,,495456,745680,1241136,,,,495456,745680,1241136,461997,636246,1098243,,,,461997,636246,1098243
2024,123341,00129000,Sierra College,CA,17,,8,other,3124,3396,6520,15,Soccer,,31,,,0,31,0,0,1602,49676,49676,,,,,,,193079,193079,,,,0,193079,193079,,169504,169504,,,,0,169504,169504
2024,800001,00844400,Simon Fraser University,,5,,1,NCAA,6187,6909,13096,15,Soccer,28,29,,,28,29,4715,132008,5804,168323,300331,,,,,,639791,454099,1093890,,,,639791,454099,1093890,653177,531147,1184324,,,,653177,531147,1184324
2024,154350,00188700,Simpson College,IA,6,,1,NCAA,601,600,1201,15,Soccer,48,43,,,48,43,639,30665,2606,112052,142717,,,,,,150010,235457,385467,,,,150010,235457,385467,136998,222642,359640,,,,136998,222642,359640
2024,123457,00129100,Simpson University,CA,10,,2,NAIA,394,337,731,15,Soccer,30,35,,,30,35,1815,54441,1057,36990,91431,,,,,,632587,1006018,1638605,,,,632587,1006018,1638605,632587,1006018,1638605,,,,632587,1006018,1638605
2024,236638,00379200,Skagit Valley College,WA,19,,8,other,708,979,1687,15,Soccer,24,25,,,24,25,638,15320,898,22459,37779,,,,,,49733,50905,100638,,,,49733,50905,100638,49733,50905,100638,,,,49733,50905,100638
2024,195526,00281400,Skidmore College,NY,7,,1,NCAA,1068,1600,2668,15,Soccer,32,28,,,32,28,1691,54105,2157,60408,114513,,,,,,192349,172215,364564,,,,192349,172215,364564,192349,172215,364564,,,,192349,172215,364564
2024,123509,00771300,Skyline College,CA,17,,8,other,968,1017,1985,15,Soccer,40,24,,,40,24,728,29120,688,16512,45632,,,,,,115328,107458,222786,,,,115328,107458,222786,115328,107458,222786,,,,115328,107458,222786
2024,216038,00332700,Slippery Rock University of Pennsylvania,PA,4,,1,NCAA,2845,3581,6426,15,Soccer,31,28,,,31,28,1935,59997,2264,63403,123400,,,,,,239543,316842,556385,,,,239543,316842,556385,223291,318328,541619,,,,223291,318328,541619
2024,230597,00367900,Snow College,UT,12,,3,NJCAA,1271,1540,2811,15,Soccer,28,26,,,28,26,3225,90300,3166,82322,172622,,,,,,245753,247238,492991,,,,245753,247238,492991,245753,247238,492991,,,,245753,247238,492991
2024,399911,03814400,Soka University of America,CA,10,,2,NAIA,185,299,484,15,Soccer,24,23,,,24,23,2014,48325,2892,66508,114833,,,,,,388861,388008,776869,,,,388861,388008,776869,344344,330067,674411,,,,344344,330067,674411
2024,123563,00129200,Solano Community College,CA,17,,8,other,1282,1580,2862,15,Soccer,,24,,,0,24,0,0,1175,28200,28200,,,,,,,117073,117073,,,,0,117073,117073,,117073,117073,,,,0,117073,117073
2024,123572,00115600,Sonoma State University,CA,5,,1,NCAA,1821,2741,4562,15,Soccer,30,31,,,30,31,3150,94487,3189,98844,193331,,,,,,511008,529230,1040238,,,,511008,529230,1040238,511008,529230,1040238,,,,511008,529230,1040238
2024,218733,00344600,South Carolina State University,SC,2,,1,NCAA,1221,1468,2689,15,Soccer,,24,,,0,24,0,0,2599,62367,62367,,,,,,,315513,315513,,,,0,315513,315513,,315513,315513,,,,0,315513,315513
2024,219347,00347000,South Dakota School of Mines and Technology,SD,4,,1,NCAA,1426,368,1794,15,Soccer,34,,,,34,0,2034,69152,0,0,69152,,,,,,232533,,232533,,,,232533,0,232533,232533,,232533,,,,232533,0,232533
2024,219356,00347100,South Dakota State University,SD,2,,1,NCAA,3743,4382,8125,15,Soccer,,28,,,0,28,0,0,7023,196646,196646,,,,,,,914339,914339,,,,0,914339,914339,,914339,914339,,,,0,914339,914339
2024,482699,00159200,South Georgia State College,GA,12,,3,NJCAA,368,616,984,15,Soccer,,18,,,0,18,0,0,463,8341,8341,,,,,,,64523,64523,,,,0,64523,64523,,54555,54555,,,,0,54555,54555
2024,105792,02146600,South Mountain Community College,AZ,13,,3,NJCAA,567,827,1394,15,Soccer,24,,,,24,0,245,5875,0,0,5875,,,,,,40339,,40339,,,,40339,0,40339,29079,,29079,,,,29079,0,29079
2024,236656,00537200,South Puget Sound Community College,WA,19,,8,other,762,1018,1780,15,Soccer,20,17,,,20,17,2835,56704,2418,41108,97812,,,,,,103382,103476,206858,,,,103382,103476,206858,103382,103476,206858,,,,103382,103476,206858
2024,149365,00176900,South Suburban College,IL,13,,3,NJCAA,293,487,780,15,Soccer,24,20,,,24,20,831,19952,998,19952,39904,,,,,,117912,124789,242701,,,,117912,124789,242701,117912,124789,242701,,,,117912,124789,242701
2024,181640,02508300,Southeast Community College Area,NE,13,,3,NJCAA,1988,1414,3402,15,Soccer,33,16,,,33,16,1072,35370,1101,17618,52988,,,,,,139662,81717,221379,,,,139662,81717,221379,134633,80340,214973,,,,134633,80340,214973
2024,179557,00250100,Southeast Missouri State University,MO,2,,1,NCAA,2307,3341,5648,15,Soccer,,24,,,0,24,0,0,5471,131296,131296,,,,,,,524702,524702,,,,0,524702,524702,,524702,524702,,,,0,524702,524702
2024,154378,00184800,Southeastern Community College,IA,8,NJCAA Division I and II,8,other,485,654,1139,15,Soccer,58,21,,,58,21,992,57535,1475,30966,88501,,,,,,159862,135626,295488,,,,159862,135626,295488,159862,135626,295488,,,,159862,135626,295488
2024,160612,00202400,Southeastern Louisiana University,LA,2,,1,NCAA,3055,4955,8010,15,Soccer,,34,,,0,34,0,0,3711,126177,126177,,,,,,,700963,700963,,,,0,700963,700963,,700963,700963,,,,0,700963,700963
2024,137564,00152100,Southeastern University,FL,9,,2,NAIA,1718,2516,4234,15,Soccer,34,36,,,34,36,1699,57775,1064,38301,96076,,,,,,502654,438514,941168,,,,502654,438514,941168,499894,431917,931811,,,,499894,431917,931811
2024,130493,00140600,Southern Connecticut State University,CT,4,,1,NCAA,2159,3321,5480,15,Soccer,31,30,,,31,30,1602,49669,1677,50302,99971,,,,,,555240,506519,1061759,,,,555240,506519,1061759,555240,506519,1061759,,,,555240,506519,1061759
2024,149231,00175900,Southern Illinois University Edwardsville,IL,3,,1,NCAA,3173,4281,7454,15,Soccer,27,30,,,27,30,4645,125425,3111,93321,218746,,,,,,807168,589523,1396691,,,,807168,589523,1396691,807168,589523,1396691,,,,807168,589523,1396691
2024,149222,00175800,Southern Illinois University-Carbondale,IL,2,,1,NCAA,3409,3938,7347,15,Soccer,,34,,,0,34,0,0,3900,132600,132600,,,,,,,721864,721864,,,,0,721864,721864,,721864,721864,,,,0,721864,721864
2024,161545,00552500,Southern Maine Community College,ME,20,,8,other,1303,1540,2843,15,Soccer,24,18,,,24,18,751,18018,1063,19135,37153,,,,,,33941,35058,68999,,,,33941,35058,68999,33941,35058,68999,,,,33941,35058,68999
2024,228246,00361300,Southern Methodist University,TX,1,,1,NCAA,3477,3668,7145,15,Soccer,33,31,,,33,31,18149,598912,18753,581329,1180241,,,,,,2857263,3063751,5921014,,,,2857263,3063751,5921014,2857263,3063751,5921014,,,,2857263,3063751,5921014
2024,206862,00314900,Southern Nazarene University,OK,4,,1,NCAA,578,606,1184,15,Soccer,51,31,,,51,31,1732,88317,2287,70905,159222,,,,,,509939,515153,1025092,,,,509939,515153,1025092,544630,547130,1091760,,,,544630,547130,1091760
2024,183026,00258000,Southern New Hampshire University,NH,5,,1,NCAA,20716,32943,53659,15,Soccer,33,30,,,33,30,1926,63569,1995,59840,123409,,,,,,557655,513434,1071089,,,,557655,513434,1071089,557655,513434,1071089,,,,557655,513434,1071089
2024,210146,00321900,Southern Oregon University,OR,10,,2,NAIA,837,1441,2278,15,Soccer,30,31,,,30,31,2224,66718,2030,62941,129659,,,,,,375314,273137,648451,,,,375314,273137,648451,375314,273137,648451,,,,375314,273137,648451
2024,251260,00104000,Southern Union State Community College,AL,12,,3,NJCAA,1279,1257,2536,15,Soccer,40,29,,,40,29,1421,56822,1645,47715,104537,,,,,,377048,272643,649691,,,,377048,272643,649691,377048,272643,649691,,,,377048,272643,649691
2024,160621,00202500,Southern University and A & M College,LA,2,,1,NCAA,1818,3721,5539,15,Soccer,,30,,,0,30,0,0,2955,88655,88655,,,,,,,322078,322078,,,,0,322078,322078,,430600,430600,,,,0,430600,430600
2024,230603,00367800,Southern Utah University,UT,2,,1,NCAA,3470,4414,7884,15,Soccer,,28,,,0,28,0,0,6706,187770,187770,,,,,,,892028,892028,,,,0,892028,892028,,826263,826263,,,,0,826263,826263
2024,233611,00373800,Southern Virginia University,VA,6,,1,NCAA,484,429,913,15,Soccer,31,29,,,31,29,3098,96026,2835,82217,178243,,,,,,193765,181740,375505,,,,193765,181740,375505,193765,181740,375505,,,,193765,181740,375505
2024,217776,00342200,Southern Wesleyan University,SC,5,,1,NCAA,254,329,583,15,Soccer,31,29,,,31,29,2127,65924,2363,68530,134454,,,,,,307209,306674,613883,,,,307209,306674,613883,307209,306674,613883,,,,307209,306674,613883
2024,179326,00250200,Southwest Baptist University,MO,4,,1,NCAA,447,610,1057,15,Soccer,35,40,,,35,40,1378,48225,1371,54849,103074,,,,,,311394,440821,752215,,,,311394,440821,752215,311394,440821,752215,,,,311394,440821,752215
2024,175078,00237500,Southwest Minnesota State University,MN,4,,1,NCAA,609,1034,1643,15,Soccer,,27,,,0,27,0,0,2542,68621,68621,,,,,,,230414,230414,,,,0,230414,230414,,230414,230414,,,,0,230414,230414
2024,176354,00243600,Southwest Mississippi Community College,MS,12,,3,NJCAA,527,758,1285,15,Soccer,26,20,,,26,20,1755,45628,2388,47754,93382,,,,,,325250,245953,571203,,,,325250,245953,571203,325250,245953,571203,,,,325250,245953,571203
2024,221485,01043900,Southwest Tennessee Community College,TN,12,,3,NJCAA,926,1835,2761,15,Soccer,,17,,,0,17,0,0,4301,73121,73121,,,,,,,307257,307257,,,,0,307257,307257,,307257,307257,,,,0,307257,307257
2024,233648,00726000,Southwest Virginia Community College,VA,8,NJCAA - Multiple Divisions Based On Sports,8,other,429,543,972,15,Soccer,24,14,,,24,14,1465,35155,2297,32155,67310,,,,,,176675,154821,331496,,,,176675,154821,331496,176675,154821,331496,,,,176675,154821,331496
2024,228468,00361900,Southwestern Adventist University,TX,16,,4,NCCAA,229,301,530,15,Soccer,25,21,,,25,21,771,19281,3904,81976,101257,,,,,,47343,64913,112256,,,,47343,64913,112256,33462,96569,130031,,,,33462,96569,130031
2024,207856,00318000,Southwestern Christian University,OK,9,,2,NAIA,209,127,336,15,Soccer,30,21,,,30,21,1495,44863,1846,38762,83625,,,,,,358608,303255,661863,,,,358608,303255,661863,358608,303255,661863,,,,358608,303255,661863
2024,155900,00194000,Southwestern College,KS,10,,2,NAIA,400,208,608,15,Soccer,48,33,,,48,33,245,11768,381,12582,24350,,,,,,516146,423394,939540,,,,516146,423394,939540,504452,410129,914581,,,,504452,410129,914581
2024,123800,00129400,Southwestern College,CA,17,,8,other,3822,4237,8059,15,Soccer,34,28,,,34,28,233,7922,357,9996,17918,,,,,,65613,70631,136244,,,,65613,70631,136244,66276,69247,135523,,,,66276,69247,135523
2024,143215,00163600,Southwestern Illinois College,IL,12,,3,NJCAA,1300,1404,2704,15,Soccer,26,23,,,26,23,2296,59684,3265,75105,134789,,,,,,375155,326592,701747,,,,375155,326592,701747,375155,326592,701747,,,,375155,326592,701747
2024,207865,00318100,Southwestern Oklahoma State University,OK,4,,1,NCAA,1181,1784,2965,15,Soccer,,30,,,0,30,0,0,2589,77660,77660,,,,,,,338218,338218,,,,0,338218,338218,,338218,338218,,,,0,338218,338218
2024,210155,00322000,Southwestern Oregon Community College,OR,8,NWAC and NJCAA D-1,8,other,327,444,771,15,Soccer,30,21,,,30,21,1454,43614,1523,31984,75598,,,,,,112604,84177,196781,,,,112604,84177,196781,112604,84177,196781,,,,112604,84177,196781
2024,228343,00362000,Southwestern University,TX,6,,1,NCAA,646,777,1423,15,Soccer,27,35,,,27,35,3331,89929,2338,81833,171762,,,,,,279684,259548,539232,,,,279684,259548,539232,253147,229885,483032,,,,253147,229885,483032
2024,157757,00196000,Spalding University,KY,7,,1,NCAA,210,308,518,15,Soccer,36,29,,,36,29,3283,118187,2500,72486,190673,,,,,,174514,162389,336903,,,,174514,162389,336903,174514,162389,336903,,,,174514,162389,336903
2024,218821,00344700,Spartanburg Methodist College,SC,9,,2,NAIA,471,623,1094,15,Soccer,40,30,,,40,30,1527,61075,1674,50231,111306,,,,,,278854,218866,497720,,,,278854,218866,497720,278854,218866,497720,,,,278854,218866,497720
2024,236708,00954400,Spokane Falls Community College,WA,19,,8,other,921,1262,2183,15,Soccer,34,23,,,34,23,902,30659,1947,44771,75430,,,,,,81779,93818,175597,,,,81779,93818,175597,81779,93818,175597,,,,81779,93818,175597
2024,172334,00231800,Spring Arbor University,MI,10,,2,NAIA,326,575,901,15,Soccer,42,48,,,42,48,1372,57611,1304,62580,120191,,,,,,624959,520943,1145902,,,,624959,520943,1145902,635027,499908,1134935,,,,635027,499908,1134935
2024,102234,00104100,Spring Hill College,AL,5,,1,NCAA,325,432,757,15,Soccer,28,29,,,28,29,3426,95923,3299,95675,191598,,,,,,500882,573575,1074457,,,,500882,573575,1074457,472827,547681,1020508,,,,472827,547681,1020508
2024,167899,00221100,Springfield College,MA,6,,1,NCAA,892,845,1737,15,Soccer,31,35,,,31,35,724,22447,709,24827,47274,,,,,,198585,197088,395673,,,,198585,197088,395673,198585,197088,395673,,,,198585,197088,395673
2024,167905,00807800,Springfield Technical Community College,MA,14,,3,NJCAA,693,920,1613,15,Soccer,17,18,,,17,18,870,14790,752,13536,28326,,,,,,25507,27119,52626,,,,25507,27119,52626,20507,32119,52626,,,,20507,32119,52626
2024,195164,00281700,St Bonaventure University,NY,3,,1,NCAA,1046,958,2004,15,Soccer,32,29,,,32,29,4038,129210,4417,128103,257313,,,,,,786401,833812,1620213,,,,786401,833812,1620213,786401,833812,1620213,,,,786401,833812,1620213
2024,175005,00234200,St Catherine University,MN,7,,1,NCAA,23,1622,1645,15,Soccer,,32,,,0,32,0,0,1691,54099,54099,,,,,,,167699,167699,,,,0,167699,167699,,167699,167699,,,,0,167699,167699
2024,262031,02530600,St Charles Community College,MO,12,,3,NJCAA,1420,1772,3192,15,Soccer,23,21,,,23,21,1687,38797,2764,58045,96842,,,,,,123661,122637,246298,,,,123661,122637,246298,116857,115751,232608,,,,116857,115751,232608
2024,172291,00231000,St Clair County Community College,MI,13,,3,NJCAA,411,638,1049,15,Soccer,25,16,,,25,16,1401,35014,1044,16707,51721,,,,,,133426,62817,196243,,,,133426,62817,196243,133426,62817,196243,,,,133426,62817,196243
2024,195216,00282900,St Lawrence University,NY,6,,1,NCAA,911,1005,1916,15,Soccer,30,31,,,30,31,1351,40522,1479,45837,86359,,,,,,191941,152187,344128,,,,191941,152187,344128,191941,152187,344128,,,,191941,152187,344128
2024,174844,00238200,St Olaf College,MN,6,,1,NCAA,1270,1796,3066,15,Soccer,30,34,,,30,34,1445,43358,1349,45880,89238,,,,,,158456,150301,308757,,,,158456,150301,308757,158456,148730,307186,,,,158456,148730,307186
2024,195720,00282100,St. John Fisher University,NY,6,,1,NCAA,1060,1455,2515,15,Soccer,52,59,,,52,59,1809,94046,1013,59779,153825,,,,,,231135,188761,419896,,,,231135,188761,419896,215940,178273,394213,,,,215940,178273,394213
2024,195809,00282300,St. John's University-New York,NY,3,,1,NCAA,4147,5172,9319,15,Soccer,41,32,,,41,32,5585,229002,4947,158307,387309,,,,,,1645216,1495231,3140447,,,,1645216,1495231,3140447,1645216,1495231,3140447,,,,1645216,1495231,3140447
2024,195544,00282500,St. Joseph's University-New York,NY,7,,1,NCAA,982,1885,2867,15,Soccer,46,46,,,46,46,1312,60330,1228,56505,116835,,,,,,105580,100973,206553,,,,105580,100973,206553,105580,100973,206553,,,,105580,100973,206553
2024,163912,00209500,St. Mary's College of Maryland,MD,7,,1,NCAA,626,949,1575,15,Soccer,29,29,,,29,29,1548,44903,1449,42026,86929,,,,,,150878,134646,285524,,,,150878,134646,285524,150878,134646,285524,,,,150878,134646,285524
2024,228149,00362300,St. Mary's University,TX,5,,1,NCAA,754,1146,1900,15,Soccer,31,26,,,31,26,2922,90586,2894,75233,165819,,,,,,520854,520087,1040941,,,,520854,520087,1040941,514118,512453,1026571,,,,514118,512453,1026571
2024,195243,00283200,St. Thomas Aquinas College,NY,5,,1,NCAA,518,435,953,15,Soccer,32,22,,,32,22,1585,50732,1731,38080,88812,,,,,,437882,281059,718941,,,,437882,281059,718941,437882,281059,718941,,,,437882,281059,718941
2024,137476,00146800,St. Thomas University,FL,9,,2,NAIA,1180,840,2020,15,Soccer,48,52,,,48,52,1531,73491,1555,80856,154347,,,,,,612916,472419,1085335,,,,612916,472419,1085335,612916,472419,1085335,,,,612916,472419,1085335
2024,243744,00130500,Stanford University,CA,1,,1,NCAA,3654,3900,7554,15,Soccer,28,29,,,28,29,20277,567743,29621,859004,1426747,,,,,,2615880,3356314,5972194,,,,2615880,3356314,5972194,2615880,3356314,5972194,,,,2615880,3356314,5972194
2024,179539,00808000,State Fair Community College,MO,12,,3,NJCAA,685,1267,1952,15,Soccer,24,19,,,24,19,2306,55343,2821,53607,108950,,,,,,171719,165454,337173,,,,171719,165454,337173,171719,165454,337173,,,,171719,165454,337173
2024,196149,00284300,State University of New York at Cortland,NY,6,,1,NCAA,2722,3063,5785,15,Soccer,35,35,,,35,35,2615,91541,1918,67134,158675,,,,,,220089,184280,404369,,,,220089,184280,404369,220089,184280,404369,,,,220089,184280,404369
2024,196176,00284600,State University of New York at New Paltz,NY,7,,1,NCAA,2019,3601,5620,15,Soccer,27,27,,,27,27,1966,53093,1642,44334,97427,,,,,,181671,179078,360749,,,,181671,179078,360749,178332,161066,339398,,,,178332,161066,339398
2024,196194,00284800,State University of New York at Oswego,NY,7,,1,NCAA,2508,2622,5130,15,Soccer,33,31,,,33,31,1036,34204,1447,44855,79059,,,,,,133924,121992,255916,,,,133924,121992,255916,128726,124641,253367,,,,128726,124641,253367
2024,196246,00284900,State University of New York at Plattsburgh,NY,7,,1,NCAA,1391,2002,3393,15,Soccer,30,29,,,30,29,1136,34069,1174,34037,68106,,,,,,205899,231318,437217,,,,205899,231318,437217,210898,214980,425878,,,,210898,214980,425878
2024,228431,00362400,Stephen F Austin State University,TX,2,,1,NCAA,2911,4959,7870,15,Soccer,,31,,,0,31,0,0,5633,174612,174612,,,,,,,772752,772752,,,,0,772752,772752,,772752,772752,,,,0,772752,772752
2024,179548,00251200,Stephens College,MO,9,,2,NAIA,14,365,379,15,Soccer,,20,,,0,20,0,0,2673,53458,53458,,,,,,,447632,447632,,,,0,447632,447632,,422238,422238,,,,0,422238,422238
2024,155937,00194500,Sterling College,KS,10,,2,NAIA,294,194,488,15,Soccer,33,19,,,33,19,824,27182,796,15117,42299,,,,,,648086,145388,793474,,,,648086,145388,793474,639906,144690,784596,,,,639906,144690,784596
2024,137546,00153100,Stetson University,FL,2,,1,NCAA,976,1295,2271,15,Soccer,37,42,,,37,42,4392,162520,3941,165513,328033,,,,,,1202085,1117763,2319848,,,,1202085,1117763,2319848,1202085,1117763,2319848,,,,1202085,1117763,2319848
2024,186867,00263900,Stevens Institute of Technology,NJ,7,,1,NCAA,2748,1410,4158,15,Soccer,35,26,,,35,26,2907,101762,2719,70690,172452,,,,,,266761,237492,504253,,,,266761,237492,504253,266761,237492,504253,,,,266761,237492,504253
2024,164173,00210700,Stevenson University,MD,6,,1,NCAA,1150,1655,2805,15,Soccer,39,34,,,39,34,917,35749,1388,47201,82950,,,,,,149473,139441,288914,,,,149473,139441,288914,131951,145587,277538,,,,131951,145587,277538
2024,186876,00934500,Stockton University,NJ,7,,1,NCAA,2878,4373,7251,15,Soccer,34,36,,,34,36,1568,53304,2402,86472,139776,,,,,,236635,316964,553599,,,,236635,316964,553599,236635,316964,553599,,,,236635,316964,553599
2024,167996,00221700,Stonehill College,MA,2,,1,NCAA,1143,1362,2505,15,Soccer,36,38,,,36,38,2078,74799,3992,151686,226485,,,,,,691570,691769,1383339,,,,691570,691769,1383339,691570,691769,1383339,,,,691570,691769,1383339
2024,196097,00283800,Stony Brook University,NY,2,,1,NCAA,8309,8832,17141,15,Soccer,30,32,,,30,32,7159,214770,6847,219104,433874,,,,,,1096705,1312546,2409251,,,,1096705,1312546,2409251,1096705,1312546,2409251,,,,1096705,1312546,2409251
2024,366395,00287800,Suffolk County Community College,NY,14,,3,NJCAA,4458,4815,9273,15,Soccer,24,23,,,24,23,375,9000,391,9000,18000,,,,,,23161,56128,79289,,,,23161,56128,79289,22808,55810,78618,,,,22808,55810,78618
2024,168005,00221800,Suffolk University,MA,7,,1,NCAA,1471,2696,4167,15,Soccer,39,33,,,39,33,1387,54096,1326,43771,97867,,,,,,186977,173204,360181,,,,186977,173204,360181,186977,173204,360181,,,,186977,173204,360181
2024,228501,00362500,Sul Ross State University,TX,4,,1,NCAA,428,413,841,15,Soccer,31,24,,,31,24,1527,47327,1819,43652,90979,,,,,,130554,135011,265565,,,,130554,135011,265565,113425,126340,239765,,,,113425,126340,239765
2024,188438,00286000,SUNY Adirondack,NY,14,,3,NJCAA,601,650,1251,15,Soccer,23,,,,23,0,1095,25184,0,0,25184,,,,,,40200,,40200,,,,40200,0,40200,41928,,41928,,,,41928,0,41928
2024,196158,00284400,SUNY at Fredonia,NY,7,,1,NCAA,1176,1516,2692,15,Soccer,27,21,,,27,21,2310,62360,2948,61917,124277,,,,,,199260,180879,380139,,,,199260,180879,380139,199260,180879,380139,,,,199260,180879,380139
2024,196219,00679100,SUNY at Purchase College,NY,7,,1,NCAA,1239,1771,3010,15,Soccer,29,21,,,29,21,1115,32346,1330,27927,60273,,,,,,117264,116926,234190,,,,117264,116926,234190,117264,116926,234190,,,,117264,116926,234190
2024,196121,00284100,SUNY Brockport,NY,6,,1,NCAA,2237,3001,5238,15,Soccer,29,32,,,29,32,1707,49499,1049,33558,83057,,,,,,126914,159999,286913,,,,126914,159999,286913,126914,159999,286913,,,,126914,159999,286913
2024,189547,00286200,SUNY Broome Community College,NY,14,,3,NJCAA,855,1256,2111,15,Soccer,18,13,,,18,13,1090,19620,1566,20363,39983,,,,,,40093,45717,85810,,,,40093,45717,85810,32788,44110,76898,,,,32788,44110,76898
2024,196130,00284200,SUNY Buffalo State University,NY,6,,1,NCAA,2054,2630,4684,15,Soccer,57,33,,,57,33,4478,255235,1705,56271,311506,,,,,,469742,207558,677300,,,,469742,207558,677300,469742,207558,677300,,,,469742,207558,677300
2024,196167,00284500,SUNY College at Geneseo,NY,7,,1,NCAA,1321,2431,3752,15,Soccer,29,25,,,29,25,1770,51320,2072,51806,103126,,,,,,157004,173665,330669,,,,157004,173665,330669,154218,165244,319462,,,,154218,165244,319462
2024,196200,00285000,SUNY College at Potsdam,NY,7,,1,NCAA,764,981,1745,15,Soccer,30,25,,,30,25,1900,57006,1934,48355,105361,,,,,,166557,128302,294859,,,,166557,128302,294859,166557,128302,294859,,,,166557,128302,294859
2024,196033,00285600,SUNY College of Agriculture and Technology at Cobleskill,NY,7,,1,NCAA,762,1018,1780,15,Soccer,28,31,,,28,31,1759,49243,1169,36231,85474,,,,,,119312,72300,191612,,,,119312,72300,191612,119312,72300,191612,,,,119312,72300,191612
2024,196103,00285100,SUNY College of Environmental Science and Forestry,NY,20,,8,other,814,932,1746,15,Soccer,26,22,,,26,22,975,25356,457,10050,35406,,,,,,26090,25780,51870,,,,26090,25780,51870,31090,32010,63100,,,,31090,32010,63100
2024,196006,00285400,SUNY College of Technology at Alfred,NY,6,,1,NCAA,2145,1119,3264,15,Soccer,33,26,,,33,26,1945,64193,1906,49546,113739,,,,,,167140,157590,324730,,,,167140,157590,324730,167140,157590,324730,,,,167140,157590,324730
2024,196015,00285500,SUNY College of Technology at Canton,NY,7,,1,NCAA,1054,1289,2343,15,Soccer,30,22,,,30,22,1878,56331,2938,64630,120961,,,,,,210636,160439,371075,,,,210636,160439,371075,186563,147673,334236,,,,186563,147673,334236
2024,196024,00285700,SUNY College of Technology at Delhi,NY,7,,1,NCAA,1310,1138,2448,15,Soccer,28,30,,,28,30,1670,46767,1806,54173,100940,,,,,,100023,99181,199204,,,,100023,99181,199204,100023,96950,196973,,,,100023,96950,196973
2024,190442,00286300,SUNY Corning Community College,NY,14,,3,NJCAA,338,456,794,15,Soccer,,16,,,0,16,0,0,1033,16522,16522,,,,,,,24006,24006,,,,0,24006,24006,,24006,24006,,,,0,24006,24006
2024,196291,00285300,SUNY Maritime College,NY,6,,1,NCAA,1071,147,1218,15,Soccer,34,26,,,34,26,444,15088,472,12267,27355,,,,,,79349,64535,143884,,,,79349,64535,143884,41805,76402,118207,,,,41805,76402,118207
2024,196051,00285900,SUNY Morrisville,NY,6,,1,NCAA,1006,757,1763,15,Soccer,28,19,,,28,19,1322,37028,1611,30611,67639,,,,,,107739,100549,208288,,,,107739,100549,208288,106089,100549,206638,,,,106089,100549,206638
2024,196237,00710900,SUNY Old Westbury,NY,7,,1,NCAA,1551,2121,3672,15,Soccer,38,18,,,38,18,802,30468,583,10486,40954,,,,,,61739,52713,114452,,,,61739,52713,114452,61739,52513,114252,,,,61739,52513,114252
2024,196185,00284700,SUNY Oneonta,NY,7,,1,NCAA,1877,2705,4582,15,Soccer,34,33,,,34,33,965,32793,1270,41923,74716,,,,,,197452,156207,353659,,,,197452,156207,353659,197452,156207,353659,,,,197452,156207,353659
2024,196112,01167800,SUNY Polytechnic Institute,NY,7,,1,NCAA,1145,503,1648,15,Soccer,33,17,,,33,17,1931,63709,1990,33836,97545,,,,,,170788,107467,278255,,,,170788,107467,278255,173493,110817,284310,,,,173493,110817,284310
2024,197294,00288100,SUNY Westchester Community College,NY,14,"NJCAA Divisions I, II and III depending on sport",3,NJCAA,2267,2253,4520,15,Soccer,26,,,,26,0,1315,34178,0,0,34178,,,,,,53328,,53328,,,,53328,0,53328,53328,,53328,,,,53328,0,53328
2024,216278,00336900,Susquehanna University,PA,6,,1,NCAA,923,1227,2150,15,Soccer,32,34,,,32,34,1352,43268,1305,44380,87648,,,,,,137515,120719,258234,,,,137515,120719,258234,137515,120719,258234,,,,137515,120719,258234
2024,247603,02568800,Sussex County Community College,NJ,14,,3,NJCAA,787,578,1365,15,Soccer,27,15,,,27,15,543,14655,486,7283,21938,,,,,,44659,40086,84745,,,,44659,40086,84745,44659,40086,84745,,,,44659,40086,84745
2024,216287,00337000,Swarthmore College,PA,7,,1,NCAA,772,840,1612,15,Soccer,27,31,,,27,31,3646,98453,2818,87371,185824,,,,,,303934,350182,654116,,,,303934,350182,654116,216610,249866,466476,,,,216610,249866,466476
2024,196413,00288200,Syracuse University,NY,1,,1,NCAA,6571,8390,14961,15,Soccer,32,34,,,32,34,10209,326695,8753,297599,624294,,,,,,1254894,1258716,2513610,,,,1254894,1258716,2513610,2572355,2317361,4889716,,,,2572355,2317361,4889716
2024,155973,00194600,Tabor College,KS,9,,2,NAIA,295,195,490,15,Soccer,54,38,,,54,38,377,20334,466,17709,38043,,,,,,306816,219414,526230,,,,306816,219414,526230,296209,210411,506620,,,,296209,210411,506620
2024,236753,00379600,Tacoma Community College,WA,19,,8,other,946,1771,2717,15,Soccer,26,25,,,26,25,1432,37228,1427,35683,72911,,,,,,92104,95503,187607,,,,92104,95503,187607,92093,90445,182538,,,,92093,90445,182538
2024,124113,00130900,Taft College,CA,17,,8,other,307,616,923,15,Soccer,35,20,,,35,20,1759,61549,1719,34383,95932,,,,,,125210,85456,210666,,,,125210,85456,210666,125210,82874,208084,,,,125210,82874,208084
2024,102298,00104600,Talladega College,AL,9,,2,NAIA,413,282,695,15,Soccer,16,14,,,16,14,2221,35539,2693,37706,73245,,,,,,172156,152950,325106,,,,172156,152950,325106,172156,152950,325106,,,,172156,152950,325106
2024,228529,00363100,Tarleton State University,TX,2,,1,NCAA,4256,6822,11078,15,Soccer,,27,,,0,27,0,0,8939,241354,241354,,,,,,,1219738,1219738,,,,0,1219738,1219738,,1219738,1219738,,,,0,1219738,1219738
2024,152530,00183800,Taylor University,IN,9,,2,NAIA,916,1081,1997,15,Soccer,29,35,,,29,35,1709,49566,1463,51221,100787,,,,,,283166,331578,614744,,,,283166,331578,614744,280408,325055,605463,,,,280408,325055,605463
2024,216339,00337100,Temple University,PA,1,,1,NCAA,8655,11052,19707,15,Soccer,29,30,,,29,30,7893,228891,6106,183166,412057,,,,,,1700313,1931174,3631487,,,,1700313,1931174,3631487,1700313,1931174,3631487,,,,1700313,1931174,3631487
2024,221847,00352300,Tennessee Technological University,TN,2,,1,NCAA,4484,3619,8103,15,Soccer,,25,,,0,25,0,0,4750,118750,118750,,,,,,,719640,719640,,,,0,719640,719640,,719640,719640,,,,0,719640,719640
2024,221731,00352500,Tennessee Wesleyan University,TN,9,,2,NAIA,291,493,784,15,Soccer,54,41,,,54,41,617,33333,1597,65470,98803,,,,,,1224877,888795,2113672,,,,1224877,888795,2113672,1117000,851445,1968445,,,,1117000,851445,1968445
2024,206011,00827800,Terra State Community College,OH,13,Ohio Community College Athletic Conference (OCCAC),3,NJCAA,256,254,510,15,Soccer,18,14,,,18,14,1291,23232,1292,18083,41315,,,,,,103734,80682,184416,,,,103734,80682,184416,37113,31964,69077,,,,37113,31964,69077
2024,226152,00965100,Texas A & M International University,TX,5,,1,NCAA,2253,3228,5481,15,Soccer,31,24,,,31,24,3617,112120,4613,110702,222822,,,,,,521796,477072,998868,,,,521796,477072,998868,521796,477072,998868,,,,521796,477072,998868
2024,224147,01116100,Texas A & M University-Corpus Christi,TX,3,,1,NCAA,2592,3955,6547,15,Soccer,,29,,,0,29,0,0,6413,185966,185966,,,,,,,908268,908268,,,,0,908268,908268,,908268,908268,,,,0,908268,908268
2024,228723,00363200,Texas A&M University-College Station,TX,1,,1,NCAA,28096,25315,53411,15,Soccer,,34,,,0,34,0,0,22375,760739,760739,,,,,,,2591858,2591858,,,,0,2591858,2591858,,4516707,4516707,,,,0,4516707,4516707
2024,459949,04248500,Texas A&M University-San Antonio,TX,9,,2,NAIA,1653,2754,4407,15,Soccer,28,26,,,28,26,2625,73486,2530,65779,139265,,,,,,260863,246376,507239,,,,260863,246376,507239,259572,242666,502238,,,,259572,242666,502238
2024,224545,03170300,Texas A&M University-Texarkana,TX,9,,2,NAIA,599,922,1521,15,Soccer,54,32,,,54,32,1514,81732,1595,51031,132763,,,,,,242166,198477,440643,,,,242166,198477,440643,242166,198477,440643,,,,242166,198477,440643
2024,228875,00363600,Texas Christian University,TX,1,,1,NCAA,4172,6674,10846,15,Soccer,,38,,,0,38,0,0,19710,748966,748966,,,,,,,3389833,3389833,,,,0,3389833,3389833,,3389833,3389833,,,,0,3389833,3389833
2024,228884,00363800,Texas College,TX,9,,2,NAIA,362,191,553,15,Soccer,28,14,,,28,14,1617,45283,3159,44223,89506,,,,,,206166,152885,359051,,,,206166,152885,359051,206166,152885,359051,,,,206166,152885,359051
2024,228981,00364100,Texas Lutheran University,TX,6,,1,NCAA,593,666,1259,15,Soccer,54,28,,,54,28,1509,81484,1852,51852,133336,,,,,,215750,152214,367964,,,,215750,152214,367964,212944,190645,403589,,,,212944,190645,403589
2024,229063,00364200,Texas Southern University,TX,2,,1,NCAA,2077,3879,5956,15,Soccer,,32,,,0,32,0,0,3436,109936,109936,,,,,,,583156,583156,,,,0,583156,583156,,583156,583156,,,,0,583156,583156
2024,227377,03064600,Texas Southmost College,TX,12,,3,NJCAA,753,830,1583,15,Soccer,31,28,,,31,28,1121,34751,1121,31388,66139,,,,,,130253,127484,257737,,,,130253,127484,257737,130253,127484,257737,,,,130253,127484,257737
2024,228459,00361500,Texas State University,TX,1,,1,NCAA,12424,18614,31038,15,Soccer,,32,,,0,32,0,0,7143,228584,228584,,,,,,,1213192,1213192,,,,0,1213192,1213192,,1213192,1213192,,,,0,1213192,1213192
2024,229115,00364400,Texas Tech University,TX,1,,1,NCAA,14714,14791,29505,15,Soccer,,29,,,0,29,0,0,29295,849561,849561,,,,,,,623515,623515,,,,0,623515,623515,,3142884,3142884,,,,0,3142884,3142884
2024,229160,00364500,Texas Wesleyan University,TX,9,,2,NAIA,768,878,1646,15,Soccer,42,29,,,42,29,1439,60458,1822,52851,113309,,,,,,365987,391041,757028,,,,365987,391041,757028,350681,365744,716425,,,,350681,365744,716425
2024,229179,00364600,Texas Woman's University,TX,5,,1,NCAA,543,6334,6877,15,Soccer,,32,,,0,32,0,0,3603,115301,115301,,,,,,,527942,527942,,,,0,527942,527942,,527942,527942,,,,0,527942,527942
2024,131283,00143700,The Catholic University of America,DC,6,,1,NCAA,1409,1562,2971,15,Soccer,36,35,,,36,35,1799,64750,1520,53186,117936,,,,,,178805,137221,316026,,,,178805,137221,316026,182048,145655,327703,,,,182048,145655,327703
2024,142294,00161700,The College of Idaho,ID,10,,2,NAIA,500,531,1031,15,Soccer,33,38,,,33,38,2706,89292,4067,154562,243854,,,,,,416209,485904,902113,,,,416209,485904,902113,416209,485904,902113,,,,416209,485904,902113
2024,187134,00264200,The College of New Jersey,NJ,6,,1,NCAA,3045,3897,6942,15,Soccer,28,34,,,28,34,1478,41388,1442,49019,90407,,,,,,180507,175680,356187,,,,180507,175680,356187,180507,175680,356187,,,,180507,175680,356187
2024,174899,00234300,The College of Saint Scholastica,MN,6,,1,NCAA,582,1041,1623,15,Soccer,34,29,,,34,29,952,32366,1309,37957,70323,,,,,,460399,196849,657248,,,,460399,196849,657248,254568,253855,508423,,,,254568,253855,508423
2024,206589,00303700,The College of Wooster,OH,6,,1,NCAA,813,910,1723,15,Soccer,34,29,,,34,29,1105,37571,1178,34162,71733,,,,,,191378,213695,405073,,,,191378,213695,405073,169659,197301,366960,,,,169659,197301,366960
2024,235167,00815500,The Evergreen State College,WA,9,,2,NAIA,771,1201,1972,15,Soccer,32,31,,,32,31,2212,70780,2041,63261,134041,,,,,,156226,162700,318926,,,,156226,162700,318926,156226,162700,318926,,,,156226,162700,318926
2024,117751,00122000,The Master's University and Seminary,CA,9,,2,NAIA,584,607,1191,15,Soccer,33,26,,,33,26,2696,88981,4270,111012,199993,,,,,,633114,588908,1222022,,,,633114,588908,1222022,633114,588908,1222022,,,,633114,588908,1222022
2024,100751,00105100,The University of Alabama,AL,1,,1,NCAA,13553,17420,30973,15,Soccer,,39,,,0,39,0,0,8925,348059,348059,,,,,,,3108965,3108965,,,,0,3108965,3108965,,3108965,3108965,,,,0,3108965,3108965
2024,202763,00304500,The University of Findlay,OH,4,,1,NCAA,688,1458,2146,15,Soccer,46,36,,,46,36,501,23063,1297,46691,69754,,,,,,492165,589021,1081186,,,,492165,589021,1081186,469072,554951,1024023,,,,469072,554951,1024023
2024,180489,00253600,The University of Montana,MT,2,,1,NCAA,2810,3617,6427,15,Soccer,,36,,,0,36,0,0,1122,40401,40401,,,,,,,488965,488965,,,,0,488965,488965,,1341155,1341155,,,,0,1341155,1341155
2024,171599,00230800,The University of Olivet,MI,6,,1,NCAA,505,353,858,15,Soccer,44,25,,,44,25,622,27363,1222,30540,57903,,,,,,78888,77464,156352,,,,78888,77464,156352,78888,77464,156352,,,,78888,77464,156352
2024,137847,00153800,The University of Tampa,FL,5,,1,NCAA,4393,6000,10393,15,Soccer,42,32,,,42,32,3372,141627,4666,149325,290952,,,,,,839053,859949,1699002,,,,839053,859949,1699002,808113,845174,1653287,,,,808113,845174,1653287
2024,220701,00350400,The University of Tennessee Southern,TN,9,,2,NAIA,318,487,805,15,Soccer,47,42,,,47,42,1374,64581,1594,66951,131532,,,,,,461897,371964,833861,,,,461897,371964,833861,371964,461897,833861,,,,371964,461897,833861
2024,221740,00352900,The University of Tennessee-Chattanooga,TN,2,,1,NCAA,3799,5413,9212,15,Soccer,,27,,,0,27,0,0,6087,164344,164344,,,,,,,990859,990859,,,,0,990859,990859,,990859,990859,,,,0,990859,990859
2024,221759,00353000,The University of Tennessee-Knoxville,TN,1,,1,NCAA,13700,15842,29542,15,Soccer,,40,,,0,40,0,0,9856,394240,394240,,,,,,,283832,283832,,,,0,283832,283832,,3450190,3450190,,,,0,3450190,3450190
2024,221768,00353100,The University of Tennessee-Martin,TN,2,,1,NCAA,1738,2797,4535,15,Soccer,,24,,,0,24,0,0,4765,114350,114350,,,,,,,717144,717144,,,,0,717144,717144,,715353,715353,,,,0,715353,715353
2024,228778,00365800,The University of Texas at Austin,TX,1,,1,NCAA,16990,23564,40554,15,Soccer,,39,,,0,39,0,0,13262,517201,517201,,,,,,,1341805,1341805,,,,0,1341805,1341805,,3413500,3413500,,,,0,3413500,3413500
2024,228787,00974100,The University of Texas at Dallas,TX,5,,1,NCAA,10326,8362,18688,15,Soccer,28,25,,,28,25,3258,91220,3805,95121,186341,,,,,,288352,260555,548907,,,,288352,260555,548907,271209,264290,535499,,,,271209,264290,535499
2024,228796,00366100,The University of Texas at El Paso,TX,1,,1,NCAA,6989,8296,15285,15,Soccer,,30,,,0,30,0,0,7438,223127,223127,,,,,,,469841,469841,,,,0,469841,469841,,1144602,1144602,,,,0,1144602,1144602
2024,229027,01011500,The University of Texas at San Antonio,TX,1,,1,NCAA,11115,11932,23047,15,Soccer,,34,,,0,34,0,0,8445,287136,287136,,,,,,,1226164,1226164,,,,0,1226164,1226164,,1226164,1226164,,,,0,1226164,1226164
2024,228802,01116300,The University of Texas at Tyler,TX,5,,1,NCAA,2153,3399,5552,15,Soccer,39,36,,,39,36,2484,96857,2793,100531,197388,,,,,,629783,448263,1078046,,,,629783,448263,1078046,629783,448263,1078046,,,,629783,448263,1078046
2024,229018,00993000,The University of Texas Permian Basin,TX,4,,1,NCAA,1157,1765,2922,15,Soccer,,23,,,0,23,0,0,4237,97441,97441,,,,,,,288748,288748,,,,0,288748,288748,,386625,386625,,,,0,386625,386625
2024,227368,00359900,The University of Texas Rio Grande Valley,TX,3,,1,NCAA,9108,12318,21426,15,Soccer,28,29,,,28,29,8887,248841,5988,173651,422492,,,,,,773548,819532,1593080,,,,773548,819532,1593080,773548,819532,1593080,,,,773548,819532,1593080
2024,221519,00353400,The University of the South,TN,6,,1,NCAA,749,844,1593,15,Soccer,37,27,,,37,27,2634,97464,3422,92397,189861,,,,,,247854,249709,497563,,,,247854,249709,497563,247854,249709,497563,,,,247854,249709,497563
2024,216357,00337600,Thiel College,PA,6,,1,NCAA,406,376,782,15,Soccer,33,20,,,33,20,1236,40779,1104,22089,62868,,,,,,110606,96704,207310,,,,110606,96704,207310,110606,96704,207310,,,,110606,96704,207310
2024,161563,00205200,Thomas College,ME,7,,1,NCAA,343,299,642,15,Soccer,36,27,,,36,27,1221,43939,1094,29528,73467,,,,,,233524,89298,322822,,,,233524,89298,322822,233524,87464,320988,,,,233524,87464,320988
2024,216366,01239300,Thomas Jefferson University,PA,5,,1,NCAA,896,2443,3339,15,Soccer,30,40,,,30,40,2231,66926,2793,111705,178631,,,,,,705979,734186,1440165,,,,705979,734186,1440165,705979,734186,1440165,,,,705979,734186,1440165
2024,157809,00200100,Thomas More University,KY,4,3rd year Provisional member DII,1,NCAA,634,570,1204,15,Soccer,46,40,,,46,40,1132,52083,1447,57872,109955,,,,,,284723,344128,628851,,,,284723,344128,628851,253859,305157,559016,,,,253859,305157,559016
2024,141167,00155500,Thomas University,GA,9,,2,NAIA,254,320,574,15,Soccer,48,25,,,48,25,1147,55050,3576,89393,144443,,,,,,478142,226898,705040,,,,478142,226898,705040,315839,250170,566009,,,,315839,250170,566009
2024,206048,00312100,Tiffin University,OH,4,,1,NCAA,878,807,1685,15,Soccer,115,70,,,115,70,1107,127300,1294,90586,217886,,,,,,736847,567475,1304322,,,,736847,567475,1304322,736847,567475,1304322,,,,736847,567475,1304322
2024,141185,00159600,Toccoa Falls College,GA,16,,4,NCCAA,295,487,782,15,Soccer,25,22,,,25,22,945,23616,1019,22428,46044,,,,,,73472,32606,106078,,,,73472,32606,106078,73472,32606,106078,,,,73472,32606,106078
2024,196565,00678800,Tompkins Cortland Community College,NY,14,,3,NJCAA,417,524,941,15,Soccer,26,13,,,26,13,580,15080,1259,16367,31447,,,,,,31789,34116,65905,,,,31789,34116,65905,31789,34116,65905,,,,31789,34116,65905
2024,176406,00243900,Tougaloo College,MS,9,,2,NAIA,250,352,602,15,Soccer,18,18,,,18,18,1527,27484,1369,24633,52117,,,,,,81915,81722,163637,,,,81915,81722,163637,81915,81722,163637,,,,81915,81722,163637
2024,164076,00209900,Towson University,MD,2,,1,NCAA,5912,8469,14381,15,Soccer,,33,,,0,33,0,0,3670,121126,121126,,,,,,,1066967,1066967,,,,0,1066967,1066967,,1066967,1066967,,,,0,1066967,1066967
2024,157818,00198700,Transylvania University,KY,7,,1,NCAA,425,567,992,15,Soccer,34,30,,,34,30,1874,63714,1840,55208,118922,,,,,,148818,160147,308965,,,,148818,160147,308965,148818,160147,308965,,,,148818,160147,308965
2024,210234,00322100,Treasure Valley Community College,OR,19,NWAACC (without football),8,other,360,306,666,15,Soccer,24,19,,,24,19,778,18666,977,18568,37234,,,,,,97380,103127,200507,,,,97380,103127,200507,97380,103127,200507,,,,97380,103127,200507
2024,221892,00352600,Trevecca Nazarene University,TN,5,,1,NCAA,571,832,1403,15,Soccer,47,48,,,47,48,2237,105158,1936,92906,198064,,,,,,513266,496989,1010255,,,,513266,496989,1010255,497377,476676,974053,,,,497377,476676,974053
2024,152567,00183900,Trine University,IN,6,,1,NCAA,1406,879,2285,15,Soccer,32,44,,,32,44,1509,48280,1251,55057,103337,,,,,,142357,229423,371780,,,,142357,229423,371780,134398,233668,368066,,,,134398,233668,368066
2024,128258,00136800,Trinidad State College,CO,12,,3,NJCAA,295,302,597,15,Soccer,25,18,,,25,18,1822,45540,1774,31932,77472,,,,,,242868,217086,459954,,,,242868,217086,459954,242868,217086,459954,,,,242868,217086,459954
2024,137953,03101900,Trinity Baptist College,FL,16,,4,NCCAA,184,117,301,15,Soccer,30,14,,,30,14,561,16836,1109,15532,32368,,,,,,43336,33157,76493,,,,43336,33157,76493,43336,33157,76493,,,,43336,33157,76493
2024,200484,01205900,Trinity Bible College and Graduate School,ND,16,,4,NCCAA,48,64,112,15,Soccer,16,,,,16,0,1106,17699,0,0,17699,,,,,,31682,,31682,,,,31682,0,31682,31682,,31682,,,,31682,0,31682
2024,149505,00177100,Trinity Christian College,IL,9,,2,NAIA,333,423,756,15,Soccer,47,37,,,47,37,1382,64977,1930,71409,136386,,,,,,678781,408326,1087107,,,,678781,408326,1087107,678016,407876,1085892,,,,678016,407876,1085892
2024,130590,00141400,Trinity College,CT,6,,1,NCAA,994,1136,2130,15,Soccer,27,25,,,27,25,1832,49456,2857,71437,120893,,,,,,235439,265774,501213,,,,235439,265774,501213,235439,265774,501213,,,,235439,265774,501213
2024,229267,00364700,Trinity University,TX,6,,1,NCAA,1119,1360,2479,15,Soccer,47,32,,,47,32,3309,155535,4890,156482,312017,,,,,,428015,372710,800725,,,,428015,372710,800725,421374,379889,801263,,,,421374,379889,801263
2024,225308,00357200,Trinity Valley Community College,TX,12,,3,NJCAA,679,1026,1705,15,Soccer,,28,,,0,28,0,0,3322,93006,93006,,,,,,,468242,468242,,,,0,468242,468242,,468242,468242,,,,0,468242,468242
2024,131876,00146000,Trinity Washington University,DC,7,,1,NCAA,8,938,946,15,Soccer,,16,,,0,16,0,0,2728,43655,43655,,,,,,,52655,52655,,,,0,52655,52655,,52655,52655,,,,0,52655,52655
2024,149532,00177300,Triton College,IL,8,Variable NJCAA Division Levels,8,other,1209,1293,2502,15,Soccer,34,15,,,34,15,780,26508,1132,16974,43482,,,,,,128306,116115,244421,,,,128306,116115,244421,128306,116115,244421,,,,128306,116115,244421
2024,102368,00104700,Troy University,AL,1,,1,NCAA,2568,4444,7012,15,Soccer,,31,,,0,31,0,0,6659,206433,206433,,,,,,,837727,837727,,,,0,837727,837727,,837477,837477,,,,0,837477,837477
2024,182500,02107700,Truckee Meadows Community College,NV,12,,3,NJCAA,1245,1605,2850,15,Soccer,26,26,,,26,26,660,17171,472,12273,29444,,,,,,103856,90373,194229,,,,103856,90373,194229,103856,90373,194229,,,,103856,90373,194229
2024,141237,00159700,Truett McConnell University,GA,9,,2,NAIA,359,343,702,15,Soccer,38,45,,,38,45,1341,50953,1487,66894,117847,,,,,,470802,700398,1171200,,,,470802,700398,1171200,470802,700398,1171200,,,,470802,700398,1171200
2024,178615,00249500,Truman State University,MO,4,,1,NCAA,985,1474,2459,15,Soccer,34,33,,,34,33,1304,44347,1647,54363,98710,,,,,,214436,276491,490927,,,,214436,276491,490927,214436,276491,490927,,,,214436,276491,490927
2024,168148,00221900,Tufts University,MA,6,,1,NCAA,2993,3935,6928,15,Soccer,35,29,,,35,29,1603,56095,2532,73418,129513,,,,,,319412,301269,620681,,,,319412,301269,620681,297013,301269,598282,,,,297013,301269,598282
2024,221953,00352700,Tusculum University,TN,4,,1,NCAA,417,319,736,15,Soccer,40,37,,,40,37,1002,40090,1690,62531,102621,,,,,,354544,398527,753071,,,,354544,398527,753071,354456,392508,746964,,,,354456,392508,746964
2024,229355,00364800,Tyler Junior College,TX,12,,3,NJCAA,1873,2986,4859,15,Soccer,29,24,,,29,24,2056,59626,2573,61745,121371,,,,,,520967,492430,1013397,,,,520967,492430,1013397,520967,492430,1013397,,,,520967,492430,1013397
2024,187198,00264300,"UCNJ Union College of Union County, New Jersey",NJ,13,,3,NJCAA,1755,1938,3693,15,Soccer,28,20,,,28,20,527,14764,637,12739,27503,,,,,,32020,29621,61641,,,,32020,29621,61641,32020,28917,60937,,,,32020,28917,60937
2024,196699,00288000,Ulster County Community College,NY,13,SUNY Ulster provides NJCAA Division II & III,3,NJCAA,416,445,861,15,Soccer,35,,,,35,0,529,18532,0,0,18532,,,,,,37174,,37174,,,,37174,0,37174,35401,,35401,,,,35401,0,35401
2024,210270,00322200,Umpqua Community College,OR,19,,8,other,401,614,1015,15,Soccer,,18,,,0,18,0,0,1395,25114,25114,,,,,,,55471,55471,,,,0,55471,55471,,49774,49774,,,,0,49774,49774
2024,181738,00256300,Union Adventist University,NE,16,ACCA,4,NCCAA,188,268,456,15,Soccer,22,,,,22,0,926,20382,0,0,20382,,,,,,36564,,36564,,,,36564,0,36564,36564,,36564,,,,36564,0,36564
2024,196866,00288900,Union College,NY,6,,1,NCAA,1076,955,2031,15,Soccer,30,28,,,30,28,3221,96618,1528,42794,139412,,,,,,206740,160307,367047,,,,206740,160307,367047,233614,175156,408770,,,,233614,175156,408770
2024,157863,00198800,Union Commonwealth University,KY,9,,2,NAIA,438,267,705,15,Soccer,80,25,,,80,25,515,41228,1503,37570,78798,,,,,,1282477,604028,1886505,,,,1282477,604028,1886505,1276619,604449,1881068,,,,1276619,604449,1881068
2024,221971,00352800,Union University,TN,5,,1,NCAA,538,868,1406,15,Soccer,26,32,,,26,32,2249,58464,1726,55225,113689,,,,,,673540,641706,1315246,,,,673540,641706,1315246,672541,634465,1307006,,,,672541,634465,1307006
2024,197027,00289200,United States Merchant Marine Academy,NY,6,,1,NCAA,787,175,962,15,Soccer,36,31,,,36,31,1955,70396,2317,71831,142227,,,,,,237971,187323,425294,,,,237971,187323,425294,187774,187289,375063,,,,187774,187289,375063
2024,102395,02170600,United States Sports University,AL,20,,8,other,127,47,174,15,Soccer,33,11,,,33,11,678,22380,726,7985,30365,,,,,,207817,208538,416355,,,,207817,208538,416355,207817,208538,416355,,,,207817,208538,416355
2024,241739,02587500,Universidad Ana G. Mendez-Cupey Campus,PR,8,Liga Atlética Interuniversitaria,8,other,1164,2253,3417,15,Soccer,20,16,,,20,16,297,5942,285,4561,10503,,,,,,78199,68061,146260,,,,78199,68061,146260,78199,68061,146260,,,,78199,68061,146260
2024,243443,00393700,Universidad del Sagrado Corazon,PR,8,LAI ( LIGA ATLETICA INTERUNIVERSITARIA),8,other,1316,2577,3893,15,Soccer,22,17,,,22,17,279,6138,287,4879,11017,,,,,,69261,50333,119594,,,,69261,50333,119594,69261,50333,119594,,,,69261,50333,119594
2024,196060,00283500,University at Albany,NY,2,,1,NCAA,5459,6551,12010,15,Soccer,30,27,,,30,27,2105,63161,3040,82079,145240,,,,,,663264,658239,1321503,,,,663264,658239,1321503,674032,664500,1338532,,,,674032,664500,1338532
2024,196088,00283700,University at Buffalo,NY,1,,1,NCAA,10261,8483,18744,15,Soccer,,26,,,0,26,0,0,8589,223308,223308,,,,,,,1385417,1385417,,,,0,1385417,1385417,,1385417,1385417,,,,0,1385417,1385417
2024,200800,00312300,University of Akron Main Campus,OH,1,,1,NCAA,4314,3685,7999,15,Soccer,30,35,,,30,35,7694,230814,3731,130572,361386,,,,,,1254414,702232,1956646,,,,1254414,702232,1956646,1254414,702232,1956646,,,,1254414,702232,1956646
2024,100663,00105200,University of Alabama at Birmingham,AL,1,,1,NCAA,3484,6051,9535,15,Soccer,29,33,,,29,33,6519,189061,5985,197507,386568,,,,,,1070000,1255689,2325689,,,,1070000,1255689,2325689,1013325,1201198,2214523,,,,1013325,1201198,2214523
2024,100706,00105500,University of Alabama in Huntsville,AL,5,,1,NCAA,3460,2210,5670,15,Soccer,35,31,,,35,31,1758,61529,1721,53366,114895,,,,,,433763,440506,874269,,,,433763,440506,874269,433763,440506,874269,,,,433763,440506,874269
2024,104179,00108300,University of Arizona,AZ,1,,1,NCAA,15135,20378,35513,15,Soccer,,34,,,0,34,0,0,17438,592904,592904,,,,,,,2339596,2339596,,,,0,2339596,2339596,,2339596,2339596,,,,0,2339596,2339596
2024,106397,00110800,University of Arkansas,AR,1,,1,NCAA,11595,14697,26292,15,Soccer,,37,,,0,37,0,0,14618,540878,540878,,,,,,,172775,172775,,,,0,172775,172775,,3020704,3020704,,,,0,3020704,3020704
2024,106245,00110100,University of Arkansas at Little Rock,AR,3,,1,NCAA,1252,1837,3089,15,Soccer,,25,,,0,25,0,0,4545,113636,113636,,,,,,,577549,577549,,,,0,577549,577549,,577549,577549,,,,0,577549,577549
2024,106412,00108600,University of Arkansas at Pine Bluff,AR,2,,1,NCAA,731,904,1635,15,Soccer,,13,,,0,13,0,0,3195,41532,41532,,,,,,,328438,328438,,,,0,328438,328438,,328438,328438,,,,0,328438,328438
2024,107743,02111100,University of Arkansas Community College Rich Mountain,AR,13,,3,NJCAA,191,211,402,15,Soccer,32,15,,,32,15,886,28352,1069,16035,44387,,,,,,103234,128755,231989,,,,103234,128755,231989,103234,128755,231989,,,,103234,128755,231989
2024,128744,00141600,University of Bridgeport,CT,5,,1,NCAA,403,844,1247,15,Soccer,32,37,,,32,37,1665,53270,2432,89975,143245,,,,,,576987,675847,1252834,,,,576987,675847,1252834,568444,669775,1238219,,,,568444,669775,1238219
2024,110635,00131200,University of California-Berkeley,CA,1,,1,NCAA,13882,17692,31574,15,Soccer,42,33,,,42,33,9459,397277,7522,248227,645504,,,,,,713043,1732547,2445590,,,,713043,1732547,2445590,1577158,1732547,3309705,,,,1577158,1732547,3309705
2024,110644,00131300,University of California-Davis,CA,2,,1,NCAA,12992,18472,31464,15,Soccer,29,37,,,29,37,5711,165614,4961,183566,349180,,,,,,848468,1011428,1859896,,,,848468,1011428,1859896,848468,1011428,1859896,,,,848468,1011428,1859896
2024,110653,00131400,University of California-Irvine,CA,3,,1,NCAA,12895,16657,29552,15,Soccer,28,33,,,28,33,6858,192021,6176,203815,395836,,,,,,977517,1300557,2278074,,,,977517,1300557,2278074,977517,1300557,2278074,,,,977517,1300557,2278074
2024,110662,00131500,University of California-Los Angeles,CA,1,,1,NCAA,13032,19940,32972,15,Soccer,27,41,,,27,41,13573,366479,14238,583748,950227,,,,,,2176275,3174019,5350294,,,,2176275,3174019,5350294,2176275,3174019,5350294,,,,2176275,3174019,5350294
2024,445188,04127100,University of California-Merced,CA,10,,2,NAIA,4508,3728,8236,15,Soccer,32,24,,,32,24,3350,107203,7958,190995,298198,,,,,,319147,363975,683122,,,,319147,363975,683122,306156,361373,667529,,,,306156,361373,667529
2024,110671,00131600,University of California-Riverside,CA,3,,1,NCAA,10433,11662,22095,15,Soccer,30,28,,,30,28,6659,199758,6013,168374,368132,,,,,,1040194,871521,1911715,,,,1040194,871521,1911715,1040194,871521,1911715,,,,1040194,871521,1911715
2024,110680,00131700,University of California-San Diego,CA,3,,1,NCAA,15336,18778,34114,15,Soccer,31,31,,,31,31,8142,252396,6290,194981,447377,,,,,,1219098,1280054,2499152,,,,1219098,1280054,2499152,1219098,1280054,2499152,,,,1219098,1280054,2499152
2024,110705,00132000,University of California-Santa Barbara,CA,3,,1,NCAA,9557,13116,22673,15,Soccer,45,39,,,45,39,3956,177998,5762,224725,402723,,,,,,1960066,1225000,3185066,,,,1960066,1225000,3185066,1960066,1225000,3185066,,,,1960066,1225000,3185066
2024,110714,00132100,University of California-Santa Cruz,CA,7,,1,NCAA,8172,9242,17414,15,Soccer,29,30,,,29,30,5873,170323,5399,161980,332303,,,,,,335746,303268,639014,,,,335746,303268,639014,335746,303268,639014,,,,335746,303268,639014
2024,106704,00109200,University of Central Arkansas,AR,2,,1,NCAA,2644,4234,6878,15,Soccer,44,38,,,44,38,4952,217880,4649,176651,394531,,,,,,731631,677199,1408830,,,,731631,677199,1408830,731631,677199,1408830,,,,731631,677199,1408830
2024,132903,00395400,University of Central Florida,FL,1,,1,NCAA,19450,22678,42128,15,Soccer,27,30,,,27,30,11023,297616,10609,318264,615880,,,,,,3293275,3685441,6978716,,,,3293275,3685441,6978716,1862097,1900711,3762808,,,,1862097,1900711,3762808
2024,176965,00245400,University of Central Missouri,MO,4,,1,NCAA,2300,2557,4857,15,Soccer,,28,,,0,28,0,0,2810,78678,78678,,,,,,,596672,596672,,,,0,596672,596672,,596672,596672,,,,0,596672,596672
2024,206941,00315200,University of Central Oklahoma,OK,4,,1,NCAA,2973,5035,8008,15,Soccer,,37,,,0,37,0,0,3826,141558,141558,,,,,,,423270,423270,,,,0,423270,423270,,383151,383151,,,,0,383151,383151
2024,237312,00381800,University of Charleston,WV,4,,1,NCAA,542,678,1220,15,Soccer,56,35,,,56,35,2911,163028,1718,60145,223173,,,,,,881142,532044,1413186,,,,881142,532044,1413186,474470,511099,985569,,,,474470,511099,985569
2024,144050,00177400,University of Chicago,IL,6,,1,NCAA,4100,3462,7562,15,Soccer,35,33,,,35,33,3590,125648,5158,170211,295859,,,,,,445582,443670,889252,,,,445582,443670,889252,445582,443670,889252,,,,445582,443670,889252
2024,201946,00312501,University of Cincinnati-Clermont College,OH,20,,8,other,509,553,1062,15,Soccer,27,22,,,27,22,581,15684,949,20886,36570,,,,,,32445,42475,74920,,,,32445,42475,74920,32445,42475,74920,,,,32445,42475,74920
2024,201885,00312500,University of Cincinnati-Main Campus,OH,1,,1,NCAA,13739,13233,26972,15,Soccer,,32,,,0,32,0,0,8265,264485,264485,,,,,,,1663077,1663077,,,,0,1663077,1663077,,1663077,1663077,,,,0,1663077,1663077
2024,126614,00137000,University of Colorado Boulder,CO,1,,1,NCAA,15139,13722,28861,15,Soccer,,28,,,0,28,0,0,22346,625685,625685,,,,,,,760901,760901,,,,0,760901,760901,,2516780,2516780,,,,0,2516780,2516780
2024,126580,00450900,University of Colorado Colorado Springs,CO,5,,1,NCAA,3370,3761,7131,15,Soccer,33,30,,,33,30,4020,132669,3410,102292,234961,,,,,,647745,617449,1265194,,,,647745,617449,1265194,618630,590536,1209166,,,,618630,590536,1209166
2024,129020,00141700,University of Connecticut,CT,1,,1,NCAA,8681,10795,19476,15,Soccer,31,31,,,31,31,13066,405036,15438,478576,883612,,,,,,1667509,1818153,3485662,,,,1667509,1818153,3485662,1667509,1818153,3485662,,,,1667509,1818153,3485662
2024,224323,00365100,University of Dallas,TX,7,,1,NCAA,647,738,1385,15,Soccer,33,22,,,33,22,1436,47386,1435,31580,78966,,,,,,151866,110496,262362,,,,151866,110496,262362,151866,110496,262362,,,,151866,110496,262362
2024,202480,00312700,University of Dayton,OH,2,,1,NCAA,3911,3545,7456,15,Soccer,32,30,,,32,30,5737,183584,11328,339843,523427,,,,,,854816,981156,1835972,,,,854816,981156,1835972,1514016,1710595,3224611,,,,1514016,1710595,3224611
2024,130943,00143100,University of Delaware,DE,2,,1,NCAA,7225,11140,18365,15,Soccer,29,28,,,29,28,4349,126130,5095,142656,268786,,,,,,1201494,1381487,2582981,,,,1201494,1381487,2582981,1201494,1381487,2582981,,,,1201494,1381487,2582981
2024,127060,00137100,University of Denver,CO,3,,1,NCAA,2553,3197,5750,15,Soccer,36,32,,,36,32,12765,459555,9580,306550,766105,,,,,,2387022,1950934,4337956,,,,2387022,1950934,4337956,2387022,1950934,4337956,,,,2387022,1950934,4337956
2024,169716,00232300,University of Detroit Mercy,MI,3,,1,NCAA,802,1452,2254,15,Soccer,35,39,,,35,39,3040,106400,2606,101652,208052,,,,,,717917,867303,1585220,,,,717917,867303,1585220,717917,867303,1585220,,,,717917,867303,1585220
2024,153278,00189100,University of Dubuque,IA,6,,1,NCAA,782,474,1256,15,Soccer,38,26,,,38,26,1329,50501,1615,41998,92499,,,,,,155607,251139,406746,,,,155607,251139,406746,144391,221338,365729,,,,144391,221338,365729
2024,150534,00179500,University of Evansville,IN,3,,1,NCAA,598,904,1502,15,Soccer,46,31,,,46,31,3137,144313,2518,78050,222363,,,,,,1024343,968203,1992546,,,,1024343,968203,1992546,1024343,968203,1992546,,,,1024343,968203,1992546
2024,134130,00153500,University of Florida,FL,1,,1,NCAA,14670,18187,32857,15,Soccer,,34,,,0,34,0,0,14147,480993,480993,,,,,,,126662,126662,,,,0,126662,126662,,2617495,2617495,,,,0,2617495,2617495
2024,139959,00159800,University of Georgia,GA,1,,1,NCAA,13006,17648,30654,15,Soccer,,44,,,0,44,0,0,9302,409287,409287,,,,,,,111244,111244,,,,0,111244,111244,,3117362,3117362,,,,0,3117362,3117362
2024,129525,00142200,University of Hartford,CT,7,,1,NCAA,1647,2301,3948,15,Soccer,33,23,,,33,23,1806,59595,2138,49169,108764,,,,,,238199,166018,404217,,,,238199,166018,404217,207962,239132,447094,,,,207962,239132,447094
2024,141565,00161100,University of Hawaii at Hilo,HI,5,,1,NCAA,687,1085,1772,15,Soccer,34,38,,,34,38,4771,162226,5964,226642,388868,,,,,,484764,647614,1132378,,,,484764,647614,1132378,484764,647614,1132378,,,,484764,647614,1132378
2024,141574,00161000,University of Hawaii at Manoa,HI,1,,1,NCAA,5115,7525,12640,15,Soccer,,28,,,0,28,0,0,14271,399581,399581,,,,,,,835958,835958,,,,0,835958,835958,,1438708,1438708,,,,0,1438708,1438708
2024,179265,00250400,University of Health Sciences and Pharmacy in St. Louis,MO,9,,2,NAIA,137,198,335,15,Soccer,21,21,,,21,21,2848,59800,1806,37929,97729,,,,,,535352,559920,1095272,,,,535352,559920,1095272,535352,556000,1091352,,,,535352,556000,1091352
2024,225511,00365200,University of Houston,TX,1,,1,NCAA,13592,15850,29442,15,Soccer,,32,,,0,32,0,0,7202,230450,230450,,,,,,,1405457,1405457,,,,0,1405457,1405457,,1405457,1405457,,,,0,1405457,1405457
2024,225502,01323100,University of Houston-Victoria,TX,9,,2,NAIA,511,802,1313,15,Soccer,32,35,,,32,35,3646,116676,3276,114672,231348,,,,,,311397,303531,614928,,,,311397,303531,614928,311397,303531,614928,,,,311397,303531,614928
2024,142285,00162600,University of Idaho,ID,2,,1,NCAA,3749,3557,7306,15,Soccer,,32,,,0,32,0,0,8134,260284,260284,,,,,,,897763,897763,,,,0,897763,897763,,897763,897763,,,,0,897763,897763
2024,145600,00177600,University of Illinois Chicago,IL,3,,1,NCAA,9415,10772,20187,15,Soccer,31,30,,,31,30,5242,162497,5550,166509,329006,,,,,,1050114,1051710,2101824,,,,1050114,1051710,2101824,1050114,1051710,2101824,,,,1050114,1051710,2101824
2024,148654,00933300,University of Illinois Springfield,IL,5,,1,NCAA,666,943,1609,15,Soccer,30,35,,,30,35,1755,52655,1434,50185,102840,,,,,,407892,347142,755034,,,,407892,347142,755034,407892,347142,755034,,,,407892,347142,755034
2024,145637,00177500,University of Illinois Urbana-Champaign,IL,1,,1,NCAA,18419,17200,35619,15,Soccer,,27,,,0,27,0,0,8825,238270,238270,,,,,,,241551,241551,,,,0,241551,241551,,2798415,2798415,,,,0,2798415,2798415
2024,151263,00180400,University of Indianapolis,IN,4,,1,NCAA,1178,1670,2848,15,Soccer,56,29,,,56,29,2299,128764,3703,107397,236161,,,,,,757482,526826,1284308,,,,757482,526826,1284308,757482,526826,1284308,,,,757482,526826,1284308
2024,153658,00189200,University of Iowa,IA,1,,1,NCAA,9139,12002,21141,15,Soccer,,43,,,0,43,0,0,8715,374730,374730,,,,,,,389611,389611,,,,0,389611,389611,,2521548,2521548,,,,0,2521548,2521548
2024,200156,00299000,University of Jamestown,ND,4,,1,NCAA,565,416,981,15,Soccer,33,30,,,33,30,1141,37653,3677,110309,147962,,,,,,312598,425256,737854,,,,312598,425256,737854,312598,425256,737854,,,,312598,425256,737854
2024,155317,00194800,University of Kansas,KS,1,,1,NCAA,9114,10441,19555,15,Soccer,,30,,,0,30,0,0,13747,412421,412421,,,,,,,2896029,2896029,,,,0,2896029,2896029,,2896029,2896029,,,,0,2896029,2896029
2024,157085,00198900,University of Kentucky,KY,1,,1,NCAA,9689,13649,23338,15,Soccer,27,56,,,27,56,11730,316718,8423,471688,788406,,,,,,2283310,2600180,4883490,,,,2283310,2600180,4883490,2283310,2600180,4883490,,,,2283310,2600180,4883490
2024,117140,00121600,University of La Verne,CA,6,,1,NCAA,1057,1572,2629,15,Soccer,33,26,,,33,26,1560,51479,1093,28429,79908,,,,,,189045,167801,356846,,,,189045,167801,356846,182255,169979,352234,,,,182255,169979,352234
2024,160658,00203100,University of Louisiana at Lafayette,LA,1,,1,NCAA,4676,6570,11246,15,Soccer,,38,,,0,38,0,0,5697,216468,216468,,,,,,,1347355,1347355,,,,0,1347355,1347355,,1347355,1347355,,,,0,1347355,1347355
2024,159993,00202000,University of Louisiana at Monroe,LA,1,,1,NCAA,1563,2557,4120,15,Soccer,,29,,,0,29,0,0,5867,170144,170144,,,,,,,718981,718981,,,,0,718981,718981,,718981,718981,,,,0,718981,718981
2024,157289,00199900,University of Louisville,KY,1,,1,NCAA,5373,6924,12297,15,Soccer,30,31,,,30,31,6896,206872,4741,146967,353839,,,,,,66594,28969,95563,,,,66594,28969,95563,1475405,1555046,3030451,,,,1475405,1555046,3030451
2024,232609,00372000,University of Lynchburg,VA,7,,1,NCAA,656,875,1531,15,Soccer,34,22,,,34,22,762,25920,1344,29568,55488,,,,,,204103,280900,485003,,,,204103,280900,485003,204103,280900,485003,,,,204103,280900,485003
2024,161253,00205300,University of Maine,ME,2,,1,NCAA,3801,3648,7449,15,Soccer,,29,,,0,29,0,0,9838,285310,285310,,,,,,,1217002,1217002,,,,0,1217002,1217002,,1217002,1217002,,,,0,1217002,1217002
2024,161217,00676000,University of Maine at Augusta,ME,20,,8,other,402,816,1218,15,Soccer,16,17,,,16,17,1052,16826,1117,18983,35809,,,,,,41897,43318,85215,,,,41897,43318,85215,41897,43318,85215,,,,41897,43318,85215
2024,161226,00204000,University of Maine at Farmington,ME,7,,1,NCAA,357,619,976,15,Soccer,29,23,,,29,23,812,23534,1194,27457,50991,,,,,,72943,95968,168911,,,,72943,95968,168911,72943,95968,168911,,,,72943,95968,168911
2024,161235,00204100,University of Maine at Fort Kent,ME,20,,8,other,113,216,329,15,Soccer,22,20,,,22,20,2010,44210,3161,63226,107436,,,,,,158127,173240,331367,,,,158127,173240,331367,158127,173240,331367,,,,158127,173240,331367
2024,161341,00203300,University of Maine at Presque Isle,ME,7,,1,NCAA,554,725,1279,15,Soccer,21,23,,,21,23,1321,27737,1079,24806,52543,,,,,,59204,53138,112342,,,,59204,53138,112342,59204,53138,112342,,,,59204,53138,112342
2024,200217,00299200,University of Mary,ND,4,,1,NCAA,848,1250,2098,15,Soccer,,31,,,0,31,0,0,4682,145157,145157,,,,,,,605437,605437,,,,0,605437,605437,,605437,605437,,,,0,605437,605437
2024,226471,00358800,University of Mary Hardin-Baylor,TX,6,,1,NCAA,1005,1615,2620,15,Soccer,47,32,,,47,32,1235,58048,2018,64566,122614,,,,,,259016,178653,437669,,,,259016,178653,437669,259016,178653,437669,,,,259016,178653,437669
2024,232681,00374600,University of Mary Washington,VA,7,,1,NCAA,1107,1991,3098,15,Soccer,41,31,,,41,31,1596,65445,3498,108430,173875,,,,,,244240,227003,471243,,,,244240,227003,471243,243734,234451,478185,,,,243734,234451,478185
2024,163268,00210500,University of Maryland-Baltimore County,MD,3,,1,NCAA,5118,4294,9412,15,Soccer,31,36,,,31,36,4591,142324,4329,155832,298156,,,,,,949078,992155,1941233,,,,949078,992155,1941233,949078,992155,1941233,,,,949078,992155,1941233
2024,163286,00210300,University of Maryland-College Park,MD,1,,1,NCAA,14628,14450,29078,15,Soccer,29,32,,,29,32,17776,515493,10432,333833,849326,,,,,,542896,291136,834032,,,,542896,291136,834032,2862342,1975248,4837590,,,,2862342,1975248,4837590
2024,166629,00222100,University of Massachusetts-Amherst,MA,1,,1,NCAA,10849,11817,22666,15,Soccer,25,29,,,25,29,7219,180471,8878,257453,437924,,,,,,997998,1390448,2388446,,,,997998,1390448,2388446,997998,1390448,2388446,,,,997998,1390448,2388446
2024,166638,00222200,University of Massachusetts-Boston,MA,7,,1,NCAA,4352,5442,9794,15,Soccer,28,31,,,28,31,2519,70530,2231,69158,139688,,,,,,203117,214708,417825,,,,203117,214708,417825,197556,209034,406590,,,,197556,209034,406590
2024,167987,00221000,University of Massachusetts-Dartmouth,MA,6,,1,NCAA,2247,2369,4616,15,Soccer,26,23,,,26,23,1845,47958,1661,38205,86163,,,,,,106305,119833,226138,,,,106305,119833,226138,98987,110786,209773,,,,98987,110786,209773
2024,166513,00216100,University of Massachusetts-Lowell,MA,3,,1,NCAA,5432,3974,9406,15,Soccer,30,31,,,30,31,4177,125311,4112,127477,252788,,,,,,1082546,1168862,2251408,,,,1082546,1168862,2251408,1082546,1168862,2251408,,,,1082546,1168862,2251408
2024,220862,00350900,University of Memphis,TN,1,,1,NCAA,4219,6224,10443,15,Soccer,38,33,,,38,33,6320,240172,11830,390374,630546,,,,,,1785722,1126698,2912420,,,,1785722,1126698,2912420,1126698,1785722,2912420,,,,1126698,1785722,2912420
2024,135726,00153600,University of Miami,FL,1,,1,NCAA,5712,6854,12566,15,Soccer,,30,,,0,30,0,0,11693,350786,350786,,,,,,,3357289,3357289,,,,0,3357289,3357289,,3357289,3357289,,,,0,3357289,3357289
2024,170976,00232500,University of Michigan-Ann Arbor,MI,1,,1,NCAA,15027,17890,32917,15,Soccer,30,33,,,30,33,10781,323435,15147,499846,823281,,,,,,166307,134226,300533,,,,166307,134226,300533,2214856,2539203,4754059,,,,2214856,2539203,4754059
2024,171137,00232600,University of Michigan-Dearborn,MI,9,,2,NAIA,2586,2467,5053,15,Soccer,29,22,,,29,22,1065,30897,1480,32561,63458,,,,,,59908,51938,111846,,,,59908,51938,111846,59908,51938,111846,,,,59908,51938,111846
2024,174075,00406900,University of Minnesota-Crookston,MN,5,,1,NCAA,488,708,1196,15,Soccer,,28,,,0,28,0,0,3845,107668,107668,,,,,,,452488,452488,,,,0,452488,452488,,452488,452488,,,,0,452488,452488
2024,174233,00238800,University of Minnesota-Duluth,MN,4,,1,NCAA,3556,3418,6974,15,Soccer,,31,,,0,31,0,0,3309,102564,102564,,,,,,,411973,411973,,,,0,411973,411973,,411973,411973,,,,0,411973,411973
2024,174251,00238900,University of Minnesota-Morris,MN,6,,1,NCAA,422,461,883,15,Soccer,27,21,,,27,21,1476,39857,1504,31575,71432,,,,,,105709,106959,212668,,,,105709,106959,212668,104027,110775,214802,,,,104027,110775,214802
2024,174066,00396900,University of Minnesota-Twin Cities,MN,1,,1,NCAA,13657,16155,29812,15,Soccer,,29,,,0,29,0,0,15658,454089,454089,,,,,,,154953,154953,,,,0,154953,154953,,2210521,2210521,,,,0,2210521,2210521
2024,176017,00244000,University of Mississippi,MS,1,,1,NCAA,8681,11767,20448,15,Soccer,,34,,,0,34,0,0,15048,511628,511628,,,,,,,2819404,2819404,,,,0,2819404,2819404,,2819404,2819404,,,,0,2819404,2819404
2024,178396,00251600,University of Missouri-Columbia,MO,1,,1,NCAA,10330,12648,22978,15,Soccer,,30,,,0,30,0,0,15233,456993,456993,,,,,,,2567615,2567615,,,,0,2567615,2567615,,2567615,2567615,,,,0,2567615,2567615
2024,178402,00251800,University of Missouri-Kansas City,MO,3,,1,NCAA,2365,3617,5982,15,Soccer,35,28,,,35,28,7082,247863,6036,169012,416875,,,,,,1335451,758547,2093998,,,,1335451,758547,2093998,1335452,756829,2092281,,,,1335452,756829,2092281
2024,178420,00251900,University of Missouri-St Louis,MO,5,,1,NCAA,1674,2123,3797,15,Soccer,26,27,,,26,27,1951,50738,2806,75756,126494,,,,,,315747,379377,695124,,,,315747,379377,695124,311428,363140,674568,,,,311428,363140,674568
2024,101693,00102900,University of Mobile,AL,9,,2,NAIA,490,755,1245,15,Soccer,34,34,,,34,34,2233,75932,2171,73797,149729,,,,,,1044825,1244024,2288849,,,,1044825,1244024,2288849,1042156,1244017,2286173,,,,1042156,1244017,2286173
2024,101709,00100400,University of Montevallo,AL,5,,1,NCAA,815,1204,2019,15,Soccer,38,32,,,38,32,2618,99500,2537,81191,180691,,,,,,479121,469683,948804,,,,479121,469683,948804,479121,469683,948804,,,,479121,469683,948804
2024,199069,00294900,University of Mount Olive,NC,5,,1,NCAA,500,767,1267,15,Soccer,46,38,,,46,38,1198,55098,1310,49768,104866,,,,,,451576,529810,981386,,,,451576,529810,981386,449832,524270,974102,,,,449832,524270,974102
2024,193399,00270300,University of Mount Saint Vincent,NY,7,,1,NCAA,597,1861,2458,15,Soccer,45,34,,,45,34,617,27776,976,33191,60967,,,,,,85389,86919,172308,,,,85389,86919,172308,83015,81980,164995,,,,83015,81980,164995
2024,204185,00308300,University of Mount Union,OH,6,,1,NCAA,1004,974,1978,15,Soccer,46,40,,,46,40,1218,56012,1171,46826,102838,,,,,,149234,126602,275836,,,,149234,126602,275836,149234,126602,275836,,,,149234,126602,275836
2024,181215,00255100,University of Nebraska at Kearney,NE,4,,1,NCAA,1429,2201,3630,15,Soccer,,31,,,0,31,0,0,3179,98546,98546,,,,,,,422206,422206,,,,0,422206,422206,,422205,422205,,,,0,422205,422205
2024,181394,00255400,University of Nebraska at Omaha,NE,3,,1,NCAA,4152,5598,9750,15,Soccer,29,30,,,29,30,5905,171257,5055,151656,322913,,,,,,99569,313845,413414,,,,99569,313845,413414,1071623,1019538,2091161,,,,1071623,1019538,2091161
2024,181464,00256500,University of Nebraska-Lincoln,NE,1,,1,NCAA,9185,9205,18390,15,Soccer,,38,,,0,38,0,0,7790,296007,296007,,,,,,,162927,162927,,,,0,162927,162927,,2461665,2461665,,,,0,2461665,2461665
2024,182281,00256900,University of Nevada-Las Vegas,NV,1,,1,NCAA,8699,11322,20021,15,Soccer,26,28,,,26,28,6242,162295,5076,142123,304418,,,,,,634324,568453,1202777,,,,634324,568453,1202777,1067545,1131947,2199492,,,,1067545,1131947,2199492
2024,182290,00256800,University of Nevada-Reno,NV,1,,1,NCAA,6256,7516,13772,15,Soccer,,32,,,0,32,0,0,9982,319411,319411,,,,,,,1081602,1081602,,,,0,1081602,1081602,,972383,972383,,,,0,972383,972383
2024,161457,00205000,University of New England,ME,6,,1,NCAA,670,1444,2114,15,Soccer,31,26,,,31,26,1394,43224,1493,38816,82040,,,,,,148007,158620,306627,,,,148007,158620,306627,122148,148930,271078,,,,122148,148930,271078
2024,183044,00258900,University of New Hampshire-Main Campus,NH,2,,1,NCAA,4867,6209,11076,15,Soccer,32,30,,,32,30,5044,161408,5448,163442,324850,,,,,,1350995,1339843,2690838,,,,1350995,1339843,2690838,1350995,1339843,2690838,,,,1350995,1339843,2690838
2024,129941,00139700,University of New Haven,CT,4,,1,NCAA,1753,2809,4562,15,Soccer,41,32,,,41,32,2501,102553,2595,83024,185577,,,,,,461560,502473,964033,,,,461560,502473,964033,461560,502473,964033,,,,461560,502473,964033
2024,187985,00266300,University of New Mexico-Main Campus,NM,1,,1,NCAA,6123,8068,14191,15,Soccer,,34,,,0,34,0,0,4309,146492,146492,,,,,,,1089656,1089656,,,,0,1089656,1089656,,1056562,1056562,,,,0,1056562,1056562
2024,101879,00101600,University of North Alabama,AL,2,,1,NCAA,1863,3107,4970,15,Soccer,,36,,,0,36,0,0,4338,156154,156154,,,,,,,712966,712966,,,,0,712966,712966,,712966,712966,,,,0,712966,712966
2024,199111,00290700,University of North Carolina Asheville,NC,3,,1,NCAA,1093,1583,2676,15,Soccer,37,31,,,37,31,3755,138933,3145,97497,236430,,,,,,438764,428761,867525,,,,438764,428761,867525,438764,428761,867525,,,,438764,428761,867525
2024,199120,00297400,University of North Carolina at Chapel Hill,NC,1,,1,NCAA,7844,12263,20107,15,Soccer,41,37,,,41,37,13401,549460,20427,755810,1305270,,,,,,1152768,1870729,3023497,,,,1152768,1870729,3023497,1942182,2971639,4913821,,,,1942182,2971639,4913821
2024,199139,00297500,University of North Carolina at Charlotte,NC,1,,1,NCAA,10980,10376,21356,15,Soccer,33,31,,,33,31,14287,471468,8608,266841,738309,,,,,,1416415,987793,2404208,,,,1416415,987793,2404208,1420497,946761,2367258,,,,1420497,946761,2367258
2024,199148,00297600,University of North Carolina at Greensboro,NC,3,,1,NCAA,4016,7761,11777,15,Soccer,29,26,,,29,26,5174,150037,5606,145745,295782,,,,,,962898,825689,1788587,,,,962898,825689,1788587,962898,825689,1788587,,,,962898,825689,1788587
2024,199281,00295400,University of North Carolina at Pembroke,NC,4,,1,NCAA,1575,2368,3943,15,Soccer,,18,,,0,18,0,0,2297,41353,41353,,,,,,,272773,272773,,,,0,272773,272773,,266285,266285,,,,0,266285,266285
2024,199218,00298400,University of North Carolina Wilmington,NC,3,,1,NCAA,4892,8091,12983,15,Soccer,27,30,,,27,30,5854,158057,4254,127630,285687,,,,,,875625,714778,1590403,,,,875625,714778,1590403,875625,714778,1590403,,,,875625,714778,1590403
2024,200280,00300500,University of North Dakota,ND,2,,1,NCAA,3984,3714,7698,15,Soccer,,33,,,0,33,0,0,10463,345271,345271,,,,,,,2033185,2033185,,,,0,2033185,2033185,,2033185,2033185,,,,0,2033185,2033185
2024,136172,00984100,University of North Florida,FL,3,,1,NCAA,4177,5873,10050,15,Soccer,29,34,,,29,34,6416,186073,5193,176575,362648,,,,,,874903,696000,1570903,,,,874903,696000,1570903,874903,696000,1570903,,,,874903,696000,1570903
2024,482680,00158500,University of North Georgia,GA,5,,1,NCAA,5468,6666,12134,15,Soccer,43,27,,,43,27,1995,85768,3824,103242,189010,,,,,,515960,466224,982184,,,,515960,466224,982184,468284,431575,899859,,,,468284,431575,899859
2024,227216,00359400,University of North Texas,TX,1,,1,NCAA,13164,15703,28867,15,Soccer,,33,,,0,33,0,0,12201,402628,402628,,,,,,,1310638,1310638,,,,0,1310638,1310638,,1310638,1310638,,,,0,1310638,1310638
2024,127741,00134900,University of Northern Colorado,CO,2,,1,NCAA,1730,3408,5138,15,Soccer,,40,,,0,40,0,0,3237,129493,129493,,,,,,,858285,858285,,,,0,858285,858285,,858285,858285,,,,0,858285,858285
2024,154095,00189000,University of Northern Iowa,IA,2,,1,NCAA,2686,4218,6904,15,Soccer,,28,,,0,28,0,0,4006,112166,112166,,,,,,,544128,544128,,,,0,544128,544128,,544128,544128,,,,0,544128,544128
2024,204486,00486100,University of Northwestern Ohio,OH,10,,2,NAIA,1929,398,2327,15,Soccer,21,17,,,21,17,2463,51732,2517,42793,94525,,,,,,449489,409705,859194,,,,449489,409705,859194,449489,409705,859194,,,,449489,409705,859194
2024,174491,00237100,University of Northwestern-St Paul,MN,6,,1,NCAA,596,728,1324,15,Soccer,50,28,,,50,28,901,45072,1143,32005,77077,,,,,,90036,81728,171764,,,,90036,81728,171764,90036,81728,171764,,,,90036,81728,171764
2024,152080,00184000,University of Notre Dame,IN,1,,1,NCAA,4512,4293,8805,15,Soccer,31,32,,,31,32,21452,665006,28725,919213,1584219,,,,,,2749910,3403376,6153286,,,,2749910,3403376,6153286,2749910,3403376,6153286,,,,2749910,3403376,6153286
2024,207500,00318400,University of Oklahoma-Norman Campus,OK,1,,1,NCAA,9790,10639,20429,15,Soccer,,32,,,0,32,0,0,14821,474279,474279,,,,,,,264902,264902,,,,0,264902,264902,,3152445,3152445,,,,0,3152445,3152445
2024,209551,00322300,University of Oregon,OR,1,,1,NCAA,8487,10943,19430,15,Soccer,,29,,,0,29,0,0,16000,463993,463993,,,,,,,210824,210824,,,,0,210824,210824,,2422748,2422748,,,,0,2422748,2422748
2024,215062,00337800,University of Pennsylvania,PA,2,,1,NCAA,4636,5559,10195,15,Soccer,32,29,,,32,29,6313,202015,6145,178198,380213,,,,,,659641,563246,1222887,,,,659641,563246,1222887,659641,563246,1222887,,,,659641,563246,1222887
2024,157535,00198000,University of Pikeville,KY,9,,2,NAIA,539,569,1108,15,Soccer,35,30,,,35,30,1972,69026,2122,63659,132685,,,,,,419608,353477,773085,,,,419608,353477,773085,419608,353477,773085,,,,419608,353477,773085
2024,215266,00337903,University of Pittsburgh-Bradford,PA,7,,1,NCAA,475,489,964,15,Soccer,34,21,,,34,21,1258,42772,1579,33154,75926,,,,,,152890,132164,285054,,,,152890,132164,285054,152890,132164,285054,,,,152890,132164,285054
2024,215275,00337904,University of Pittsburgh-Greensburg,PA,7,,1,NCAA,572,689,1261,15,Soccer,30,29,,,30,29,1871,56136,2103,60986,117122,,,,,,80205,74303,154508,,,,80205,74303,154508,80205,74303,154508,,,,80205,74303,154508
2024,215284,00337902,University of Pittsburgh-Johnstown,PA,5,,1,NCAA,997,776,1773,15,Soccer,33,25,,,33,25,1574,51936,2060,51494,103430,,,,,,244302,292887,537189,,,,244302,292887,537189,244302,292887,537189,,,,244302,292887,537189
2024,215293,00337900,University of Pittsburgh-Pittsburgh Campus,PA,1,,1,NCAA,8277,11487,19764,15,Soccer,29,38,,,29,38,10289,298376,9454,359252,657628,,,,,,2300789,2231347,4532136,,,,2300789,2231347,4532136,2300789,2231347,4532136,,,,2300789,2231347,4532136
2024,209825,00322400,University of Portland,OR,3,,1,NCAA,1019,1896,2915,15,Soccer,31,25,,,31,25,7808,242044,9524,238110,480154,,,,,,1643598,1722701,3366299,,,,1643598,1722701,3366299,1643598,1722701,3366299,,,,1643598,1722701,3366299
2024,180258,00252700,University of Providence,MT,9,,2,NAIA,194,274,468,15,Soccer,30,28,,,30,28,2282,68474,2443,68401,136875,,,,,,629069,577421,1206490,,,,629069,577421,1206490,616663,562355,1179018,,,,616663,562355,1179018
2024,243151,00720600,University of Puerto Rico at Cayey,PR,8,Intercollegiate Athletics League,8,other,594,1292,1886,15,Soccer,19,16,,,19,16,756,14364,823,13168,27532,,,,,,43897,44981,88878,,,,43897,44981,88878,43897,44981,88878,,,,43897,44981,88878
2024,243212,00965200,University of Puerto Rico at Ponce,PR,8,Liga Atletica Interuniversitaria,8,other,1014,1176,2190,15,Soccer,17,,,,17,0,476,8086,0,0,8086,,,,,,42300,,42300,,,,42300,0,42300,42300,,42300,,,,42300,0,42300
2024,243115,00722800,University of Puerto Rico-Arecibo,PR,8,Liga Atletica Interuniversitaria,8,other,1031,1494,2525,15,Soccer,18,19,,,18,19,109,1966,105,1988,3954,,,,,,56324,54256,110580,,,,56324,54256,110580,56324,54256,110580,,,,56324,54256,110580
2024,243133,01097500,University of Puerto Rico-Bayamon,PR,5,,1,NCAA,1291,1229,2520,15,Soccer,20,22,,,20,22,341,6816,222,4888,11704,,,,,,40541,34613,75154,,,,40541,34613,75154,40541,34613,75154,,,,40541,34613,75154
2024,243142,03016000,University of Puerto Rico-Carolina,PR,8,Liga Atlética Interuniversitaria (LAI),8,other,685,1334,2019,15,Soccer,13,17,,,13,17,669,8696,957,16272,24968,,,,,,33330,48485,81815,,,,33330,48485,81815,33330,48485,81815,,,,33330,48485,81815
2024,243197,00394400,University of Puerto Rico-Mayaguez,PR,5,,1,NCAA,4847,3819,8666,15,Soccer,22,22,,,22,22,173,3814,237,5208,9022,,,,,,67094,55988,123082,,,,67094,55988,123082,67094,55988,123082,,,,67094,55988,123082
2024,243221,00710800,University of Puerto Rico-Rio Piedras,PR,5,,1,NCAA,2815,4766,7581,15,Soccer,19,21,,,19,21,493,9368,404,8488,17856,,,,,,49542,65317,114859,,,,49542,65317,114859,49542,65317,114859,,,,49542,65317,114859
2024,236328,00379700,University of Puget Sound,WA,6,,1,NCAA,687,888,1575,15,Soccer,34,26,,,34,26,2333,79322,2513,65326,144648,,,,,,136072,145537,281609,,,,136072,145537,281609,136072,145537,281609,,,,136072,145537,281609
2024,121691,00132200,University of Redlands,CA,6,,1,NCAA,831,1087,1918,15,Soccer,32,34,,,32,34,1189,38061,833,28315,66376,,,,,,213847,184700,398547,,,,213847,184700,398547,210610,171694,382304,,,,210610,171694,382304
2024,217484,00341400,University of Rhode Island,RI,2,,1,NCAA,5271,7486,12757,15,Soccer,27,28,,,27,28,9300,251092,8252,231058,482150,,,,,,1131114,1180086,2311200,,,,1131114,1180086,2311200,1131114,1180086,2311200,,,,1131114,1180086,2311200
2024,233374,00374400,University of Richmond,VA,2,,1,NCAA,1324,1563,2887,15,Soccer,,41,,,0,41,0,0,5201,213234,213234,,,,,,,1660680,1660680,,,,0,1660680,1660680,,1660680,1660680,,,,0,1660680,1660680
2024,205203,00311600,University of Rio Grande,OH,9,,2,NAIA,532,585,1117,15,Soccer,24,19,,,24,19,1667,40007,2256,42868,82875,,,,,,690596,388171,1078767,,,,690596,388171,1078767,578140,257559,835699,,,,578140,257559,835699
2024,195030,00289400,University of Rochester,NY,6,,1,NCAA,2950,3172,6122,15,Soccer,32,31,,,32,31,2840,90865,2705,83849,174714,,,,,,330288,328658,658946,,,,330288,328658,658946,352836,294532,647368,,,,352836,294532,647368
2024,152336,00183200,University of Saint Francis-Fort Wayne,IN,9,,2,NAIA,493,947,1440,15,Soccer,51,26,,,51,26,1394,71107,2291,59563,130670,,,,,,814650,619350,1434000,,,,814650,619350,1434000,735606,528951,1264557,,,,735606,528951,1264557
2024,130314,00140900,University of Saint Joseph,CT,7,,1,NCAA,260,552,812,15,Soccer,30,25,,,30,25,1301,39032,1913,47834,86866,,,,,,141479,126684,268163,,,,141479,126684,268163,141479,126684,268163,,,,141479,126684,268163
2024,155812,00194300,University of Saint Mary,KS,10,,2,NAIA,426,398,824,15,Soccer,49,27,,,49,27,713,34952,1167,31505,66457,,,,,,372356,267764,640120,,,,372356,267764,640120,372356,267764,640120,,,,372356,267764,640120
2024,122436,01039500,University of San Diego,CA,2,,1,NCAA,2419,3165,5584,15,Soccer,35,33,,,35,33,4276,149658,3957,130588,280246,,,,,,1581494,1642922,3224416,,,,1581494,1642922,3224416,1581494,1642922,3224416,,,,1581494,1642922,3224416
2024,122612,00132500,University of San Francisco,CA,3,,1,NCAA,1784,3326,5110,15,Soccer,30,29,,,30,29,6121,183618,6248,181178,364796,,,,,,1515027,1693110,3208137,,,,1515027,1693110,3208137,1515027,1693110,3208137,,,,1515027,1693110,3208137
2024,207722,00316700,University of Science and Arts of Oklahoma,OK,9,,2,NAIA,300,582,882,15,Soccer,42,28,,,42,28,1525,64066,2286,64006,128072,,,,,,722180,511938,1234118,,,,722180,511938,1234118,707651,497342,1204993,,,,707651,497342,1204993
2024,215929,00338400,University of Scranton,PA,7,,1,NCAA,1528,1960,3488,15,Soccer,44,36,,,44,36,1595,70194,1434,51608,121802,,,,,,241396,209144,450540,,,,241396,209144,450540,241396,209144,450540,,,,241396,209144,450540
2024,219383,00346900,University of Sioux Falls,SD,4,,1,NCAA,440,681,1121,15,Soccer,,30,,,0,30,0,0,2304,69124,69124,,,,,,,482662,482662,,,,0,482662,482662,,462357,462357,,,,0,462357,462357
2024,102094,00105700,University of South Alabama,AL,1,,1,NCAA,2909,4881,7790,15,Soccer,,26,,,0,26,0,0,7310,190047,190047,,,,,,,1203410,1203410,,,,0,1203410,1203410,,1203410,1203410,,,,0,1203410,1203410
2024,218645,00344900,University of South Carolina Aiken,SC,5,,1,NCAA,1023,1548,2571,15,Soccer,42,32,,,42,32,1571,65963,2050,65603,131566,,,,,,446558,458485,905043,,,,446558,458485,905043,446559,458484,905043,,,,446559,458484,905043
2024,218654,00345000,University of South Carolina Beaufort,SC,5,,1,NCAA,613,1234,1847,15,Soccer,,33,,,0,33,0,0,1137,37517,37517,,,,,,,397054,397054,,,,0,397054,397054,,397414,397414,,,,0,397414,397414
2024,218663,00344800,University of South Carolina-Columbia,SC,1,,1,NCAA,11726,17289,29015,15,Soccer,29,43,,,29,43,8383,243100,12625,542875,785975,,,,,,2147812,2810092,4957904,,,,2147812,2810092,4957904,2147812,2810092,4957904,,,,2147812,2810092,4957904
2024,218672,00345300,University of South Carolina-Lancaster,SC,12,,3,NJCAA,282,298,580,15,Soccer,35,24,,,35,24,965,33760,1620,38872,72632,,,,,,89870,130071,219941,,,,89870,130071,219941,99342,97358,196700,,,,99342,97358,196700
2024,218681,00345400,University of South Carolina-Salkehatchie,SC,12,,3,NJCAA,118,118,236,15,Soccer,27,,,,27,0,897,24213,0,0,24213,,,,,,93896,,93896,,,,93896,0,93896,93896,,93896,,,,93896,0,93896
2024,218690,00342600,University of South Carolina-Sumter,SC,12,,3,NJCAA,275,290,565,15,Soccer,36,18,,,36,18,1311,47192,1030,18533,65725,,,,,,130744,90030,220774,,,,130744,90030,220774,130744,90030,220774,,,,130744,90030,220774
2024,218706,00492700,University of South Carolina-Union,SC,17,,8,other,145,101,246,15,Soccer,23,,,,23,0,1281,29458,0,0,29458,,,,,,349065,,349065,,,,349065,0,349065,366904,,366904,,,,366904,0,366904
2024,218742,00695100,University of South Carolina-Upstate,SC,3,,1,NCAA,1205,2322,3527,15,Soccer,43,28,,,43,28,1403,60321,3423,95852,156173,,,,,,668869,721312,1390181,,,,668869,721312,1390181,668869,721312,1390181,,,,668869,721312,1390181
2024,219471,00347400,University of South Dakota,SD,2,,1,NCAA,1684,3076,4760,15,Soccer,,35,,,0,35,0,0,2802,98078,98078,,,,,,,737411,737411,,,,0,737411,737411,,737411,737411,,,,0,737411,737411
2024,137351,00153700,University of South Florida,FL,1,,1,NCAA,13334,18045,31379,15,Soccer,29,36,,,29,36,10964,317955,12098,435521,753476,,,,,,1526545,1717807,3244352,,,,1526545,1717807,3244352,1526545,1717807,3244352,,,,1526545,1717807,3244352
2024,123961,00132800,University of Southern California,CA,1,,1,NCAA,9567,10504,20071,15,Soccer,,36,,,0,36,0,0,10611,382004,382004,,,,,,,3701474,3701474,,,,0,3701474,3701474,,3701474,3701474,,,,0,3701474,3701474
2024,151306,00180800,University of Southern Indiana,IN,5,,1,NCAA,1766,3016,4782,15,Soccer,31,35,,,31,35,3751,116284,3050,106762,223046,,,,,,545983,463335,1009318,,,,545983,463335,1009318,545983,463335,1009318,,,,545983,463335,1009318
2024,161554,00205400,University of Southern Maine,ME,7,,1,NCAA,1370,2009,3379,15,Soccer,35,37,,,35,37,1432,50120,1870,69176,119296,,,,,,141012,196651,337663,,,,141012,196651,337663,145971,152231,298202,,,,145971,152231,298202
2024,176372,00244100,University of Southern Mississippi,MS,1,,1,NCAA,3208,5471,8679,15,Soccer,,26,,,0,26,0,0,5193,135025,135025,,,,,,,729390,729390,,,,0,729390,729390,,729390,729390,,,,0,729390,729390
2024,148584,00166400,University of St Francis,IL,9,,2,NAIA,393,677,1070,15,Soccer,43,23,,,43,23,954,41037,1811,41660,82697,,,,,,461097,440429,901526,,,,461097,440429,901526,454730,417661,872391,,,,454730,417661,872391
2024,174914,00234500,University of St Thomas,MN,2,,1,NCAA,3072,3054,6126,15,Soccer,29,31,,,29,31,3696,107189,4427,137222,244411,,,,,,981956,1256381,2238337,,,,981956,1256381,2238337,981956,1256381,2238337,,,,981956,1256381,2238337
2024,227863,00365400,University of St Thomas,TX,7,,1,NCAA,1043,1730,2773,15,Soccer,37,30,,,37,30,3655,135236,3421,102642,237878,,,,,,213971,173424,387395,,,,213971,173424,387395,213971,173424,387395,,,,213971,173424,387395
2024,156541,00196200,University of the Cumberlands,KY,9,,2,NAIA,1876,3936,5812,15,Soccer,24,30,,,24,30,3359,80625,2454,73615,154240,,,,,,577944,514216,1092160,,,,577944,514216,1092160,577944,514216,1092160,,,,577944,514216,1092160
2024,131399,00144100,University of the District of Columbia,DC,5,,1,NCAA,616,804,1420,15,Soccer,24,,,,24,0,4391,105395,0,0,105395,,,,,,503742,,503742,,,,503742,0,503742,503742,,503742,,,,503742,0,503742
2024,225627,00357800,University of the Incarnate Word,TX,2,,1,NCAA,1408,2587,3995,15,Soccer,37,30,,,37,30,4947,183031,4418,132549,315580,,,,,,896598,1039638,1936236,,,,896598,1039638,1936236,896598,1039638,1936236,,,,896598,1039638,1936236
2024,107558,00109400,University of the Ozarks,AR,7,,1,NCAA,333,426,759,15,Soccer,29,24,,,29,24,2279,66095,2183,52394,118489,,,,,,145018,137664,282682,,,,145018,137664,282682,161834,145539,307373,,,,161834,145539,307373
2024,120883,00132900,University of the Pacific,CA,3,,1,NCAA,1400,1725,3125,15,Soccer,29,33,,,29,33,5899,171069,5942,196097,367166,,,,,,1355734,1471171,2826905,,,,1355734,1471171,2826905,1355734,1471171,2826905,,,,1355734,1471171,2826905
2024,188182,00265000,University of the Southwest,NM,9,,2,NAIA,172,149,321,15,Soccer,45,29,,,45,29,1377,61975,2069,59999,121974,,,,,,425517,333355,758872,,,,425517,333355,758872,436758,328893,765651,,,,436758,328893,765651
2024,206084,00313100,University of Toledo,OH,1,,1,NCAA,4250,4409,8659,15,Soccer,,37,,,0,37,0,0,2601,96246,96246,,,,,,,1271437,1271437,,,,0,1271437,1271437,,1271437,1271437,,,,0,1271437,1271437
2024,207971,00318500,University of Tulsa,OK,1,,1,NCAA,1245,1328,2573,15,Soccer,33,30,,,33,30,5194,171412,5614,168425,339837,,,,,,1866483,1821577,3688060,,,,1866483,1821577,3688060,1866483,1821577,3688060,,,,1866483,1821577,3688060
2024,230764,00367500,University of Utah,UT,1,,1,NCAA,12375,11294,23669,15,Soccer,,26,,,0,26,0,0,15134,393487,393487,,,,,,,830609,830609,,,,0,830609,830609,,2278819,2278819,,,,0,2278819,2278819
2024,216542,00330600,University of Valley Forge,PA,7,,1,NCAA,225,206,431,15,Soccer,23,13,,,23,13,1055,24256,811,10538,34794,,,,,,42486,24929,67415,,,,42486,24929,67415,35689,20538,56227,,,,35689,20538,56227
2024,231174,00369600,University of Vermont,VT,3,,1,NCAA,4186,7265,11451,15,Soccer,29,30,,,29,30,28697,832224,6372,191168,1023392,,,,,,2070828,1235821,3306649,,,,2070828,1235821,3306649,2071550,1236917,3308467,,,,2071550,1236917,3308467
2024,234076,00374500,University of Virginia-Main Campus,VA,1,,1,NCAA,7471,9559,17030,15,Soccer,41,36,,,41,36,9244,378996,9729,350237,729233,,,,,,2322205,2621126,4943331,,,,2322205,2621126,4943331,2322205,2621126,4943331,,,,2322205,2621126,4943331
2024,236948,00379800,University of Washington-Seattle Campus,WA,1,,1,NCAA,13000,17141,30141,15,Soccer,32,34,,,32,34,19128,612087,26855,913073,1525160,,,,,,696263,1092810,1789073,,,,696263,1092810,1789073,3121941,3507930,6629871,,,,3121941,3507930,6629871
2024,101587,00102400,University of West Alabama,AL,4,,1,NCAA,629,1778,2407,15,Soccer,25,25,,,25,25,2074,51857,2052,51297,103154,,,,,,507446,595300,1102746,,,,507446,595300,1102746,501389,593773,1095162,,,,501389,593773,1095162
2024,138354,00395500,University of West Florida,FL,4,,1,NCAA,2959,3790,6749,15,Soccer,34,33,,,34,33,3664,124588,3375,111364,235952,,,,,,426668,501059,927727,,,,426668,501059,927727,462578,522056,984634,,,,462578,522056,984634
2024,141334,00160100,University of West Georgia,GA,2,,1,NCAA,2312,3613,5925,15,Soccer,,33,,,0,33,0,0,5664,186917,186917,,,,,,,632708,632708,,,,0,632708,632708,,632708,632708,,,,0,632708,632708
2024,240268,00391700,University of Wisconsin-Eau Claire,WI,6,,1,NCAA,3335,4989,8324,15,Soccer,35,36,,,35,36,1640,57394,2036,73289,130683,,,,,,182196,213486,395682,,,,182196,213486,395682,166066,221636,387702,,,,166066,221636,387702
2024,240277,00389900,University of Wisconsin-Green Bay,WI,3,,1,NCAA,1956,3084,5040,15,Soccer,31,30,,,31,30,5329,165202,5444,163317,328519,,,,,,742912,812759,1555671,,,,742912,812759,1555671,742912,812759,1555671,,,,742912,812759,1555671
2024,240329,00391900,University of Wisconsin-La Crosse,WI,6,,1,NCAA,3868,5112,8980,15,Soccer,,29,,,0,29,0,0,1951,56583,56583,,,,,,,293281,293281,,,,0,293281,293281,,293194,293194,,,,0,293194,293194
2024,240444,00389500,University of Wisconsin-Madison,WI,1,,1,NCAA,16303,18893,35196,15,Soccer,27,35,,,27,35,8738,235933,7154,250380,486313,,,,,,776696,765174,1541870,,,,776696,765174,1541870,2349665,2575091,4924756,,,,2349665,2575091,4924756
2024,240453,00389600,University of Wisconsin-Milwaukee,WI,3,,1,NCAA,6451,8302,14753,15,Soccer,32,39,,,32,39,4633,148254,3662,142808,291062,,,,,,798344,877812,1676156,,,,798344,877812,1676156,798344,877812,1676156,,,,798344,877812,1676156
2024,240365,00392000,University of Wisconsin-Oshkosh,WI,6,,1,NCAA,2539,3398,5937,15,Soccer,,26,,,0,26,0,0,2169,56395,56395,,,,,,,198719,198719,,,,0,198719,198719,,283096,283096,,,,0,283096,283096
2024,240374,00501500,University of Wisconsin-Parkside,WI,5,,1,NCAA,1076,1235,2311,15,Soccer,31,28,,,31,28,1837,56936,2079,58220,115156,,,,,,367056,434685,801741,,,,367056,434685,801741,367056,434685,801741,,,,367056,434685,801741
2024,240462,00392100,University of Wisconsin-Platteville,WI,6,,1,NCAA,3351,2012,5363,15,Soccer,39,35,,,39,35,961,37485,1869,65419,102904,,,,,,223876,219492,443368,,,,223876,219492,443368,198181,165412,363593,,,,198181,165412,363593
2024,240471,00392300,University of Wisconsin-River Falls,WI,6,,1,NCAA,1486,2433,3919,15,Soccer,30,31,,,30,31,900,26993,1328,41171,68164,,,,,,179782,173555,353337,,,,179782,173555,353337,179782,173555,353337,,,,179782,173555,353337
2024,240480,00392400,University of Wisconsin-Stevens Point,WI,6,,1,NCAA,2947,3656,6603,15,Soccer,36,25,,,36,25,783,28197,1362,34059,62256,,,,,,204802,138708,343510,,,,204802,138708,343510,139153,153225,292378,,,,139153,153225,292378
2024,240417,00391500,University of Wisconsin-Stout,WI,16,,4,NCCAA,2805,2058,4863,15,Soccer,32,32,,,32,32,2135,68309,1921,61479,129788,,,,,,185251,132392,317643,,,,185251,132392,317643,185251,132392,317643,,,,185251,132392,317643
2024,240426,00392500,University of Wisconsin-Superior,WI,7,,1,NCAA,541,884,1425,15,Soccer,37,31,,,37,31,2484,91900,2087,64696,156596,,,,,,199944,169843,369787,,,,199944,169843,369787,199944,169843,369787,,,,199944,169843,369787
2024,240189,00392600,University of Wisconsin-Whitewater,WI,6,,1,NCAA,4334,4096,8430,15,Soccer,28,27,,,28,27,2138,59863,1945,52507,112370,,,,,,125835,149239,275074,,,,125835,149239,275074,123903,146088,269991,,,,123903,146088,269991
2024,240727,00393200,University of Wyoming,WY,1,,1,NCAA,3195,3609,6804,15,Soccer,,33,,,0,33,0,0,5135,169444,169444,,,,,,,1373264,1373264,,,,0,1373264,1373264,,1373264,1373264,,,,0,1373264,1373264
2024,154493,00189300,Upper Iowa University,IA,4,,1,NCAA,467,626,1093,15,Soccer,49,25,,,49,25,1383,67772,1804,45100,112872,,,,,,355446,260197,615643,,,,355446,260197,615643,353640,239453,593093,,,,353640,239453,593093
2024,216524,00338500,Ursinus College,PA,6,,1,NCAA,774,713,1487,15,Soccer,33,31,,,33,31,848,27968,921,28549,56517,,,,,,134930,140383,275313,,,,134930,140383,275313,134930,140383,275313,,,,134930,140383,275313
2024,206349,00313400,Ursuline College,OH,5,,1,NCAA,37,517,554,15,Soccer,,31,,,0,31,0,0,1693,52483,52483,,,,,,,555791,555791,,,,0,555791,555791,,555791,555791,,,,0,555791,555791
2024,230728,00367700,Utah State University,UT,1,,1,NCAA,7713,8797,16510,15,Soccer,,33,,,0,33,0,0,11474,378630,378630,,,,,,,3351779,3351779,,,,0,3351779,3351779,,3351779,3351779,,,,0,3351779,3351779
2024,230171,00367100,Utah Tech University,UT,2,,1,NCAA,2770,4171,6941,15,Soccer,28,27,,,28,27,7101,198823,10040,271070,469893,,,,,,504417,719419,1223836,,,,504417,719419,1223836,504417,719419,1223836,,,,504417,719419,1223836
2024,230737,00402700,Utah Valley University,UT,3,,1,NCAA,9531,8952,18483,15,Soccer,31,34,,,31,34,13477,417780,15192,516521,934301,,,,,,1038533,1254589,2293122,,,,1038533,1254589,2293122,1038533,1254589,2293122,,,,1038533,1254589,2293122
2024,197045,00288300,Utica University,NY,6,,1,NCAA,943,1137,2080,15,Soccer,38,29,,,38,29,884,33590,1297,37607,71197,,,,,,176223,160144,336367,,,,176223,160144,336367,161772,140411,302183,,,,161772,140411,302183
2024,141264,00159900,Valdosta State University,GA,4,,1,NCAA,1680,3557,5237,15,Soccer,,30,,,0,30,0,0,2395,71864,71864,,,,,,,348018,348018,,,,0,348018,348018,,348018,348018,,,,0,348018,348018
2024,152600,00184200,Valparaiso University,IN,2,,1,NCAA,891,1164,2055,15,Soccer,,33,,,0,33,0,0,3694,121901,121901,,,,,,,1062803,1062803,,,,0,1062803,1062803,,1057952,1057952,,,,0,1057952,1057952
2024,221999,00353500,Vanderbilt University,TN,1,,1,NCAA,3402,3764,7166,15,Soccer,,44,,,0,44,0,0,14847,653254,653254,,,,,,,4026149,4026149,,,,0,4026149,4026149,,4026149,4026149,,,,0,4026149,4026149
2024,123651,00129300,Vanguard University of Southern California,CA,5,,1,NCAA,572,1156,1728,15,Soccer,35,32,,,35,32,1748,61197,1890,60489,121686,,,,,,462453,460479,922932,,,,462453,460479,922932,406652,427228,833880,,,,406652,427228,833880
2024,197133,00289500,Vassar College,NY,7,,1,NCAA,920,1486,2406,15,Soccer,28,28,,,28,28,2284,63945,3350,93794,157739,,,,,,209199,230403,439602,,,,209199,230403,439602,204618,225546,430164,,,,204618,225546,430164
2024,188340,00266500,Vaughn College of Aeronautics and Technology,NY,20,,8,other,910,166,1076,15,Soccer,23,,,,23,0,264,6072,0,0,6072,,,,,,15154,,15154,,,,15154,0,15154,15154,,15154,,,,15154,0,15154
2024,125028,00133400,Ventura College,CA,17,,8,other,1472,1652,3124,15,Soccer,,35,,,0,35,0,0,1115,39009,39009,,,,,,,91502,91502,,,,0,91502,91502,,89553,89553,,,,0,89553,89553
2024,231165,00369800,Vermont State University,VT,8,"4 schools, 3  NCAAlll, one with football, 1 USCAA",8,other,1291,1414,2705,15,Soccer,84,71,,,84,71,1940,162982,1618,114903,277885,,,,,,315535,267008,582543,,,,315535,267008,582543,293766,246039,539805,,,,293766,246039,539805
2024,125091,00133500,Victor Valley College,CA,17,,8,other,559,878,1437,15,Soccer,24,24,,,24,24,556,13351,487,11685,25036,,,,,,44928,43264,88192,,,,44928,43264,88192,29485,36973,66458,,,,29485,36973,66458
2024,216597,00338800,Villanova University,PA,2,,1,NCAA,3066,3664,6730,15,Soccer,29,34,,,29,34,7486,217087,7321,248926,466013,,,,,,1457020,1885201,3342221,,,,1457020,1885201,3342221,1457020,1885201,3342221,,,,1457020,1885201,3342221
2024,234030,00373500,Virginia Commonwealth University,VA,3,,1,NCAA,6755,11855,18610,15,Soccer,31,34,,,31,34,6701,207743,6143,208854,416597,,,,,,1278895,1170291,2449186,,,,1278895,1170291,2449186,1278895,1170291,2449186,,,,1278895,1170291,2449186
2024,234085,00375300,Virginia Military Institute,VA,2,,1,NCAA,1307,220,1527,15,Soccer,25,34,,,25,34,5526,138158,2372,80660,218818,,,,,,485745,600562,1086307,,,,485745,600562,1086307,485745,600562,1086307,,,,485745,600562,1086307
2024,233754,00687100,Virginia Peninsula Community College,VA,14,,3,NJCAA,721,820,1541,15,Soccer,14,,,,14,0,311,4360,0,0,4360,,,,,,22000,,22000,,,,22000,0,22000,14855,,14855,,,,14855,0,14855
2024,233921,00375400,Virginia Polytechnic Institute and State University,VA,1,,1,NCAA,16988,13126,30114,15,Soccer,28,36,,,28,36,20261,567294,17607,633844,1201138,,,,,,273077,442369,715446,,,,273077,442369,715446,2016178,2268510,4284688,,,,2016178,2268510,4284688
2024,234155,00376400,Virginia State University,VA,4,,1,NCAA,2017,2859,4876,15,Soccer,26,20,,,26,20,2538,65978,2066,41329,107307,,,,,,301314,269914,571228,,,,301314,269914,571228,301314,269914,571228,,,,301314,269914,571228
2024,234173,00376700,Virginia Wesleyan University,VA,7,,1,NCAA,512,668,1180,15,Soccer,36,39,,,36,39,1532,55147,1867,72829,127976,,,,,,174732,222796,397528,,,,174732,222796,397528,174732,222796,397528,,,,174732,222796,397528
2024,240107,00391100,Viterbo University,WI,10,,2,NAIA,318,723,1041,15,Soccer,50,36,,,50,36,893,44656,1159,41736,86392,,,,,,190712,185771,376483,,,,190712,185771,376483,190712,185298,376010,,,,190712,185298,376010
2024,403487,00174226,Wabash Valley College,IL,12,,3,NJCAA,204,233,437,15,Soccer,,22,,,0,22,0,0,384,8446,8446,,,,,,,170506,170506,,,,0,170506,170506,,167384,167384,,,,0,167384,167384
2024,197197,00289900,Wagner College,NY,2,,1,NCAA,632,978,1610,15,Soccer,,29,,,0,29,0,0,2032,58929,58929,,,,,,,811420,811420,,,,0,811420,811420,,811420,811420,,,,0,811420,811420
2024,199847,00297800,Wake Forest University,NC,1,,1,NCAA,2427,2986,5413,15,Soccer,30,35,,,30,35,13673,410178,12911,451894,862072,,,,,,2929818,3211779,6141597,,,,2929818,3211779,6141597,2929818,3211779,6141597,,,,2929818,3211779,6141597
2024,199856,00484400,Wake Technical Community College,NC,13,,3,NJCAA,3848,3837,7685,15,Soccer,30,25,,,30,25,568,17035,528,13197,30232,,,,,,58292,46226,104518,,,,58292,46226,104518,58292,46226,104518,,,,58292,46226,104518
2024,154518,00189500,Waldorf University,IA,9,,2,NAIA,754,499,1253,15,Soccer,30,17,,,30,17,1240,37198,1769,30080,67278,,,,,,361246,352607,713853,,,,361246,352607,713853,361246,352607,713853,,,,361246,352607,713853
2024,236887,00500600,Walla Walla Community College,WA,19,,8,other,765,757,1522,15,Soccer,30,20,,,30,20,2381,71441,3109,62173,133614,,,,,,127420,124666,252086,,,,127420,124666,252086,127420,124666,252086,,,,127420,124666,252086
2024,236896,00379900,Walla Walla University,WA,10,,2,NAIA,624,588,1212,15,Soccer,33,21,,,33,21,2393,78959,3582,75217,154176,,,,,,236918,154029,390947,,,,236918,154029,390947,233130,149553,382683,,,,233130,149553,382683
2024,206437,00313500,Walsh University,OH,4,,1,NCAA,704,599,1303,15,Soccer,51,43,,,51,43,877,44739,1165,50103,94842,,,,,,380527,408055,788582,,,,380527,408055,788582,344507,377949,722456,,,,344507,377949,722456
2024,210304,00322500,Warner Pacific University,OR,9,,2,NAIA,140,210,350,15,Soccer,53,20,,,53,20,1236,65485,1628,32565,98050,,,,,,567444,221738,789182,,,,567444,221738,789182,567444,221738,789182,,,,567444,221738,789182
2024,138275,00884800,Warner University,FL,9,,2,NAIA,393,314,707,15,Soccer,30,36,,,30,36,1061,31835,634,22833,54668,,,,,,94945,97544,192489,,,,94945,97544,192489,128276,124814,253090,,,,128276,124814,253090
2024,199865,00297900,Warren Wilson College,NC,7,,1,NCAA,235,471,706,15,Soccer,19,21,,,19,21,816,15500,837,17578,33078,,,,,,63353,57876,121229,,,,63353,57876,121229,58754,59041,117795,,,,58754,59041,117795
2024,154527,00189600,Wartburg College,IA,6,,1,NCAA,767,637,1404,15,Soccer,44,30,,,44,30,1262,55548,1644,49307,104855,,,,,,195568,180790,376358,,,,195568,180790,376358,195568,180790,376358,,,,195568,180790,376358
2024,156082,00194900,Washburn University,KS,4,,1,NCAA,1302,2510,3812,15,Soccer,,30,,,0,30,0,0,4350,130487,130487,,,,,,,580955,580955,,,,0,580955,580955,,580955,580955,,,,0,580955,580955
2024,216667,00338900,Washington & Jefferson College,PA,6,,1,NCAA,697,591,1288,15,Soccer,43,28,,,43,28,616,26473,941,26336,52809,,,,,,145647,92540,238187,,,,145647,92540,238187,142477,105431,247908,,,,142477,105431,247908
2024,162210,00206700,Washington Adventist University,MD,9,,2,NAIA,187,221,408,15,Soccer,34,14,,,34,14,1083,36815,913,12778,49593,,,,,,233508,130208,363716,,,,233508,130208,363716,233508,130208,363716,,,,233508,130208,363716
2024,234207,00376800,Washington and Lee University,VA,6,,1,NCAA,920,961,1881,15,Soccer,32,28,,,32,28,4034,129084,2861,80103,209187,,,,,,300199,228150,528349,,,,300199,228150,528349,300199,228150,528349,,,,300199,228150,528349
2024,164216,00210800,Washington College,MD,7,,1,NCAA,386,494,880,15,Soccer,35,27,,,35,27,1179,41263,912,24632,65895,,,,,,215817,147836,363653,,,,215817,147836,363653,215817,147836,363653,,,,215817,147836,363653
2024,236939,00380000,Washington State University,WA,1,,1,NCAA,8947,9997,18944,15,Soccer,,29,,,0,29,0,0,14623,424074,424074,,,,,,,1175671,1175671,,,,0,1175671,1175671,,2048907,2048907,,,,0,2048907,2048907
2024,179867,00252000,Washington University in St Louis,MO,6,,1,NCAA,3496,4013,7509,15,Soccer,33,32,,,33,32,3014,99468,4574,146381,245849,,,,,,434929,517563,952492,,,,434929,517563,952492,375128,433053,808181,,,,375128,433053,808181
2024,149727,00693100,Waubonsee Community College,IL,13,,3,NJCAA,1143,1207,2350,15,Soccer,27,16,,,27,16,985,26585,1495,23913,50498,,,,,,68212,66310,134522,,,,68212,66310,134522,68212,66310,134522,,,,68212,66310,134522
2024,229780,00366300,Wayland Baptist University,TX,9,,2,NAIA,735,690,1425,15,Soccer,48,32,,,48,32,1718,82464,1810,57920,140384,,,,,,524406,336861,861267,,,,524406,336861,861267,518013,332128,850141,,,,518013,332128,850141
2024,181783,00256600,Wayne State College,NE,4,,1,NCAA,1190,1610,2800,15,Soccer,,30,,,0,30,0,0,3174,95224,95224,,,,,,,385884,385884,,,,0,385884,385884,,385884,385884,,,,0,385884,385884
2024,216694,00339100,Waynesburg University,PA,16,,4,NCCAA,483,508,991,15,Soccer,32,30,,,32,30,671,21460,765,22947,44407,,,,,,121072,138050,259122,,,,121072,138050,259122,121072,138050,259122,,,,121072,138050,259122
2024,197221,00290000,Webb Institute,NY,18,MAISA,8,other,80,26,106,15,Soccer,20,,,,20,0,279,5587,0,0,5587,,,,,,9120,,9120,,,,9120,0,9120,8932,,8932,,,,8932,0,8932
2024,138293,00154000,Webber International University,FL,9,,2,NAIA,570,225,795,15,Soccer,21,19,,,21,19,1861,39076,1395,26497,65573,,,,,,496879,632993,1129872,,,,496879,632993,1129872,496879,607599,1104478,,,,496879,607599,1104478
2024,230782,00368000,Weber State University,UT,2,,1,NCAA,4648,6333,10981,15,Soccer,,29,,,0,29,0,0,7746,224642,224642,,,,,,,918422,918422,,,,0,918422,918422,,918422,918422,,,,0,918422,918422
2024,179894,00252100,Webster University,MO,7,,1,NCAA,845,1135,1980,15,Soccer,30,23,,,30,23,1188,35647,2368,54470,90117,,,,,,135556,147675,283231,,,,135556,147675,283231,117343,269336,386679,,,,117343,269336,386679
2024,168218,00222400,Wellesley College,MA,7,,1,NCAA,3,2296,2299,15,Soccer,,26,,,0,26,0,0,945,24579,24579,,,,,,,120019,120019,,,,0,120019,120019,,120019,120019,,,,0,120019,120019
2024,236975,00380100,Wenatchee Valley College,WA,19,,8,other,499,733,1232,15,Soccer,30,23,,,30,23,986,29590,1145,26333,55923,,,,,,136785,91563,228348,,,,136785,91563,228348,136785,91563,228348,,,,136785,91563,228348
2024,168227,00222500,Wentworth Institute of Technology,MA,7,,1,NCAA,2648,974,3622,15,Soccer,30,29,,,30,29,1109,33282,1487,43110,76392,,,,,,158552,149369,307921,,,,158552,149369,307921,138527,132479,271006,,,,138527,132479,271006
2024,130697,00142400,Wesleyan University,CT,6,,1,NCAA,1462,1597,3059,15,Soccer,31,27,,,31,27,1892,58642,1666,44988,103630,,,,,,530957,378149,909106,,,,530957,378149,909106,309071,235330,544401,,,,309071,235330,544401
2024,216764,00332800,West Chester University of Pennsylvania,PA,4,,1,NCAA,5422,7578,13000,15,Soccer,32,34,,,32,34,1816,58100,1501,51035,109135,,,,,,214543,297236,511779,,,,214543,297236,511779,233598,336462,570060,,,,233598,336462,570060
2024,237932,00382300,West Liberty University,WV,4,,1,NCAA,578,876,1454,15,Soccer,33,32,,,33,32,981,32357,917,29340,61697,,,,,,257099,252013,509112,,,,257099,252013,509112,257099,252013,509112,,,,257099,252013,509112
2024,125471,00859600,West Los Angeles College,CA,17,,8,other,665,912,1577,15,Soccer,,22,,,0,22,0,0,1101,24226,24226,,,,,,,69023,69023,,,,0,69023,69023,,68438,68438,,,,0,68438,68438
2024,229814,00366500,West Texas A & M University,TX,4,,1,NCAA,2228,3147,5375,15,Soccer,49,31,,,49,31,2369,116080,2326,72100,188180,,,,,,515623,446246,961869,,,,515623,446246,961869,515623,446246,961869,,,,515623,446246,961869
2024,125499,00133800,West Valley College,CA,17,,8,other,1137,1185,2322,15,Soccer,31,21,,,31,21,1896,58761,2086,43809,102570,,,,,,240315,149243,389558,,,,240315,149243,389558,240315,149243,389558,,,,240315,149243,389558
2024,237899,00382600,West Virginia State University,WV,4,,1,NCAA,538,674,1212,15,Soccer,,25,,,0,25,0,0,1788,44699,44699,,,,,,,441991,441991,,,,0,441991,441991,,441991,441991,,,,0,441991,441991
2024,238032,00382700,West Virginia University,WV,1,,1,NCAA,8212,8599,16811,15,Soccer,30,32,,,30,32,10626,318772,9268,296591,615363,,,,,,1242903,1480512,2723415,,,,1242903,1480512,2723415,1242903,1480512,2723415,,,,1242903,1480512,2723415
2024,237950,00382701,West Virginia University Institute of Technology,WV,9,,2,NAIA,532,402,934,15,Soccer,47,31,,,47,31,1050,49352,1553,48137,97489,,,,,,695071,553671,1248742,,,,695071,553671,1248742,695071,553671,1248742,,,,695071,553671,1248742
2024,237969,00383000,West Virginia Wesleyan College,WV,4,,1,NCAA,466,483,949,15,Soccer,52,33,,,52,33,1156,60123,933,30774,90897,,,,,,293428,221382,514810,,,,293428,221382,514810,293428,221382,514810,,,,293428,221382,514810
2024,490133,04249600,Westcliff University,CA,9,,2,NAIA,1002,600,1602,15,Soccer,39,35,,,39,35,2451,95598,3217,112597,208195,,,,,,301375,234902,536277,,,,301375,234902,536277,301375,234902,536277,,,,301375,234902,536277
2024,200004,00298100,Western Carolina University,NC,2,,1,NCAA,3594,4661,8255,15,Soccer,,32,,,0,32,0,0,3283,105060,105060,,,,,,,558946,558946,,,,0,558946,558946,,558946,558946,,,,0,558946,558946
2024,128391,00137200,Western Colorado University,CO,4,,1,NCAA,822,612,1434,15,Soccer,,39,,,0,39,0,0,1141,44481,44481,,,,,,,363367,363367,,,,0,363367,363367,,363367,363367,,,,0,363367,363367
2024,130776,00138000,Western Connecticut State University,CT,6,,1,NCAA,1593,1588,3181,15,Soccer,38,30,,,38,30,1571,59710,2346,70372,130082,,,,,,232025,215536,447561,,,,232025,215536,447561,232025,215536,447561,,,,232025,215536,447561
2024,149772,00178000,Western Illinois University,IL,2,,1,NCAA,1550,2186,3736,15,Soccer,29,29,,,29,29,502,14563,601,17418,31981,,,,,,557646,548465,1106111,,,,557646,548465,1106111,557646,548465,1106111,,,,557646,548465,1106111
2024,154572,00731600,Western Iowa Tech Community College,IA,13,,3,NJCAA,699,799,1498,15,Soccer,35,20,,,35,20,2463,86199,2629,52574,138773,,,,,,332120,321377,653497,,,,332120,321377,653497,332120,321377,653497,,,,332120,321377,653497
2024,157951,00200200,Western Kentucky University,KY,1,,1,NCAA,4325,6774,11099,15,Soccer,,27,,,0,27,0,0,6611,178506,178506,,,,,,,801770,801770,,,,0,801770,801770,,801770,801770,,,,0,801770,801770
2024,172699,00233000,Western Michigan University,MI,1,,1,NCAA,5256,5715,10971,15,Soccer,31,33,,,31,33,5282,163750,4542,149876,313626,,,,,,940844,987544,1928388,,,,940844,987544,1928388,940844,987544,1928388,,,,940844,987544,1928388
2024,181817,00256000,Western Nebraska Community College,NE,12,,3,NJCAA,257,321,578,15,Soccer,26,19,,,26,19,2590,67327,2544,48331,115658,,,,,,207113,180939,388052,,,,207113,180939,388052,204156,177982,382138,,,,204156,177982,382138
2024,168254,00222600,Western New England University,MA,6,,1,NCAA,1432,1111,2543,15,Soccer,37,37,,,37,37,1592,58907,1475,54576,113483,,,,,,167415,166740,334155,,,,167415,166740,334155,163712,153422,317134,,,,163712,153422,317134
2024,210429,00320900,Western Oregon University,OR,4,,1,NCAA,948,1709,2657,15,Soccer,43,33,,,43,33,5810,249829,6677,220333,470162,,,,,,567664,635876,1203540,,,,567664,635876,1203540,567664,635876,1203540,,,,567664,635876,1203540
2024,229832,00954900,Western Texas College,TX,12,,3,NJCAA,212,166,378,15,Soccer,27,25,,,27,25,1416,38221,997,24937,63158,,,,,,218565,208781,427346,,,,218565,208781,427346,216539,195221,411760,,,,216539,195221,411760
2024,237011,00380200,Western Washington University,WA,5,,1,NCAA,5214,7129,12343,15,Soccer,27,29,,,27,29,5074,136998,5967,173031,310029,,,,,,603275,643210,1246485,,,,603275,643210,1246485,603275,643210,1246485,,,,603275,643210,1246485
2024,240693,00393300,Western Wyoming Community College,WY,12,,3,NJCAA,352,408,760,15,Soccer,,26,,,0,26,0,0,2870,74612,74612,,,,,,,455778,455778,,,,0,455778,455778,,455778,455778,,,,0,455778,455778
2024,168263,00218900,Westfield State University,MA,6,,1,NCAA,1435,1754,3189,15,Soccer,32,30,,,32,30,1626,52045,2106,63183,115228,,,,,,65037,93376,158413,,,,65037,93376,158413,70728,116849,187577,,,,70728,116849,187577
2024,179946,00252300,Westminster College,MO,6,,1,NCAA,362,257,619,15,Soccer,42,25,,,42,25,827,34754,1371,34277,69031,,,,,,108643,112647,221290,,,,108643,112647,221290,108643,112647,221290,,,,108643,112647,221290
2024,216807,00339200,Westminster College,PA,6,,1,NCAA,529,504,1033,15,Soccer,50,31,,,50,31,833,41655,986,30557,72212,,,,,,104577,84836,189413,,,,104577,84836,189413,104577,84836,189413,,,,104577,84836,189413
2024,230807,00368100,Westminster University,UT,5,,1,NCAA,334,456,790,15,Soccer,35,35,,,35,35,2494,87303,2927,102448,189751,,,,,,364845,379328,744173,,,,364845,379328,744173,358830,369595,728425,,,,358830,369595,728425
2024,125727,00134100,Westmont College,CA,5,,1,NCAA,503,790,1293,15,Soccer,29,33,,,29,33,4435,128603,2999,98978,227581,,,,,,665469,480167,1145636,,,,665469,480167,1145636,587382,474339,1061721,,,,587382,474339,1061721
2024,237039,01036400,Whatcom Community College,WA,19,,8,other,580,728,1308,15,Soccer,31,22,,,31,22,774,23997,713,15689,39686,,,,,,68527,71562,140089,,,,68527,71562,140089,68527,71562,140089,,,,68527,71562,140089
2024,149781,00178100,Wheaton College,IL,6,,1,NCAA,954,1135,2089,15,Soccer,38,31,,,38,31,1953,74200,2673,82853,157053,,,,,,327519,293133,620652,,,,327519,293133,620652,327519,293133,620652,,,,327519,293133,620652
2024,168281,00222700,Wheaton College (Massachusetts),MA,7,,1,NCAA,611,1158,1769,15,Soccer,30,24,,,30,24,1316,39467,1678,40274,79741,,,,,,178354,182888,361242,,,,178354,182888,361242,178354,182888,361242,,,,178354,182888,361242
2024,238078,00383100,Wheeling University,WV,4,,1,NCAA,351,231,582,15,Soccer,39,34,,,39,34,1588,61921,1407,47822,109743,,,,,,762515,765582,1528097,,,,762515,765582,1528097,492975,573482,1066457,,,,492975,573482,1066457
2024,237057,00380300,Whitman College,WA,7,,1,NCAA,644,865,1509,15,Soccer,25,30,,,25,30,3634,90841,3089,92655,183496,,,,,,212221,231243,443464,,,,212221,231243,443464,192884,220182,413066,,,,192884,220182,413066
2024,125763,00134200,Whittier College,CA,7,,1,NCAA,321,424,745,15,Soccer,40,34,,,40,34,958,38335,1163,39542,77877,,,,,,136135,133347,269482,,,,136135,133347,269482,136135,133347,269482,,,,136135,133347,269482
2024,237066,00380400,Whitworth University,WA,6,,1,NCAA,817,1013,1830,15,Soccer,35,31,,,35,31,2730,95550,2595,80434,175984,,,,,,257160,205447,462607,,,,257160,205447,462607,236525,205447,441972,,,,236525,205447,441972
2024,216852,00331300,Widener University,PA,6,,1,NCAA,1108,1668,2776,15,Soccer,40,27,,,40,27,401,16041,504,13597,29638,,,,,,215022,126206,341228,,,,215022,126206,341228,171533,115719,287252,,,,171533,115719,287252
2024,229887,00366900,Wiley University,TX,9,,2,NAIA,335,357,692,15,Soccer,47,21,,,47,21,615,28928,1178,24735,53663,,,,,,202232,106324,308556,,,,202232,106324,308556,202232,106324,308556,,,,202232,106324,308556
2024,216931,00339400,Wilkes University,PA,6,,1,NCAA,927,966,1893,15,Soccer,33,32,,,33,32,1938,63964,1428,45688,109652,,,,,,133237,188423,321660,,,,133237,188423,321660,133237,188423,321660,,,,133237,188423,321660
2024,210401,00322700,Willamette University,OR,6,,1,NCAA,604,974,1578,15,Soccer,27,29,,,27,29,2642,71344,1887,54712,126056,,,,,,174907,168997,343904,,,,174907,168997,343904,174907,168997,343904,,,,174907,168997,343904
2024,231624,00370500,William & Mary,VA,2,,1,NCAA,2878,4093,6971,15,Soccer,27,35,,,27,35,5307,143302,4465,156281,299583,,,,,,1054488,1106994,2161482,,,,1054488,1106994,2161482,971233,1234733,2205966,,,,971233,1234733,2205966
2024,176479,00244700,William Carey University,MS,9,,2,NAIA,629,1270,1899,15,Soccer,51,23,,,51,23,4217,215062,9070,208618,423680,,,,,,1071389,761499,1832888,,,,1071389,761499,1832888,1063940,765357,1829297,,,,1063940,765357,1829297
2024,122728,00128100,William Jessup University,CA,5,,1,NCAA,533,629,1162,15,Soccer,32,29,,,32,29,730,23352,536,15541,38893,,,,,,493275,279431,772706,,,,493275,279431,772706,380906,278323,659229,,,,380906,278323,659229
2024,179955,00252400,William Jewell College,MO,4,,1,NCAA,459,420,879,15,Soccer,48,38,,,48,38,857,41134,1083,41143,82277,,,,,,398642,341268,739910,,,,398642,341268,739910,395841,339215,735056,,,,395841,339215,735056
2024,187444,00262500,William Paterson University of New Jersey,NJ,6,,1,NCAA,2120,3116,5236,15,Soccer,28,24,,,28,24,1241,34759,1046,25108,59867,,,,,,112959,123510,236469,,,,112959,123510,236469,109159,120370,229529,,,,109159,120370,229529
2024,199272,00295300,William Peace University,NC,7,,1,NCAA,326,275,601,15,Soccer,35,21,,,35,21,1665,58285,1359,28533,86818,,,,,,149915,104757,254672,,,,149915,104757,254672,156603,86247,242850,,,,156603,86247,242850
2024,154590,00190000,William Penn University,IA,9,,2,NAIA,666,572,1238,15,Soccer,101,33,,,101,33,657,66338,935,30869,97207,,,,,,1460846,636320,2097166,,,,1460846,636320,2097166,1445522,635570,2081092,,,,1445522,635570,2081092
2024,149842,00396100,William Rainey Harper College,IL,14,,3,NJCAA,1967,1952,3919,15,Soccer,32,20,,,32,20,462,14780,610,12192,26972,,,,,,105000,74158,179158,,,,105000,74158,179158,105000,74158,179158,,,,105000,74158,179158
2024,179964,00252500,William Woods University,MO,9,,2,NAIA,442,594,1036,15,Soccer,36,31,,,36,31,1788,64377,1369,42432,106809,,,,,,1022928,880040,1902968,,,,1022928,880040,1902968,1013528,866608,1880136,,,,1013528,866608,1880136
2024,107877,00110600,Williams Baptist University,AR,9,,2,NAIA,237,236,473,15,Soccer,42,20,,,42,20,1004,42188,1313,26258,68446,,,,,,561172,274259,835431,,,,561172,274259,835431,559348,274259,833607,,,,559348,274259,833607
2024,168342,00222900,Williams College,MA,6,,1,NCAA,987,1089,2076,15,Soccer,29,28,,,29,28,2163,62729,1470,41166,103895,,,,,,211442,239981,451423,,,,211442,239981,451423,211442,239981,451423,,,,211442,239981,451423
2024,206507,00314200,Wilmington College,OH,6,,1,NCAA,457,503,960,15,Soccer,36,28,,,36,28,1182,42535,1288,36077,78612,,,,,,135580,96325,231905,,,,135580,96325,231905,115661,95503,211164,,,,115661,95503,211164
2024,131113,00794800,Wilmington University,DE,5,,1,NCAA,1258,1727,2985,15,Soccer,39,26,,,39,26,3778,147325,5680,147677,295002,,,,,,339749,336219,675968,,,,339749,336219,675968,363590,313677,677267,,,,363590,313677,677267
2024,217013,00339600,Wilson College,PA,7,,1,NCAA,119,508,627,15,Soccer,28,31,,,28,31,1475,41288,1260,39075,80363,,,,,,98342,87397,185739,,,,98342,87397,185739,98340,87297,185637,,,,98340,87297,185637
2024,199962,00298500,Wingate University,NC,4,,1,NCAA,1080,1531,2611,15,Soccer,32,28,,,32,28,1923,61522,1768,49507,111029,,,,,,613795,477311,1091106,,,,613795,477311,1091106,601875,456619,1058494,,,,601875,456619,1058494
2024,175272,00239400,Winona State University,MN,4,,1,NCAA,1394,3063,4457,15,Soccer,,31,,,0,31,0,0,2217,68736,68736,,,,,,,354142,354142,,,,0,354142,354142,,354142,354142,,,,0,354142,354142
2024,218964,00345600,Winthrop University,SC,3,,1,NCAA,1181,2160,3341,15,Soccer,30,30,,,30,30,2731,81939,2522,75645,157584,,,,,,406635,335093,741728,,,,406635,335093,741728,406635,335093,741728,,,,406635,335093,741728
2024,240338,02136600,Wisconsin Lutheran College,WI,6,,1,NCAA,448,481,929,15,Soccer,34,35,,,34,35,1876,63767,1273,44553,108320,,,,,,151249,102793,254042,,,,151249,102793,254042,146395,100466,246861,,,,146395,100466,246861
2024,206525,00314300,Wittenberg University,OH,6,,1,NCAA,634,575,1209,15,Soccer,52,30,,,52,30,940,48858,1548,46451,95309,,,,,,202227,179286,381513,,,,202227,179286,381513,202227,179286,381513,,,,202227,179286,381513
2024,218973,00345700,Wofford College,SC,2,,1,NCAA,870,935,1805,15,Soccer,38,30,,,38,30,2490,94623,2152,64564,159187,,,,,,956666,945271,1901937,,,,956666,945271,1901937,956666,945271,1901937,,,,956666,945271,1901937
2024,455512,04143800,Woodland Community College,CA,17,,8,other,305,458,763,15,Soccer,27,22,,,27,22,1127,30425,1219,26820,57245,,,,,,48500,45822,94322,,,,48500,45822,94322,48833,45489,94322,,,,48833,45489,94322
2024,168421,00223300,Worcester Polytechnic Institute,MA,6,,1,NCAA,3583,1747,5330,15,Soccer,30,27,,,30,27,1623,48676,1580,42650,91326,,,,,,196802,205309,402111,,,,196802,205309,402111,196802,205309,402111,,,,196802,205309,402111
2024,168430,00219000,Worcester State University,MA,6,,1,NCAA,1346,2029,3375,15,Soccer,29,28,,,29,28,824,23886,1110,31078,54964,,,,,,48545,64813,113358,,,,48545,64813,113358,47841,60358,108199,,,,47841,60358,108199
2024,197531,01185900,Word of Life Bible Institute,NY,20,,8,other,245,244,489,15,Soccer,22,16,,,22,16,543,11940,622,9948,21888,,,,,,21272,16233,37505,,,,21272,16233,37505,22076,16826,38902,,,,22076,16826,38902
2024,206604,00307800,Wright State University-Main Campus,OH,3,,1,NCAA,2558,3199,5757,15,Soccer,32,35,,,32,35,3626,116016,2725,95362,211378,,,,,,547553,557871,1105424,,,,547553,557871,1105424,547553,557871,1105424,,,,547553,557871,1105424
2024,206622,00314400,Xavier University,OH,3,,1,NCAA,1832,2243,4075,15,Soccer,31,35,,,31,35,5407,167632,4413,154441,322073,,,,,,88550,1435867,1524417,,,,88550,1435867,1524417,1271264,1435866,2707130,,,,1271264,1435866,2707130
2024,160904,00203200,Xavier University of Louisiana,LA,9,,2,NAIA,631,1929,2560,15,Soccer,32,24,,,32,24,3037,97186,3483,83581,180767,,,,,,687544,674396,1361940,,,,687544,674396,1361940,701445,687001,1388446,,,,701445,687001,1388446
2024,237109,00380500,Yakima Valley College,WA,8,NWAC,8,other,593,1194,1787,15,Soccer,,19,,,0,19,0,0,1502,28542,28542,,,,,,,90588,90588,,,,0,90588,90588,,90588,90588,,,,0,90588,90588
2024,130794,00142600,Yale University,CT,2,,1,NCAA,3275,3477,6752,15,Soccer,29,31,,,29,31,5544,160765,4722,146392,307157,,,,,,591244,592309,1183553,,,,591244,592309,1183553,591244,592309,1183553,,,,591244,592309,1183553
2024,106148,00107900,Yavapai College,AZ,12,,3,NJCAA,776,768,1544,15,Soccer,26,26,,,26,26,3358,87315,4405,114531,201846,,,,,,285994,349577,635571,,,,285994,349577,635571,285994,349577,635571,,,,285994,349577,635571
2024,197708,00290300,Yeshiva University,NY,7,,1,NCAA,1532,1290,2822,15,Soccer,23,19,,,23,19,2535,58308,2465,46840,105148,,,,,,97226,90452,187678,,,,97226,90452,187678,97226,90452,187678,,,,97226,90452,187678
2024,217059,00339900,York College of Pennsylvania,PA,7,,1,NCAA,1336,1734,3070,15,Soccer,39,38,,,39,38,1319,51452,1408,53512,104964,,,,,,160602,153617,314219,,,,160602,153617,314219,130540,130228,260768,,,,130540,130228,260768
2024,420440,03122900,York County Community College,ME,20,not sure,8,other,192,288,480,15,Soccer,16,,,,16,0,833,13326,0,0,13326,,,,,,19326,,19326,,,,19326,0,19326,19326,,19326,,,,19326,0,19326
2024,181853,00256700,York University,NE,10,,2,NAIA,218,179,397,15,Soccer,37,34,,,37,34,1955,72329,1712,58193,130522,,,,,,528139,467327,995466,,,,528139,467327,995466,528139,467327,995466,,,,528139,467327,995466
2024,141361,00160400,Young Harris College,GA,5,,1,NCAA,332,418,750,15,Soccer,47,32,,,47,32,1371,64424,1876,60032,124456,,,,,,464546,384337,848883,,,,464546,384337,848883,464546,384337,848883,,,,464546,384337,848883
2024,206695,00314500,Youngstown State University,OH,2,,1,NCAA,3186,3630,6816,15,Soccer,,34,,,0,34,0,0,3847,130812,130812,,,,,,,720501,720501,,,,0,720501,720501,,720501,720501,,,,0,720501,720501
2024,126119,00134400,Yuba College,CA,17,,8,other,639,842,1481,15,Soccer,18,14,,,18,14,1046,18827,2433,34059,52886,,,,,,66705,66364,133069,,,,66705,66364,133069,66705,66364,133069,,,,66705,66364,133069
