Survey Year,UNITID,OPE ID,Institution Name,State CD,Classification Name,Classification Other,Sanction Code,Sanction Name,Male Undergraduates,Female Undergraduates,Total Undergraduates,Sport Code,Sport Name,# Participants Men's Team,# Participants Women's Team,# Participants Men Coed Team,# Participants Women Coed Team,Total # Participants Men's Team/Men Coed Team,Total # Participants Women's Team/Women Coed Team,Operating Expenses per Participant/Men's Team,Operating Expenses per Team/Men's Team,Operating Expenses per Participant/Women's Team,Operating Expenses per Team/Women's Team,Total Operating Expenses Men's Team and Women's Team,Operating Expenses per Participant/Men Coed Team,Operating Expenses per Team/Men Coed Team,Operating Expenses per Participant/Women Coed Team,Operating Expenses per Team/Women Coed Team,Total Operating Expenses Men Coed Team/Women Coed Team,Revenues Men's Team,Revenues Women's Team,Total Revenues For Men's Team and Women's Team,Revenues Men Coed Team,Revenues Women Coed Team,Total Revenues Men Coed Team/Women Coed Team,Total Revenues Men's Team and Men Coed Team,Total Revenues Women's Team and Women Coed Team,Total Revenues Men's Team/Women's Team and Coed Team,Expenses Men's Team,Expenses Women's Team,Total Expenses Men's Team and Women's Team,Expenses Men Coed Team,Expenses Women Coed Team,Total Expenses Men Coed Team and Women Coed Team,Total Expenses Men's Team and Men Coed Team,Total Expenses Women's Team and  Women Coed Team,Total Expenses Men's Team/Women's Team and Coed Team
2024,222178,00353700,Abilene Christian University,TX,2,,1,NCAA,1258,1843,3101,26,Volleyball,,16,,,0,16,0,0,11378,182055,182055,,,,,,,1084592,1084592,,,,0,1084592,1084592,,1057609,1057609,,,,0,1057609,1057609
2024,126182,00134500,Adams State University,CO,4,,1,NCAA,485,430,915,26,Volleyball,,19,,,0,19,0,0,2542,48304,48304,,,,,,,483382,483382,,,,0,483382,483382,,483382,483382,,,,0,483382,483382
2024,188429,00266600,Adelphi University,NY,5,,1,NCAA,1696,3433,5129,26,Volleyball,,20,,,0,20,0,0,4569,91371,91371,,,,,,,481018,481018,,,,0,481018,481018,,481018,481018,,,,0,481018,481018
2024,168528,00223400,Adrian College,MI,6,,1,NCAA,917,676,1593,26,Volleyball,18,25,,,18,25,1419,25536,1424,35589,61125,,,,,,97360,154186,251546,,,,97360,154186,251546,97360,154186,251546,,,,97360,154186,251546
2024,100654,00100200,Alabama A & M University,AL,2,,1,NCAA,2375,3293,5668,26,Volleyball,,25,,,0,25,0,0,2956,73893,73893,,,,,,,253408,253408,,,,0,253408,253408,,753948,753948,,,,0,753948,753948
2024,100724,00100500,Alabama State University,AL,2,,1,NCAA,1177,2066,3243,26,Volleyball,,20,,,0,20,0,0,2208,44158,44158,,,,,,,623092,623092,,,,0,623092,623092,,623092,623092,,,,0,623092,623092
2024,188526,00288500,Albany College of Pharmacy and Health Sciences,NY,20,,8,other,169,304,473,26,Volleyball,16,13,,,16,13,268,4285,679,8826,13111,,,,,,7285,25825,33110,,,,7285,25825,33110,7285,25825,33110,,,,7285,25825,33110
2024,138716,00154400,Albany State University,GA,4,,1,NCAA,1271,3157,4428,26,Volleyball,,15,,,0,15,0,0,1468,22023,22023,,,,,,,12669,12669,,,,0,12669,12669,,134889,134889,,,,0,134889,134889
2024,128498,00137400,Albertus Magnus College,CT,7,,1,NCAA,360,575,935,26,Volleyball,,16,,,0,16,0,0,2230,35675,35675,,,,,,,72715,72715,,,,0,72715,72715,,72715,72715,,,,0,72715,72715
2024,168546,00223500,Albion College,MI,6,,1,NCAA,604,690,1294,26,Volleyball,,28,,,0,28,0,0,4180,117052,117052,,,,,,,255099,255099,,,,0,255099,255099,,238798,238798,,,,0,238798,238798
2024,210571,00322900,Albright College,PA,6,,1,NCAA,546,604,1150,26,Volleyball,,13,,,0,13,0,0,905,11769,11769,,,,,,,20111,20111,,,,0,20111,20111,,20111,20111,,,,0,20111,20111
2024,175342,00239600,Alcorn State University,MS,2,,1,NCAA,701,1357,2058,26,Volleyball,,13,,,0,13,0,0,7258,94354,94354,,,,,,,320260,320260,,,,0,320260,320260,,320260,320260,,,,0,320260,320260
2024,172918,00554400,Alexandria Technical & Community College,MN,14,,3,NJCAA,632,398,1030,26,Volleyball,,15,,,0,15,0,0,1979,29680,29680,,,,,,,57522,57522,,,,0,57522,57522,,64824,64824,,,,0,64824,64824
2024,188641,00266800,Alfred University,NY,6,,1,NCAA,675,729,1404,26,Volleyball,,20,,,0,20,0,0,2172,43433,43433,,,,,,,130194,130194,,,,0,130194,130194,,126098,126098,,,,0,126098,126098
2024,156189,00195100,Alice Lloyd College,KY,9,,2,NAIA,275,277,552,26,Volleyball,,28,,,0,28,0,0,1342,37577,37577,,,,,,,37979,37979,,,,0,37979,37979,,47077,47077,,,,0,47077,47077
2024,108807,00111100,Allan Hancock College,CA,17,,8,other,1528,1651,3179,26,Volleyball,,16,,,0,16,0,0,1781,28494,28494,,,,,,,62540,62540,,,,0,62540,62540,,56540,56540,,,,0,56540,56540
2024,161688,00205700,Allegany College of Maryland,MD,13,,3,NJCAA,301,472,773,26,Volleyball,,11,,,0,11,0,0,1132,12455,12455,,,,,,,39244,39244,,,,0,39244,39244,,39244,39244,,,,0,39244,39244
2024,210669,00323000,Allegheny College,PA,6,,1,NCAA,536,575,1111,26,Volleyball,,17,,,0,17,0,0,4821,81965,81965,,,,,,,190836,190836,,,,0,190836,190836,,190836,190836,,,,0,190836,190836
2024,154642,00190100,Allen County Community College,KS,12,,3,NJCAA,232,225,457,26,Volleyball,,16,,,0,16,0,0,2053,32845,32845,,,,,,,135828,135828,,,,0,135828,135828,,135828,135828,,,,0,135828,135828
2024,217624,00341700,Allen University,SC,4,,1,NCAA,316,244,560,26,Volleyball,,22,,,0,22,0,0,983,21615,21615,,,,,,,120381,120381,,,,0,120381,120381,,120381,120381,,,,0,120381,120381
2024,168591,00223600,Alma College,MI,6,,1,NCAA,532,596,1128,26,Volleyball,,26,,,0,26,0,0,2274,59121,59121,,,,,,,134098,134098,,,,0,134098,134098,,134098,134098,,,,0,134098,134098
2024,168607,00223700,Alpena Community College,MI,13,,3,NJCAA,251,218,469,26,Volleyball,,12,,,0,12,0,0,286,3429,3429,,,,,,,45857,45857,,,,0,45857,45857,,45857,45857,,,,0,45857,45857
2024,210775,00323300,Alvernia University,PA,6,,1,NCAA,687,1047,1734,26,Volleyball,,18,,,0,18,0,0,1251,22512,22512,,,,,,,60934,60934,,,,0,60934,60934,,42146,42146,,,,0,42146,42146
2024,238193,00383200,Alverno College,WI,7,,1,NCAA,2,525,527,26,Volleyball,,10,,,0,10,0,0,1573,15725,15725,,,,,,,66227,66227,,,,0,66227,66227,,65949,65949,,,,0,65949,65949
2024,222576,00354000,Amarillo College,TX,12,,3,NJCAA,1346,2079,3425,26,Volleyball,,16,,,0,16,0,0,3414,54622,54622,,,,,,,303979,303979,,,,0,303979,303979,,303979,303979,,,,0,303979,303979
2024,164447,00211400,American International College,MA,4,,1,NCAA,537,441,978,26,Volleyball,23,18,,,23,18,960,22091,2550,45897,67988,,,,,,114638,793988,908626,,,,114638,793988,908626,114638,793988,908626,,,,114638,793988,908626
2024,109208,00123200,American River College,CA,17,,8,other,2370,2682,5052,26,Volleyball,,17,,,0,17,0,0,1976,33585,33585,,,,,,,121378,121378,,,,0,121378,121378,,114365,114365,,,,0,114365,114365
2024,131159,00143400,American University,DC,3,,1,NCAA,2646,4415,7061,26,Volleyball,,16,,,0,16,0,0,6384,102140,102140,,,,,,,1330281,1330281,,,,0,1330281,1330281,,1330281,1330281,,,,0,1330281,1330281
2024,164465,00211500,Amherst College,MA,6,,1,NCAA,861,1050,1911,26,Volleyball,,20,,,0,20,0,0,2479,49589,49589,,,,,,,277188,277188,,,,0,277188,277188,,277188,277188,,,,0,277188,277188
2024,150066,00178500,Anderson University,IN,6,,1,NCAA,531,494,1025,26,Volleyball,,17,,,0,17,0,0,1996,33927,33927,,,,,,,115733,115733,,,,0,115733,115733,,111536,111536,,,,0,111536,111536
2024,217633,00341800,Anderson University,SC,6,,1,NCAA,1171,1913,3084,26,Volleyball,,18,,,0,18,0,0,2810,50582,50582,,,,,,,426035,426035,,,,0,426035,426035,,402639,402639,,,,0,402639,402639
2024,138761,00154500,Andrew College,GA,12,,3,NJCAA,277,107,384,26,Volleyball,,15,,,0,15,0,0,1566,23489,23489,,,,,,,175636,175636,,,,0,175636,175636,,175636,175636,,,,0,175636,175636
2024,168740,00223800,Andrews University,MI,20,,8,other,512,583,1095,26,Volleyball,,12,,,0,12,0,0,2368,28415,28415,,,,,,,42065,42065,,,,0,42065,42065,,42065,42065,,,,0,42065,42065
2024,222831,00354100,Angelo State University,TX,4,,1,NCAA,2198,2892,5090,26,Volleyball,,21,,,0,21,0,0,5406,113536,113536,,,,,,,522419,522419,,,,0,522419,522419,,474810,474810,,,,0,474810,474810
2024,164492,00211700,Anna Maria College,MA,6,,1,NCAA,471,311,782,26,Volleyball,,14,,,0,14,0,0,1582,22146,22146,,,,,,,38046,38046,,,,0,38046,38046,,38046,38046,,,,0,38046,38046
2024,161767,00205800,Anne Arundel Community College,MD,13,,3,NJCAA,1337,1586,2923,26,Volleyball,,11,,,0,11,0,0,1090,11986,11986,,,,,,,35619,35619,,,,0,35619,35619,,35619,35619,,,,0,35619,35619
2024,172963,00233200,Anoka-Ramsey Community College,MN,14,,3,NJCAA,828,1054,1882,26,Volleyball,,8,,,0,8,0,0,2672,21372,21372,,,,,,,41017,41017,,,,0,41017,41017,,41017,41017,,,,0,41017,41017
2024,109350,00111300,Antelope Valley Community College District,CA,17,,8,other,1895,2152,4047,26,Volleyball,14,15,,,14,15,2013,28181,1771,26558,54739,,,,,,58206,66336,124542,,,,58206,66336,124542,58206,66336,124542,,,,58206,66336,124542
2024,237136,00754400,Appalachian Bible College,WV,16,,4,NCCAA,107,77,184,26,Volleyball,,10,,,0,10,0,0,1502,15021,15021,,,,,,,20517,20517,,,,0,20517,20517,,20517,20517,,,,0,20517,20517
2024,197869,00290600,Appalachian State University,NC,1,,1,NCAA,8122,9976,18098,26,Volleyball,,15,,,0,15,0,0,12973,194602,194602,,,,,,,897604,897604,,,,0,897604,897604,,897604,897604,,,,0,897604,897604
2024,168786,00223900,Aquinas College,MI,10,,2,NAIA,473,496,969,26,Volleyball,17,24,,,17,24,3218,54709,3314,79527,134236,,,,,,184934,221238,406172,,,,184934,221238,406172,184934,221238,406172,,,,184934,221238,406172
2024,211088,00323500,Arcadia University,PA,7,,1,NCAA,664,1152,1816,26,Volleyball,14,15,,,14,15,2464,34490,1917,28751,63241,,,,,,152639,148759,301398,,,,152639,148759,301398,152639,148759,301398,,,,152639,148759,301398
2024,105899,00711300,Arizona Christian University,AZ,9,,2,NAIA,664,434,1098,26,Volleyball,20,18,,,20,18,1042,20839,2682,48274,69113,,,,,,365420,468344,833764,,,,365420,468344,833764,365420,468344,833764,,,,365420,468344,833764
2024,104151,00108100,Arizona State University Campus Immersion,AZ,1,,1,NCAA,30671,29606,60277,26,Volleyball,,24,,,0,24,0,0,16296,391113,391113,,,,,,,2955239,2955239,,,,0,2955239,2955239,,2955239,2955239,,,,0,2955239,2955239
2024,104160,00107100,Arizona Western College,AZ,12,,3,NJCAA,835,1131,1966,26,Volleyball,,13,,,0,13,0,0,6601,85813,85813,,,,,,,362845,362845,,,,0,362845,362845,,362845,362845,,,,0,362845,362845
2024,106458,00109000,Arkansas State University,AR,1,,1,NCAA,2210,3310,5520,26,Volleyball,,18,,,0,18,0,0,16578,298408,298408,,,,,,,953955,953955,,,,0,953955,953955,,953955,953955,,,,0,953955,953955
2024,106467,00108900,Arkansas Tech University,AR,4,,1,NCAA,1980,2505,4485,26,Volleyball,,18,,,0,18,0,0,906,16307,16307,,,,,,,359722,359722,,,,0,359722,359722,,359722,359722,,,,0,359722,359722
2024,222877,02081400,Arlington Baptist University,TX,16,,4,NCCAA,191,87,278,26,Volleyball,,18,,,0,18,0,0,1247,22454,22454,,,,,,,95768,95768,,,,0,95768,95768,,79944,79944,,,,0,79944,79944
2024,156213,00195200,Asbury University,KY,7,,1,NCAA,492,783,1275,26,Volleyball,,24,,,0,24,0,0,1265,30354,30354,,,,,,,103859,103859,,,,0,103859,103859,,103859,103859,,,,0,103859,103859
2024,201104,00301200,Ashland University,OH,4,,1,NCAA,870,975,1845,26,Volleyball,,18,,,0,18,0,0,4569,82247,82247,,,,,,,485848,485848,,,,0,485848,485848,,485848,485848,,,,0,485848,485848
2024,164562,00211800,Assumption University,MA,4,,1,NCAA,753,907,1660,26,Volleyball,,24,,,0,24,0,0,2050,49190,49190,,,,,,,262755,262755,,,,0,262755,262755,,263939,263939,,,,0,263939,263939
2024,183655,00259600,Atlantic Cape Community College,NJ,14,,3,NJCAA,626,898,1524,26,Volleyball,10,12,,,10,12,766,7662,630,7561,15223,,,,,,19596,19413,39009,,,,19596,19413,39009,19596,19413,39009,,,,19596,19413,39009
2024,485768,04233900,Atlantis University,FL,20,,8,other,267,63,330,26,Volleyball,,8,,,0,8,0,0,2115,16920,16920,,,,,,,96951,96951,,,,0,96951,96951,,96951,96951,,,,0,96951,96951
2024,100858,00100900,Auburn University,AL,1,,1,NCAA,12326,12851,25177,26,Volleyball,,18,,,0,18,0,0,34277,616983,616983,,,,,,,351116,351116,,,,0,351116,351116,,2619459,2619459,,,,0,2619459,2619459
2024,100830,00831000,Auburn University at Montgomery,AL,5,,1,NCAA,693,1331,2024,26,Volleyball,,15,,,0,15,0,0,3452,51778,51778,,,,,,,461160,461160,,,,0,461160,461160,,459137,459137,,,,0,459137,459137
2024,173045,00233400,Augsburg University,MN,6,,1,NCAA,1079,1289,2368,26,Volleyball,,22,,,0,22,0,0,1224,26919,26919,,,,,,,168066,168066,,,,0,168066,168066,,168066,168066,,,,0,168066,168066
2024,482149,00157900,Augusta University,GA,5,,1,NCAA,1782,3072,4854,26,Volleyball,,16,,,0,16,0,0,2432,38908,38908,,,,,,,478148,478148,,,,0,478148,478148,,459137,459137,,,,0,459137,459137
2024,143084,00163300,Augustana College,IL,6,,1,NCAA,1156,1318,2474,26,Volleyball,26,29,,,26,29,2939,76408,2515,72922,149330,,,,,,139488,160961,300449,,,,139488,160961,300449,139488,160961,300449,,,,139488,160961,300449
2024,219000,00345800,Augustana University,SD,4,,1,NCAA,759,1178,1937,26,Volleyball,,19,,,0,19,0,0,1303,24764,24764,,,,,,,753670,753670,,,,0,753670,753670,,753670,753670,,,,0,753670,753670
2024,143118,00163400,Aurora University,IL,6,,1,NCAA,1253,2407,3660,26,Volleyball,24,26,,,24,26,2861,68653,1960,50965,119618,,,,,,215764,201449,417213,,,,215764,201449,417213,215764,201449,417213,,,,215764,201449,417213
2024,222983,00354300,Austin College,TX,6,,1,NCAA,565,597,1162,26,Volleyball,,18,,,0,18,0,0,4462,80308,80308,,,,,,,158183,158183,,,,0,158183,158183,,154667,154667,,,,0,154667,154667
2024,219602,00347800,Austin Peay State University,TN,2,,1,NCAA,2183,3303,5486,26,Volleyball,,14,,,0,14,0,0,8793,123096,123096,,,,,,,821477,821477,,,,0,821477,821477,,821477,821477,,,,0,821477,821477
2024,446048,03941300,Ave Maria University,FL,10,,2,NAIA,602,681,1283,26,Volleyball,,47,,,0,47,0,0,949,44588,44588,,,,,,,499854,499854,,,,0,499854,499854,,499854,499854,,,,0,499854,499854
2024,231420,00370200,Averett University,VA,6,,1,NCAA,565,576,1141,26,Volleyball,16,21,,,16,21,1551,24817,2480,52080,76897,,,,,,58133,84614,142747,,,,58133,84614,142747,58133,84614,142747,,,,58133,84614,142747
2024,176628,00244900,Avila University,MO,9,,2,NAIA,447,732,1179,26,Volleyball,,24,,,0,24,0,0,1577,37850,37850,,,,,,,397618,397618,,,,0,397618,397618,,367916,367916,,,,0,367916,367916
2024,109785,00111700,Azusa Pacific University,CA,5,,1,NCAA,803,1640,2443,26,Volleyball,,14,,,0,14,0,0,4801,67209,67209,,,,,,,520827,520827,,,,0,520827,520827,,505243,505243,,,,0,505243,505243
2024,164580,00212100,Babson College,MA,7,,1,NCAA,1523,1186,2709,26,Volleyball,,17,,,0,17,0,0,2252,38284,38284,,,,,,,195321,195321,,,,0,195321,195321,,195321,195321,,,,0,195321,195321
2024,154688,00190300,Baker University,KS,9,,2,NAIA,461,496,957,26,Volleyball,,27,,,0,27,0,0,1101,29729,29729,,,,,,,723241,723241,,,,0,723241,723241,,713729,713729,,,,0,713729,713729
2024,109819,00111800,Bakersfield College,CA,17,,8,other,2644,3576,6220,26,Volleyball,,19,,,0,19,0,0,2529,48060,48060,,,,,,,87126,87126,,,,0,87126,87126,,68382,68382,,,,0,68382,68382
2024,201195,00301400,Baldwin Wallace University,OH,6,,1,NCAA,1268,1482,2750,26,Volleyball,18,23,,,18,23,3027,54479,1621,37283,91762,,,,,,146001,159695,305696,,,,146001,159695,305696,146001,159695,305696,,,,146001,159695,305696
2024,150136,00178600,Ball State University,IN,1,,1,NCAA,5163,7864,13027,26,Volleyball,23,18,,,23,18,10141,233241,21451,386114,619355,,,,,,783473,986368,1769841,,,,783473,986368,1769841,783473,986368,1769841,,,,783473,986368,1769841
2024,161864,00206100,Baltimore City Community College,MD,12,,3,NJCAA,267,504,771,26,Volleyball,,11,,,0,11,0,0,4271,46983,46983,,,,,,,139798,139798,,,,0,139798,139798,,139798,139798,,,,0,139798,139798
2024,155070,00191700,Barclay College,KS,16,,4,NCCAA,72,51,123,26,Volleyball,,6,,,0,6,0,0,2722,16334,16334,,,,,,,28413,28413,,,,0,28413,28413,,28413,28413,,,,0,28413,28413
2024,189088,00267100,Bard College,NY,7,,1,NCAA,906,1297,2203,26,Volleyball,13,11,,,13,11,3505,45570,4267,46941,92511,,,,,,148087,152852,300939,,,,148087,152852,300939,148087,152852,300939,,,,148087,152852,300939
2024,132471,00146600,Barry University,FL,5,,1,NCAA,784,1313,2097,26,Volleyball,19,20,,,19,20,4725,89767,4986,99721,189488,,,,,,196740,493087,689827,,,,196740,493087,689827,196740,493087,689827,,,,196740,493087,689827
2024,197911,00290800,Barton College,NC,4,,1,NCAA,501,417,918,26,Volleyball,17,24,,,17,24,3546,60287,3309,79414,139701,,,,,,233549,268967,502516,,,,233549,268967,502516,233549,268967,502516,,,,233549,268967,502516
2024,154697,00460800,Barton County Community College,KS,12,,3,NJCAA,526,701,1227,26,Volleyball,,18,,,0,18,0,0,2333,41990,41990,,,,,,,255600,255600,,,,0,255600,255600,,255600,255600,,,,0,255600,255600
2024,160977,00203600,Bates College,ME,6,,1,NCAA,848,912,1760,26,Volleyball,,20,,,0,20,0,0,2413,48261,48261,,,,,,,243099,243099,,,,0,243099,243099,,228792,228792,,,,0,228792,228792
2024,168883,00224000,Bay de Noc Community College,MI,13,,3,NJCAA,226,335,561,26,Volleyball,,13,,,0,13,0,0,3457,44943,44943,,,,,,,106546,106546,,,,0,106546,106546,,106546,106546,,,,0,106546,106546
2024,223232,00354500,Baylor University,TX,1,,1,NCAA,5908,8646,14554,26,Volleyball,,22,,,0,22,0,0,34291,754399,754399,,,,,,,3123397,3123397,,,,0,3123397,3123397,,3123397,3123397,,,,0,3123397,3123397
2024,175421,00239700,Belhaven University,MS,6,,1,NCAA,463,679,1142,26,Volleyball,,17,,,0,17,0,0,3919,66624,66624,,,,,,,131808,131808,,,,0,131808,131808,,131808,131808,,,,0,131808,131808
2024,156286,00195400,Bellarmine University,KY,3,,1,NCAA,817,1293,2110,26,Volleyball,,16,,,0,16,0,0,8630,138075,138075,,,,,,,772260,772260,,,,0,772260,772260,,772260,772260,,,,0,772260,772260
2024,234669,00376900,Bellevue College,WA,19,,8,other,1839,2245,4084,26,Volleyball,,15,,,0,15,0,0,2433,36492,36492,,,,,,,72328,72328,,,,0,72328,72328,,78327,78327,,,,0,78327,78327
2024,180814,00974300,Bellevue University,NE,10,,2,NAIA,3224,3476,6700,26,Volleyball,,20,,,0,20,0,0,7988,159768,159768,,,,,,,456678,456678,,,,0,456678,456678,,456678,456678,,,,0,456678,456678
2024,197984,00291000,Belmont Abbey College,NC,5,,1,NCAA,668,564,1232,26,Volleyball,24,26,,,24,26,2317,55598,1776,46167,101765,,,,,,229771,296672,526443,,,,229771,296672,526443,229771,296672,526443,,,,229771,296672,526443
2024,219709,00347900,Belmont University,TN,3,,1,NCAA,2401,4505,6906,26,Volleyball,,18,,,0,18,0,0,9459,170258,170258,,,,,,,1276966,1276966,,,,0,1276966,1276966,,1276966,1276966,,,,0,1276966,1276966
2024,238333,00383500,Beloit College,WI,6,,1,NCAA,457,467,924,26,Volleyball,,17,,,0,17,0,0,1926,32749,32749,,,,,,,88928,88928,,,,0,88928,88928,,88928,88928,,,,0,88928,88928
2024,173124,00233600,Bemidji State University,MN,4,,1,NCAA,964,1339,2303,26,Volleyball,,18,,,0,18,0,0,6570,118264,118264,,,,,,,436551,436551,,,,0,436551,436551,,436551,436551,,,,0,436551,436551
2024,217721,00342000,Benedict College,SC,4,,1,NCAA,725,762,1487,26,Volleyball,12,15,,,12,15,679,8144,4211,63167,71311,,,,,,274255,273255,547510,,,,274255,273255,547510,122462,217344,339806,,,,122462,217344,339806
2024,154712,01025600,Benedictine College,KS,9,,2,NAIA,1140,1115,2255,26,Volleyball,,34,,,0,34,0,0,773,26298,26298,,,,,,,435646,435646,,,,0,435646,435646,,435646,435646,,,,0,435646,435646
2024,145619,00176700,Benedictine University,IL,6,,1,NCAA,940,874,1814,26,Volleyball,36,42,,,36,42,191,6880,958,40256,47136,,,,,,375890,360225,736115,,,,375890,360225,736115,429516,380266,809782,,,,429516,380266,809782
2024,164739,00212400,Bentley University,MA,4,,1,NCAA,2682,1751,4433,26,Volleyball,,18,,,0,18,0,0,3290,59227,59227,,,,,,,633420,633420,,,,0,633420,633420,,622743,622743,,,,0,622743,622743
2024,156295,00195500,Berea College,KY,7,,1,NCAA,619,891,1510,26,Volleyball,,16,,,0,16,0,0,2615,41836,41836,,,,,,,117459,117459,,,,0,117459,117459,,157796,157796,,,,0,157796,157796
2024,183743,00473600,Bergen Community College,NJ,14,,3,NJCAA,2730,2945,5675,26,Volleyball,,16,,,0,16,0,0,1161,18576,18576,,,,,,,31640,31640,,,,0,31640,31640,,31640,31640,,,,0,31640,31640
2024,139144,00155400,Berry College,GA,6,,1,NCAA,839,1389,2228,26,Volleyball,,19,,,0,19,0,0,5038,95723,95723,,,,,,,290504,290504,,,,0,290504,290504,,283564,283564,,,,0,283564,283564
2024,154721,00190400,Bethany College,KS,10,,2,NAIA,376,190,566,26,Volleyball,,26,,,0,26,0,0,840,21828,21828,,,,,,,569997,569997,,,,0,569997,569997,,569697,569697,,,,0,569697,569697
2024,237181,00380800,Bethany College,WV,6,,1,NCAA,359,254,613,26,Volleyball,19,29,,,19,29,2038,38720,943,27342,66062,,,,,,121166,124317,245483,,,,121166,124317,245483,117685,119842,237527,,,,117685,119842,237527
2024,173142,00233700,Bethany Lutheran College,MN,7,,1,NCAA,318,338,656,26,Volleyball,,27,,,0,27,0,0,1450,39149,39149,,,,,,,140280,140280,,,,0,140280,140280,,138256,138256,,,,0,138256,138256
2024,154749,00190500,Bethel College-North Newton,KS,10,,2,NAIA,250,241,491,26,Volleyball,,26,,,0,26,0,0,1445,37571,37571,,,,,,,296842,296842,,,,0,296842,296842,,302234,302234,,,,0,302234,302234
2024,150145,00178700,Bethel University,IN,10,,2,NAIA,417,534,951,26,Volleyball,26,25,,,26,25,1389,36126,1436,35901,72027,,,,,,317154,297267,614421,,,,317154,297267,614421,317154,297267,614421,,,,317154,297267,614421
2024,173160,00905800,Bethel University,MN,6,,1,NCAA,742,901,1643,26,Volleyball,,18,,,0,18,0,0,1863,33536,33536,,,,,,,171201,171201,,,,0,171201,171201,,171201,171201,,,,0,171201,171201
2024,219718,00348000,Bethel University,TN,9,,2,NAIA,815,652,1467,26,Volleyball,,24,,,0,24,0,0,2319,55648,55648,,,,,,,423432,423432,,,,0,423432,423432,,497312,497312,,,,0,497312,497312
2024,132602,00146700,Bethune-Cookman University,FL,2,,1,NCAA,1007,1661,2668,26,Volleyball,,17,,,0,17,0,0,18936,321918,321918,,,,,,,650124,650124,,,,0,650124,650124,,650124,650124,,,,0,650124,650124
2024,102429,00573300,Bevill State Community College,AL,13,,3,NJCAA,445,600,1045,26,Volleyball,,16,,,0,16,0,0,1286,20569,20569,,,,,,,71254,71254,,,,0,71254,71254,,86328,86328,,,,0,86328,86328
2024,234711,00377000,Big Bend Community College,WA,19,,8,other,383,539,922,26,Volleyball,,18,,,0,18,0,0,907,16318,16318,,,,,,,115894,115894,,,,0,115894,115894,,115894,115894,,,,0,115894,115894
2024,196079,00283600,Binghamton University,NY,3,,1,NCAA,6842,7476,14318,26,Volleyball,,19,,,0,19,0,0,6758,128404,128404,,,,,,,978674,978674,,,,0,978674,978674,,978674,978674,,,,0,978674,978674
2024,110097,00112200,Biola University,CA,5,,1,NCAA,1318,1860,3178,26,Volleyball,,20,,,0,20,0,0,4627,92549,92549,,,,,,,676893,676893,,,,0,676893,676893,,623219,623219,,,,0,623219,623219
2024,102030,00103000,Bishop State Community College,AL,12,,3,NJCAA,493,677,1170,26,Volleyball,,13,,,0,13,0,0,165,2149,2149,,,,,,,196946,196946,,,,0,196946,196946,,196946,196946,,,,0,196946,196946
2024,200022,00298800,Bismarck State College,ND,12,,3,NJCAA,1147,908,2055,26,Volleyball,,16,,,0,16,0,0,1534,24538,24538,,,,,,,99398,99398,,,,0,99398,99398,,99398,99398,,,,0,99398,99398
2024,143279,00163800,Black Hawk College,IL,13,,3,NJCAA,526,762,1288,26,Volleyball,,13,,,0,13,0,0,1508,19603,19603,,,,,,,64885,64885,,,,0,64885,64885,,64885,64885,,,,0,64885,64885
2024,219046,00345900,Black Hills State University,SD,4,,1,NCAA,523,1034,1557,26,Volleyball,,16,,,0,16,0,0,6379,102058,102058,,,,,,,389594,389594,,,,0,389594,389594,,380244,380244,,,,0,380244,380244
2024,143288,00163900,Blackburn College,IL,7,,1,NCAA,196,261,457,26,Volleyball,,11,,,0,11,0,0,2833,31158,31158,,,,,,,124439,124439,,,,0,124439,124439,,124439,124439,,,,0,124439,124439
2024,238397,00539000,Blackhawk Technical College,WI,13,,3,NJCAA,246,333,579,26,Volleyball,,11,,,0,11,0,0,361,3971,3971,,,,,,,20644,20644,,,,0,20644,20644,,21742,21742,,,,0,21742,21742
2024,223427,00354900,Blinn College District,TX,12,,3,NJCAA,4224,3887,8111,26,Volleyball,,18,,,0,18,0,0,4212,75821,75821,,,,,,,394579,394579,,,,0,394579,394579,,386819,386819,,,,0,386819,386819
2024,183822,00261704,Bloomfield College of Montclair State University,NJ,5,,1,NCAA,296,398,694,26,Volleyball,,10,,,0,10,0,0,2105,21050,21050,,,,,,,81131,81131,,,,0,81131,81131,,81131,81131,,,,0,81131,81131
2024,175430,00239800,Blue Mountain Christian University,MS,9,,2,NAIA,245,233,478,26,Volleyball,,20,,,0,20,0,0,3942,78846,78846,,,,,,,393002,393002,,,,0,393002,393002,,393002,393002,,,,0,393002,393002
2024,208275,00318600,Blue Mountain Community College,OR,19,,8,other,262,287,549,26,Volleyball,,13,,,0,13,0,0,2338,30390,30390,,,,,,,83524,83524,,,,0,83524,83524,,81338,81338,,,,0,81338,81338
2024,237215,00380900,Bluefield State University,WV,4,CIAA,1,NCAA,365,519,884,26,Volleyball,,14,,,0,14,0,0,2298,32174,32174,,,,,,,190820,190820,,,,0,190820,190820,,190820,190820,,,,0,190820,190820
2024,231554,00370300,Bluefield University,VA,9,,2,NAIA,324,227,551,26,Volleyball,18,18,,,18,18,1140,20517,1459,26265,46782,,,,,,279551,303277,582828,,,,279551,303277,582828,279551,303277,582828,,,,279551,303277,582828
2024,201371,00301600,Bluffton University,OH,6,,1,NCAA,334,241,575,26,Volleyball,,23,,,0,23,0,0,1021,23492,23492,,,,,,,74631,74631,,,,0,74631,74631,,71095,71095,,,,0,71095,71095
2024,217749,00342100,Bob Jones University,SC,16,,4,NCCAA,894,1012,1906,26,Volleyball,,14,,,0,14,0,0,1609,22523,22523,,,,,,,113849,113849,,,,0,113849,113849,,113849,113849,,,,0,113849,113849
2024,142115,00161600,Boise State University,ID,1,,1,NCAA,6072,8020,14092,26,Volleyball,,18,,,0,18,0,0,18683,336286,336286,,,,,,,1687744,1687744,,,,0,1687744,1687744,,1687744,1687744,,,,0,1687744,1687744
2024,164924,00212800,Boston College,MA,1,,1,NCAA,4664,5148,9812,26,Volleyball,,22,,,0,22,0,0,20230,445061,445061,,,,,,,2259934,2259934,,,,0,2259934,2259934,,2259934,2259934,,,,0,2259934,2259934
2024,161004,00203800,Bowdoin College,ME,6,,1,NCAA,897,975,1872,26,Volleyball,,20,,,0,20,0,0,3767,75331,75331,,,,,,,262389,262389,,,,0,262389,262389,,248496,248496,,,,0,248496,248496
2024,162007,00206200,Bowie State University,MD,4,,1,NCAA,1703,2599,4302,26,Volleyball,,27,,,0,27,0,0,2552,68899,68899,,,,,,,391932,391932,,,,0,391932,391932,,223313,223313,,,,0,223313,223313
2024,201441,00301800,Bowling Green State University-Main Campus,OH,1,,1,NCAA,5196,6978,12174,26,Volleyball,,16,,,0,16,0,0,1464,23428,23428,,,,,,,990448,990448,,,,0,990448,990448,,976820,976820,,,,0,976820,976820
2024,143358,00164100,Bradley University,IL,3,,1,NCAA,1702,1796,3498,26,Volleyball,,16,,,0,16,0,0,10638,170209,170209,,,,,,,947578,947578,,,,0,947578,947578,,947578,947578,,,,0,947578,947578
2024,165015,00213300,Brandeis University,MA,7,,1,NCAA,1548,2063,3611,26,Volleyball,,18,,,0,18,0,0,4978,89605,89605,,,,,,,259606,259606,,,,0,259606,259606,,259606,259606,,,,0,259606,259606
2024,139199,00155600,Brenau University,GA,9,,2,NAIA,80,793,873,26,Volleyball,,13,,,0,13,0,0,1563,20323,20323,,,,,,,215050,215050,,,,0,215050,215050,,213738,213738,,,,0,213738,213738
2024,156356,00195800,Brescia University,KY,9,,2,NAIA,219,258,477,26,Volleyball,13,27,,,13,27,1483,19277,598,16136,35413,,,,,,252814,288646,541460,,,,252814,288646,541460,251459,272338,523797,,,,251459,272338,523797
2024,198066,00291200,Brevard College,NC,6,,1,NCAA,504,305,809,26,Volleyball,,19,,,0,19,0,0,2785,52921,52921,,,,,,,113908,113908,,,,0,113908,113908,,113908,113908,,,,0,113908,113908
2024,139205,00155700,Brewton-Parker College,GA,9,,2,NAIA,387,229,616,26,Volleyball,,20,,,0,20,0,0,1945,38894,38894,,,,,,,343000,343000,,,,0,343000,343000,,343000,343000,,,,0,343000,343000
2024,152992,00184600,Briar Cliff University,IA,10,,2,NAIA,322,240,562,26,Volleyball,,35,,,0,35,0,0,980,34315,34315,,,,,,,614898,614898,,,,0,614898,614898,,613006,613006,,,,0,613006,613006
2024,231581,00370400,Bridgewater College,VA,6,,1,NCAA,735,661,1396,26,Volleyball,,18,,,0,18,0,0,2846,51232,51232,,,,,,,167260,167260,,,,0,167260,167260,,167260,167260,,,,0,167260,167260
2024,165024,00218300,Bridgewater State University,MA,6,,1,NCAA,2832,3791,6623,26,Volleyball,,18,,,0,18,0,0,1161,20893,20893,,,,,,,53048,53048,,,,0,53048,53048,,53048,53048,,,,0,53048,53048
2024,230038,00367000,Brigham Young University,UT,1,,1,NCAA,14605,15542,30147,26,Volleyball,18,19,,,18,19,43685,786338,33611,638600,1424938,,,,,,1796663,2062226,3858889,,,,1796663,2062226,3858889,2184689,2759500,4944189,,,,2184689,2759500,4944189
2024,165033,00217600,Bristol Community College,MA,14,,3,NJCAA,778,1230,2008,26,Volleyball,,12,,,0,12,0,0,209,2508,2508,,,,,,,20556,20556,,,,0,20556,20556,,20556,20556,,,,0,20556,20556
2024,183859,00840400,Brookdale Community College,NJ,14,,3,NJCAA,2099,1987,4086,26,Volleyball,14,17,,,14,17,972,13611,920,15645,29256,,,,,,25626,27860,53486,,,,25626,27860,53486,27860,25626,53486,,,,27860,25626,53486
2024,217156,00340100,Brown University,RI,2,,1,NCAA,3588,3597,7185,26,Volleyball,,19,,,0,19,0,0,5120,97272,97272,,,,,,,483576,483576,,,,0,483576,483576,,483576,483576,,,,0,483576,483576
2024,219790,00353600,Bryan College-Dayton,TN,10,,2,NAIA,376,346,722,26,Volleyball,,33,,,0,33,0,0,1464,48306,48306,,,,,,,257635,257635,,,,0,257635,257635,,259900,259900,,,,0,259900,259900
2024,231785,00267811,Bryant & Stratton College-Virginia Beach,VA,13,,3,NJCAA,224,657,881,26,Volleyball,,16,,,0,16,0,0,1357,21710,21710,,,,,,,256269,256269,,,,0,256269,256269,,255019,255019,,,,0,255019,255019
2024,451750,00267814,Bryant & Stratton College-Wauwatosa,WI,13,,3,NJCAA,184,450,634,26,Volleyball,13,12,,,13,12,4901,63718,1371,16457,80175,,,,,,217360,176140,393500,,,,217360,176140,393500,217360,176140,393500,,,,217360,176140,393500
2024,217165,00340200,Bryant University,RI,2,,1,NCAA,2045,1127,3172,26,Volleyball,,19,,,0,19,0,0,5864,111414,111414,,,,,,,870225,870225,,,,0,870225,870225,,870225,870225,,,,0,870225,870225
2024,211291,00323800,Bucknell University,PA,2,,1,NCAA,1852,2016,3868,26,Volleyball,,14,,,0,14,0,0,6795,95129,95129,,,,,,,1362965,1362965,,,,0,1362965,1362965,,1362965,1362965,,,,0,1362965,1362965
2024,153001,00184700,Buena Vista University,IA,6,,1,NCAA,456,739,1195,26,Volleyball,,21,,,0,21,0,0,1854,38940,38940,,,,,,,188331,188331,,,,0,188331,188331,,181659,181659,,,,0,181659,181659
2024,165112,01121000,Bunker Hill Community College,MA,14,,3,NJCAA,1641,2000,3641,26,Volleyball,,10,,,0,10,0,0,6320,63200,63200,,,,,,,79003,79003,,,,0,79003,79003,,79003,79003,,,,0,79003,79003
2024,209409,00320800,Bushnell University,OR,10,,2,NAIA,223,236,459,26,Volleyball,,20,,,0,20,0,0,2814,56289,56289,,,,,,,276205,276205,,,,0,276205,276205,,276205,276205,,,,0,276205,276205
2024,154800,00190600,Butler Community College,KS,12,,3,NJCAA,1069,1517,2586,26,Volleyball,,18,,,0,18,0,0,856,15409,15409,,,,,,,327526,327526,,,,0,327526,327526,,310993,310993,,,,0,310993,310993
2024,211343,00324000,Butler County Community College,PA,14,,3,NJCAA,377,501,878,26,Volleyball,,13,,,0,13,0,0,5458,70954,70954,,,,,,,87160,87160,,,,0,87160,87160,,87160,87160,,,,0,87160,87160
2024,150163,00178800,Butler University,IN,2,,1,NCAA,1694,2573,4267,26,Volleyball,,22,,,0,22,0,0,2751,60513,60513,,,,,,,1205171,1205171,,,,0,1205171,1205171,,1215599,1215599,,,,0,1215599,1215599
2024,110246,00807300,Butte College,CA,17,,8,other,2252,2686,4938,26,Volleyball,,16,,,0,16,0,0,349,5590,5590,,,,,,,105079,105079,,,,0,105079,105079,,105079,105079,,,,0,105079,105079
2024,110334,00112400,Cabrillo College,CA,17,,8,other,1287,1499,2786,26,Volleyball,,13,,,0,13,0,0,1241,16137,16137,,,,,,,69374,69374,,,,0,69374,69374,,65532,65532,,,,0,65532,65532
2024,215114,00335100,Cairn University-Langhorne,PA,7,,1,NCAA,362,361,723,26,Volleyball,12,17,,,12,17,760,9124,2011,34184,43308,,,,,,24424,54218,78642,,,,24424,54218,78642,24424,54218,78642,,,,24424,54218,78642
2024,198118,00483500,Caldwell Community College and Technical Institute,NC,12,,3,NJCAA,435,624,1059,26,Volleyball,,15,,,0,15,0,0,1629,24442,24442,,,,,,,54051,54051,,,,0,54051,54051,,51241,51241,,,,0,51241,51241
2024,183910,00259800,Caldwell University,NJ,5,,1,NCAA,655,888,1543,26,Volleyball,,17,,,0,17,0,0,1220,20741,20741,,,,,,,105722,105722,,,,0,105722,105722,,105522,105522,,,,0,105522,105522
2024,110361,00112500,California Baptist University,CA,3,,1,NCAA,2811,4644,7455,26,Volleyball,,19,,,0,19,0,0,10583,201073,201073,,,,,,,1508787,1508787,,,,0,1508787,1508787,,1459390,1459390,,,,0,1459390,1459390
2024,110404,00113100,California Institute of Technology,CA,7,,1,NCAA,541,446,987,26,Volleyball,,12,,,0,12,0,0,1893,22718,22718,,,,,,,185145,185145,,,,0,185145,185145,,185145,185145,,,,0,185145,185145
2024,110413,00113300,California Lutheran University,CA,6,,1,NCAA,1020,1228,2248,26,Volleyball,21,23,,,21,23,5081,106697,3589,82558,189255,,,,,,255654,278428,534082,,,,255654,278428,534082,255654,278428,534082,,,,255654,278428,534082
2024,110422,00114300,California Polytechnic State University-San Luis Obispo,CA,2,,1,NCAA,10391,10839,21230,26,Volleyball,,27,,,0,27,0,0,7275,196422,196422,,,,,,,1245977,1245977,,,,0,1245977,1245977,,1245977,1245977,,,,0,1245977,1245977
2024,115755,00114900,California State Polytechnic University-Humboldt,CA,5,,1,NCAA,2248,2672,4920,26,Volleyball,,20,,,0,20,0,0,11100,222005,222005,,,,,,,657644,657644,,,,0,657644,657644,,708228,708228,,,,0,708228,708228
2024,110529,00114400,California State Polytechnic University-Pomona,CA,5,,1,NCAA,12262,9772,22034,26,Volleyball,,21,,,0,21,0,0,6135,128840,128840,,,,,,,876002,876002,,,,0,876002,876002,,714851,714851,,,,0,714851,714851
2024,110486,00799300,California State University-Bakersfield,CA,3,,1,NCAA,2503,4657,7160,26,Volleyball,,17,,,0,17,0,0,9808,166740,166740,,,,,,,1006256,1006256,,,,0,1006256,1006256,,1006256,1006256,,,,0,1006256,1006256
2024,110538,00114600,California State University-Chico,CA,5,,1,NCAA,5468,6918,12386,26,Volleyball,,19,,,0,19,0,0,4209,79962,79962,,,,,,,327257,327257,,,,0,327257,327257,,371125,371125,,,,0,371125,371125
2024,110547,00114100,California State University-Dominguez Hills,CA,5,,1,NCAA,3936,5697,9633,26,Volleyball,,23,,,0,23,0,0,2594,59672,59672,,,,,,,377744,377744,,,,0,377744,377744,,377744,377744,,,,0,377744,377744
2024,110574,00113800,California State University-East Bay,CA,5,,1,NCAA,3151,4428,7579,26,Volleyball,,17,,,0,17,0,0,6177,105006,105006,,,,,,,596720,596720,,,,0,596720,596720,,596720,596720,,,,0,596720,596720
2024,110556,00114700,California State University-Fresno,CA,1,,1,NCAA,7452,10773,18225,26,Volleyball,,17,,,0,17,0,0,20923,355684,355684,,,,,,,1765782,1765782,,,,0,1765782,1765782,,1765782,1765782,,,,0,1765782,1765782
2024,110565,00113700,California State University-Fullerton,CA,3,,1,NCAA,13873,17820,31693,26,Volleyball,,15,,,0,15,0,0,9373,140589,140589,,,,,,,877387,877387,,,,0,877387,877387,,877387,877387,,,,0,877387,877387
2024,110583,00113900,California State University-Long Beach,CA,3,,1,NCAA,12551,18144,30695,26,Volleyball,24,26,,,24,26,25511,612257,9954,258807,871064,,,,,,1968622,1316690,3285312,,,,1968622,1316690,3285312,1968622,1316690,3285312,,,,1968622,1316690,3285312
2024,110592,00114000,California State University-Los Angeles,CA,5,,1,NCAA,7125,8988,16113,26,Volleyball,,22,,,0,22,0,0,7312,160862,160862,,,,,,,680002,680002,,,,0,680002,680002,,680002,680002,,,,0,680002,680002
2024,409698,03260300,California State University-Monterey Bay,CA,5,,1,NCAA,2422,3666,6088,26,Volleyball,,18,,,0,18,0,0,6402,115236,115236,,,,,,,453154,453154,,,,0,453154,453154,,452604,452604,,,,0,452604,452604
2024,110608,00115300,California State University-Northridge,CA,3,,1,NCAA,12736,14838,27574,26,Volleyball,24,18,,,24,18,10444,250647,9270,166863,417510,,,,,,955806,1041783,1997589,,,,955806,1041783,1997589,850401,1065770,1916171,,,,850401,1065770,1916171
2024,110617,00115000,California State University-Sacramento,CA,2,,1,NCAA,10064,12786,22850,26,Volleyball,,16,,,0,16,0,0,11665,186641,186641,,,,,,,1143554,1143554,,,,0,1143554,1143554,,1143554,1143554,,,,0,1143554,1143554
2024,110510,00114200,California State University-San Bernardino,CA,5,,1,NCAA,4910,7608,12518,26,Volleyball,,17,,,0,17,0,0,13531,230027,230027,,,,,,,1192057,1192057,,,,0,1192057,1192057,,1174693,1174693,,,,0,1174693,1174693
2024,366711,03011300,California State University-San Marcos,CA,5,,1,NCAA,5199,7248,12447,26,Volleyball,,18,,,0,18,0,0,5097,91754,91754,,,,,,,426626,426626,,,,0,426626,426626,,426626,426626,,,,0,426626,426626
2024,110495,00115700,California State University-Stanislaus,CA,5,,1,NCAA,2322,4396,6718,26,Volleyball,,23,,,0,23,0,0,7604,174891,174891,,,,,,,623424,623424,,,,0,623424,623424,,623424,623424,,,,0,623424,623424
2024,150172,00183400,Calumet College of Saint Joseph,IN,10,,2,NAIA,244,139,383,26,Volleyball,12,9,,,12,9,1227,14729,728,6554,21283,,,,,,205220,78439,283659,,,,205220,78439,283659,205220,78439,283659,,,,205220,78439,283659
2024,176789,00245000,Calvary University,MO,16,,4,NCCAA,49,58,107,26,Volleyball,,8,,,0,8,0,0,3788,30305,30305,,,,,,,51626,51626,,,,0,51626,51626,,51626,51626,,,,0,51626,51626
2024,169080,00224100,Calvin University,MI,6,,1,NCAA,1475,1527,3002,26,Volleyball,18,21,,,18,21,3348,60267,3222,67656,127923,,,,,,151806,258487,410293,,,,151806,258487,410293,151806,258487,410293,,,,151806,258487,410293
2024,206914,00315000,Cameron University,OK,5,,1,NCAA,704,1192,1896,26,Volleyball,,16,,,0,16,0,0,3723,59570,59570,,,,,,,268132,268132,,,,0,268132,268132,,257303,257303,,,,0,257303,257303
2024,198136,00291300,Campbell University,NC,2,,1,NCAA,1058,1221,2279,26,Volleyball,,16,,,0,16,0,0,8335,133365,133365,,,,,,,727632,727632,,,,0,727632,727632,,727632,727632,,,,0,727632,727632
2024,156365,00195900,Campbellsville University,KY,9,,2,NAIA,1057,1527,2584,26,Volleyball,26,28,,,26,28,3478,90424,3982,111498,201922,,,,,,508925,484637,993562,,,,508925,484637,993562,508925,484637,993562,,,,508925,484637,993562
2024,189705,00268100,Canisius University,NY,3,,1,NCAA,804,842,1646,26,Volleyball,,16,,,0,16,0,0,7201,115217,115217,,,,,,,551657,551657,,,,0,551657,551657,,551658,551658,,,,0,551658,551658
2024,198154,00532000,Cape Fear Community College,NC,8,"NJCAA: Men's Basketball Div I, all other Div II",8,other,1322,1757,3079,26,Volleyball,,13,,,0,13,0,0,1569,20391,20391,,,,,,,54820,54820,,,,0,54820,54820,,54820,54820,,,,0,54820,54820
2024,201548,00302300,Capital University,OH,6,,1,NCAA,672,887,1559,26,Volleyball,,15,,,0,15,0,0,2490,37352,37352,,,,,,,116528,116528,,,,0,116528,116528,,116528,116528,,,,0,116528,116528
2024,241377,01252500,Caribbean University-Bayamon,PR,8,Liga Atletica Interuniversitaria (LAI),8,other,198,281,479,26,Volleyball,,22,,,0,22,0,0,281,6185,6185,,,,,,,100445,100445,,,,0,100445,100445,,100445,100445,,,,0,100445,100445
2024,143613,00726500,Carl Sandburg College,IL,13,,3,NJCAA,238,393,631,26,Volleyball,,12,,,0,12,0,0,603,7240,7240,,,,,,,110049,110049,,,,0,110049,110049,,96685,96685,,,,0,96685,96685
2024,173258,00234000,Carleton College,MN,6,,1,NCAA,1036,1050,2086,26,Volleyball,,15,,,0,15,0,0,1977,29653,29653,,,,,,,99858,99858,,,,0,99858,99858,,107618,107618,,,,0,107618,107618
2024,211431,00330300,Carlow University,PA,7,,1,NCAA,176,866,1042,26,Volleyball,11,17,,,11,17,3802,41824,3036,51607,93431,,,,,,63217,122374,185591,,,,63217,122374,185591,63217,122374,185591,,,,63217,122374,185591
2024,211440,00324200,Carnegie Mellon University,PA,6,,1,NCAA,3645,3488,7133,26,Volleyball,,16,,,0,16,0,0,6264,100231,100231,,,,,,,215021,215021,,,,0,215021,215021,,217546,217546,,,,0,217546,217546
2024,489937,00295600,Carolina University,NC,9,,2,NAIA,255,188,443,26,Volleyball,11,21,,,11,21,2098,23078,2323,48783,71861,,,,,,197713,431966,629679,,,,197713,431966,629679,134638,246548,381186,,,,134638,246548,381186
2024,180106,00252600,Carroll College,MT,9,,2,NAIA,443,632,1075,26,Volleyball,,28,,,0,28,0,0,3755,105130,105130,,,,,,,457075,457075,,,,0,457075,457075,,457075,457075,,,,0,457075,457075
2024,405872,03100700,Carroll Community College,MD,13,,3,NJCAA,403,405,808,26,Volleyball,,15,,,0,15,0,0,669,10034,10034,,,,,,,25324,25324,,,,0,25324,25324,,25324,25324,,,,0,25324,25324
2024,238458,00383800,Carroll University,WI,6,,1,NCAA,794,1645,2439,26,Volleyball,,20,,,0,20,0,0,1641,32825,32825,,,,,,,157566,157566,,,,0,157566,157566,,151124,151124,,,,0,151124,151124
2024,219806,00348100,Carson-Newman University,TN,4,,1,NCAA,667,678,1345,26,Volleyball,,25,,,0,25,0,0,2907,72686,72686,,,,,,,391353,391353,,,,0,391353,391353,,359429,359429,,,,0,359429,359429
2024,238476,00383900,Carthage College,WI,6,,1,NCAA,1123,1517,2640,26,Volleyball,22,21,,,22,21,3302,72650,2079,43662,116312,,,,,,213828,297171,510999,,,,213828,297171,510999,164608,206719,371327,,,,164608,206719,371327
2024,201645,00302400,Case Western Reserve University,OH,6,,1,NCAA,3326,3065,6391,26,Volleyball,,25,,,0,25,0,0,3410,85251,85251,,,,,,,239318,239318,,,,0,239318,239318,,239318,239318,,,,0,239318,239318
2024,240505,00392800,Casper College,WY,12,,3,NJCAA,516,857,1373,26,Volleyball,,14,,,0,14,0,0,3898,54571,54571,,,,,,,424216,424216,,,,0,424216,424216,,424216,424216,,,,0,424216,424216
2024,198215,00291400,Catawba College,NC,4,,1,NCAA,576,571,1147,26,Volleyball,16,27,,,16,27,9935,158953,2026,54696,213649,,,,,,194376,428834,623210,,,,194376,428834,623210,179740,428156,607896,,,,179740,428156,607896
2024,162104,00830800,Cecil College,MD,13,,3,NJCAA,233,246,479,26,Volleyball,,12,,,0,12,0,0,1091,13086,13086,,,,,,,67306,67306,,,,0,67306,67306,,67306,67306,,,,0,67306,67306
2024,211468,00324300,Cedar Crest College,PA,7,,1,NCAA,50,616,666,26,Volleyball,,11,,,0,11,0,0,2877,31651,31651,,,,,,,98929,98929,,,,0,98929,98929,,98929,98929,,,,0,98929,98929
2024,201654,00302500,Cedarville University,OH,5,,1,NCAA,1844,2139,3983,26,Volleyball,,17,,,0,17,0,0,3683,62618,62618,,,,,,,520327,520327,,,,0,520327,520327,,520327,520327,,,,0,520327,520327
2024,158477,00200300,Centenary College of Louisiana,LA,6,,1,NCAA,337,345,682,26,Volleyball,,11,,,0,11,0,0,3958,43543,43543,,,,,,,155579,155579,,,,0,155579,155579,,155579,155579,,,,0,155579,155579
2024,183974,00259900,Centenary University,NJ,7,,1,NCAA,336,519,855,26,Volleyball,,10,,,0,10,0,0,724,7237,7237,,,,,,,15726,15726,,,,0,15726,15726,,15726,15726,,,,0,15726,15726
2024,104346,00728300,Central Arizona College,AZ,12,,3,NJCAA,633,735,1368,26,Volleyball,,14,,,0,14,0,0,1622,22703,22703,,,,,,,124281,124281,,,,0,124281,124281,,124281,124281,,,,0,124281,124281
2024,106713,00109300,Central Baptist College,AR,9,,2,NAIA,257,192,449,26,Volleyball,,15,,,0,15,0,0,651,9762,9762,,,,,,,145466,145466,,,,0,145466,145466,,128732,128732,,,,0,128732,128732
2024,198251,00544900,Central Carolina Community College,NC,13,,3,NJCAA,549,697,1246,26,Volleyball,,8,,,0,8,0,0,1538,12300,12300,,,,,,,45385,45385,,,,0,45385,45385,,45385,45385,,,,0,45385,45385
2024,154855,00190800,Central Christian College of Kansas,KS,9,,2,NAIA,203,164,367,26,Volleyball,12,23,,,12,23,1381,16571,2035,46809,63380,,,,,,223420,561450,784870,,,,223420,561450,784870,223420,561450,784870,,,,223420,561450,784870
2024,176910,02266400,Central Christian College of the Bible,MO,16,,4,NCCAA,75,40,115,26,Volleyball,,10,,,0,10,0,0,2500,25000,25000,,,,,,,54676,54676,,,,0,54676,54676,,54676,54676,,,,0,54676,54676
2024,153108,00185000,Central College,IA,6,,1,NCAA,573,477,1050,26,Volleyball,,33,,,0,33,0,0,984,32481,32481,,,,,,,207851,207851,,,,0,207851,207851,,207851,207851,,,,0,207851,207851
2024,180902,02099500,Central Community College,NE,8,"Soccer is NJCCA Div I, everything else is Div II",8,other,851,867,1718,26,Volleyball,,13,,,0,13,0,0,4812,62562,62562,,,,,,,157603,157603,,,,0,157603,157603,,157603,157603,,,,0,157603,157603
2024,128771,00137800,Central Connecticut State University,CT,2,,1,NCAA,3514,3037,6551,26,Volleyball,,14,,,0,14,0,0,5019,70263,70263,,,,,,,514986,514986,,,,0,514986,514986,,514986,514986,,,,0,514986,514986
2024,173203,00233900,Central Lakes College-Brainerd,MN,14,,3,NJCAA,548,417,965,26,Volleyball,,13,,,0,13,0,0,1687,21931,21931,,,,,,,64244,64244,,,,0,64244,64244,,64244,64244,,,,0,64244,64244
2024,161077,00527600,Central Maine Community College,ME,20,,8,other,844,850,1694,26,Volleyball,,10,,,0,10,0,0,1330,13299,13299,,,,,,,40620,40620,,,,0,40620,40620,,21486,21486,,,,0,21486,21486
2024,176947,00245300,Central Methodist University-College of Liberal Arts and Sciences,MO,9,,2,NAIA,505,532,1037,26,Volleyball,,39,,,0,39,0,0,1110,43300,43300,,,,,,,565539,565539,,,,0,565539,565539,,565539,565539,,,,0,565539,565539
2024,169248,00224300,Central Michigan University,MI,1,,1,NCAA,3439,5227,8666,26,Volleyball,,17,,,0,17,0,0,10124,172114,172114,,,,,,,914502,914502,,,,0,914502,914502,,914502,914502,,,,0,914502,914502
2024,201690,00302600,Central State University,OH,4,,1,NCAA,804,1259,2063,26,Volleyball,20,23,,,20,23,5817,116336,5884,135327,251663,,,,,,308807,395798,704605,,,,308807,395798,704605,308807,395798,704605,,,,308807,395798,704605
2024,234827,00377100,Central Washington University,WA,4,,1,NCAA,3153,3631,6784,26,Volleyball,,19,,,0,19,0,0,6559,124612,124612,,,,,,,584163,584163,,,,0,584163,584163,,561172,561172,,,,0,561172,561172
2024,240514,00728900,Central Wyoming College,WY,12,,3,NJCAA,213,332,545,26,Volleyball,,15,,,0,15,0,0,3427,51407,51407,,,,,,,122190,122190,,,,0,122190,122190,,122190,122190,,,,0,122190,122190
2024,234845,00377200,Centralia College,WA,19,,8,other,478,610,1088,26,Volleyball,,17,,,0,17,0,0,2265,38501,38501,,,,,,,120207,120207,,,,0,120207,120207,,108832,108832,,,,0,108832,108832
2024,156408,00196100,Centre College,KY,6,,1,NCAA,669,726,1395,26,Volleyball,,19,,,0,19,0,0,4040,76751,76751,,,,,,,174058,174058,,,,0,174058,174058,,174058,174058,,,,0,174058,174058
2024,175315,01054600,Century College,MN,14,,3,NJCAA,1239,1343,2582,26,Volleyball,,13,,,0,13,0,0,1784,23192,23192,,,,,,,97420,97420,,,,0,97420,97420,,97420,97420,,,,0,97420,97420
2024,111887,00116100,Cerritos College,CA,17,,8,other,3950,4559,8509,26,Volleyball,,21,,,0,21,0,0,1561,32776,32776,,,,,,,140637,140637,,,,0,140637,140637,,118342,118342,,,,0,118342,118342
2024,111896,01011100,Cerro Coso Community College,CA,17,,8,other,260,398,658,26,Volleyball,,12,,,0,12,0,0,1937,23245,23245,,,,,,,84089,84089,,,,0,84089,84089,,76023,76023,,,,0,76023,76023
2024,180948,00253900,Chadron State College,NE,4,,1,NCAA,484,885,1369,26,Volleyball,,23,,,0,23,0,0,4897,112630,112630,,,,,,,416927,416927,,,,0,416927,416927,,416927,416927,,,,0,416927,416927
2024,111939,00116300,Chaffey College,CA,17,,8,other,2957,3929,6886,26,Volleyball,,19,,,0,19,0,0,1306,24807,24807,,,,,,,64805,64805,,,,0,64805,64805,,51123,51123,,,,0,51123,51123
2024,141486,00160500,Chaminade University of Honolulu,HI,5,,1,NCAA,426,963,1389,26,Volleyball,,18,,,0,18,0,0,10552,189930,189930,,,,,,,865081,865081,,,,0,865081,865081,,865081,865081,,,,0,865081,865081
2024,492069,04276100,Champion Christian College,AR,16,,4,NCCAA,101,34,135,26,Volleyball,,8,,,0,8,0,0,318,2546,2546,,,,,,,34349,34349,,,,0,34349,34349,,34349,34349,,,,0,34349,34349
2024,364025,03072200,Chandler-Gilbert Community College,AZ,13,,3,NJCAA,1058,875,1933,26,Volleyball,,11,,,0,11,0,0,2107,23174,23174,,,,,,,73710,73710,,,,0,73710,73710,,65504,65504,,,,0,65504,65504
2024,111948,00116400,Chapman University,CA,6,,1,NCAA,2757,4485,7242,26,Volleyball,,22,,,0,22,0,0,1348,29654,29654,,,,,,,202799,202799,,,,0,202799,202799,,202799,202799,,,,0,202799,202799
2024,217688,00341900,Charleston Southern University,SC,2,,1,NCAA,1003,1707,2710,26,Volleyball,,20,,,0,20,0,0,3526,70523,70523,,,,,,,548498,548498,,,,0,548498,548498,,548498,548498,,,,0,548498,548498
2024,211556,00324400,Chatham University,PA,7,,1,NCAA,391,754,1145,26,Volleyball,14,18,,,14,18,1951,27318,1087,19566,46884,,,,,,72010,64801,136811,,,,72010,64801,136811,72010,64801,136811,,,,72010,64801,136811
2024,219824,00399800,Chattanooga State Community College,TN,12,,3,NJCAA,1161,1850,3011,26,Volleyball,,17,,,0,17,0,0,2493,42389,42389,,,,,,,121977,121977,,,,0,121977,121977,,121977,121977,,,,0,121977,121977
2024,208390,00321800,Chemeketa Community College,OR,19,,8,other,1340,1902,3242,26,Volleyball,,12,,,0,12,0,0,1004,12052,12052,,,,,,,54477,54477,,,,0,54477,54477,,54477,54477,,,,0,54477,54477
2024,162168,00465000,Chesapeake College,MD,13,,3,NJCAA,181,221,402,26,Volleyball,,10,,,0,10,0,0,2287,22870,22870,,,,,,,42151,42151,,,,0,42151,42151,,42151,42151,,,,0,42151,42151
2024,211583,00324500,Chestnut Hill College,PA,5,,1,NCAA,340,359,699,26,Volleyball,,12,,,0,12,0,0,2935,35224,35224,,,,,,,157373,157373,,,,0,157373,157373,,155119,155119,,,,0,155119,155119
2024,211608,00331700,Cheyney University of Pennsylvania,PA,18,,8,other,187,379,566,26,Volleyball,,11,,,0,11,0,0,6576,72337,72337,,,,,,,163795,163795,,,,0,163795,163795,,163795,163795,,,,0,163795,163795
2024,144005,00169400,Chicago State University,IL,3,,1,NCAA,324,625,949,26,Volleyball,,10,,,0,10,0,0,6388,63875,63875,,,,,,,501561,501561,,,,0,501561,501561,,501561,501561,,,,0,501561,501561
2024,198303,00291600,Chowan University,NC,4,,1,NCAA,354,222,576,26,Volleyball,,23,,,0,23,0,0,2998,68959,68959,,,,,,,224968,224968,,,,0,224968,224968,,224968,224968,,,,0,224968,224968
2024,219833,00348200,Christian Brothers University,TN,5,,1,NCAA,395,440,835,26,Volleyball,,18,,,0,18,0,0,1938,34875,34875,,,,,,,372182,372182,,,,0,372182,372182,,392728,392728,,,,0,392728,392728
2024,231712,00370600,Christopher Newport University,VA,6,,1,NCAA,2039,2250,4289,26,Volleyball,,19,,,0,19,0,0,4959,94217,94217,,,,,,,289844,289844,,,,0,289844,289844,,289844,289844,,,,0,289844,289844
2024,223898,00355300,Cisco College,TX,12,,3,NJCAA,359,470,829,26,Volleyball,,16,,,0,16,0,0,3342,53465,53465,,,,,,,231035,231035,,,,0,231035,231035,,231035,231035,,,,0,231035,231035
2024,217864,00342300,Citadel Military College of South Carolina,SC,2,,1,NCAA,2218,331,2549,26,Volleyball,,17,,,0,17,0,0,7567,128639,128639,,,,,,,1135655,1135655,,,,0,1135655,1135655,,803791,803791,,,,0,803791,803791
2024,112172,00116600,Citrus College,CA,17,,8,other,1863,2126,3989,26,Volleyball,,17,,,0,17,0,0,4924,83706,83706,,,,,,,137696,137696,,,,0,137696,137696,,135763,135763,,,,0,135763,135763
2024,112190,00450200,City College of San Francisco,CA,17,,8,other,2642,2507,5149,26,Volleyball,,12,,,0,12,0,0,1935,23225,23225,,,,,,,76382,76382,,,,0,76382,76382,,71382,71382,,,,0,71382,71382
2024,144157,00165400,City Colleges of Chicago-Kennedy-King College,IL,12,,3,NJCAA,499,413,912,26,Volleyball,,12,,,0,12,0,0,613,7360,7360,,,,,,,44784,44784,,,,0,44784,44784,,69125,69125,,,,0,69125,69125
2024,144166,00165000,City Colleges of Chicago-Malcolm X College,IL,12,,3,NJCAA,574,1881,2455,26,Volleyball,,13,,,0,13,0,0,1084,14093,14093,,,,,,,125541,125541,,,,0,125541,125541,,125541,125541,,,,0,125541,125541
2024,144175,00976700,City Colleges of Chicago-Olive-Harvey College,IL,12,,3,NJCAA,380,374,754,26,Volleyball,,14,,,0,14,0,0,1394,19511,19511,,,,,,,81615,81615,,,,0,81615,81615,,81615,81615,,,,0,81615,81615
2024,144218,00165500,City Colleges of Chicago-Wilbur Wright College,IL,12,,3,NJCAA,1214,943,2157,26,Volleyball,,10,,,0,10,0,0,2041,20412,20412,,,,,,,77039,77039,,,,0,77039,77039,,77039,77039,,,,0,77039,77039
2024,208406,00487800,Clackamas Community College,OR,19,,8,other,959,1074,2033,26,Volleyball,,14,,,0,14,0,0,2715,38003,38003,,,,,,,130364,130364,,,,0,130364,130364,,117349,117349,,,,0,117349,117349
2024,217873,00342400,Claflin University,SC,5,,1,NCAA,468,1127,1595,26,Volleyball,,13,,,0,13,0,0,1968,25589,25589,,,,,,,133229,133229,,,,0,133229,133229,,133229,133229,,,,0,133229,133229
2024,112260,00117000,Claremont McKenna College,CA,6,,1,NCAA,690,691,1381,26,Volleyball,,20,,,0,20,0,0,3122,62449,62449,,,,,,,223694,223694,,,,0,223694,223694,,223694,223694,,,,0,223694,223694
2024,223922,00355400,Clarendon College,TX,12,,3,NJCAA,274,344,618,26,Volleyball,,20,,,0,20,0,0,1720,34398,34398,,,,,,,134301,134301,,,,0,134301,134301,,135548,135548,,,,0,135548,135548
2024,138947,00155900,Clark Atlanta University,GA,4,,1,NCAA,802,2728,3530,26,Volleyball,,17,,,0,17,0,0,3896,66235,66235,,,,,,,311251,311251,,,,0,311251,311251,,311251,311251,,,,0,311251,311251
2024,234933,00377300,Clark College,WA,19,,8,other,1105,1572,2677,26,Volleyball,,15,,,0,15,0,0,2270,34050,34050,,,,,,,76239,76239,,,,0,76239,76239,,68825,68825,,,,0,68825,68825
2024,201973,00485200,Clark State College,OH,13,,3,NJCAA,267,432,699,26,Volleyball,,9,,,0,9,0,0,110,992,992,,,,,,,22279,22279,,,,0,22279,22279,,22279,22279,,,,0,22279,22279
2024,165334,00213900,Clark University,MA,7,,1,NCAA,955,1244,2199,26,Volleyball,,16,,,0,16,0,0,1996,31938,31938,,,,,,,95679,95679,,,,0,95679,95679,,95679,95679,,,,0,95679,95679
2024,153126,00185200,Clarke University,IA,9,,2,NAIA,394,330,724,26,Volleyball,21,32,,,21,32,2764,58048,2135,68309,126357,,,,,,565286,827074,1392360,,,,565286,827074,1392360,565286,827074,1392360,,,,565286,827074,1392360
2024,190044,00269900,Clarkson University,NY,7,,1,NCAA,1520,669,2189,26,Volleyball,,15,,,0,15,0,0,3005,45081,45081,,,,,,,149633,149633,,,,0,149633,149633,,152896,152896,,,,0,152896,152896
2024,217882,00342500,Clemson University,SC,1,,1,NCAA,10292,12341,22633,26,Volleyball,,22,,,0,22,0,0,27635,607972,607972,,,,,,,2980269,2980269,,,,0,2980269,2980269,,2980269,2980269,,,,0,2980269,2980269
2024,198321,00808200,Cleveland Community College,NC,13,,3,NJCAA,222,277,499,26,Volleyball,,13,,,0,13,0,0,1936,25172,25172,,,,,,,51932,51932,,,,0,51932,51932,,51932,51932,,,,0,51932,51932
2024,219879,00399900,Cleveland State Community College,TN,12,,3,NJCAA,635,736,1371,26,Volleyball,,11,,,0,11,0,0,2305,25353,25353,,,,,,,140394,140394,,,,0,140394,140394,,115469,115469,,,,0,115469,115469
2024,202134,00303200,Cleveland State University,OH,3,,1,NCAA,3506,3951,7457,26,Volleyball,,17,,,0,17,0,0,6708,114044,114044,,,,,,,726928,726928,,,,0,726928,726928,,632578,632578,,,,0,632578,632578
2024,217891,00492300,Clinton College,SC,15,MBB NCCAA   WBB  NCCAA,4,NCCAA,46,77,123,26,Volleyball,,25,,,0,25,0,0,1280,32000,32000,,,,,,,263610,263610,,,,0,263610,263610,,263610,263610,,,,0,263610,263610
2024,154907,00190900,Cloud County Community College,KS,12,,3,NJCAA,229,270,499,26,Volleyball,,15,,,0,15,0,0,2591,38858,38858,,,,,,,219122,219122,,,,0,219122,219122,,207567,207567,,,,0,207567,207567
2024,125462,00117600,Coalinga College,CA,17,,8,other,254,282,536,26,Volleyball,,14,,,0,14,0,0,4857,67998,67998,,,,,,,159289,159289,,,,0,159289,159289,,159289,159289,,,,0,159289,159289
2024,101161,00106000,Coastal Alabama Community College,AL,12,,3,NJCAA,1061,1638,2699,26,Volleyball,,29,,,0,29,0,0,1924,55800,55800,,,,,,,412571,412571,,,,0,412571,412571,,412571,412571,,,,0,412571,412571
2024,223320,00354600,Coastal Bend College,TX,12,,3,NJCAA,322,582,904,26,Volleyball,,15,,,0,15,0,0,3820,57300,57300,,,,,,,221707,221707,,,,0,221707,221707,,221707,221707,,,,0,221707,221707
2024,218724,00345100,Coastal Carolina University,SC,1,,1,NCAA,4379,5631,10010,26,Volleyball,,15,,,0,15,0,0,10833,162496,162496,,,,,,,1088911,1088911,,,,0,1088911,1088911,,1088911,1088911,,,,0,1088911,1088911
2024,153144,00185400,Coe College,IA,6,,1,NCAA,575,573,1148,26,Volleyball,,17,,,0,17,0,0,2807,47720,47720,,,,,,,178749,178749,,,,0,178749,178749,,178749,178749,,,,0,178749,178749
2024,154925,00191000,Coffeyville Community College,KS,12,,3,NJCAA,463,303,766,26,Volleyball,,17,,,0,17,0,0,5584,94927,94927,,,,,,,156827,156827,,,,0,156827,156827,,222162,222162,,,,0,222162,222162
2024,217907,00342700,Coker University,SC,5,,1,NCAA,356,453,809,26,Volleyball,,19,,,0,19,0,0,2696,51220,51220,,,,,,,293572,293572,,,,0,293572,293572,,289429,289429,,,,0,289429,289429
2024,161086,00203900,Colby College,ME,6,,1,NCAA,1175,1232,2407,26,Volleyball,,25,,,0,25,0,0,3803,95067,95067,,,,,,,286827,286827,,,,0,286827,286827,,286827,286827,,,,0,286827,286827
2024,154934,00191100,Colby Community College,KS,12,,3,NJCAA,207,328,535,26,Volleyball,,15,,,0,15,0,0,3509,52633,52633,,,,,,,295063,295063,,,,0,295063,295063,,266016,266016,,,,0,266016,266016
2024,182634,00257200,Colby-Sawyer College,NH,7,,1,NCAA,225,489,714,26,Volleyball,,14,,,0,14,0,0,1572,22003,22003,,,,,,,64063,64063,,,,0,64063,64063,,64063,64063,,,,0,64063,64063
2024,190099,00270100,Colgate University,NY,2,,1,NCAA,1365,1803,3168,26,Volleyball,,22,,,0,22,0,0,11365,250040,250040,,,,,,,1639569,1639569,,,,0,1639569,1639569,,1639569,1639569,,,,0,1639569,1639569
2024,217819,00342800,College of Charleston,SC,3,,1,NCAA,3196,6897,10093,26,Volleyball,,19,,,0,19,0,0,9564,181711,181711,,,,,,,1104261,1104261,,,,0,1104261,1104261,,1104261,1104261,,,,0,1104261,1104261
2024,144865,00665600,College of DuPage,IL,14,,3,NJCAA,3661,3423,7084,26,Volleyball,16,17,,,16,17,4769,76308,4589,78005,154313,,,,,,129480,128260,257740,,,,129480,128260,257740,114899,115695,230594,,,,114899,115695,230594
2024,146472,00769400,College of Lake County,IL,13,,3,NJCAA,1751,1758,3509,26,Volleyball,,10,,,0,10,0,0,2779,27786,27786,,,,,,,87444,87444,,,,0,87444,87444,,87444,87444,,,,0,87444,87444
2024,167394,00214000,College of Our Lady of the Elms,MA,7,,1,NCAA,239,623,862,26,Volleyball,12,12,,,12,12,2536,30436,2692,32309,62745,,,,,,54626,56499,111125,,,,54626,56499,111125,54626,56499,111125,,,,54626,56499,111125
2024,122791,00118100,College of San Mateo,CA,17,,8,other,1169,971,2140,26,Volleyball,,14,,,0,14,0,0,3009,42132,42132,,,,,,,173734,173734,,,,0,173734,173734,,167096,167096,,,,0,167096,167096
2024,142559,00161900,College of Southern Idaho,ID,12,,3,NJCAA,777,1015,1792,26,Volleyball,,14,,,0,14,0,0,6805,95273,95273,,,,,,,390980,390980,,,,0,390980,390980,,390980,390980,,,,0,390980,390980
2024,162122,00206400,College of Southern Maryland,MD,13,,3,NJCAA,724,926,1650,26,Volleyball,,13,,,0,13,0,0,2166,28160,28160,,,,,,,91119,91119,,,,0,91119,91119,,91119,91119,,,,0,91119,91119
2024,182005,01036200,College of Southern Nevada,NV,12,,3,NJCAA,4053,5252,9305,26,Volleyball,,15,,,0,15,0,0,1801,27011,27011,,,,,,,74982,74982,,,,0,74982,74982,,66498,66498,,,,0,66498,66498
2024,111461,00890300,College of the Canyons,CA,17,,8,other,2685,2665,5350,26,Volleyball,,15,,,0,15,0,0,3109,46634,46634,,,,,,,131386,131386,,,,0,131386,131386,,131386,131386,,,,0,131386,131386
2024,113573,00118200,College of the Desert,CA,17,,8,other,1851,2235,4086,26,Volleyball,,16,,,0,16,0,0,1506,24094,24094,,,,,,,70770,70770,,,,0,70770,70770,,70770,70770,,,,0,70770,70770
2024,166124,00214100,College of the Holy Cross,MA,2,,1,NCAA,1429,1677,3106,26,Volleyball,,15,,,0,15,0,0,8349,125237,125237,,,,,,,843611,843611,,,,0,843611,843611,,843611,843611,,,,0,843611,843611
2024,178697,00250000,College of the Ozarks,MO,9,,2,NAIA,633,793,1426,26,Volleyball,,19,,,0,19,0,0,4284,81404,81404,,,,,,,241982,241982,,,,0,241982,241982,,241982,241982,,,,0,241982,241982
2024,121707,00118500,College of the Redwoods,CA,17,,8,other,725,792,1517,26,Volleyball,,9,,,0,9,0,0,1737,15636,15636,,,,,,,64562,64562,,,,0,64562,64562,,55682,55682,,,,0,55682,55682
2024,123217,00118600,College of the Sequoias,CA,17,,8,other,2470,2903,5373,26,Volleyball,,15,,,0,15,0,0,1434,21503,21503,,,,,,,104119,104119,,,,0,104119,104119,,81652,81652,,,,0,81652,81652
2024,123484,00118700,College of the Siskiyous,CA,17,,8,other,341,277,618,26,Volleyball,,14,,,0,14,0,0,4118,57648,57648,,,,,,,107539,107539,,,,0,107539,107539,,107539,107539,,,,0,107539,107539
2024,247834,02361400,Collin County Community College District,TX,12,,3,NJCAA,6135,5710,11845,26,Volleyball,,15,,,0,15,0,0,2982,44737,44737,,,,,,,99193,99193,,,,0,99193,99193,,99193,99193,,,,0,99193,99193
2024,126669,00940100,Colorado Christian University,CO,5,,1,NCAA,597,1155,1752,26,Volleyball,,19,,,0,19,0,0,6434,122238,122238,,,,,,,646376,646376,,,,0,646376,646376,,646376,646376,,,,0,646376,646376
2024,126678,00134700,Colorado College,CO,7,,1,NCAA,873,1113,1986,26,Volleyball,,19,,,0,19,0,0,8359,158824,158824,,,,,,,347693,347693,,,,0,347693,347693,,349226,349226,,,,0,349226,349226
2024,127556,00135800,Colorado Mesa University,CO,4,,1,NCAA,3172,3748,6920,26,Volleyball,,19,,,0,19,0,0,6977,132559,132559,,,,,,,805814,805814,,,,0,805814,805814,,805814,805814,,,,0,805814,805814
2024,126748,00135900,Colorado Northwestern Community College,CO,12,,3,NJCAA,156,206,362,26,Volleyball,,12,,,0,12,0,0,2858,34300,34300,,,,,,,194600,194600,,,,0,194600,194600,,193614,193614,,,,0,193614,193614
2024,126775,00134800,Colorado School of Mines,CO,4,,1,NCAA,4049,1882,5931,26,Volleyball,,23,,,0,23,0,0,5787,133101,133101,,,,,,,827801,827801,,,,0,827801,827801,,827801,827801,,,,0,827801,827801
2024,128106,00136500,Colorado State University Pueblo,CO,4,,1,NCAA,1147,1339,2486,26,Volleyball,,19,,,0,19,0,0,7127,135409,135409,,,,,,,561182,561182,,,,0,561182,561182,,561182,561182,,,,0,561182,561182
2024,126818,00135000,Colorado State University-Fort Collins,CO,1,,1,NCAA,10278,12701,22979,26,Volleyball,,22,,,0,22,0,0,24452,537943,537943,,,,,,,2281204,2281204,,,,0,2281204,2281204,,2281204,2281204,,,,0,2281204,2281204
2024,234979,00377400,Columbia Basin College,WA,19,,8,other,1088,1647,2735,26,Volleyball,,16,,,0,16,0,0,3949,63181,63181,,,,,,,125107,125107,,,,0,125107,125107,,125107,125107,,,,0,125107,125107
2024,217934,00343000,Columbia College,SC,9,,2,NAIA,232,723,955,26,Volleyball,,17,,,0,17,0,0,264,4492,4492,,,,,,,258486,258486,,,,0,258486,258486,,258486,258486,,,,0,258486,258486
2024,112561,00770700,Columbia College,CA,17,,8,other,293,403,696,26,Volleyball,,12,,,0,12,0,0,3109,37302,37302,,,,,,,52064,52064,,,,0,52064,52064,,52064,52064,,,,0,52064,52064
2024,177065,00245600,Columbia College,MO,9,,2,NAIA,975,1489,2464,26,Volleyball,,22,,,0,22,0,0,2277,50092,50092,,,,,,,413975,413975,,,,0,413975,413975,,413975,413975,,,,0,413975,413975
2024,217925,00342900,Columbia International University,SC,9,,2,NAIA,327,330,657,26,Volleyball,,25,,,0,25,0,0,2447,61182,61182,,,,,,,302500,302500,,,,0,302500,302500,,284502,284502,,,,0,284502,284502
2024,190150,00270700,Columbia University in the City of New York,NY,2,,1,NCAA,4229,4145,8374,26,Volleyball,,18,,,0,18,0,0,7212,129813,129813,,,,,,,447644,447644,,,,0,447644,447644,,447644,447644,,,,0,447644,447644
2024,498562,00331500,Commonwealth University of Pennsylvania,PA,4,,1,NCAA,3513,5194,8707,26,Volleyball,,40,,,0,40,0,0,2853,114117,114117,,,,,,,374111,374111,,,,0,374111,374111,,373474,373474,,,,0,373474,373474
2024,210605,00323100,Community College of Allegheny County,PA,14,,3,NJCAA,1696,1937,3633,26,Volleyball,,10,,,0,10,0,0,1643,16431,16431,,,,,,,26162,26162,,,,0,26162,26162,,21840,21840,,,,0,21840,21840
2024,211079,00680700,Community College of Beaver County,PA,13,,3,NJCAA,314,281,595,26,Volleyball,,12,,,0,12,0,0,3713,44557,44557,,,,,,,87283,87283,,,,0,87283,87283,,87283,87283,,,,0,87283,87283
2024,215239,00324900,Community College of Philadelphia,PA,14,,3,NJCAA,1727,2790,4517,26,Volleyball,10,14,,,10,14,886,8860,480,6714,15574,,,,,,13860,10625,24485,,,,13860,10625,24485,13860,10625,24485,,,,13860,10625,24485
2024,217475,00340800,Community College of Rhode Island,RI,14,,3,NJCAA,1903,2575,4478,26,Volleyball,,13,,,0,13,0,0,1418,18440,18440,,,,,,,29213,29213,,,,0,29213,29213,,25389,25389,,,,0,25389,25389
2024,112686,04281700,Compton College,CA,17,,8,other,447,596,1043,26,Volleyball,,13,,,0,13,0,0,2012,26152,26152,,,,,,,61211,61211,,,,0,61211,61211,,61211,61211,,,,0,61211,61211
2024,237330,00381000,Concord University,WV,4,,1,NCAA,591,850,1441,26,Volleyball,,26,,,0,26,0,0,3241,84253,84253,,,,,,,252749,252749,,,,0,252749,252749,,252749,252749,,,,0,252749,252749
2024,173300,00234600,Concordia College at Moorhead,MN,6,,1,NCAA,831,954,1785,26,Volleyball,,29,,,0,29,0,0,3920,113668,113668,,,,,,,205286,205286,,,,0,205286,205286,,205286,205286,,,,0,205286,205286
2024,224004,00355700,Concordia University Texas,TX,7,,1,NCAA,387,633,1020,26,Volleyball,,14,,,0,14,0,0,3389,47439,47439,,,,,,,131405,131405,,,,0,131405,131405,,131405,131405,,,,0,131405,131405
2024,144351,00166600,Concordia University-Chicago,IL,6,,1,NCAA,559,626,1185,26,Volleyball,15,19,,,15,19,4437,66557,3109,59068,125625,,,,,,155771,179735,335506,,,,155771,179735,335506,155771,158855,314626,,,,155771,158855,314626
2024,112075,02070500,Concordia University-Irvine,CA,5,,1,NCAA,587,919,1506,26,Volleyball,28,23,,,28,23,4038,113070,4770,109712,222782,,,,,,407494,619332,1026826,,,,407494,619332,1026826,407494,619332,1026826,,,,407494,619332,1026826
2024,180984,00254100,Concordia University-Nebraska,NE,9,,2,NAIA,606,617,1223,26,Volleyball,,31,,,0,31,0,0,1513,46909,46909,,,,,,,934231,934231,,,,0,934231,934231,,799284,799284,,,,0,799284,799284
2024,173328,00234700,Concordia University-Saint Paul,MN,4,,1,NCAA,785,1524,2309,26,Volleyball,,14,,,0,14,0,0,7032,98452,98452,,,,,,,554721,554721,,,,0,554721,554721,,554721,554721,,,,0,554721,554721
2024,238616,00384200,Concordia University-Wisconsin,WI,6,,1,NCAA,792,1041,1833,26,Volleyball,13,24,,,13,24,1923,24998,1814,43535,68533,,,,,,146555,147012,293567,,,,146555,147012,293567,151132,148997,300129,,,,151132,148997,300129
2024,128902,00137900,Connecticut College,CT,7,,1,NCAA,762,1173,1935,26,Volleyball,,15,,,0,15,0,0,2237,33551,33551,,,,,,,261337,261337,,,,0,261337,261337,,261337,261337,,,,0,261337,261337
2024,112826,00119000,Contra Costa College,CA,17,,8,other,767,994,1761,26,Volleyball,,21,,,0,21,0,0,581,12195,12195,,,,,,,30960,30960,,,,0,30960,30960,,30960,30960,,,,0,30960,30960
2024,217961,00343100,Converse University,SC,5,,1,NCAA,311,830,1141,26,Volleyball,,17,,,0,17,0,0,3441,58492,58492,,,,,,,324908,324908,,,,0,324908,324908,,320549,320549,,,,0,320549,320549
2024,395362,03542400,Copper Mountain Community College,CA,17,,8,other,126,259,385,26,Volleyball,,7,,,0,7,0,0,1005,7034,7034,,,,,,,52101,52101,,,,0,52101,52101,,47569,47569,,,,0,47569,47569
2024,162283,00206800,Coppin State University,MD,3,,1,NCAA,422,1126,1548,26,Volleyball,,19,,,0,19,0,0,3834,72839,72839,,,,,,,530506,530506,,,,0,530506,530506,,530506,530506,,,,0,530506,530506
2024,210331,00133900,Corban University,OR,10,,2,NAIA,269,339,608,26,Volleyball,,19,,,0,19,0,0,4075,77419,77419,,,,,,,429808,429808,,,,0,429808,429808,,429808,429808,,,,0,429808,429808
2024,153162,00185600,Cornell College,IA,6,,1,NCAA,579,499,1078,26,Volleyball,,20,,,0,20,0,0,2731,54626,54626,,,,,,,301113,301113,,,,0,301113,301113,,239923,239923,,,,0,239923,239923
2024,190415,00271100,Cornell University,NY,2,,1,NCAA,7198,8641,15839,26,Volleyball,,21,,,0,21,0,0,5494,115384,115384,,,,,,,603847,603847,,,,0,603847,603847,,603847,603847,,,,0,603847,603847
2024,170037,00226600,Cornerstone University,MI,9,,2,NAIA,432,590,1022,26,Volleyball,16,17,,,16,17,2365,37840,3329,56590,94430,,,,,,200368,207828,408196,,,,200368,207828,408196,200368,207828,408196,,,,200368,207828,408196
2024,113096,00753600,Cosumnes River College,CA,17,,8,other,1713,1802,3515,26,Volleyball,,20,,,0,20,0,0,1054,21088,21088,,,,,,,153432,153432,,,,0,153432,153432,,146942,146942,,,,0,146942,146942
2024,184180,00772900,County College of Morris,NJ,13,,3,NJCAA,1396,1127,2523,26,Volleyball,,10,,,0,10,0,0,750,7500,7500,,,,,,,31000,31000,,,,0,31000,31000,,31000,31000,,,,0,31000,31000
2024,139393,00348400,Covenant College,GA,7,,1,NCAA,450,479,929,26,Volleyball,,17,,,0,17,0,0,3181,54070,54070,,,,,,,242966,242966,,,,0,242966,242966,,121171,121171,,,,0,121171,121171
2024,154952,00190200,Cowley County Community College,KS,12,,3,NJCAA,472,612,1084,26,Volleyball,,17,,,0,17,0,0,3366,57229,57229,,,,,,,203564,203564,,,,0,203564,203564,,203564,203564,,,,0,203564,203564
2024,181002,00254200,Creighton University,NE,3,,1,NCAA,1784,2475,4259,26,Volleyball,,19,,,0,19,0,0,28612,543636,543636,,,,,,,2249516,2249516,,,,0,2249516,2249516,,2328459,2328459,,,,0,2328459,2328459
2024,106810,00109500,Crowley's Ridge College,AR,9,,2,NAIA,94,64,158,26,Volleyball,,12,,,0,12,0,0,3299,39586,39586,,,,,,,144393,144393,,,,0,144393,144393,,113515,113515,,,,0,113515,113515
2024,174862,00238300,Crown College,MN,6,,1,NCAA,324,298,622,26,Volleyball,,19,,,0,19,0,0,3321,63104,63104,,,,,,,143626,143626,,,,0,143626,143626,,117457,117457,,,,0,117457,117457
2024,113193,00119200,Cuesta College,CA,17,,8,other,1385,1452,2837,26,Volleyball,,14,,,0,14,0,0,1659,23225,23225,,,,,,,58378,58378,,,,0,58378,58378,,49622,49622,,,,0,49622,49622
2024,177144,00246000,Culver-Stockton College,MO,10,,2,NAIA,433,346,779,26,Volleyball,20,23,,,20,23,1086,21729,897,20626,42355,,,,,,211843,172097,383940,,,,211843,172097,383940,211843,172097,383940,,,,211843,172097,383940
2024,219949,00348500,Cumberland University,TN,9,,2,NAIA,888,1071,1959,26,Volleyball,16,22,,,16,22,5605,89676,5977,131499,221175,,,,,,423340,659759,1083099,,,,423340,659759,1083099,422584,646116,1068700,,,,422584,646116,1068700
2024,190512,00727300,CUNY Bernard M Baruch College,NY,7,,1,NCAA,6598,6534,13132,26,Volleyball,16,15,,,16,15,2057,32909,1276,19133,52042,,,,,,60123,35532,95655,,,,60123,35532,95655,60123,35532,95655,,,,60123,35532,95655
2024,190521,00269100,CUNY Borough of Manhattan Community College,NY,14,,3,NJCAA,5368,6527,11895,26,Volleyball,11,14,,,11,14,687,7554,666,9326,16880,,,,,,22210,24040,46250,,,,22210,24040,46250,22210,24040,46250,,,,22210,24040,46250
2024,190530,00269200,CUNY Bronx Community College,NY,14,,3,NJCAA,1534,1877,3411,26,Volleyball,,7,,,0,7,0,0,714,5001,5001,,,,,,,19576,19576,,,,0,19576,19576,,19576,19576,,,,0,19576,19576
2024,190549,00268700,CUNY Brooklyn College,NY,7,,1,NCAA,3689,4407,8096,26,Volleyball,14,16,,,14,16,1894,26510,1758,28123,54633,,,,,,46805,50891,97696,,,,46805,50891,97696,46805,50891,97696,,,,46805,50891,97696
2024,190567,00268800,CUNY City College,NY,7,,1,NCAA,4972,5360,10332,26,Volleyball,12,13,,,12,13,261,3126,132,1710,4836,,,,,,16726,21232,37958,,,,16726,21232,37958,16726,21232,37958,,,,16726,21232,37958
2024,190585,00861100,CUNY Hostos Community College,NY,14,,3,NJCAA,822,1432,2254,26,Volleyball,,11,,,0,11,0,0,1048,11523,11523,,,,,,,33953,33953,,,,0,33953,33953,,32481,32481,,,,0,32481,32481
2024,190594,00268900,CUNY Hunter College,NY,7,,1,NCAA,4461,8859,13320,26,Volleyball,18,16,,,18,16,604,10865,912,14590,25455,,,,,,34059,38902,72961,,,,34059,38902,72961,34059,38902,72961,,,,34059,38902,72961
2024,190600,00269300,CUNY John Jay College of Criminal Justice,NY,7,,1,NCAA,3358,6258,9616,26,Volleyball,17,16,,,17,16,1089,18521,1347,21550,40071,,,,,,56491,72154,128645,,,,56491,72154,128645,56491,72154,128645,,,,56491,72154,128645
2024,190619,00269400,CUNY Kingsborough Community College,NY,14,,3,NJCAA,2338,3027,5365,26,Volleyball,14,11,,,14,11,871,12187,746,8201,20388,,,,,,33540,29374,62914,,,,33540,29374,62914,33540,29374,62914,,,,33540,29374,62914
2024,190628,01005100,CUNY LaGuardia Community College,NY,14,,3,NJCAA,3018,3876,6894,26,Volleyball,,15,,,0,15,0,0,747,11211,11211,,,,,,,27379,27379,,,,0,27379,27379,,27379,27379,,,,0,27379,27379
2024,190637,00702200,CUNY Lehman College,NY,7,,1,NCAA,2681,4749,7430,26,Volleyball,16,15,,,16,15,875,14007,701,10513,24520,,,,,,30539,26920,57459,,,,30539,26920,57459,30539,26920,57459,,,,30539,26920,57459
2024,190646,01009700,CUNY Medgar Evers College,NY,7,,1,NCAA,617,1525,2142,26,Volleyball,11,9,,,11,9,1061,11674,1490,13406,25080,,,,,,26218,27440,53658,,,,26218,27440,53658,26218,27440,53658,,,,26218,27440,53658
2024,190664,00269000,CUNY Queens College,NY,5,,1,NCAA,4869,5049,9918,26,Volleyball,,16,,,0,16,0,0,3029,48458,48458,,,,,,,185764,185764,,,,0,185764,185764,,183038,183038,,,,0,183038,183038
2024,190673,00269700,CUNY Queensborough Community College,NY,14,,3,NJCAA,2521,2602,5123,26,Volleyball,,13,,,0,13,0,0,509,6612,6612,,,,,,,21144,21144,,,,0,21144,21144,,21144,21144,,,,0,21144,21144
2024,190691,00475900,CUNY York College,NY,7,,1,NCAA,1170,2055,3225,26,Volleyball,11,14,,,11,14,1389,15284,929,13005,28289,,,,,,28716,26453,55169,,,,28716,26453,55169,28716,26453,55169,,,,28716,26453,55169
2024,165529,00214300,Curry College,MA,6,,1,NCAA,736,944,1680,26,Volleyball,19,17,,,19,17,2425,46080,3121,53051,99131,,,,,,72657,80696,153353,,,,72657,80696,153353,72657,80696,153353,,,,72657,80696,153353
2024,202356,00304000,Cuyahoga Community College District,OH,13,,3,NJCAA,1751,2352,4103,26,Volleyball,,12,,,0,12,0,0,2866,34396,34396,,,,,,,132783,132783,,,,0,132783,132783,,132783,132783,,,,0,132783,132783
2024,113218,02111300,Cuyamaca College,CA,17,,8,other,945,997,1942,26,Volleyball,,14,,,0,14,0,0,743,10403,10403,,,,,,,131123,131123,,,,0,131123,131123,,108200,108200,,,,0,108200,108200
2024,113236,00119300,Cypress College,CA,17,,8,other,2558,3219,5777,26,Volleyball,,14,,,0,14,0,0,1176,16463,16463,,,,,,,77328,77328,,,,0,77328,77328,,84834,84834,,,,0,84834,84834
2024,190716,00271200,D'Youville  University,NY,5,,1,NCAA,296,715,1011,26,Volleyball,14,18,,,14,18,6323,88526,4883,87899,176425,,,,,,253823,367067,620890,,,,253823,367067,620890,253593,366052,619645,,,,253593,366052,619645
2024,190725,00280800,Daemen University,NY,5,,1,NCAA,411,1136,1547,26,Volleyball,17,16,,,17,16,6392,108668,5642,90276,198944,,,,,,314712,430124,744836,,,,314712,430124,744836,298245,409493,707738,,,,298245,409493,707738
2024,200314,00299500,Dakota College at Bottineau,ND,13,,3,NJCAA,99,192,291,26,Volleyball,,15,,,0,15,0,0,1222,18333,18333,,,,,,,56393,56393,,,,0,56393,56393,,66544,66544,,,,0,66544,66544
2024,173416,01040200,Dakota County Technical College,MN,13,,3,NJCAA,867,522,1389,26,Volleyball,,14,,,0,14,0,0,3060,42841,42841,,,,,,,81298,81298,,,,0,81298,81298,,81080,81080,,,,0,81080,81080
2024,219082,00346300,Dakota State University,SD,9,There is only one division in the NAIA,2,NAIA,1052,545,1597,26,Volleyball,,21,,,0,21,0,0,2002,42044,42044,,,,,,,228516,228516,,,,0,228516,228516,,228516,228516,,,,0,228516,228516
2024,219091,00346100,Dakota Wesleyan University,SD,9,,2,NAIA,326,318,644,26,Volleyball,,16,,,0,16,0,0,2470,39526,39526,,,,,,,547320,547320,,,,0,547320,547320,,478499,478499,,,,0,478499,478499
2024,224226,00356000,Dallas Baptist University,TX,5,,1,NCAA,861,1205,2066,26,Volleyball,,15,,,0,15,0,0,8951,134270,134270,,,,,,,719695,719695,,,,0,719695,719695,,712684,712684,,,,0,712684,712684
2024,224244,00694100,Dallas Christian College,TX,8,NCCAA Division I & NCCAA Division II,8,other,133,74,207,26,Volleyball,,10,,,0,10,0,0,1026,10257,10257,,,,,,,27799,27799,,,,0,27799,27799,,26405,26405,,,,0,26405,26405
2024,224615,00445300,Dallas College,TX,14,,3,NJCAA,6439,7728,14167,26,Volleyball,,91,,,0,91,0,0,1367,124440,124440,,,,,,,695762,695762,,,,0,695762,695762,,695762,695762,,,,0,695762,695762
2024,144564,00166900,Danville Area Community College,IL,13,,3,NJCAA,342,486,828,26,Volleyball,,12,,,0,12,0,0,2856,34269,34269,,,,,,,156414,156414,,,,0,156414,156414,,156414,156414,,,,0,156414,156414
2024,182670,00257300,Dartmouth College,NH,2,,1,NCAA,2351,2190,4541,26,Volleyball,,20,,,0,20,0,0,7462,149233,149233,,,,,,,573609,573609,,,,0,573609,573609,,573609,573609,,,,0,573609,573609
2024,169479,00224900,Davenport University,MI,4,,1,NCAA,931,935,1866,26,Volleyball,,19,,,0,19,0,0,3732,70900,70900,,,,,,,495023,495023,,,,0,495023,495023,,495023,495023,,,,0,495023,495023
2024,198385,00291800,Davidson College,NC,2,,1,NCAA,877,990,1867,26,Volleyball,,15,,,0,15,0,0,8635,129528,129528,,,,,,,462207,462207,,,,0,462207,462207,,640516,640516,,,,0,640516,640516
2024,198376,00291900,Davidson-Davie Community College,NC,13,,3,NJCAA,459,740,1199,26,Volleyball,,10,,,0,10,0,0,488,4882,4882,,,,,,,42403,42403,,,,0,42403,42403,,42403,42403,,,,0,42403,42403
2024,237358,00381100,Davis & Elkins College,WV,5,,1,NCAA,284,369,653,26,Volleyball,,14,,,0,14,0,0,1092,15291,15291,,,,,,,179110,179110,,,,0,179110,179110,,174761,174761,,,,0,174761,174761
2024,180151,00252900,Dawson Community College,MT,12,,3,NJCAA,84,89,173,26,Volleyball,,17,,,0,17,0,0,2051,34863,34863,,,,,,,172835,172835,,,,0,172835,172835,,158235,158235,,,,0,158235,158235
2024,133386,00147500,Daytona State College,FL,12,,3,NJCAA,1992,2448,4440,26,Volleyball,,17,,,0,17,0,0,2956,50254,50254,,,,,,,401730,401730,,,,0,401730,401730,,401730,401730,,,,0,401730,401730
2024,113333,00448000,De Anza College,CA,17,,8,other,4504,3668,8172,26,Volleyball,,16,,,0,16,0,0,2050,32803,32803,,,,,,,87763,87763,,,,0,87763,87763,,77788,77788,,,,0,77788,77788
2024,165574,00214400,Dean College,MA,6,,1,NCAA,518,539,1057,26,Volleyball,14,23,,,14,23,1852,25927,1424,32748,58675,,,,,,67775,73718,141493,,,,67775,73718,141493,67327,73213,140540,,,,67327,73213,140540
2024,202514,00304100,Defiance College,OH,10,,2,NAIA,314,167,481,26,Volleyball,,20,,,0,20,0,0,1786,35728,35728,,,,,,,521685,521685,,,,0,521685,521685,,471356,471356,,,,0,471356,471356
2024,211927,00711000,Delaware County Community College,PA,14,,3,NJCAA,960,940,1900,26,Volleyball,,10,,,0,10,0,0,930,9300,9300,,,,,,,24800,24800,,,,0,24800,24800,,25800,25800,,,,0,25800,25800
2024,130934,00142800,Delaware State University,DE,2,,1,NCAA,1357,2513,3870,26,Volleyball,,25,,,0,25,0,0,3437,85913,85913,,,,,,,692743,692743,,,,0,692743,692743,,692743,692743,,,,0,692743,692743
2024,130907,01172700,Delaware Technical Community College-Terry,DE,8,NJCAA D2 - Lax Non-divisional,8,other,1697,2578,4275,26,Volleyball,,13,,,0,13,0,0,3396,44151,44151,,,,,,,92513,92513,,,,0,92513,92513,,92513,92513,,,,0,92513,92513
2024,211981,00325200,Delaware Valley University,PA,6,,1,NCAA,598,980,1578,26,Volleyball,,12,,,0,12,0,0,2024,24286,24286,,,,,,,86949,86949,,,,0,86949,86949,,86949,86949,,,,0,86949,86949
2024,169521,00225100,Delta College,MI,14,"Two Sports are NJCAA Division II, Five Sports DIII",3,NJCAA,927,1349,2276,26,Volleyball,,14,,,0,14,0,0,1052,14730,14730,,,,,,,35031,35031,,,,0,35031,35031,,35031,35031,,,,0,35031,35031
2024,202523,00304200,Denison University,OH,6,,1,NCAA,1134,1242,2376,26,Volleyball,,16,,,0,16,0,0,3792,60679,60679,,,,,,,230180,230180,,,,0,230180,230180,,230180,230180,,,,0,230180,230180
2024,144740,00167100,DePaul University,IL,3,,1,NCAA,5897,7337,13234,26,Volleyball,,15,,,0,15,0,0,13381,200721,200721,,,,,,,1335270,1335270,,,,0,1335270,1335270,,1335270,1335270,,,,0,1335270,1335270
2024,150400,00179200,DePauw University,IN,6,,1,NCAA,942,948,1890,26,Volleyball,,18,,,0,18,0,0,3678,66197,66197,,,,,,,244971,244971,,,,0,244971,244971,,244971,244971,,,,0,244971,244971
2024,153214,00712000,Des Moines Area Community College,IA,13,,3,NJCAA,2437,2666,5103,26,Volleyball,,13,,,0,13,0,0,4399,57183,57183,,,,,,,152382,152382,,,,0,152382,152382,,152382,152382,,,,0,152382,152382
2024,210739,00398600,DeSales University,PA,7,,1,NCAA,717,1174,1891,26,Volleyball,,21,,,0,21,0,0,2741,57561,57561,,,,,,,194734,194734,,,,0,194734,194734,,189015,189015,,,,0,189015,189015
2024,113634,00119100,Diablo Valley College,CA,17,,8,other,3239,2995,6234,26,Volleyball,,12,,,0,12,0,0,1638,19657,19657,,,,,,,67054,67054,,,,0,67054,67054,,51840,51840,,,,0,51840,51840
2024,212009,00325300,Dickinson College,PA,6,,1,NCAA,908,1362,2270,26,Volleyball,,16,,,0,16,0,0,2237,35789,35789,,,,,,,82358,82358,,,,0,82358,82358,,84566,84566,,,,0,84566,84566
2024,200059,00298900,Dickinson State University,ND,9,,2,NAIA,426,484,910,26,Volleyball,,23,,,0,23,0,0,4417,101598,101598,,,,,,,256277,256277,,,,0,256277,256277,,256277,256277,,,,0,256277,256277
2024,158802,00200400,Dillard University,LA,9,,2,NAIA,283,745,1028,26,Volleyball,,19,,,0,19,0,0,4364,82925,82925,,,,,,,421406,421406,,,,0,421406,421406,,421406,421406,,,,0,421406,421406
2024,181020,00254400,Doane University,NE,10,,2,NAIA,517,422,939,26,Volleyball,,19,,,0,19,0,0,4280,81320,81320,,,,,,,471304,471304,,,,0,471304,471304,,474142,474142,,,,0,474142,474142
2024,154998,00191300,Dodge City Community College,KS,12,,3,NJCAA,410,341,751,26,Volleyball,,16,,,0,16,0,0,1660,26556,26556,,,,,,,315008,315008,,,,0,315008,315008,,315008,315008,,,,0,315008,315008
2024,148496,00175000,Dominican University,IL,7,,1,NCAA,748,1723,2471,26,Volleyball,18,15,,,18,15,2468,44424,3032,45480,89904,,,,,,95138,97410,192548,,,,95138,97410,192548,95138,97410,192548,,,,95138,97410,192548
2024,190761,00271300,Dominican University New York,NY,5,,1,NCAA,399,645,1044,26,Volleyball,24,25,,,24,25,1676,40221,1645,41127,81348,,,,,,187471,185877,373348,,,,187471,185877,373348,187471,185877,373348,,,,187471,185877,373348
2024,113698,00119600,Dominican University of California,CA,5,,1,NCAA,287,715,1002,26,Volleyball,,17,,,0,17,0,0,4813,81826,81826,,,,,,,361027,361027,,,,0,361027,361027,,361027,361027,,,,0,361027,361027
2024,153250,00185900,Dordt University,IA,10,,2,NAIA,783,797,1580,26,Volleyball,25,31,,,25,31,3368,84200,1423,44103,128303,,,,,,342474,415009,757483,,,,342474,415009,757483,342474,415009,757483,,,,342474,415009,757483
2024,153269,00186000,Drake University,IA,2,,1,NCAA,968,1518,2486,26,Volleyball,,20,,,0,20,0,0,6794,135878,135878,,,,,,,821264,821264,,,,0,821264,821264,,821264,821264,,,,0,821264,821264
2024,184348,00260300,Drew University,NJ,7,,1,NCAA,674,849,1523,26,Volleyball,15,17,,,15,17,1921,28818,2051,34864,63682,,,,,,62499,126233,188732,,,,62499,126233,188732,62499,126233,188732,,,,62499,126233,188732
2024,177214,00246100,Drury University,MO,5,,1,NCAA,666,702,1368,26,Volleyball,,21,,,0,21,0,0,3539,74311,74311,,,,,,,430927,430927,,,,0,430927,430927,,430927,430927,,,,0,430927,430927
2024,198419,00292000,Duke University,NC,1,,1,NCAA,2971,3447,6418,26,Volleyball,,19,,,0,19,0,0,17046,323868,323868,,,,,,,2393193,2393193,,,,0,2393193,2393193,,2362485,2362485,,,,0,2362485,2362485
2024,212106,00325800,Duquesne University,PA,2,,1,NCAA,1972,3316,5288,26,Volleyball,,15,,,0,15,0,0,8042,120636,120636,,,,,,,1115558,1115558,,,,0,1115558,1115558,,1115558,1115558,,,,0,1115558,1115558
2024,190840,00286400,Dutchess Community College,NY,14,,3,NJCAA,1209,1289,2498,26,Volleyball,,9,,,0,9,0,0,4051,36462,36462,,,,,,,58579,58579,,,,0,58579,58579,,57579,57579,,,,0,57579,57579
2024,150455,00179300,Earlham College,IN,7,,1,NCAA,315,350,665,26,Volleyball,,19,,,0,19,0,0,3139,59643,59643,,,,,,,286284,286284,,,,0,286284,286284,,286284,286284,,,,0,286284,286284
2024,198464,00292300,East Carolina University,NC,1,,1,NCAA,7375,9578,16953,26,Volleyball,,19,,,0,19,0,0,11555,219541,219541,,,,,,,1015004,1015004,,,,0,1015004,1015004,,1003310,1003310,,,,0,1003310,1003310
2024,177250,00886200,East Central College,MO,13,,3,NJCAA,428,638,1066,26,Volleyball,,15,,,0,15,0,0,4395,65925,65925,,,,,,,114484,114484,,,,0,114484,114484,,114484,114484,,,,0,114484,114484
2024,207041,00315400,East Central University,OK,4,,1,NCAA,860,1248,2108,26,Volleyball,,20,,,0,20,0,0,4787,95744,95744,,,,,,,323699,323699,,,,0,323699,323699,,323699,323699,,,,0,323699,323699
2024,113856,02226000,East Los Angeles College,CA,17,,8,other,2496,2959,5455,26,Volleyball,,14,,,0,14,0,0,2539,35549,35549,,,,,,,78441,78441,,,,0,78441,78441,,85567,85567,,,,0,85567,85567
2024,212115,00332000,East Stroudsburg University of Pennsylvania,PA,4,,1,NCAA,2033,2480,4513,26,Volleyball,,19,,,0,19,0,0,3578,67980,67980,,,,,,,326424,326424,,,,0,326424,326424,,329174,329174,,,,0,329174,329174
2024,220075,00348700,East Tennessee State University,TN,2,,1,NCAA,3450,5413,8863,26,Volleyball,,15,,,0,15,0,0,7021,105313,105313,,,,,,,611961,611961,,,,0,611961,611961,,611961,611961,,,,0,611961,611961
2024,224554,00356500,East Texas A&M University,TX,2,,1,NCAA,2532,3730,6262,26,Volleyball,,18,,,0,18,0,0,10681,192250,192250,,,,,,,810962,810962,,,,0,810962,810962,,810302,810302,,,,0,810302,810302
2024,224527,00356400,East Texas Baptist University,TX,6,,1,NCAA,598,621,1219,26,Volleyball,,23,,,0,23,0,0,4324,99452,99452,,,,,,,259034,259034,,,,0,259034,259034,,259034,259034,,,,0,259034,259034
2024,104577,00107300,Eastern Arizona College,AZ,12,,3,NJCAA,656,633,1289,26,Volleyball,,15,,,0,15,0,0,10748,161219,161219,,,,,,,602962,602962,,,,0,602962,602962,,602962,602962,,,,0,602962,602962
2024,129215,00142500,Eastern Connecticut State University,CT,7,,1,NCAA,1331,1931,3262,26,Volleyball,,16,,,0,16,0,0,2534,40539,40539,,,,,,,191469,191469,,,,0,191469,191469,,191469,191469,,,,0,191469,191469
2024,132693,00147000,Eastern Florida State College,FL,12,,3,NJCAA,2052,2184,4236,26,Volleyball,,17,,,0,17,0,0,3035,51594,51594,,,,,,,212369,212369,,,,0,212369,212369,,212369,212369,,,,0,212369,212369
2024,144892,00167400,Eastern Illinois University,IL,2,,1,NCAA,1521,2194,3715,26,Volleyball,,18,,,0,18,0,0,6044,108785,108785,,,,,,,546257,546257,,,,0,546257,546257,,546257,546257,,,,0,546257,546257
2024,156620,00196300,Eastern Kentucky University,KY,2,,1,NCAA,4236,6349,10585,26,Volleyball,,19,,,0,19,0,0,8739,166037,166037,,,,,,,977817,977817,,,,0,977817,977817,,977817,977817,,,,0,977817,977817
2024,232043,00370800,Eastern Mennonite University,VA,7,,1,NCAA,321,414,735,26,Volleyball,17,18,,,17,18,4389,74616,3509,63157,137773,,,,,,171821,138891,310712,,,,171821,138891,310712,171821,138891,310712,,,,171821,138891,310712
2024,169798,00225900,Eastern Michigan University,MI,1,,1,NCAA,3259,4482,7741,26,Volleyball,,21,,,0,21,0,0,4896,102811,102811,,,,,,,995228,995228,,,,0,995228,995228,,995228,995228,,,,0,995228,995228
2024,187648,00265100,Eastern New Mexico University-Main Campus,NM,4,,1,NCAA,922,1488,2410,26,Volleyball,,14,,,0,14,0,0,564,7892,7892,,,,,,,4093936,4093936,,,,0,4093936,4093936,,4093936,4093936,,,,0,4093936,4093936
2024,208646,00319300,Eastern Oregon University,OR,9,,2,NAIA,643,841,1484,26,Volleyball,,21,,,0,21,0,0,3785,79479,79479,,,,,,,341810,341810,,,,0,341810,341810,,341811,341811,,,,0,341811,341811
2024,212133,00325900,Eastern University,PA,6,,1,NCAA,753,932,1685,26,Volleyball,14,17,,,14,17,2991,41867,3152,53586,95453,,,,,,115539,148939,264478,,,,115539,148939,264478,115539,148393,263932,,,,115539,148393,263932
2024,235097,00377500,Eastern Washington University,WA,2,,1,NCAA,2450,3182,5632,26,Volleyball,,17,,,0,17,0,0,11674,198459,198459,,,,,,,1028042,1028042,,,,0,1028042,1028042,,1028042,1028042,,,,0,1028042,1028042
2024,240596,00392900,Eastern Wyoming College,WY,12,,3,NJCAA,133,233,366,26,Volleyball,,18,,,0,18,0,0,4072,73296,73296,,,,,,,289031,289031,,,,0,289031,289031,,289031,289031,,,,0,289031,289031
2024,133492,00148700,Eckerd College,FL,5,,1,NCAA,545,1296,1841,26,Volleyball,,16,,,0,16,0,0,4142,66272,66272,,,,,,,709526,709526,,,,0,709526,709526,,709526,709526,,,,0,709526,709526
2024,238661,00384800,Edgewood College,WI,7,,1,NCAA,365,663,1028,26,Volleyball,16,22,,,16,22,1680,26886,2997,65925,92811,,,,,,173455,205223,378678,,,,173455,205223,378678,151386,146728,298114,,,,151386,146728,298114
2024,202648,01275000,Edison State Community College,OH,13,,3,NJCAA,182,240,422,26,Volleyball,,13,,,0,13,0,0,1800,23403,23403,,,,,,,108806,108806,,,,0,108806,108806,,108188,108188,,,,0,108188,108188
2024,235103,00500100,Edmonds College,WA,19,,8,other,860,1010,1870,26,Volleyball,,15,,,0,15,0,0,4819,72287,72287,,,,,,,142066,142066,,,,0,142066,142066,,109883,109883,,,,0,109883,109883
2024,133526,00147800,Edward Waters University,FL,4,,1,NCAA,546,474,1020,26,Volleyball,19,18,,,19,18,2882,54760,4343,78166,132926,,,,,,151950,310703,462653,,,,151950,310703,462653,151950,310703,462653,,,,151950,310703,462653
2024,113980,00119700,El Camino Community College District,CA,17,,8,other,3633,3747,7380,26,Volleyball,24,18,,,24,18,330,7920,438,7884,15804,,,,,,47287,53154,100441,,,,47287,53154,100441,48632,57089,105721,,,,48632,57089,105721
2024,144944,00167500,Elgin Community College,IL,13,,3,NJCAA,1414,1339,2753,26,Volleyball,,11,,,0,11,0,0,1294,14231,14231,,,,,,,54329,54329,,,,0,54329,54329,,54329,54329,,,,0,54329,54329
2024,198507,00292600,Elizabeth City State University,NC,4,,1,NCAA,919,877,1796,26,Volleyball,,19,,,0,19,0,0,3249,61728,61728,,,,,,,214287,214287,,,,0,214287,214287,,214287,214287,,,,0,214287,214287
2024,212197,00326200,Elizabethtown College,PA,7,,1,NCAA,741,1034,1775,26,Volleyball,17,20,,,17,20,1655,28142,1500,30001,58143,,,,,,46844,111317,158161,,,,46844,111317,158161,46844,111317,158161,,,,46844,111317,158161
2024,153296,00186200,Ellsworth Community College,IA,12,,3,NJCAA,249,219,468,26,Volleyball,,9,,,0,9,0,0,5742,51678,51678,,,,,,,137085,137085,,,,0,137085,137085,,137085,137085,,,,0,137085,137085
2024,144962,00167600,Elmhurst University,IL,6,,1,NCAA,1129,1835,2964,26,Volleyball,,21,,,0,21,0,0,1847,38793,38793,,,,,,,163643,163643,,,,0,163643,163643,,163643,163643,,,,0,163643,163643
2024,190983,00271800,Elmira College,NY,7,,1,NCAA,235,456,691,26,Volleyball,16,18,,,16,18,1734,27745,1277,22985,50730,,,,,,84245,79985,164230,,,,84245,79985,164230,84245,79985,164230,,,,84245,79985,164230
2024,198516,00292700,Elon University,NC,2,,1,NCAA,2540,3733,6273,26,Volleyball,,18,,,0,18,0,0,7592,136652,136652,,,,,,,1403131,1403131,,,,0,1403131,1403131,,1403131,1403131,,,,0,1403131,1403131
2024,133553,00147900,Embry-Riddle Aeronautical University-Daytona Beach,FL,5,,1,NCAA,5411,2133,7544,26,Volleyball,,17,,,0,17,0,0,5037,85627,85627,,,,,,,673370,673370,,,,0,673370,673370,,673370,673370,,,,0,673370,673370
2024,104586,00147902,Embry-Riddle Aeronautical University-Prescott,AZ,10,,2,NAIA,2205,851,3056,26,Volleyball,,16,,,0,16,0,0,6444,103111,103111,,,,,,,480421,480421,,,,0,480421,480421,,479437,479437,,,,0,479437,479437
2024,165662,00214600,Emerson College,MA,7,,1,NCAA,1311,2520,3831,26,Volleyball,8,13,,,8,13,2801,22411,2787,36233,58644,,,,,,103769,120924,224693,,,,103769,120924,224693,95838,106266,202104,,,,95838,106266,202104
2024,165671,00214700,Emmanuel College,MA,7,,1,NCAA,431,1391,1822,26,Volleyball,22,23,,,22,23,1432,31510,2327,53521,85031,,,,,,61139,79106,140245,,,,61139,79106,140245,61139,79106,140245,,,,61139,79106,140245
2024,139630,00156300,Emmanuel University,GA,5,,1,NCAA,424,337,761,26,Volleyball,23,17,,,23,17,4250,97761,4120,70035,167796,,,,,,321296,428997,750293,,,,321296,428997,750293,321296,428997,750293,,,,321296,428997,750293
2024,153302,02328900,Emmaus Bible College,IA,16,,4,NCCAA,99,102,201,26,Volleyball,,12,,,0,12,0,0,2007,24078,24078,,,,,,,42991,42991,,,,0,42991,42991,,42414,42414,,,,0,42414,42414
2024,232025,00370900,Emory & Henry University,VA,4,,1,NCAA,470,573,1043,26,Volleyball,,22,,,0,22,0,0,1073,23608,23608,,,,,,,281684,281684,,,,0,281684,281684,,281684,281684,,,,0,281684,281684
2024,139658,00156400,Emory University,GA,7,,1,NCAA,3120,4106,7226,26,Volleyball,,24,,,0,24,0,0,8261,198258,198258,,,,,,,660595,660595,,,,0,660595,660595,,412959,412959,,,,0,412959,412959
2024,155025,00192700,Emporia State University,KS,4,,1,NCAA,757,1318,2075,26,Volleyball,,21,,,0,21,0,0,3367,70710,70710,,,,,,,523555,523555,,,,0,523555,523555,,522490,522490,,,,0,522490,522490
2024,165699,00214800,Endicott College,MA,6,,1,NCAA,1037,2007,3044,26,Volleyball,19,20,,,19,20,1833,34826,1833,36660,71486,,,,,,105690,131823,237513,,,,105690,131823,237513,105690,131823,237513,,,,105690,131823,237513
2024,101143,00101500,Enterprise State Community College,AL,13,,3,NJCAA,557,454,1011,26,Volleyball,,14,,,0,14,0,0,1786,25000,25000,,,,,,,180100,180100,,,,0,180100,180100,,180100,180100,,,,0,180100,180100
2024,191083,01068400,Erie Community College,NY,14,,3,NJCAA,2224,2270,4494,26,Volleyball,,12,,,0,12,0,0,3005,36055,36055,,,,,,,66662,66662,,,,0,66662,66662,,66662,66662,,,,0,66662,66662
2024,217998,00343200,Erskine College,SC,4,,1,NCAA,525,235,760,26,Volleyball,27,23,,,27,23,1853,50028,2449,56330,106358,,,,,,130124,269370,399494,,,,130124,269370,399494,130124,269370,399494,,,,130124,269370,399494
2024,144971,00167800,Eureka College,IL,6,,1,NCAA,287,234,521,26,Volleyball,,16,,,0,16,0,0,1770,28318,28318,,,,,,,86957,86957,,,,0,86957,86957,,86957,86957,,,,0,86957,86957
2024,177339,00246300,Evangel University,MO,9,NAIA is only one division now.,2,NAIA,609,611,1220,26,Volleyball,,21,,,0,21,0,0,2926,61445,61445,,,,,,,359808,359808,,,,0,359808,359808,,359808,359808,,,,0,359808,359808
2024,235149,00377600,Everett Community College,WA,19,,8,other,1133,1372,2505,26,Volleyball,,12,,,0,12,0,0,1763,21153,21153,,,,,,,57025,57025,,,,0,57025,57025,,57025,57025,,,,0,57025,57025
2024,129242,00138500,Fairfield University,CT,3,,1,NCAA,2249,3077,5326,26,Volleyball,,20,,,0,20,0,0,9420,188407,188407,,,,,,,1217914,1217914,,,,0,1217914,1217914,,1217914,1217914,,,,0,1217914,1217914
2024,184694,00260701,Fairleigh Dickinson University-Florham Campus,NJ,6,,1,NCAA,886,1038,1924,26,Volleyball,,23,,,0,23,0,0,1703,39165,39165,,,,,,,149936,149936,,,,0,149936,149936,,149936,149936,,,,0,149936,149936
2024,184603,00260700,Fairleigh Dickinson University-Metropolitan Campus,NJ,3,,1,NCAA,1067,1074,2141,26,Volleyball,21,20,,,21,20,5563,116822,6175,123509,240331,,,,,,457605,673166,1130771,,,,457605,673166,1130771,457605,673166,1130771,,,,457605,673166,1130771
2024,237367,00381200,Fairmont State University,WV,4,,1,NCAA,1016,1270,2286,26,Volleyball,,22,,,0,22,0,0,2330,51249,51249,,,,,,,291439,291439,,,,0,291439,291439,,272636,272636,,,,0,272636,272636
2024,153320,00712100,Faith Baptist Bible College and Theological Seminary,IA,16,,4,NCCAA,170,205,375,26,Volleyball,,15,,,0,15,0,0,2913,43691,43691,,,,,,,51341,51341,,,,0,51341,51341,,51341,51341,,,,0,51341,51341
2024,196042,00285800,Farmingdale State College,NY,7,,1,NCAA,4711,3221,7932,26,Volleyball,,19,,,0,19,0,0,1041,19778,19778,,,,,,,92451,92451,,,,0,92451,92451,,91229,91229,,,,0,91229,91229
2024,191126,00286600,Fashion Institute of Technology,NY,14,,3,NJCAA,1186,5692,6878,26,Volleyball,,13,,,0,13,0,0,1618,21034,21034,,,,,,,47628,47628,,,,0,47628,47628,,47628,47628,,,,0,47628,47628
2024,101189,00100300,Faulkner University,AL,9,,2,NAIA,558,593,1151,26,Volleyball,,17,,,0,17,0,0,4824,82003,82003,,,,,,,443885,443885,,,,0,443885,443885,,443885,443885,,,,0,443885,443885
2024,198543,00292800,Fayetteville State University,NC,4,,1,NCAA,1408,2951,4359,26,Volleyball,,18,,,0,18,0,0,4878,87797,87797,,,,,,,237867,237867,,,,0,237867,237867,,237867,237867,,,,0,237867,237867
2024,198534,00764000,Fayetteville Technical Community College,NC,13,,3,NJCAA,1641,2619,4260,26,Volleyball,,15,,,0,15,0,0,1047,15703,15703,,,,,,,67983,67983,,,,0,67983,67983,,66361,66361,,,,0,66361,66361
2024,114433,00859700,Feather River Community College District,CA,17,,8,other,284,313,597,26,Volleyball,,17,,,0,17,0,0,2233,37958,37958,,,,,,,128620,128620,,,,0,128620,128620,,128620,128620,,,,0,128620,128620
2024,184612,00261000,Felician University,NJ,5,,1,NCAA,508,1179,1687,26,Volleyball,,19,,,0,19,0,0,4849,92123,92123,,,,,,,339857,339857,,,,0,339857,339857,,339857,339857,,,,0,339857,339857
2024,169910,00226000,Ferris State University,MI,8,NCAA Division II w/Football and DI Men's Hockey,8,other,3036,3521,6557,26,Volleyball,,20,,,0,20,0,0,8514,170274,170274,,,,,,,1017587,1017587,,,,0,1017587,1017587,,1017587,1017587,,,,0,1017587,1017587
2024,232089,00371100,Ferrum College,VA,6,,1,NCAA,419,273,692,26,Volleyball,,20,,,0,20,0,0,2375,47493,47493,,,,,,,127857,127857,,,,0,127857,127857,,127857,127857,,,,0,127857,127857
2024,191199,00753200,Finger Lakes Community College,NY,14,,3,NJCAA,895,1085,1980,26,Volleyball,16,14,,,16,14,1059,16946,1320,18478,35424,,,,,,30853,30000,60853,,,,30853,30000,60853,40946,34478,75424,,,,40946,34478,75424
2024,165802,00215000,Fisher College,MA,9,,2,NAIA,356,258,614,26,Volleyball,10,14,,,10,14,5645,56450,6571,91994,148444,,,,,,97825,135437,233262,,,,97825,135437,233262,97825,135437,233262,,,,97825,135437,233262
2024,220181,00349000,Fisk University,TN,9,,2,NAIA,369,641,1010,26,Volleyball,,15,,,0,15,0,0,6344,95162,95162,,,,,,,398331,398331,,,,0,398331,398331,,429331,429331,,,,0,429331,429331
2024,165820,00218400,Fitchburg State University,MA,6,,1,NCAA,1122,1115,2237,26,Volleyball,,18,,,0,18,0,0,1078,19399,19399,,,,,,,52627,52627,,,,0,52627,52627,,52627,52627,,,,0,52627,52627
2024,133711,00789300,Flagler College,FL,5,,1,NCAA,748,1601,2349,26,Volleyball,,18,,,0,18,0,0,3161,56889,56889,,,,,,,601034,601034,,,,0,601034,601034,,601034,601034,,,,0,601034,601034
2024,133650,00148000,Florida Agricultural and Mechanical University,FL,2,,1,NCAA,2346,4502,6848,26,Volleyball,,18,,,0,18,0,0,3547,63845,63845,,,,,,,362910,362910,,,,0,362910,362910,,425710,425710,,,,0,425710,425710
2024,133669,00148100,Florida Atlantic University,FL,1,,1,NCAA,7503,10385,17888,26,Volleyball,,16,,,0,16,0,0,19051,304812,304812,,,,,,,1203835,1203835,,,,0,1203835,1203835,,1203835,1203835,,,,0,1203835,1203835
2024,133809,00148200,Florida College,FL,9,,2,NAIA,284,293,577,26,Volleyball,,14,,,0,14,0,0,2318,32450,32450,,,,,,,201129,201129,,,,0,201129,201129,,201129,201129,,,,0,201129,201129
2024,433660,03255300,Florida Gulf Coast University,FL,3,,1,NCAA,4644,6385,11029,26,Volleyball,,15,,,0,15,0,0,11163,167450,167450,,,,,,,976244,976244,,,,0,976244,976244,,976244,976244,,,,0,976244,976244
2024,133881,00146900,Florida Institute of Technology,FL,5,,1,NCAA,2182,1100,3282,26,Volleyball,,20,,,0,20,0,0,4965,99309,99309,,,,,,,656992,656992,,,,0,656992,656992,,656992,656992,,,,0,656992,656992
2024,133951,00963500,Florida International University,FL,18,,8,other,11229,14986,26215,26,Volleyball,,22,,,0,22,0,0,7432,163497,163497,,,,,,,964734,964734,,,,0,964734,964734,,964734,964734,,,,0,964734,964734
2024,133979,00148600,Florida Memorial University,FL,9,,2,NAIA,502,641,1143,26,Volleyball,,18,,,0,18,0,0,1922,34587,34587,,,,,,,203402,203402,,,,0,203402,203402,,203402,203402,,,,0,203402,203402
2024,408844,02547600,Florida National University-Main Campus,FL,9,,2,NAIA,489,1217,1706,26,Volleyball,,18,,,0,18,0,0,4424,79624,79624,,,,,,,284019,284019,,,,0,284019,284019,,334495,334495,,,,0,334495,334495
2024,134079,00148800,Florida Southern College,FL,5,,1,NCAA,908,1688,2596,26,Volleyball,,18,,,0,18,0,0,4544,81794,81794,,,,,,,661454,661454,,,,0,661454,661454,,661454,661454,,,,0,661454,661454
2024,133508,00147700,Florida SouthWestern State College,FL,12,,3,NJCAA,1727,2489,4216,26,Volleyball,,15,,,0,15,0,0,5640,84596,84596,,,,,,,468912,468912,,,,0,468912,468912,,457626,457626,,,,0,457626,457626
2024,133702,00148400,Florida State College at Jacksonville,FL,13,,3,NJCAA,2618,3850,6468,26,Volleyball,,16,,,0,16,0,0,3190,51039,51039,,,,,,,177651,177651,,,,0,177651,177651,,177651,177651,,,,0,177651,177651
2024,134097,00148900,Florida State University,FL,1,,1,NCAA,12735,16536,29271,26,Volleyball,,16,,,0,16,0,0,22001,352023,352023,,,,,,,1546789,1546789,,,,0,1546789,1546789,,1546789,1546789,,,,0,1546789,1546789
2024,444219,03871300,Folsom Lake College,CA,17,,8,other,1115,1140,2255,26,Volleyball,,13,,,0,13,0,0,1391,18082,18082,,,,,,,63261,63261,,,,0,63261,63261,,63261,63261,,,,0,63261,63261
2024,191241,00272200,Fordham University,NY,2,,1,NCAA,3960,6141,10101,26,Volleyball,,19,,,0,19,0,0,7753,147309,147309,,,,,,,1604357,1604357,,,,0,1604357,1604357,,1604357,1604357,,,,0,1604357,1604357
2024,155061,00191500,Fort Hays State University,KS,4,,1,NCAA,1759,2950,4709,26,Volleyball,,16,,,0,16,0,0,7750,124004,124004,,,,,,,386722,386722,,,,0,386722,386722,,380926,380926,,,,0,380926,380926
2024,127185,00135300,Fort Lewis College,CO,4,,1,NCAA,1322,1493,2815,26,Volleyball,,15,,,0,15,0,0,5883,88246,88246,,,,,,,433602,433602,,,,0,433602,433602,,397306,397306,,,,0,397306,397306
2024,155098,00191600,Fort Scott Community College,KS,12,,3,NJCAA,215,178,393,26,Volleyball,,12,,,0,12,0,0,2354,28246,28246,,,,,,,141278,141278,,,,0,141278,141278,,137967,137967,,,,0,137967,137967
2024,139719,00156600,Fort Valley State University,GA,4,,1,NCAA,805,1627,2432,26,Volleyball,21,18,,,21,18,4276,89793,2659,47861,137654,,,,,,356493,169119,525612,,,,356493,169119,525612,356493,169119,525612,,,,356493,169119,525612
2024,165866,00218500,Framingham State University,MA,6,,1,NCAA,1094,1285,2379,26,Volleyball,,20,,,0,20,0,0,1731,34628,34628,,,,,,,64694,64694,,,,0,64694,64694,,63422,63422,,,,0,63422,63422
2024,218061,00922600,Francis Marion University,SC,5,,1,NCAA,904,1570,2474,26,Volleyball,,18,,,0,18,0,0,2355,42398,42398,,,,,,,275210,275210,,,,0,275210,275210,,275210,275210,,,,0,275210,275210
2024,205957,00303600,Franciscan University of Steubenville,OH,7,,1,NCAA,1230,1438,2668,26,Volleyball,,20,,,0,20,0,0,965,19294,19294,,,,,,,60880,60880,,,,0,60880,60880,,59420,59420,,,,0,59420,59420
2024,224891,00356800,Frank Phillips College,TX,12,,3,NJCAA,207,244,451,26,Volleyball,,14,,,0,14,0,0,2292,32085,32085,,,,,,,211790,211790,,,,0,211790,211790,,211790,211790,,,,0,211790,211790
2024,212577,00326500,Franklin and Marshall College,PA,6,,1,NCAA,871,923,1794,26,Volleyball,,17,,,0,17,0,0,3922,66668,66668,,,,,,,211135,211135,,,,0,211135,211135,,227882,227882,,,,0,227882,227882
2024,150604,00179800,Franklin College,IN,6,,1,NCAA,443,446,889,26,Volleyball,9,25,,,9,25,680,6120,1763,44067,50187,,,,,,40669,117443,158112,,,,40669,117443,158112,38674,86365,125039,,,,38674,86365,125039
2024,182795,00257500,Franklin Pierce University,NH,4,,1,NCAA,463,380,843,26,Volleyball,,14,,,0,14,0,0,2424,33932,33932,,,,,,,271228,271228,,,,0,271228,271228,,271228,271228,,,,0,271228,271228
2024,162557,00207100,Frederick Community College,MD,13,,3,NJCAA,860,842,1702,26,Volleyball,,10,,,0,10,0,0,2244,22435,22435,,,,,,,44405,44405,,,,0,44405,44405,,44405,44405,,,,0,44405,44405
2024,220215,00349200,Freed-Hardeman University,TN,9,,2,NAIA,559,627,1186,26,Volleyball,,27,,,0,27,0,0,2347,63371,63371,,,,,,,572176,572176,,,,0,572176,572176,,552329,552329,,,,0,552329,552329
2024,114789,00130700,Fresno City College,CA,17,,8,other,3076,3585,6661,26,Volleyball,,18,,,0,18,0,0,7185,129334,129334,,,,,,,387650,387650,,,,0,387650,387650,,465432,465432,,,,0,465432,465432
2024,114813,00125300,Fresno Pacific University,CA,5,,1,NCAA,318,625,943,26,Volleyball,,16,,,0,16,0,0,7495,119921,119921,,,,,,,448793,448793,,,,0,448793,448793,,440792,440792,,,,0,440792,440792
2024,155089,00191800,Friends University,KS,9,,2,NAIA,505,485,990,26,Volleyball,,47,,,0,47,0,0,924,43447,43447,,,,,,,645624,645624,,,,0,645624,645624,,384910,384910,,,,0,384910,384910
2024,403469,00174225,Frontier Community College,IL,12,,3,NJCAA,91,101,192,26,Volleyball,,13,,,0,13,0,0,1360,17686,17686,,,,,,,113771,113771,,,,0,113771,113771,,110505,110505,,,,0,110505,110505
2024,162584,00207200,Frostburg State University,MD,4,,1,NCAA,1184,1166,2350,26,Volleyball,,22,,,0,22,0,0,1455,32018,32018,,,,,,,234415,234415,,,,0,234415,234415,,234415,234415,,,,0,234415,234415
2024,114859,00120100,Fullerton College,CA,17,,8,other,3597,3606,7203,26,Volleyball,19,9,,,19,9,1090,20717,1600,14399,35116,,,,,,127891,60335,188226,,,,127891,60335,188226,127891,60335,188226,,,,127891,60335,188226
2024,191302,00286700,Fulton-Montgomery Community College,NY,14,,3,NJCAA,269,327,596,26,Volleyball,,9,,,0,9,0,0,3768,33916,33916,,,,,,,42467,42467,,,,0,42467,42467,,41016,41016,,,,0,41016,41016
2024,218070,00343400,Furman University,SC,2,,1,NCAA,995,1369,2364,26,Volleyball,,19,,,0,19,0,0,5766,109546,109546,,,,,,,1031684,1031684,,,,0,1031684,1031684,,1031684,1031684,,,,0,1031684,1031684
2024,101240,00101700,Gadsden State Community College,AL,12,,3,NJCAA,827,1149,1976,26,Volleyball,,15,,,0,15,0,0,909,13628,13628,,,,,,,149357,149357,,,,0,149357,149357,,141590,141590,,,,0,141590,141590
2024,131450,00144300,Gallaudet University,DC,6,,1,NCAA,373,393,766,26,Volleyball,11,13,,,11,13,5477,60250,4689,60954,121204,,,,,,119133,147910,267043,,,,119133,147910,267043,119133,139577,258710,,,,119133,139577,258710
2024,212601,00326600,Gannon University,PA,4,,1,NCAA,994,1315,2309,26,Volleyball,,17,,,0,17,0,0,5733,97458,97458,,,,,,,540223,540223,,,,0,540223,540223,,540223,540223,,,,0,540223,540223
2024,155104,00191900,Garden City Community College,KS,12,,3,NJCAA,536,548,1084,26,Volleyball,,16,,,0,16,0,0,1432,22914,22914,,,,,,,212107,212107,,,,0,212107,212107,,212107,212107,,,,0,212107,212107
2024,198561,00292900,Gardner-Webb University,NC,2,,1,NCAA,661,971,1632,26,Volleyball,,17,,,0,17,0,0,5024,85403,85403,,,,,,,564378,564378,,,,0,564378,564378,,564378,564378,,,,0,564378,564378
2024,162609,01001400,Garrett College,MD,8,"NJCAA Division II, III; MD JUCO; Region XX",8,other,204,144,348,26,Volleyball,,12,,,0,12,0,0,991,11896,11896,,,,,,,131985,131985,,,,0,131985,131985,,131985,131985,,,,0,131985,131985
2024,114938,00120200,Gavilan College,CA,17,,8,other,802,950,1752,26,Volleyball,,10,,,0,10,0,0,1171,11707,11707,,,,,,,38507,38507,,,,0,38507,38507,,30997,30997,,,,0,30997,30997
2024,191339,00678200,Genesee Community College,NY,14,,3,NJCAA,499,802,1301,26,Volleyball,,16,,,0,16,0,0,1287,20588,20588,,,,,,,40149,40149,,,,0,40149,40149,,40149,40149,,,,0,40149,40149
2024,212656,00326700,Geneva College,PA,6,,1,NCAA,580,494,1074,26,Volleyball,12,15,,,12,15,2826,33915,3046,45693,79608,,,,,,181316,133625,314941,,,,181316,133625,314941,181316,133625,314941,,,,181316,133625,314941
2024,101295,00787100,George C Wallace State Community College-Hanceville,AL,12,,3,NJCAA,865,1443,2308,26,Volleyball,,14,,,0,14,0,0,3063,42883,42883,,,,,,,233975,233975,,,,0,233975,233975,,233975,233975,,,,0,233975,233975
2024,101301,00569900,George C Wallace State Community College-Selma,AL,13,,3,NJCAA,227,249,476,26,Volleyball,,12,,,0,12,0,0,2732,32780,32780,,,,,,,86103,86103,,,,0,86103,86103,,82997,82997,,,,0,82997,82997
2024,208822,00319400,George Fox University,OR,6,,1,NCAA,1056,1452,2508,26,Volleyball,,18,,,0,18,0,0,4070,73262,73262,,,,,,,210493,210493,,,,0,210493,210493,,188631,188631,,,,0,188631,188631
2024,232186,00374900,George Mason University,VA,3,,1,NCAA,11453,11014,22467,26,Volleyball,23,19,,,23,19,5659,130154,7483,142175,272329,,,,,,517098,934640,1451738,,,,517098,934640,1451738,517098,934640,1451738,,,,517098,934640,1451738
2024,131469,00144400,George Washington University,DC,3,,1,NCAA,3843,6843,10686,26,Volleyball,,20,,,0,20,0,0,8345,166906,166906,,,,,,,1670410,1670410,,,,0,1670410,1670410,,1670410,1670410,,,,0,1670410,1670410
2024,156745,00196400,Georgetown College,KY,9,,2,NAIA,574,516,1090,26,Volleyball,15,27,,,15,27,2268,34016,922,24894,58910,,,,,,625506,987072,1612578,,,,625506,987072,1612578,625506,987072,1612578,,,,625506,987072,1612578
2024,131496,00144500,Georgetown University,DC,2,,1,NCAA,2941,4261,7202,26,Volleyball,,17,,,0,17,0,0,4566,77626,77626,,,,,,,1620817,1620817,,,,0,1620817,1620817,,1620817,1620817,,,,0,1620817,1620817
2024,139861,00160200,Georgia College & State University,GA,5,,1,NCAA,1964,3577,5541,26,Volleyball,,19,,,0,19,0,0,3191,60631,60631,,,,,,,259610,259610,,,,0,259610,259610,,257312,257312,,,,0,257312,257312
2024,139755,00156900,Georgia Institute of Technology-Main Campus,GA,1,,1,NCAA,10500,7125,17625,26,Volleyball,,21,,,0,21,0,0,32095,673987,673987,,,,,,,519389,519389,,,,0,519389,519389,,2462261,2462261,,,,0,2462261,2462261
2024,139931,00157200,Georgia Southern University,GA,1,,1,NCAA,8031,10740,18771,26,Volleyball,,20,,,0,20,0,0,14031,280623,280623,,,,,,,1000457,1000457,,,,0,1000457,1000457,,1000457,1000457,,,,0,1000457,1000457
2024,139940,00157400,Georgia State University,GA,1,,1,NCAA,8427,11963,20390,26,Volleyball,,21,,,0,21,0,0,6595,138500,138500,,,,,,,1188235,1188235,,,,0,1188235,1188235,,1188235,1188235,,,,0,1188235,1188235
2024,184773,00260800,Georgian Court University,NJ,5,,1,NCAA,347,767,1114,26,Volleyball,,21,,,0,21,0,0,2091,43916,43916,,,,,,,447961,447961,,,,0,447961,447961,,444894,444894,,,,0,444894,444894
2024,212674,00326800,Gettysburg College,PA,6,,1,NCAA,1064,1029,2093,26,Volleyball,,16,,,0,16,0,0,2260,36162,36162,,,,,,,153966,153966,,,,0,153966,153966,,153966,153966,,,,0,153966,153966
2024,169974,00226300,Glen Oaks Community College,MI,13,,3,NJCAA,140,200,340,26,Volleyball,,10,,,0,10,0,0,1447,14473,14473,,,,,,,59504,59504,,,,0,59504,59504,,58206,58206,,,,0,58206,58206
2024,104708,00107600,Glendale Community College,AZ,13,,3,NJCAA,1832,1967,3799,26,Volleyball,,12,,,0,12,0,0,766,9188,9188,,,,,,,108165,108165,,,,0,108165,108165,,108165,108165,,,,0,108165,108165
2024,115001,00120300,Glendale Community College,CA,17,,8,other,2928,3117,6045,26,Volleyball,,20,,,0,20,0,0,2302,46049,46049,,,,,,,53789,53789,,,,0,53789,53789,,53789,53789,,,,0,53789,53789
2024,237385,00381300,Glenville State University,WV,4,,1,NCAA,483,433,916,26,Volleyball,,29,,,0,29,0,0,666,19317,19317,,,,,,,261270,261270,,,,0,261270,261270,,184411,184411,,,,0,184411,184411
2024,169992,00226400,Gogebic Community College,MI,13,,3,NJCAA,145,199,344,26,Volleyball,,11,,,0,11,0,0,3816,41979,41979,,,,,,,78978,78978,,,,0,78978,78978,,78978,78978,,,,0,78978,78978
2024,115126,00120600,Golden West College,CA,17,,8,other,1391,1456,2847,26,Volleyball,27,15,,,27,15,1969,53170,1155,17326,70496,,,,,,119056,125180,244236,,,,119056,125180,244236,119056,125180,244236,,,,119056,125180,244236
2024,130989,00142900,Goldey-Beacom College,DE,5,,1,NCAA,312,322,634,26,Volleyball,,15,,,0,15,0,0,4275,64123,64123,,,,,,,189175,189175,,,,0,189175,189175,,189175,189175,,,,0,189175,189175
2024,235316,00377800,Gonzaga University,WA,3,,1,NCAA,2393,2744,5137,26,Volleyball,,18,,,0,18,0,0,11030,198546,198546,,,,,,,1775851,1775851,,,,0,1775851,1775851,,1864491,1864491,,,,0,1864491,1864491
2024,165936,00215300,Gordon College,MA,7,,1,NCAA,527,714,1241,26,Volleyball,,19,,,0,19,0,0,1410,26796,26796,,,,,,,162350,162350,,,,0,162350,162350,,150126,150126,,,,0,150126,150126
2024,150668,00179900,Goshen College,IN,10,,2,NAIA,307,384,691,26,Volleyball,12,14,,,12,14,2287,27440,2706,37887,65327,,,,,,317132,315779,632911,,,,317132,315779,632911,317132,315779,632911,,,,317132,315779,632911
2024,162654,00207300,Goucher College,MD,7,,1,NCAA,328,602,930,26,Volleyball,,15,,,0,15,0,0,1975,29627,29627,,,,,,,111551,111551,,,,0,111551,111551,,111551,111551,,,,0,111551,111551
2024,145336,00914500,Governors State University,IL,9,,2,NAIA,672,1071,1743,26,Volleyball,15,19,,,15,19,3213,48195,2694,51185,99380,,,,,,309506,295056,604562,,,,309506,295056,604562,309506,295056,604562,,,,309506,295056,604562
2024,170000,00226500,Grace Christian University,MI,16,,4,NCCAA,241,253,494,26,Volleyball,,9,,,0,9,0,0,3182,28641,28641,,,,,,,46188,46188,,,,0,46188,46188,,46188,46188,,,,0,46188,46188
2024,150677,00180000,Grace College and Theological Seminary,IN,9,,2,NAIA,585,857,1442,26,Volleyball,,17,,,0,17,0,0,3431,58321,58321,,,,,,,316519,316519,,,,0,316519,316519,,316519,316519,,,,0,316519,316519
2024,153366,00186600,Graceland University-Lamoni,IA,10,,2,NAIA,465,309,774,26,Volleyball,18,45,,,18,45,1558,28052,996,44803,72855,,,,,,261344,294188,555532,,,,261344,294188,555532,261344,294188,555532,,,,261344,294188,555532
2024,159009,00200600,Grambling State University,LA,2,,1,NCAA,1483,2272,3755,26,Volleyball,,19,,,0,19,0,0,1237,23508,23508,,,,,,,590922,590922,,,,0,590922,590922,,590922,590922,,,,0,590922,590922
2024,104717,00107400,Grand Canyon University,AZ,3,,1,NCAA,9944,15221,25165,26,Volleyball,22,17,,,22,17,11588,254941,18330,311607,566548,,,,,,685732,1213863,1899595,,,,685732,1213863,1899595,685732,1213863,1899595,,,,685732,1213863,1899595
2024,170055,00226700,Grand Rapids Community College,MI,13,,3,NJCAA,1783,1898,3681,26,Volleyball,,18,,,0,18,0,0,5466,98387,98387,,,,,,,165940,165940,,,,0,165940,165940,,165940,165940,,,,0,165940,165940
2024,170082,00226800,Grand Valley State University,MI,4,,1,NCAA,6722,10409,17131,26,Volleyball,,18,,,0,18,0,0,7223,130021,130021,,,,,,,766612,766612,,,,0,766612,766612,,693246,693246,,,,0,693246,693246
2024,153375,00186700,Grand View University,IA,9,,2,NAIA,636,743,1379,26,Volleyball,20,24,,,20,24,3192,63848,1709,41024,104872,,,,,,363217,278553,641770,,,,363217,278553,641770,363217,278553,641770,,,,363217,278553,641770
2024,183150,00258300,Great Bay Community College,NH,20,,8,other,209,222,431,26,Volleyball,,10,,,0,10,0,0,591,5908,5908,,,,,,,12367,12367,,,,0,12367,12367,,12367,12367,,,,0,12367,12367
2024,170091,00226900,Great Lakes Christian College,MI,16,,4,NCCAA,104,75,179,26,Volleyball,,13,,,0,13,0,0,1131,14707,14707,,,,,,,69017,69017,,,,0,69017,69017,,71948,71948,,,,0,71948,71948
2024,235343,00378000,Green River College,WA,19,,8,other,1474,1386,2860,26,Volleyball,,12,,,0,12,0,0,1826,21913,21913,,,,,,,84890,84890,,,,0,84890,84890,,84890,84890,,,,0,84890,84890
2024,198598,00293000,Greensboro College,NC,6,,1,NCAA,424,253,677,26,Volleyball,,18,,,0,18,0,0,2568,46231,46231,,,,,,,85574,85574,,,,0,85574,85574,,85574,85574,,,,0,85574,85574
2024,145372,00168400,Greenville University,IL,6,,1,NCAA,479,399,878,26,Volleyball,11,23,,,11,23,1939,21325,4010,92230,113555,,,,,,59284,112026,171310,,,,59284,112026,171310,64372,112582,176954,,,,64372,112582,176954
2024,153384,00186800,Grinnell College,IA,6,,1,NCAA,788,937,1725,26,Volleyball,,16,,,0,16,0,0,2979,47671,47671,,,,,,,159755,159755,,,,0,159755,159755,,159755,159755,,,,0,159755,159755
2024,115296,00120800,Grossmont College,CA,17,,8,other,2004,2499,4503,26,Volleyball,15,18,,,15,18,509,7635,748,13458,21093,,,,,,100210,123189,223399,,,,100210,123189,223399,17110,22933,40043,,,,17110,22933,40043
2024,198613,00293100,Guilford College,NC,6,,1,NCAA,512,473,985,26,Volleyball,,15,,,0,15,0,0,1697,25462,25462,,,,,,,94749,94749,,,,0,94749,94749,,86983,86983,,,,0,86983,86983
2024,198622,00483800,Guilford Technical Community College,NC,13,,3,NJCAA,1678,2063,3741,26,Volleyball,,10,,,0,10,0,0,1195,11949,11949,,,,,,,52075,52075,,,,0,52075,52075,,52075,52075,,,,0,52075,52075
2024,134343,00149000,Gulf Coast State College,FL,12,,3,NJCAA,768,1296,2064,26,Volleyball,,15,,,0,15,0,0,6674,100103,100103,,,,,,,219598,219598,,,,0,219598,219598,,219598,219598,,,,0,219598,219598
2024,173647,00235300,Gustavus Adolphus College,MN,6,,1,NCAA,862,981,1843,26,Volleyball,,20,,,0,20,0,0,3217,64341,64341,,,,,,,210255,210255,,,,0,210255,210255,,210255,210255,,,,0,210255,210255
2024,212832,00327000,Gwynedd Mercy University,PA,7,,1,NCAA,288,701,989,26,Volleyball,,11,,,0,11,0,0,1550,17049,17049,,,,,,,33049,33049,,,,0,33049,33049,,33049,33049,,,,0,33049,33049
2024,162690,00207400,Hagerstown Community College,MD,13,,3,NJCAA,521,616,1137,26,Volleyball,,9,,,0,9,0,0,2353,21179,21179,,,,,,,41189,41189,,,,0,41189,41189,,41189,41189,,,,0,41189,41189
2024,191515,00272800,Hamilton College,NY,6,,1,NCAA,902,1127,2029,26,Volleyball,,17,,,0,17,0,0,2667,45340,45340,,,,,,,248817,248817,,,,0,248817,248817,,248817,248817,,,,0,248817,248817
2024,173665,00235400,Hamline University,MN,6,,1,NCAA,622,1097,1719,26,Volleyball,,17,,,0,17,0,0,2494,42392,42392,,,,,,,113193,113193,,,,0,113193,113193,,113193,113193,,,,0,113193,113193
2024,232265,00371400,Hampton University,VA,2,,1,NCAA,1159,2471,3630,26,Volleyball,,14,,,0,14,0,0,6882,96348,96348,,,,,,,804250,804250,,,,0,804250,804250,,822312,822312,,,,0,822312,822312
2024,177542,00908900,Hannibal-LaGrange University,MO,9,,2,NAIA,188,171,359,26,Volleyball,,17,,,0,17,0,0,919,15621,15621,,,,,,,238661,238661,,,,0,238661,238661,,238661,238661,,,,0,238661,238661
2024,150756,00180100,Hanover College,IN,6,,1,NCAA,507,514,1021,26,Volleyball,,14,,,0,14,0,0,2637,36916,36916,,,,,,,160753,160753,,,,0,160753,160753,,160753,160753,,,,0,160753,160753
2024,212869,00327200,Harcum College,PA,8,NJCAA Multi-division,8,other,132,433,565,26,Volleyball,12,11,,,12,11,1094,13122,1206,13264,26386,,,,,,298268,390473,688741,,,,298268,390473,688741,298268,390473,688741,,,,298268,390473,688741
2024,225247,00357100,Hardin-Simmons University,TX,6,,1,NCAA,621,597,1218,26,Volleyball,,20,,,0,20,0,0,3622,72449,72449,,,,,,,214945,214945,,,,0,214945,214945,,186831,186831,,,,0,186831,186831
2024,107044,00109700,Harding University,AR,4,,1,NCAA,1476,1730,3206,26,Volleyball,,17,,,0,17,0,0,4203,71443,71443,,,,,,,483947,483947,,,,0,483947,483947,,543731,543731,,,,0,543731,543731
2024,162706,00207500,Harford Community College,MD,12,,3,NJCAA,773,745,1518,26,Volleyball,,15,,,0,15,0,0,3755,56330,56330,,,,,,,97750,97750,,,,0,97750,97750,,97750,97750,,,,0,97750,97750
2024,177551,00246600,Harris-Stowe State University,MO,9,,2,NAIA,283,554,837,26,Volleyball,,18,,,0,18,0,0,764,13749,13749,,,,,,,113249,113249,,,,0,113249,113249,,113249,113249,,,,0,113249,113249
2024,212878,00327300,Harrisburg Area Community College,PA,14,,3,NJCAA,1199,1875,3074,26,Volleyball,,11,,,0,11,0,0,3301,36310,36310,,,,,,,66310,66310,,,,0,66310,66310,,66310,66310,,,,0,66310,66310
2024,115393,00120900,Hartnell College,CA,17,,8,other,1795,2029,3824,26,Volleyball,,18,,,0,18,0,0,2472,44504,44504,,,,,,,74004,74004,,,,0,74004,74004,,74004,74004,,,,0,74004,74004
2024,191533,00272900,Hartwick College,NY,6,,1,NCAA,413,651,1064,26,Volleyball,,17,,,0,17,0,0,2113,35921,35921,,,,,,,119019,119019,,,,0,119019,119019,,119019,119019,,,,0,119019,119019
2024,166027,00215500,Harvard University,MA,2,,1,NCAA,3297,3818,7115,26,Volleyball,15,17,,,15,17,9077,136154,8529,144989,281143,,,,,,433659,505991,939650,,,,433659,505991,939650,433659,505991,939650,,,,433659,505991,939650
2024,155140,01043800,Haskell Indian Nations University,KS,9,,2,NAIA,406,501,907,26,Volleyball,,21,,,0,21,0,0,2038,42790,42790,,,,,,,109396,109396,,,,0,109396,109396,,104152,104152,,,,0,104152,104152
2024,181127,00254800,Hastings College,NE,10,,2,NAIA,457,433,890,26,Volleyball,,32,,,0,32,0,0,1306,41787,41787,,,,,,,500652,500652,,,,0,500652,500652,,500652,500652,,,,0,500652,500652
2024,212911,00327400,Haverford College,PA,7,,1,NCAA,614,812,1426,26,Volleyball,,14,,,0,14,0,0,3026,42365,42365,,,,,,,153856,153856,,,,0,153856,153856,,149231,149231,,,,0,149231,149231
2024,141644,00727900,Hawaii Pacific University,HI,5,,1,NCAA,660,1373,2033,26,Volleyball,,24,,,0,24,0,0,4744,113846,113846,,,,,,,391040,391040,,,,0,391040,391040,,391040,391040,,,,0,391040,391040
2024,153445,00459500,Hawkeye Community College,IA,13,,3,NJCAA,815,941,1756,26,Volleyball,,14,,,0,14,0,0,2048,28672,28672,,,,,,,179614,179614,,,,0,179614,179614,,179614,179614,,,,0,179614,179614
2024,384342,03083800,Heartland Community College,IL,13,,3,NJCAA,650,733,1383,26,Volleyball,,16,,,0,16,0,0,3099,49590,49590,,,,,,,281469,281469,,,,0,281469,281469,,281469,281469,,,,0,281469,281469
2024,203085,00304800,Heidelberg University,OH,6,,1,NCAA,494,409,903,26,Volleyball,,34,,,0,34,0,0,1415,48115,48115,,,,,,,199325,199325,,,,0,199325,199325,,199325,199325,,,,0,199325,199325
2024,107071,00109800,Henderson State University,AR,4,,1,NCAA,646,682,1328,26,Volleyball,,38,,,0,38,0,0,2993,113725,113725,,,,,,,387108,387108,,,,0,387108,387108,,387108,387108,,,,0,387108,387108
2024,107080,00109900,Hendrix College,AR,6,,1,NCAA,536,557,1093,26,Volleyball,,21,,,0,21,0,0,3945,82841,82841,,,,,,,130281,130281,,,,0,130281,130281,,130281,130281,,,,0,130281,130281
2024,170240,00227000,Henry Ford College,MI,13,,3,NJCAA,1713,2340,4053,26,Volleyball,,15,,,0,15,0,0,994,14915,14915,,,,,,,38893,38893,,,,0,38893,38893,,38893,38893,,,,0,38893,38893
2024,191612,00478800,Herkimer County Community College,NY,14,,3,NJCAA,435,421,856,26,Volleyball,,10,,,0,10,0,0,724,7244,7244,,,,,,,15873,15873,,,,0,15873,15873,,15873,15873,,,,0,15873,15873
2024,155177,00192000,Hesston College,KS,9,,2,NAIA,181,183,364,26,Volleyball,,23,,,0,23,0,0,2080,47844,47844,,,,,,,251801,251801,,,,0,251801,251801,,246101,246101,,,,0,246101,246101
2024,198695,00293300,High Point University,NC,3,,1,NCAA,2266,2836,5102,26,Volleyball,,19,,,0,19,0,0,5375,102128,102128,,,,,,,1348612,1348612,,,,0,1348612,1348612,,1266287,1266287,,,,0,1266287,1266287
2024,155186,00192100,Highland Community College,KS,12,,3,NJCAA,363,368,731,26,Volleyball,,14,,,0,14,0,0,724,10130,10130,,,,,,,123730,123730,,,,0,123730,123730,,143810,143810,,,,0,143810,143810
2024,145521,00168100,Highland Community College,IL,12,,3,NJCAA,238,298,536,26,Volleyball,,14,,,0,14,0,0,1749,24492,24492,,,,,,,92619,92619,,,,0,92619,92619,,86112,86112,,,,0,86112,86112
2024,235431,00378100,Highline College,WA,19,,8,other,703,1309,2012,26,Volleyball,,14,,,0,14,0,0,1844,25814,25814,,,,,,,88883,88883,,,,0,88883,88883,,70728,70728,,,,0,70728,70728
2024,191621,00273500,Hilbert College,NY,6,,1,NCAA,368,504,872,26,Volleyball,13,20,,,13,20,1695,22037,1705,34100,56137,,,,,,64617,87690,152307,,,,64617,87690,152307,60446,77816,138262,,,,60446,77816,138262
2024,225371,00357300,Hill College,TX,12,,3,NJCAA,403,442,845,26,Volleyball,,12,,,0,12,0,0,2536,30426,30426,,,,,,,142857,142857,,,,0,142857,142857,,134421,134421,,,,0,134421,134421
2024,134495,00787000,Hillsborough Community College,FL,12,,3,NJCAA,4652,5386,10038,26,Volleyball,,14,,,0,14,0,0,1654,23154,23154,,,,,,,195155,195155,,,,0,195155,195155,,198255,198255,,,,0,198255,198255
2024,203128,00304900,Hiram College,OH,6,,1,NCAA,396,358,754,26,Volleyball,15,22,,,15,22,1727,25899,1758,38673,64572,,,,,,74293,113368,187661,,,,74293,113368,187661,74293,113368,187661,,,,74293,113368,187661
2024,191630,00273100,Hobart William Smith Colleges,NY,6,,1,NCAA,825,951,1776,26,Volleyball,19,12,,,19,12,3563,67688,7298,87574,155262,,,,,,215401,262256,477657,,,,215401,262256,477657,215401,262256,477657,,,,215401,262256,477657
2024,203155,00759800,Hocking College,OH,14,,3,NJCAA,565,484,1049,26,Volleyball,,10,,,0,10,0,0,668,6676,6676,,,,,,,18274,18274,,,,0,18274,18274,,18274,18274,,,,0,18274,18274
2024,191649,00273200,Hofstra University,NY,3,,1,NCAA,2657,3626,6283,26,Volleyball,,18,,,0,18,0,0,10197,183543,183543,,,,,,,1659768,1659768,,,,0,1659768,1659768,,1659768,1659768,,,,0,1659768,1659768
2024,212984,00327500,Holy Family University,PA,5,,1,NCAA,712,1532,2244,26,Volleyball,,15,,,0,15,0,0,2177,32651,32651,,,,,,,254738,254738,,,,0,254738,254738,,210687,210687,,,,0,210687,210687
2024,166133,00217000,Holyoke Community College,MA,14,,3,NJCAA,523,715,1238,26,Volleyball,,15,,,0,15,0,0,350,5250,5250,,,,,,,28320,28320,,,,0,28320,28320,,18684,18684,,,,0,18684,18684
2024,162760,00207600,Hood College,MD,7,,1,NCAA,399,773,1172,26,Volleyball,10,16,,,10,16,2756,27562,1681,26899,54461,,,,,,112764,128335,241099,,,,112764,128335,241099,112764,128335,241099,,,,112764,128335,241099
2024,170301,00227300,Hope College,MI,6,,1,NCAA,1282,1954,3236,26,Volleyball,,20,,,0,20,0,0,2752,55041,55041,,,,,,,170593,170593,,,,0,170593,170593,,169485,169485,,,,0,169485,169485
2024,120537,00125200,Hope International University,CA,9,,2,NAIA,230,270,500,26,Volleyball,25,20,,,25,20,2312,57796,2277,45541,103337,,,,,,538897,584947,1123844,,,,538897,584947,1123844,538897,584947,1123844,,,,538897,584947,1123844
2024,191676,00273400,Houghton University,NY,7,,1,NCAA,295,426,721,26,Volleyball,17,16,,,17,16,1181,20069,2156,34499,54568,,,,,,61192,83881,145073,,,,61192,83881,145073,61192,83881,145073,,,,61192,83881,145073
2024,225399,00357600,Houston Christian University,TX,2,,1,NCAA,945,1269,2214,26,Volleyball,,18,,,0,18,0,0,5401,97214,97214,,,,,,,784436,784436,,,,0,784436,784436,,784436,784436,,,,0,784436,784436
2024,162779,00817500,Howard Community College,MD,13,,3,NJCAA,1038,1032,2070,26,Volleyball,,11,,,0,11,0,0,2661,29266,29266,,,,,,,54586,54586,,,,0,54586,54586,,54586,54586,,,,0,54586,54586
2024,225548,00357500,Howard Payne University,TX,6,,1,NCAA,345,316,661,26,Volleyball,,20,,,0,20,0,0,1128,22556,22556,,,,,,,139112,139112,,,,0,139112,139112,,139112,139112,,,,0,139112,139112
2024,131520,00144800,Howard University,DC,2,,1,NCAA,2605,7274,9879,26,Volleyball,,18,,,0,18,0,0,3766,67792,67792,,,,,,,816395,816395,,,,0,816395,816395,,1034733,1034733,,,,0,1034733,1034733
2024,191719,00286800,Hudson Valley Community College,NY,14,,3,NJCAA,2466,2165,4631,26,Volleyball,,13,,,0,13,0,0,3153,40994,40994,,,,,,,63556,63556,,,,0,63556,63556,,63556,63556,,,,0,63556,63556
2024,101435,00101900,Huntingdon College,AL,6,,1,NCAA,488,385,873,26,Volleyball,,24,,,0,24,0,0,4741,113778,113778,,,,,,,205633,205633,,,,0,205633,205633,,210609,210609,,,,0,210609,210609
2024,150941,00180300,Huntington University,IN,9,,2,NAIA,355,599,954,26,Volleyball,,18,,,0,18,0,0,3101,55826,55826,,,,,,,318829,318829,,,,0,318829,318829,,237409,237409,,,,0,237409,237409
2024,487524,00204300,Husson University,ME,6,,1,NCAA,807,1092,1899,26,Volleyball,,16,,,0,16,0,0,4464,71423,71423,,,,,,,123491,123491,,,,0,123491,123491,,116578,116578,,,,0,116578,116578
2024,225575,00357700,Huston-Tillotson University,TX,9,,2,NAIA,407,395,802,26,Volleyball,,22,,,0,22,0,0,255,5600,5600,,,,,,,130000,130000,,,,0,130000,130000,,130000,130000,,,,0,130000,130000
2024,155195,00192300,Hutchinson Community College,KS,12,,3,NJCAA,679,931,1610,26,Volleyball,,18,,,0,18,0,0,2160,38878,38878,,,,,,,280023,280023,,,,0,280023,280023,,280023,280023,,,,0,280023,280023
2024,142276,00162000,Idaho State University,ID,2,,1,NCAA,2545,3688,6233,26,Volleyball,,20,,,0,20,0,0,12747,254940,254940,,,,,,,1143395,1143395,,,,0,1143395,1143395,,1143395,1143395,,,,0,1143395,1143395
2024,145682,00675300,Illinois Central College,IL,13,,3,NJCAA,967,1116,2083,26,Volleyball,,15,,,0,15,0,0,4336,65043,65043,,,,,,,146860,146860,,,,0,146860,146860,,146860,146860,,,,0,146860,146860
2024,145691,00168800,Illinois College,IL,6,,1,NCAA,425,443,868,26,Volleyball,,23,,,0,23,0,0,2431,55919,55919,,,,,,,186647,186647,,,,0,186647,186647,,186647,186647,,,,0,186647,186647
2024,145725,00169100,Illinois Institute of Technology,IL,7,,1,NCAA,1719,935,2654,26,Volleyball,17,14,,,17,14,2625,44631,3345,46836,91467,,,,,,125122,164364,289486,,,,125122,164364,289486,125122,164364,289486,,,,125122,164364,289486
2024,145813,00169200,Illinois State University,IL,2,,1,NCAA,7762,10295,18057,26,Volleyball,,20,,,0,20,0,0,15748,314951,314951,,,,,,,1228036,1228036,,,,0,1228036,1228036,,1228036,1228036,,,,0,1228036,1228036
2024,145831,00170500,Illinois Valley Community College,IL,13,,3,NJCAA,481,553,1034,26,Volleyball,,11,,,0,11,0,0,767,8434,8434,,,,,,,31597,31597,,,,0,31597,31597,,31597,31597,,,,0,31597,31597
2024,145646,00169600,Illinois Wesleyan University,IL,6,,1,NCAA,797,783,1580,26,Volleyball,20,22,,,20,22,2613,52257,2935,64567,116824,,,,,,135067,196400,331467,,,,135067,196400,331467,135067,196400,331467,,,,135067,196400,331467
2024,213011,00327600,Immaculata University,PA,7,,1,NCAA,354,743,1097,26,Volleyball,11,15,,,11,15,960,10557,1272,19086,29643,,,,,,21557,40086,61643,,,,21557,40086,61643,21557,40086,61643,,,,21557,40086,61643
2024,115861,00121400,Imperial Valley College,CA,17,,8,other,1556,1956,3512,26,Volleyball,,11,,,0,11,0,0,2585,28435,28435,,,,,,,46264,46264,,,,0,46264,46264,,45297,45297,,,,0,45297,45297
2024,155201,00192400,Independence Community College,KS,12,,3,NJCAA,253,152,405,26,Volleyball,,13,,,0,13,0,0,1679,21830,21830,,,,,,,168914,168914,,,,0,168914,168914,,168914,168914,,,,0,168914,168914
2024,153472,00840300,Indian Hills Community College,IA,12,,3,NJCAA,615,653,1268,26,Volleyball,,15,,,0,15,0,0,2663,39938,39938,,,,,,,445497,445497,,,,0,445497,445497,,445497,445497,,,,0,445497,445497
2024,134608,00149300,Indian River State College,FL,12,,3,NJCAA,2369,3082,5451,26,Volleyball,,16,,,0,16,0,0,4349,69587,69587,,,,,,,221476,221476,,,,0,221476,221476,,221476,221476,,,,0,221476,221476
2024,151290,00180500,Indiana Institute of Technology,IN,9,,2,NAIA,842,556,1398,26,Volleyball,32,40,,,32,40,1260,40329,1262,50486,90815,,,,,,531259,420371,951630,,,,531259,420371,951630,531259,415046,946305,,,,531259,415046,946305
2024,151324,00180700,Indiana State University,IN,2,,1,NCAA,2368,3004,5372,26,Volleyball,,19,,,0,19,0,0,6222,118222,118222,,,,,,,583422,583422,,,,0,583422,583422,,583422,583422,,,,0,583422,583422
2024,213020,00327700,Indiana University of Pennsylvania-Main Campus,PA,4,,1,NCAA,2402,3971,6373,26,Volleyball,,26,,,0,26,0,0,4933,128267,128267,,,,,,,446399,446399,,,,0,446399,446399,,443694,443694,,,,0,443694,443694
2024,151351,00180900,Indiana University-Bloomington,IN,1,,1,NCAA,18495,18512,37007,26,Volleyball,,26,,,0,26,0,0,27400,712392,712392,,,,,,,2567065,2567065,,,,0,2567065,2567065,,2567065,2567065,,,,0,2567065,2567065
2024,151388,00181100,Indiana University-East,IN,10,,2,NAIA,517,1165,1682,26,Volleyball,12,15,,,12,15,2691,32291,2424,36362,68653,,,,,,198724,277445,476169,,,,198724,277445,476169,194571,266143,460714,,,,194571,266143,460714
2024,151111,00181300,Indiana University-Indianapolis,IN,3,,1,NCAA,3924,8200,12124,26,Volleyball,,16,,,0,16,0,0,8580,137280,137280,,,,,,,646022,646022,,,,0,646022,646022,,646022,646022,,,,0,646022,646022
2024,151333,00181400,Indiana University-Kokomo,IN,9,,2,NAIA,658,1315,1973,26,Volleyball,,19,,,0,19,0,0,3026,57502,57502,,,,,,,215021,215021,,,,0,215021,215021,,215021,215021,,,,0,215021,215021
2024,151360,00181500,Indiana University-Northwest,IN,10,,2,NAIA,560,1464,2024,26,Volleyball,,16,,,0,16,0,0,2587,41389,41389,,,,,,,133288,133288,,,,0,133288,133288,,133288,133288,,,,0,133288,133288
2024,151342,00181600,Indiana University-South Bend,IN,9,,2,NAIA,1056,2017,3073,26,Volleyball,,15,,,0,15,0,0,4632,69482,69482,,,,,,,168348,168348,,,,0,168348,168348,,176291,176291,,,,0,176291,176291
2024,151379,00181700,Indiana University-Southeast,IN,9,,2,NAIA,872,1488,2360,26,Volleyball,,16,,,0,16,0,0,3163,50615,50615,,,,,,,144665,144665,,,,0,144665,144665,,144665,144665,,,,0,144665,144665
2024,151801,00182200,Indiana Wesleyan University-Marion,IN,10,,2,NAIA,780,1171,1951,26,Volleyball,,19,,,0,19,0,0,6818,129533,129533,,,,,,,594498,594498,,,,0,594498,594498,,502768,502768,,,,0,502768,502768
2024,242617,04254200,Inter American University of Puerto Rico-San German,PR,8,LAI,8,other,1087,1239,2326,26,Volleyball,16,14,,,16,14,698,11171,842,11786,22957,,,,,,111159,100208,211367,,,,111159,100208,211367,111159,100208,211367,,,,111159,100208,211367
2024,191931,00273700,Iona University,NY,2,,1,NCAA,1328,1605,2933,26,Volleyball,,19,,,0,19,0,0,7687,146059,146059,,,,,,,691336,691336,,,,0,691336,691336,,691336,691336,,,,0,691336,691336
2024,153524,00186500,Iowa Central Community College,IA,13,,3,NJCAA,1151,1232,2383,26,Volleyball,,24,,,0,24,0,0,2522,60525,60525,,,,,,,353871,353871,,,,0,353871,353871,,353871,353871,,,,0,353871,353871
2024,153533,00186400,Iowa Lakes Community College,IA,13,,3,NJCAA,368,291,659,26,Volleyball,,13,,,0,13,0,0,2811,36538,36538,,,,,,,97562,97562,,,,0,97562,97562,,97562,97562,,,,0,97562,97562
2024,153603,00186900,Iowa State University,IA,1,,1,NCAA,13389,11008,24397,26,Volleyball,,20,,,0,20,0,0,25877,517542,517542,,,,,,,291641,291641,,,,0,291641,291641,,2250994,2250994,,,,0,2250994,2250994
2024,153630,00459800,Iowa Western Community College,IA,12,,3,NJCAA,1029,803,1832,26,Volleyball,,19,,,0,19,0,0,2718,51640,51640,,,,,,,374196,374196,,,,0,374196,374196,,374196,374196,,,,0,374196,374196
2024,116439,02539500,Irvine Valley College,CA,17,,8,other,2630,2210,4840,26,Volleyball,24,19,,,24,19,1641,39383,1619,30769,70152,,,,,,131004,96325,227329,,,,131004,96325,227329,131004,96325,227329,,,,131004,96325,227329
2024,175829,00240900,Itawamba Community College,MS,13,,3,NJCAA,1240,1975,3215,26,Volleyball,,13,,,0,13,0,0,2197,28565,28565,,,,,,,211594,211594,,,,0,211594,211594,,211594,211594,,,,0,211594,211594
2024,191968,00273900,Ithaca College,NY,6,,1,NCAA,1921,2279,4200,26,Volleyball,,18,,,0,18,0,0,4407,79321,79321,,,,,,,208553,208553,,,,0,208553,208553,,208553,208553,,,,0,208553,208553
2024,170444,00227400,Jackson College,MI,13,,3,NJCAA,459,726,1185,26,Volleyball,,12,,,0,12,0,0,1822,21862,21862,,,,,,,47028,47028,,,,0,47028,47028,,47028,47028,,,,0,47028,47028
2024,175856,00241000,Jackson State University,MS,2,,1,NCAA,1531,2611,4142,26,Volleyball,,17,,,0,17,0,0,2629,44685,44685,,,,,,,485110,485110,,,,0,485110,485110,,485110,485110,,,,0,485110,485110
2024,101480,00102000,Jacksonville State University,AL,1,,1,NCAA,2577,3797,6374,26,Volleyball,,19,,,0,19,0,0,9405,178698,178698,,,,,,,857164,857164,,,,0,857164,857164,,857164,857164,,,,0,857164,857164
2024,134945,00149500,Jacksonville University,FL,3,,1,NCAA,1241,1523,2764,26,Volleyball,,22,,,0,22,0,0,5082,111807,111807,,,,,,,884482,884482,,,,0,884482,884482,,884482,884482,,,,0,884482,884482
2024,232423,00372100,James Madison University,VA,2,,1,NCAA,8602,11174,19776,26,Volleyball,,16,,,0,16,0,0,12705,203275,203275,,,,,,,1416031,1416031,,,,0,1416031,1416031,,1416030,1416030,,,,0,1416030,1416030
2024,191986,00286900,Jamestown Community College,NY,14,NJCAA Div III  except  M/WBasketball NJCAA Div. II,3,NJCAA,583,714,1297,26,Volleyball,,12,,,0,12,0,0,810,9721,9721,,,,,,,20066,20066,,,,0,20066,20066,,20066,20066,,,,0,20066,20066
2024,225885,00363700,Jarvis Christian University,TX,9,,2,NAIA,254,254,508,26,Volleyball,,24,,,0,24,0,0,1012,24278,24278,,,,,,,171013,171013,,,,0,171013,171013,,171013,171013,,,,0,171013,171013
2024,177676,00246800,Jefferson College,MO,12,,3,NJCAA,711,812,1523,26,Volleyball,,13,,,0,13,0,0,6209,80720,80720,,,,,,,269180,269180,,,,0,269180,269180,,269180,269180,,,,0,269180,269180
2024,192022,00287000,Jefferson Community College,NY,14,,3,NJCAA,473,636,1109,26,Volleyball,,17,,,0,17,0,0,1280,21767,21767,,,,,,,36127,36127,,,,0,36127,36127,,36127,36127,,,,0,36127,36127
2024,146205,00807600,John A Logan College,IL,12,,3,NJCAA,525,723,1248,26,Volleyball,,17,,,0,17,0,0,2849,48433,48433,,,,,,,257678,257678,,,,0,257678,257678,,257678,257678,,,,0,257678,257678
2024,107141,00110000,John Brown University,AR,9,,2,NAIA,633,767,1400,26,Volleyball,,29,,,0,29,0,0,1868,54168,54168,,,,,,,204463,204463,,,,0,204463,204463,,204524,204524,,,,0,204524,204524
2024,101514,00101300,John C Calhoun State Community College,AL,12,,3,NJCAA,1437,1617,3054,26,Volleyball,,16,,,0,16,0,0,1199,19181,19181,,,,,,,198302,198302,,,,0,198302,198302,,198302,198302,,,,0,198302,198302
2024,203368,00305000,John Carroll University,OH,6,,1,NCAA,1202,1032,2234,26,Volleyball,,15,,,0,15,0,0,2880,43197,43197,,,,,,,143917,143917,,,,0,143917,143917,,143917,143917,,,,0,143917,143917
2024,146278,01281300,John Wood Community College,IL,13,,3,NJCAA,370,450,820,26,Volleyball,,12,,,0,12,0,0,978,11733,11733,,,,,,,73444,73444,,,,0,73444,73444,,60748,60748,,,,0,60748,60748
2024,162928,00207700,Johns Hopkins University,MD,8,NCAA DIII w/FB; M/W LAX DI,8,other,2556,3117,5673,26,Volleyball,,21,,,0,21,0,0,4656,97773,97773,,,,,,,300252,300252,,,,0,300252,300252,,271981,271981,,,,0,271981,271981
2024,445708,00340410,Johnson & Wales University-Charlotte,NC,7,,1,NCAA,400,753,1153,26,Volleyball,,14,,,0,14,0,0,2925,40954,40954,,,,,,,126445,126445,,,,0,126445,126445,,126445,126445,,,,0,126445,126445
2024,217235,00340400,Johnson & Wales University-Providence,RI,7,,1,NCAA,1386,2354,3740,26,Volleyball,,22,,,0,22,0,0,2593,57035,57035,,,,,,,175721,175721,,,,0,175721,175721,,175721,175721,,,,0,175721,175721
2024,198756,00293600,Johnson C Smith University,NC,4,,1,NCAA,583,622,1205,26,Volleyball,,12,,,0,12,0,0,1117,13405,13405,,,,,,,92788,92788,,,,0,92788,92788,,92788,92788,,,,0,92788,92788
2024,155210,00824400,Johnson County Community College,KS,12,,3,NJCAA,2319,2460,4779,26,Volleyball,,15,,,0,15,0,0,8433,126490,126490,,,,,,,351824,351824,,,,0,351824,351824,,351824,351824,,,,0,351824,351824
2024,220473,00349500,Johnson University,TN,10,,2,NAIA,336,341,677,26,Volleyball,,27,,,0,27,0,0,2181,58891,58891,,,,,,,266183,266183,,,,0,266183,266183,,266183,266183,,,,0,266183,266183
2024,146296,00169900,Joliet Junior College,IL,14,,3,NJCAA,1881,2043,3924,26,Volleyball,,18,,,0,18,0,0,1021,18372,18372,,,,,,,58806,58806,,,,0,58806,58806,,51106,51106,,,,0,51106,51106
2024,175883,00241100,Jones County Junior College,MS,12,,3,NJCAA,1101,1694,2795,26,Volleyball,,15,,,0,15,0,0,2720,40796,40796,,,,,,,336329,336329,,,,0,336329,336329,,336329,336329,,,,0,336329,336329
2024,146339,00170000,Judson University,IL,9,,2,NAIA,409,278,687,26,Volleyball,24,29,,,24,29,809,19413,923,26758,46171,,,,,,280954,297795,578749,,,,280954,297795,578749,280954,297795,578749,,,,280954,297795,578749
2024,213251,00327900,Juniata College,PA,6,,1,NCAA,572,618,1190,26,Volleyball,27,25,,,27,25,3341,90195,4261,106525,196720,,,,,,266568,384056,650624,,,,266568,384056,650624,250871,357617,608488,,,,250871,357617,608488
2024,498623,04311200,Justice University,AZ,15,,4,NCCAA,75,35,110,26,Volleyball,,15,,,0,15,0,0,984,14767,14767,,,,,,,106284,106284,,,,0,106284,106284,,109267,109267,,,,0,109267,109267
2024,170532,00227500,Kalamazoo College,MI,6,,1,NCAA,511,626,1137,26,Volleyball,,22,,,0,22,0,0,1505,33120,33120,,,,,,,120741,120741,,,,0,120741,120741,,120741,120741,,,,0,120741,120741
2024,170541,00694900,Kalamazoo Valley Community College,MI,12,,3,NJCAA,720,856,1576,26,Volleyball,,14,,,0,14,0,0,2292,32083,32083,,,,,,,85526,85526,,,,0,85526,85526,,85526,85526,,,,0,85526,85526
2024,146348,00769000,Kankakee Community College,IL,13,,3,NJCAA,405,439,844,26,Volleyball,,12,,,0,12,0,0,1785,21422,21422,,,,,,,211597,211597,,,,0,211597,211597,,211597,211597,,,,0,211597,211597
2024,155308,02168900,Kansas Christian College,KS,16,,4,NCCAA,97,31,128,26,Volleyball,,10,,,0,10,0,0,1103,11032,11032,,,,,,,28365,28365,,,,0,28365,28365,,23365,23365,,,,0,23365,23365
2024,155292,00192500,Kansas City Kansas Community College,KS,12,,3,NJCAA,621,820,1441,26,Volleyball,,19,,,0,19,0,0,3137,59594,59594,,,,,,,282473,282473,,,,0,282473,282473,,282473,282473,,,,0,282473,282473
2024,155399,00192800,Kansas State University,KS,1,,1,NCAA,6872,7062,13934,26,Volleyball,,19,,,0,19,0,0,22888,434871,434871,,,,,,,1831029,1831029,,,,0,1831029,1831029,,1831029,1831029,,,,0,1831029,1831029
2024,155414,00192900,Kansas Wesleyan University,KS,9,,2,NAIA,505,392,897,26,Volleyball,20,38,,,20,38,1861,37229,1662,63141,100370,,,,,,400544,771152,1171696,,,,400544,771152,1171696,656960,763442,1420402,,,,656960,763442,1420402
2024,146366,00170100,Kaskaskia College,IL,12,,3,NJCAA,448,777,1225,26,Volleyball,,13,,,0,13,0,0,2224,28907,28907,,,,,,,149103,149103,,,,0,149103,149103,,149103,149103,,,,0,149103,149103
2024,185262,00262200,Kean University,NJ,6,,1,NCAA,3878,5989,9867,26,Volleyball,19,17,,,19,17,2089,39698,2320,39445,79143,,,,,,178900,177846,356746,,,,178900,177846,356746,178900,177846,356746,,,,178900,177846,356746
2024,183062,00259000,Keene State College,NH,7,,1,NCAA,1302,1365,2667,26,Volleyball,,16,,,0,16,0,0,2097,33558,33558,,,,,,,112862,112862,,,,0,112862,112862,,105630,105630,,,,0,105630,105630
2024,135081,02151900,Keiser University-Ft Lauderdale,FL,9,,2,NAIA,3857,7703,11560,26,Volleyball,,19,,,0,19,0,0,3184,60500,60500,,,,,,,412492,412492,,,,0,412492,412492,,386514,386514,,,,0,386514,386514
2024,170550,00227600,Kellogg Community College,MI,13,,3,NJCAA,354,534,888,26,Volleyball,,12,,,0,12,0,0,630,7564,7564,,,,,,,59647,59647,,,,0,59647,59647,,59647,59647,,,,0,59647,59647
2024,486840,00157700,Kennesaw State University,GA,2,,1,NCAA,15442,15831,31273,26,Volleyball,,12,,,0,12,0,0,29411,352934,352934,,,,,,,1204590,1204590,,,,0,1204590,1204590,,1204590,1204590,,,,0,1204590,1204590
2024,203517,00305100,Kent State University at Kent,OH,1,,1,NCAA,6418,10582,17000,26,Volleyball,,17,,,0,17,0,0,7108,120829,120829,,,,,,,800685,800685,,,,0,800685,800685,,800685,800685,,,,0,800685,800685
2024,203483,00305103,Kent State University at Tuscarawas,OH,20,,8,other,165,244,409,26,Volleyball,,13,,,0,13,0,0,599,7785,7785,,,,,,,23067,23067,,,,0,23067,23067,,23067,23067,,,,0,23067,23067
2024,157100,00196500,Kentucky Christian University,KY,9,,2,NAIA,295,126,421,26,Volleyball,,21,,,0,21,0,0,1564,32844,32844,,,,,,,343751,343751,,,,0,343751,343751,,343751,343751,,,,0,343751,343751
2024,157058,00196800,Kentucky State University,KY,4,,1,NCAA,493,669,1162,26,Volleyball,8,20,,,8,20,1121,8971,1421,28429,37400,,,,,,58213,60238,118451,,,,58213,60238,118451,58213,60238,118451,,,,58213,60238,118451
2024,157076,00196900,Kentucky Wesleyan College,KY,4,,1,NCAA,419,413,832,26,Volleyball,,17,,,0,17,0,0,3665,62313,62313,,,,,,,229351,229351,,,,0,229351,229351,,213254,213254,,,,0,213254,213254
2024,203535,00306500,Kenyon College,OH,6,,1,NCAA,755,977,1732,26,Volleyball,,16,,,0,16,0,0,1905,30472,30472,,,,,,,110740,110740,,,,0,110740,110740,,110740,110740,,,,0,110740,110740
2024,192192,00274400,Keuka College,NY,7,,1,NCAA,228,694,922,26,Volleyball,,14,,,0,14,0,0,2334,32680,32680,,,,,,,81522,81522,,,,0,81522,81522,,81522,81522,,,,0,81522,81522
2024,213303,00328000,Keystone College,PA,6,,1,NCAA,347,271,618,26,Volleyball,,18,,,0,18,0,0,2264,40743,40743,,,,,,,63943,63943,,,,0,63943,63943,,63943,63943,,,,0,63943,63943
2024,220516,00349600,King University,TN,5,,1,NCAA,345,472,817,26,Volleyball,14,19,,,14,19,1781,24934,1480,28120,53054,,,,,,272296,328158,600454,,,,272296,328158,600454,243122,223713,466835,,,,243122,223713,466835
2024,213321,00328200,King's College,PA,6,,1,NCAA,767,697,1464,26,Volleyball,14,20,,,14,20,2514,35191,1552,31041,66232,,,,,,77340,68341,145681,,,,77340,68341,145681,77340,68341,145681,,,,77340,68341,145681
2024,153737,00407600,Kirkwood Community College,IA,13,,3,NJCAA,1935,2005,3940,26,Volleyball,,14,,,0,14,0,0,6296,88145,88145,,,,,,,257081,257081,,,,0,257081,257081,,245902,245902,,,,0,245902,245902
2024,146418,00768400,Kishwaukee College,IL,13,,3,NJCAA,462,550,1012,26,Volleyball,,13,,,0,13,0,0,1117,14525,14525,,,,,,,42852,42852,,,,0,42852,42852,,36127,36127,,,,0,36127,36127
2024,146427,00170400,Knox College,IL,6,,1,NCAA,564,554,1118,26,Volleyball,,19,,,0,19,0,0,2587,49161,49161,,,,,,,98941,98941,,,,0,98941,98941,,122119,122119,,,,0,122119,122119
2024,213349,00332200,Kutztown University of Pennsylvania,PA,4,,1,NCAA,2528,3364,5892,26,Volleyball,,21,,,0,21,0,0,2600,54606,54606,,,,,,,401902,401902,,,,0,401902,401902,,279627,279627,,,,0,279627,279627
2024,171881,00231100,Kuyper College,MI,16,,4,NCCAA,94,35,129,26,Volleyball,,8,,,0,8,0,0,4550,36402,36402,,,,,,,94920,94920,,,,0,94920,94920,,94920,94920,,,,0,94920,94920
2024,213358,00398700,La Roche University,PA,7,,1,NCAA,310,358,668,26,Volleyball,,16,,,0,16,0,0,1983,31731,31731,,,,,,,45068,45068,,,,0,45068,45068,,45068,45068,,,,0,45068,45068
2024,117627,00121500,La Sierra University,CA,10,,2,NAIA,439,625,1064,26,Volleyball,,33,,,0,33,0,0,3038,100255,100255,,,,,,,292966,292966,,,,0,292966,292966,,292966,292966,,,,0,292966,292966
2024,155450,00193000,Labette Community College,KS,13,,3,NJCAA,152,307,459,26,Volleyball,,18,,,0,18,0,0,2307,41529,41529,,,,,,,184064,184064,,,,0,184064,184064,,176038,176038,,,,0,176038,176038
2024,213376,00328300,Lackawanna College,PA,13,,3,NJCAA,618,837,1455,26,Volleyball,,12,,,0,12,0,0,2336,28029,28029,,,,,,,88156,88156,,,,0,88156,88156,,88651,88651,,,,0,88651,88651
2024,213385,00328400,Lafayette College,PA,2,,1,NCAA,1370,1372,2742,26,Volleyball,,20,,,0,20,0,0,5026,100527,100527,,,,,,,1186066,1186066,,,,0,1186066,1186066,,1186066,1186066,,,,0,1186066,1186066
2024,140234,00157800,LaGrange College,GA,6,,1,NCAA,348,286,634,26,Volleyball,,15,,,0,15,0,0,2567,38500,38500,,,,,,,109454,109454,,,,0,109454,109454,,109454,109454,,,,0,109454,109454
2024,203580,00306600,Lake Erie College,OH,4,,1,NCAA,409,436,845,26,Volleyball,,21,,,0,21,0,0,2588,54347,54347,,,,,,,414705,414705,,,,0,414705,414705,,414705,414705,,,,0,414705,414705
2024,146481,00170600,Lake Forest College,IL,6,,1,NCAA,776,1017,1793,26,Volleyball,,15,,,0,15,0,0,1646,24690,24690,,,,,,,83476,83476,,,,0,83476,83476,,83476,83476,,,,0,83476,83476
2024,146506,00764400,Lake Land College,IL,12,,3,NJCAA,700,993,1693,26,Volleyball,,13,,,0,13,0,0,1885,24506,24506,,,,,,,146896,146896,,,,0,146896,146896,,155915,155915,,,,0,155915,155915
2024,170620,00227700,Lake Michigan College,MI,13,,3,NJCAA,410,579,989,26,Volleyball,,14,,,0,14,0,0,5511,77150,77150,,,,,,,134250,134250,,,,0,134250,134250,,134250,134250,,,,0,134250,134250
2024,200192,00299100,Lake Region State College,ND,8,"NJCAA DI and DII, ACHA DII",8,other,200,250,450,26,Volleyball,,18,,,0,18,0,0,3322,59804,59804,,,,,,,158074,158074,,,,0,158074,158074,,158074,158074,,,,0,158074,158074
2024,170639,00229300,Lake Superior State University,MI,5,,1,NCAA,545,611,1156,26,Volleyball,,18,,,0,18,0,0,3489,62804,62804,,,,,,,410258,410258,,,,0,410258,410258,,410258,410258,,,,0,410258,410258
2024,135188,00150200,Lake-Sumter State College,FL,12,,3,NJCAA,675,1033,1708,26,Volleyball,,17,,,0,17,0,0,1479,25144,25144,,,,,,,128267,128267,,,,0,128267,128267,,128267,128267,,,,0,128267,128267
2024,203599,00680400,Lakeland Community College,OH,13,,3,NJCAA,404,458,862,26,Volleyball,,11,,,0,11,0,0,2976,32733,32733,,,,,,,61549,61549,,,,0,61549,61549,,61549,61549,,,,0,61549,61549
2024,238980,00385400,Lakeland University,WI,6,,1,NCAA,362,337,699,26,Volleyball,18,25,,,18,25,1933,34786,2087,52170,86956,,,,,,116644,166230,282874,,,,116644,166230,282874,127902,195887,323789,,,,127902,195887,323789
2024,127389,00135500,Lamar Community College,CO,12,,3,NJCAA,156,141,297,26,Volleyball,,15,,,0,15,0,0,2209,33128,33128,,,,,,,178158,178158,,,,0,178158,178158,,168802,168802,,,,0,168802,168802
2024,226091,00358100,Lamar University,TX,2,,1,NCAA,2556,3792,6348,26,Volleyball,,16,,,0,16,0,0,7207,115309,115309,,,,,,,757199,757199,,,,0,757199,757199,,757199,757199,,,,0,757199,757199
2024,213400,00328500,Lancaster Bible College,PA,7,,1,NCAA,441,553,994,26,Volleyball,26,24,,,26,24,1915,49795,3388,81308,131103,,,,,,137755,146586,284341,,,,137755,146586,284341,124176,159860,284036,,,,124176,159860,284036
2024,218229,00343500,Lander University,SC,5,,1,NCAA,1054,2197,3251,26,Volleyball,,19,,,0,19,0,0,2955,56154,56154,,,,,,,656984,656984,,,,0,656984,656984,,510638,510638,,,,0,510638,510638
2024,220598,00349900,Lane College,TN,4,,1,NCAA,396,323,719,26,Volleyball,,20,,,0,20,0,0,3410,68199,68199,,,,,,,202121,202121,,,,0,202121,202121,,212558,212558,,,,0,212558,212558
2024,209038,00319600,Lane Community College,OR,19,,8,other,1411,1544,2955,26,Volleyball,,15,,,0,15,0,0,2247,33710,33710,,,,,,,114897,114897,,,,0,114897,114897,,111319,111319,,,,0,111319,111319
2024,207209,00315700,Langston University,OK,9,,2,NAIA,699,953,1652,26,Volleyball,,18,,,0,18,0,0,2875,51753,51753,,,,,,,201671,201671,,,,0,201671,201671,,201671,201671,,,,0,201671,201671
2024,170657,00227800,Lansing Community College,MI,13,,3,NJCAA,1352,1549,2901,26,Volleyball,,12,,,0,12,0,0,3251,39015,39015,,,,,,,138016,138016,,,,0,138016,138016,,122547,122547,,,,0,122547,122547
2024,240620,00925900,Laramie County Community College,WY,12,,3,NJCAA,564,1020,1584,26,Volleyball,,16,,,0,16,0,0,4292,68666,68666,,,,,,,389930,389930,,,,0,389930,389930,,389930,389930,,,,0,389930,389930
2024,366401,03035700,Las Positas College,CA,17,,8,other,1673,1381,3054,26,Volleyball,,13,,,0,13,0,0,502,6529,6529,,,,,,,28257,28257,,,,0,28257,28257,,43045,43045,,,,0,43045,43045
2024,166391,00215800,Lasell University,MA,7,,1,NCAA,423,753,1176,26,Volleyball,18,22,,,18,22,2130,38340,1681,36987,75327,,,,,,101981,98068,200049,,,,101981,98068,200049,101981,98068,200049,,,,101981,98068,200049
2024,117274,00121700,Lassen Community College,CA,17,,8,other,219,253,472,26,Volleyball,,16,,,0,16,0,0,2681,42902,42902,,,,,,,112298,112298,,,,0,112298,112298,,103754,103754,,,,0,103754,103754
2024,170675,00227900,Lawrence Technological University,MI,9,,2,NAIA,999,537,1536,26,Volleyball,18,25,,,18,25,3412,61410,2135,53374,114784,,,,,,409471,674212,1083683,,,,409471,674212,1083683,372539,485651,858190,,,,372539,485651,858190
2024,239017,00385600,Lawrence University,WI,6,,1,NCAA,668,710,1378,26,Volleyball,,11,,,0,11,0,0,4127,45397,45397,,,,,,,133353,133353,,,,0,133353,133353,,133353,133353,,,,0,133353,133353
2024,101569,00105900,Lawson State Community College,AL,12,,3,NJCAA,542,692,1234,26,Volleyball,,12,,,0,12,0,0,2560,30716,30716,,,,,,,275739,275739,,,,0,275739,275739,,275739,275739,,,,0,275739,275739
2024,192323,00274800,Le Moyne College,NY,3,,1,NCAA,937,1277,2214,26,Volleyball,,16,,,0,16,0,0,7097,113553,113553,,,,,,,457949,457949,,,,0,457949,457949,,453789,453789,,,,0,453789,453789
2024,220604,00350100,Le Moyne-Owen College,TN,5,,1,NCAA,201,329,530,26,Volleyball,9,14,,,9,14,360,3240,242,3382,6622,,,,,,75203,75203,150406,,,,75203,75203,150406,75134,75134,150268,,,,75134,75134,150268
2024,213507,00328800,Lebanon Valley College,PA,6,,1,NCAA,719,930,1649,26,Volleyball,,15,,,0,15,0,0,2640,39599,39599,,,,,,,103826,103826,,,,0,103826,103826,,101327,101327,,,,0,101327,101327
2024,226204,00358300,Lee College,TX,12,,3,NJCAA,612,469,1081,26,Volleyball,,14,,,0,14,0,0,5701,79815,79815,,,,,,,280931,280931,,,,0,280931,280931,,291931,291931,,,,0,291931,291931
2024,220613,00350000,Lee University,TN,5,,1,NCAA,921,1486,2407,26,Volleyball,,18,,,0,18,0,0,6220,111967,111967,,,,,,,507222,507222,,,,0,507222,507222,,507222,507222,,,,0,507222,507222
2024,198808,00293900,Lees-McRae College,NC,5,,1,NCAA,289,566,855,26,Volleyball,15,19,,,15,19,1603,24048,2461,46751,70799,,,,,,155689,317027,472716,,,,155689,317027,472716,155689,317027,472716,,,,155689,317027,472716
2024,213543,00328900,Lehigh University,PA,2,,1,NCAA,3012,2801,5813,26,Volleyball,,18,,,0,18,0,0,7476,134569,134569,,,,,,,1288870,1288870,,,,0,1288870,1288870,,1288870,1288870,,,,0,1288870,1288870
2024,448594,04111300,Lemoore College,CA,17,,8,other,562,853,1415,26,Volleyball,,13,,,0,13,0,0,2203,28640,28640,,,,,,,48973,48973,,,,0,48973,48973,,48973,48973,,,,0,48973,48973
2024,198817,00294000,Lenoir Community College,NC,13,,3,NJCAA,212,333,545,26,Volleyball,,9,,,0,9,0,0,2400,21604,21604,,,,,,,65992,65992,,,,0,65992,65992,,65992,65992,,,,0,65992,65992
2024,198835,00294100,Lenoir-Rhyne University,NC,4,,1,NCAA,618,682,1300,26,Volleyball,,23,,,0,23,0,0,2993,68841,68841,,,,,,,436712,436712,,,,0,436712,436712,,436712,436712,,,,0,436712,436712
2024,166452,00216000,Lesley University,MA,7,,1,NCAA,252,539,791,26,Volleyball,,16,,,0,16,0,0,627,10035,10035,,,,,,,22086,22086,,,,0,22086,22086,,22086,22086,,,,0,22086,22086
2024,226231,00358400,LeTourneau University,TX,7,,1,NCAA,842,414,1256,26,Volleyball,,22,,,0,22,0,0,4265,93833,93833,,,,,,,170417,170417,,,,0,170417,170417,,170417,170417,,,,0,170417,170417
2024,209056,00319700,Lewis & Clark College,OR,6,,1,NCAA,767,1325,2092,26,Volleyball,,15,,,0,15,0,0,3986,59790,59790,,,,,,,173941,173941,,,,0,173941,173941,,173941,173941,,,,0,173941,173941
2024,146603,01002000,Lewis and Clark Community College,IL,12,,3,NJCAA,623,755,1378,26,Volleyball,,16,,,0,16,0,0,2015,32237,32237,,,,,,,169893,169893,,,,0,169893,169893,,169893,169893,,,,0,169893,169893
2024,146612,00170700,Lewis University,IL,5,,1,NCAA,1658,1753,3411,26,Volleyball,29,20,,,29,20,5989,173673,6152,123041,296714,,,,,,617865,631826,1249691,,,,617865,631826,1249691,617865,631826,1249691,,,,617865,631826,1249691
2024,142328,00162100,Lewis-Clark State College,ID,9,,2,NAIA,701,1167,1868,26,Volleyball,,20,,,0,20,0,0,4857,97142,97142,,,,,,,488544,488544,,,,0,488544,488544,,488544,488544,,,,0,488544,488544
2024,232557,02053000,Liberty University,VA,1,,1,NCAA,14279,18031,32310,26,Volleyball,,17,,,0,17,0,0,18007,306117,306117,,,,,,,1624565,1624565,,,,0,1624565,1624565,,1624565,1624565,,,,0,1624565,1624565
2024,117104,02270600,Life Pacific University,CA,9,,2,NAIA,176,199,375,26,Volleyball,,18,,,0,18,0,0,1925,34644,34644,,,,,,,167954,167954,,,,0,167954,167954,,167954,167954,,,,0,167954,167954
2024,140252,02074800,Life University,GA,9,,2,NAIA,389,397,786,26,Volleyball,30,24,,,30,24,1744,52309,1657,39767,92076,,,,,,367512,356537,724049,,,,367512,356537,724049,367512,356537,724049,,,,367512,356537,724049
2024,146685,00717000,Lincoln Land Community College,IL,13,,3,NJCAA,798,846,1644,26,Volleyball,,11,,,0,11,0,0,4081,44887,44887,,,,,,,168531,168531,,,,0,168531,168531,,146749,146749,,,,0,146749,146749
2024,220631,00350200,Lincoln Memorial University,TN,5,,1,NCAA,433,901,1334,26,Volleyball,19,20,,,19,20,4806,91306,3111,62225,153531,,,,,,406818,490119,896937,,,,406818,490119,896937,412890,491040,903930,,,,412890,491040,903930
2024,403478,00174224,Lincoln Trail College,IL,12,,3,NJCAA,125,161,286,26,Volleyball,,15,,,0,15,0,0,882,13235,13235,,,,,,,122908,122908,,,,0,122908,122908,,114279,114279,,,,0,114279,114279
2024,213598,00329000,Lincoln University,PA,4,,1,NCAA,543,960,1503,26,Volleyball,,13,,,0,13,0,0,5538,71990,71990,,,,,,,176898,176898,,,,0,176898,176898,,176898,176898,,,,0,176898,176898
2024,177968,00248000,Lindenwood University,MO,2,,1,NCAA,1625,2435,4060,26,Volleyball,20,22,,,20,22,4374,87478,4482,98594,186072,,,,,,339358,601695,941053,,,,339358,601695,941053,339358,601695,941053,,,,339358,601695,941053
2024,157216,00197200,Lindsey Wilson College,KY,9,,2,NAIA,666,841,1507,26,Volleyball,,34,,,0,34,0,0,1452,49356,49356,,,,,,,533672,533672,,,,0,533672,533672,,533672,533672,,,,0,533672,533672
2024,209065,00319800,Linfield University,OR,6,,1,NCAA,534,969,1503,26,Volleyball,,23,,,0,23,0,0,2608,59982,59982,,,,,,,177572,177572,,,,0,177572,177572,,156906,156906,,,,0,156906,156906
2024,209074,00693800,Linn-Benton Community College,OR,19,,8,other,936,1040,1976,26,Volleyball,,15,,,0,15,0,0,4203,63040,63040,,,,,,,149215,149215,,,,0,149215,149215,,149178,149178,,,,0,149178,149178
2024,219976,00348600,Lipscomb University,TN,3,,1,NCAA,1119,1748,2867,26,Volleyball,,15,,,0,15,0,0,15579,233679,233679,,,,,,,1330256,1330256,,,,0,1330256,1330256,,1330256,1330256,,,,0,1330256,1330256
2024,198862,00294200,Livingstone College,NC,4,,1,NCAA,533,376,909,26,Volleyball,,22,,,0,22,0,0,1189,26163,26163,,,,,,,220163,220163,,,,0,220163,220163,,226163,226163,,,,0,226163,226163
2024,117645,00121900,Long Beach City College,CA,17,,8,other,4225,4906,9131,26,Volleyball,25,20,,,25,20,999,24979,1118,22351,47330,,,,,,129045,159488,288533,,,,129045,159488,288533,143454,161111,304565,,,,143454,161111,304565
2024,192448,00275100,Long Island University,NY,2,,1,NCAA,1788,3263,5051,26,Volleyball,19,25,,,19,25,6560,124646,7669,191714,316360,,,,,,503761,885185,1388946,,,,503761,885185,1388946,503761,885185,1388946,,,,503761,885185,1388946
2024,203748,00306800,Lorain County Community College,OH,14,,3,NJCAA,810,1062,1872,26,Volleyball,,9,,,0,9,0,0,1558,14024,14024,,,,,,,35135,35135,,,,0,35135,35135,,27921,27921,,,,0,27921,27921
2024,153825,00187300,Loras College,IA,6,,1,NCAA,622,438,1060,26,Volleyball,18,25,,,18,25,2438,43890,1800,45009,88899,,,,,,131999,142432,274431,,,,131999,142432,274431,131999,142432,274431,,,,131999,142432,274431
2024,117788,00122300,Los Angeles City College,CA,17,Unknown,8,other,1337,1593,2930,26,Volleyball,,10,,,0,10,0,0,2729,27286,27286,,,,,,,137553,137553,,,,0,137553,137553,,137553,137553,,,,0,137553,137553
2024,117690,00122400,Los Angeles Harbor College,CA,17,,8,other,634,834,1468,26,Volleyball,,12,,,0,12,0,0,1898,22779,22779,,,,,,,96771,96771,,,,0,96771,96771,,95771,95771,,,,0,95771,95771
2024,117867,01255000,Los Angeles Mission College,CA,17,,8,other,751,1058,1809,26,Volleyball,,18,,,0,18,0,0,4813,86633,86633,,,,,,,217704,217704,,,,0,217704,217704,,217704,217704,,,,0,217704,217704
2024,117706,00122600,Los Angeles Pierce College,CA,17,,8,other,2261,2382,4643,26,Volleyball,15,14,,,15,14,1540,23100,1158,16212,39312,,,,,,74296,67432,141728,,,,74296,67432,141728,74296,67432,141728,,,,74296,67432,141728
2024,117894,01034000,Los Medanos College,CA,17,,8,other,1337,1549,2886,26,Volleyball,,12,,,0,12,0,0,2799,33587,33587,,,,,,,60297,60297,,,,0,60297,60297,,60297,60297,,,,0,60297,60297
2024,198871,00294300,Louisburg College,NC,13,,3,NJCAA,278,121,399,26,Volleyball,,11,,,0,11,0,0,1155,12705,12705,,,,,,,96413,96413,,,,0,96413,96413,,96413,96413,,,,0,96413,96413
2024,159568,00200700,Louisiana Christian University,LA,9,,2,NAIA,377,263,640,26,Volleyball,,15,,,0,15,0,0,3364,50461,50461,,,,,,,279875,279875,,,,0,279875,279875,,279875,279875,,,,0,279875,279875
2024,159391,00201000,Louisiana State University and Agricultural & Mechanical College,LA,1,,1,NCAA,12494,16688,29182,26,Volleyball,,22,,,0,22,0,0,22569,496507,496507,,,,,,,156245,156245,,,,0,156245,156245,,2377341,2377341,,,,0,2377341,2377341
2024,159647,00200800,Louisiana Tech University,LA,1,,1,NCAA,4437,3337,7774,26,Volleyball,,20,,,0,20,0,0,7916,158320,158320,,,,,,,834075,834075,,,,0,834075,834075,,834075,834075,,,,0,834075,834075
2024,203757,00306900,Lourdes University,OH,10,,2,NAIA,240,272,512,26,Volleyball,15,16,,,15,16,2624,39365,2445,39113,78478,,,,,,346911,290333,637244,,,,346911,290333,637244,344456,288653,633109,,,,344456,288653,633109
2024,235750,00378200,Lower Columbia College,WA,19,,8,other,360,748,1108,26,Volleyball,,13,,,0,13,0,0,1637,21285,21285,,,,,,,76665,76665,,,,0,76665,76665,,76363,76363,,,,0,76363,76363
2024,117946,01164900,Loyola Marymount University,CA,3,,1,NCAA,3317,3647,6964,26,Volleyball,,22,,,0,22,0,0,18685,411066,411066,,,,,,,2334508,2334508,,,,0,2334508,2334508,,2334508,2334508,,,,0,2334508,2334508
2024,146719,00171000,Loyola University Chicago,IL,3,,1,NCAA,3465,7807,11272,26,Volleyball,25,16,,,25,16,8516,212889,14192,227078,439967,,,,,,950239,1301409,2251648,,,,950239,1301409,2251648,950239,1301409,2251648,,,,950239,1301409,2251648
2024,163046,00207800,Loyola University Maryland,MD,3,,1,NCAA,1686,2159,3845,26,Volleyball,,16,,,0,16,0,0,5324,85177,85177,,,,,,,849953,849953,,,,0,849953,849953,,849953,849953,,,,0,849953,849953
2024,159656,00201600,Loyola University New Orleans,LA,9,,2,NAIA,925,1684,2609,26,Volleyball,,18,,,0,18,0,0,5134,92406,92406,,,,,,,838335,838335,,,,0,838335,838335,,838335,838335,,,,0,838335,838335
2024,226383,00358600,Lubbock Christian University,TX,5,,1,NCAA,478,667,1145,26,Volleyball,,16,,,0,16,0,0,6314,101030,101030,,,,,,,502035,502035,,,,0,502035,502035,,502035,502035,,,,0,502035,502035
2024,101602,00898800,Lurleen B Wallace Community College,AL,13,,3,NJCAA,278,450,728,26,Volleyball,,19,,,0,19,0,0,976,18535,18535,,,,,,,148138,148138,,,,0,148138,148138,,148138,148138,,,,0,148138,148138
2024,153834,00187400,Luther College,IA,6,,1,NCAA,654,714,1368,26,Volleyball,,22,,,0,22,0,0,1410,31015,31015,,,,,,,144788,144788,,,,0,144788,144788,,138180,138180,,,,0,138180,138180
2024,213668,00329300,Lycoming College,PA,6,,1,NCAA,489,505,994,26,Volleyball,,18,,,0,18,0,0,4110,73983,73983,,,,,,,123261,123261,,,,0,123261,123261,,113838,113838,,,,0,113838,113838
2024,132657,00150500,Lynn University,FL,5,,1,NCAA,1352,1276,2628,26,Volleyball,,19,,,0,19,0,0,4294,81588,81588,,,,,,,737519,737519,,,,0,737519,737519,,737519,737519,,,,0,737519,737519
2024,106342,00108800,Lyon College,AR,6,,1,NCAA,362,279,641,26,Volleyball,,21,,,0,21,0,0,2749,57721,57721,,,,,,,164229,164229,,,,0,164229,164229,,164229,164229,,,,0,164229,164229
2024,173902,00235800,Macalester College,MN,6,,1,NCAA,909,1190,2099,26,Volleyball,,21,,,0,21,0,0,1949,40935,40935,,,,,,,252262,252262,,,,0,252262,252262,,242677,242677,,,,0,242677,242677
2024,170790,00890600,Macomb Community College,MI,13,,3,NJCAA,2261,2614,4875,26,Volleyball,,15,,,0,15,0,0,1520,22799,22799,,,,,,,83796,83796,,,,0,83796,83796,,55151,55151,,,,0,55151,55151
2024,238263,00400700,Madison Area Technical College,WI,13,,3,NJCAA,1829,1640,3469,26,Volleyball,,14,,,0,14,0,0,2342,32791,32791,,,,,,,167132,167132,,,,0,167132,167132,,108659,108659,,,,0,108659,108659
2024,170806,00228200,Madonna University,MI,9,,2,NAIA,498,831,1329,26,Volleyball,,35,,,0,35,0,0,1688,59083,59083,,,,,,,269409,269409,,,,0,269409,269409,,285088,285088,,,,0,285088,285088
2024,161299,00204400,Maine Maritime Academy,ME,6,,1,NCAA,683,176,859,26,Volleyball,,16,,,0,16,0,0,3921,62738,62738,,,,,,,145070,145070,,,,0,145070,145070,,145070,145070,,,,0,145070,145070
2024,203775,00307200,Malone University,OH,5,,1,NCAA,325,422,747,26,Volleyball,,19,,,0,19,0,0,3357,63786,63786,,,,,,,354091,354091,,,,0,354091,354091,,354091,354091,,,,0,354091,354091
2024,151777,00182000,Manchester University,IN,6,,1,NCAA,483,440,923,26,Volleyball,,25,,,0,25,0,0,1531,38282,38282,,,,,,,150311,150311,,,,0,150311,150311,,140752,140752,,,,0,140752,140752
2024,155496,00193100,Manhattan Christian College,KS,16,,4,NCCAA,61,59,120,26,Volleyball,,15,,,0,15,0,0,606,9086,9086,,,,,,,37086,37086,,,,0,37086,37086,,33108,33108,,,,0,33108,33108
2024,192703,00275800,Manhattan University,NY,3,,1,NCAA,1560,1059,2619,26,Volleyball,,17,,,0,17,0,0,3251,55275,55275,,,,,,,496440,496440,,,,0,496440,496440,,487040,487040,,,,0,487040,487040
2024,192749,00276000,Manhattanville University,NY,7,,1,NCAA,528,798,1326,26,Volleyball,15,16,,,15,16,1079,16178,973,15571,31749,,,,,,84941,102243,187184,,,,84941,102243,187184,84796,92511,177307,,,,84796,92511,177307
2024,213774,00329400,Manor College,PA,20,,8,other,122,236,358,26,Volleyball,,13,,,0,13,0,0,1946,25294,25294,,,,,,,44498,44498,,,,0,44498,44498,,44498,44498,,,,0,44498,44498
2024,239071,02317200,Maranatha Baptist University,WI,7,,1,NCAA,183,245,428,26,Volleyball,10,10,,,10,10,1060,10598,1537,15366,25964,,,,,,15213,31964,47177,,,,15213,31964,47177,14134,24045,38179,,,,14134,24045,38179
2024,239080,00386100,Marian University,WI,7,,1,NCAA,324,468,792,26,Volleyball,22,28,,,22,28,2563,56388,1860,52081,108469,,,,,,145406,126241,271647,,,,145406,126241,271647,120561,116332,236893,,,,120561,116332,236893
2024,151786,00182100,Marian University,IN,10,,2,NAIA,933,1177,2110,26,Volleyball,,19,,,0,19,0,0,4603,87451,87451,,,,,,,398479,398479,,,,0,398479,398479,,398479,398479,,,,0,398479,398479
2024,497833,00182103,Marian University-Ancilla,IN,13,,3,NJCAA,110,114,224,26,Volleyball,,13,,,0,13,0,0,3041,39536,39536,,,,,,,96536,96536,,,,0,96536,96536,,96536,96536,,,,0,96536,96536
2024,203845,00307300,Marietta College,OH,6,,1,NCAA,494,424,918,26,Volleyball,,20,,,0,20,0,0,1956,39119,39119,,,,,,,112297,112297,,,,0,112297,112297,,111821,111821,,,,0,111821,111821
2024,192819,00276500,Marist University,NY,2,,1,NCAA,2108,2943,5051,26,Volleyball,,19,,,0,19,0,0,5857,111286,111286,,,,,,,730818,730818,,,,0,730818,730818,,730818,730818,,,,0,730818,730818
2024,239105,00386300,Marquette University,WI,3,,1,NCAA,3322,4258,7580,26,Volleyball,,16,,,0,16,0,0,36693,587087,587087,,,,,,,2469167,2469167,,,,0,2469167,2469167,,2469167,2469167,,,,0,2469167,2469167
2024,198899,00294400,Mars Hill University,NC,4,,1,NCAA,510,486,996,26,Volleyball,,21,,,0,21,0,0,1797,37734,37734,,,,,,,358126,358126,,,,0,358126,358126,,358126,358126,,,,0,358126,358126
2024,237525,00381500,Marshall University,WV,1,,1,NCAA,2941,3813,6754,26,Volleyball,,22,,,0,22,0,0,11504,253086,253086,,,,,,,1076998,1076998,,,,0,1076998,1076998,,1076998,1076998,,,,0,1076998,1076998
2024,153922,00187500,Marshalltown Community College,IA,8,NJCAA D1 and NJCAA D2,8,other,317,274,591,26,Volleyball,,12,,,0,12,0,0,2034,24402,24402,,,,,,,99118,99118,,,,0,99118,99118,,99118,99118,,,,0,99118,99118
2024,173452,00236100,Martin Luther College,MN,6,,1,NCAA,296,305,601,26,Volleyball,,15,,,0,15,0,0,2298,34464,34464,,,,,,,62470,62470,,,,0,62470,62470,,62470,62470,,,,0,62470,62470
2024,232672,00372300,Mary Baldwin University,VA,7,,1,NCAA,251,655,906,26,Volleyball,,18,,,0,18,0,0,3467,62406,62406,,,,,,,132866,132866,,,,0,132866,132866,,132866,132866,,,,0,132866,132866
2024,232706,00372400,Marymount University,VA,7,,1,NCAA,679,1043,1722,26,Volleyball,22,18,,,22,18,1600,35194,1382,24872,60066,,,,,,190763,160143,350906,,,,190763,160143,350906,158201,140544,298745,,,,158201,140544,298745
2024,220710,00350500,Maryville College,TN,6,,1,NCAA,460,538,998,26,Volleyball,,16,,,0,16,0,0,6099,97576,97576,,,,,,,201590,201590,,,,0,201590,201590,,186470,186470,,,,0,186470,186470
2024,178059,00248200,Maryville University of Saint Louis,MO,5,,1,NCAA,1360,2296,3656,26,Volleyball,20,21,,,20,21,3591,71821,3052,64098,135919,,,,,,216006,377200,593206,,,,216006,377200,593206,315245,374129,689374,,,,315245,374129,689374
2024,213826,00329600,Marywood University,PA,7,,1,NCAA,618,1110,1728,26,Volleyball,,14,,,0,14,0,0,1965,27508,27508,,,,,,,77870,77870,,,,0,77870,77870,,68865,68865,,,,0,68865,68865
2024,166647,00217100,Massachusetts Bay Community College,MA,14,,3,NJCAA,696,700,1396,26,Volleyball,,15,,,0,15,0,0,1156,17334,17334,,,,,,,33259,33259,,,,0,33259,33259,,33259,33259,,,,0,33259,33259
2024,167288,00218700,Massachusetts College of Liberal Arts,MA,7,,1,NCAA,302,355,657,26,Volleyball,,16,,,0,16,0,0,2224,35585,35585,,,,,,,101410,101410,,,,0,101410,101410,,101410,101410,,,,0,101410,101410
2024,166683,00217800,Massachusetts Institute of Technology,MA,6,,1,NCAA,2320,2169,4489,26,Volleyball,17,22,,,17,22,4364,74189,2886,63491,137680,,,,,,147965,134447,282412,,,,147965,134447,282412,147965,134447,282412,,,,147965,134447,282412
2024,166692,00218100,Massachusetts Maritime Academy,MA,6,,1,NCAA,1177,203,1380,26,Volleyball,,21,,,0,21,0,0,1273,26731,26731,,,,,,,60078,60078,,,,0,60078,60078,,59838,59838,,,,0,59838,59838
2024,166823,00217700,Massasoit Community College,MA,8,"NJCAA Division II, III",8,other,782,826,1608,26,Volleyball,,8,,,0,8,0,0,2432,19459,19459,,,,,,,31684,31684,,,,0,31684,31684,,32708,32708,,,,0,32708,32708
2024,200226,00299300,Mayville State University,ND,10,,2,NAIA,286,300,586,26,Volleyball,,25,,,0,25,0,0,2290,57251,57251,,,,,,,180193,180193,,,,0,180193,180193,,180193,180193,,,,0,180193,180193
2024,164270,00210900,McDaniel College,MD,6,,1,NCAA,708,896,1604,26,Volleyball,,20,,,0,20,0,0,1608,32150,32150,,,,,,,181126,181126,,,,0,181126,181126,,175285,175285,,,,0,175285,175285
2024,147004,00769100,McHenry County College,IL,13,,3,NJCAA,1053,1043,2096,26,Volleyball,,13,,,0,13,0,0,946,12292,12292,,,,,,,195828,195828,,,,0,195828,195828,,184836,184836,,,,0,184836,184836
2024,147013,00172200,McKendree University,IL,4,,1,NCAA,775,856,1631,26,Volleyball,21,16,,,21,16,5770,121167,4076,65213,186380,,,,,,402356,366007,768363,,,,402356,366007,768363,402356,366007,768363,,,,402356,366007,768363
2024,226587,00359100,McMurry University,TX,6,,1,NCAA,544,538,1082,26,Volleyball,,23,,,0,23,0,0,3726,85703,85703,,,,,,,158483,158483,,,,0,158483,158483,,154458,154458,,,,0,154458,154458
2024,159717,00201700,McNeese State University,LA,2,,1,NCAA,1778,2751,4529,26,Volleyball,,21,,,0,21,0,0,676,14191,14191,,,,,,,509186,509186,,,,0,509186,509186,,509186,509186,,,,0,509186,509186
2024,155511,00193300,McPherson College,KS,9,,2,NAIA,585,285,870,26,Volleyball,,44,,,0,44,0,0,358,15745,15745,,,,,,,1209851,1209851,,,,0,1209851,1209851,,1209851,1209851,,,,0,1209851,1209851
2024,118684,01167200,Mendocino College,CA,17,,8,other,321,569,890,26,Volleyball,,9,,,0,9,0,0,5038,45338,45338,,,,,,,104912,104912,,,,0,104912,104912,,82578,82578,,,,0,82578,82578
2024,118693,00123600,Menlo College,CA,4,,1,NCAA,417,314,731,26,Volleyball,22,18,,,22,18,4049,89085,3797,68342,157427,,,,,,514405,444436,958841,,,,514405,444436,958841,514405,444436,958841,,,,514405,444436,958841
2024,118718,00123700,Merced College,CA,17,,8,other,2016,2888,4904,26,Volleyball,,13,,,0,13,0,0,2570,33416,33416,,,,,,,92636,92636,,,,0,92636,92636,,92636,92636,,,,0,92636,92636
2024,140447,00158000,Mercer University,GA,2,,1,NCAA,1480,2532,4012,26,Volleyball,,12,,,0,12,0,0,13410,160916,160916,,,,,,,1043898,1043898,,,,0,1043898,1043898,,1043898,1043898,,,,0,1043898,1043898
2024,193016,00277200,Mercy University,NY,5,,1,NCAA,1581,3534,5115,26,Volleyball,,14,,,0,14,0,0,4708,65907,65907,,,,,,,237925,237925,,,,0,237925,237925,,237925,237925,,,,0,237925,237925
2024,213987,00329700,Mercyhurst University,PA,2,,1,NCAA,910,1196,2106,26,Volleyball,,22,,,0,22,0,0,3503,77068,77068,,,,,,,539182,539182,,,,0,539182,539182,,539182,539182,,,,0,539182,539182
2024,175935,00241300,Meridian Community College,MS,13,,3,NJCAA,566,1314,1880,26,Volleyball,,13,,,0,13,0,0,2266,29452,29452,,,,,,,126997,126997,,,,0,126997,126997,,124920,124920,,,,0,124920,124920
2024,166850,00212000,Merrimack College,MA,2,,1,NCAA,1772,2043,3815,26,Volleyball,20,15,,,20,15,4358,87165,5338,80069,167234,,,,,,467025,412820,879845,,,,467025,412820,879845,467025,412820,879845,,,,467025,412820,879845
2024,105154,00107700,Mesa Community College,AZ,13,,3,NJCAA,2216,2256,4472,26,Volleyball,,16,,,0,16,0,0,1393,22287,22287,,,,,,,109219,109219,,,,0,109219,109219,,109219,109219,,,,0,109219,109219
2024,213996,00329800,Messiah University,PA,7,,1,NCAA,938,1274,2212,26,Volleyball,17,19,,,17,19,1280,21767,1273,24188,45955,,,,,,53790,85142,138932,,,,53790,85142,138932,48251,87553,135804,,,,48251,87553,135804
2024,198969,00294600,Methodist University,NC,6,,1,NCAA,770,580,1350,26,Volleyball,,15,,,0,15,0,0,3151,47266,47266,,,,,,,119282,119282,,,,0,119282,119282,,119282,119282,,,,0,119282,119282
2024,177995,00248400,Metropolitan Community College-Kansas City,MO,8,NJCAA Division I and II,8,other,2250,2930,5180,26,Volleyball,,14,,,0,14,0,0,3533,49459,49459,,,,,,,131192,131192,,,,0,131192,131192,,123477,123477,,,,0,123477,123477
2024,127565,00136000,Metropolitan State University of Denver,CO,5,,1,NCAA,3983,4479,8462,26,Volleyball,,16,,,0,16,0,0,5401,86418,86418,,,,,,,837862,837862,,,,0,837862,837862,,829768,829768,,,,0,829768,829768
2024,135717,00150600,Miami Dade College,FL,12,,3,NJCAA,9743,12647,22390,26,Volleyball,,16,,,0,16,0,0,4355,69676,69676,,,,,,,520497,520497,,,,0,520497,520497,,520497,520497,,,,0,520497,520497
2024,204024,00307700,Miami University-Oxford,OH,1,,1,NCAA,7767,8510,16277,26,Volleyball,,23,,,0,23,0,0,8957,206022,206022,,,,,,,1450220,1450220,,,,0,1450220,1450220,,1450220,1450220,,,,0,1450220,1450220
2024,171100,00229000,Michigan State University,MI,1,,1,NCAA,18483,19923,38406,26,Volleyball,,21,,,0,21,0,0,40506,850635,850635,,,,,,,4152418,4152418,,,,0,4152418,4152418,,4152418,4152418,,,,0,4152418,4152418
2024,171128,00229200,Michigan Technological University,MI,4,,1,NCAA,4085,1676,5761,26,Volleyball,,19,,,0,19,0,0,6844,130031,130031,,,,,,,793085,793085,,,,0,793085,793085,,793922,793922,,,,0,793922,793922
2024,245953,00694200,Mid-America Christian University,OK,9,,2,NAIA,487,836,1323,26,Volleyball,,16,,,0,16,0,0,3323,53163,53163,,,,,,,261495,261495,,,,0,261495,261495,,254446,254446,,,,0,254446,254446
2024,199458,02280900,Mid-Atlantic Christian University,NC,20,,8,other,85,21,106,26,Volleyball,,8,,,0,8,0,0,1260,10078,10078,,,,,,,30194,30194,,,,0,30194,30194,,30194,30194,,,,0,30194,30194
2024,181312,00255700,Mid-Plains Community College,NE,12,,3,NJCAA,312,289,601,26,Volleyball,,29,,,0,29,0,0,3672,106494,106494,,,,,,,293247,293247,,,,0,293247,293247,,293247,293247,,,,0,293247,293247
2024,155520,00703200,MidAmerica Nazarene University,KS,9,,2,NAIA,457,459,916,26,Volleyball,,35,,,0,35,0,0,1690,59145,59145,,,,,,,597961,597961,,,,0,597961,597961,,560446,560446,,,,0,560446,560446
2024,482158,00158100,Middle Georgia State University,GA,9,,2,NAIA,2175,2130,4305,26,Volleyball,,12,,,0,12,0,0,2275,27297,27297,,,,,,,80824,80824,,,,0,80824,80824,,80824,80824,,,,0,80824,80824
2024,220978,00351000,Middle Tennessee State University,TN,1,,1,NCAA,6796,7322,14118,26,Volleyball,,18,,,0,18,0,0,21344,384186,384186,,,,,,,1365543,1365543,,,,0,1365543,1365543,,1365543,1365543,,,,0,1365543,1365543
2024,230959,00369100,Middlebury College,VT,6,,1,NCAA,1268,1460,2728,26,Volleyball,,16,,,0,16,0,0,3354,53671,53671,,,,,,,206373,206373,,,,0,206373,206373,,206373,206373,,,,0,206373,206373
2024,185536,00261500,Middlesex College,NJ,14,,3,NJCAA,1968,2210,4178,26,Volleyball,12,,,,12,0,2423,29078,0,0,29078,,,,,,41800,,41800,,,,41800,0,41800,41800,,41800,,,,41800,0,41800
2024,226806,00979700,Midland College,TX,12,,3,NJCAA,616,1040,1656,26,Volleyball,,12,,,0,12,0,0,4481,53777,53777,,,,,,,318299,318299,,,,0,318299,318299,,318299,318299,,,,0,318299,318299
2024,181330,00255300,Midland University,NE,10,,2,NAIA,647,504,1151,26,Volleyball,,31,,,0,31,0,0,2441,75679,75679,,,,,,,1020162,1020162,,,,0,1020162,1020162,,517797,517797,,,,0,517797,517797
2024,157377,00197500,Midway University,KY,9,,2,NAIA,433,642,1075,26,Volleyball,12,26,,,12,26,2458,29496,1478,38439,67935,,,,,,129867,207352,337219,,,,129867,207352,337219,129867,207352,337219,,,,129867,207352,337219
2024,178208,00248500,Midwestern Baptist Theological Seminary,MO,16,,4,NCCAA,345,158,503,26,Volleyball,,12,,,0,12,0,0,1101,13214,13214,,,,,,,98372,98372,,,,0,98372,98372,,98372,98372,,,,0,98372,98372
2024,226833,00359200,Midwestern State University,TX,4,,1,NCAA,1261,2101,3362,26,Volleyball,,20,,,0,20,0,0,2370,47399,47399,,,,,,,346032,346032,,,,0,346032,346032,,346032,346032,,,,0,346032,346032
2024,101675,00102800,Miles College,AL,4,,1,NCAA,577,542,1119,26,Volleyball,,15,,,0,15,0,0,4103,61547,61547,,,,,,,154840,154840,,,,0,154840,154840,,154840,154840,,,,0,154840,154840
2024,180373,00252800,Miles Community College,MT,12,,3,NJCAA,86,153,239,26,Volleyball,,14,,,0,14,0,0,4944,69214,69214,,,,,,,201937,201937,,,,0,201937,201937,,224419,224419,,,,0,224419,224419
2024,214041,00332500,Millersville University of Pennsylvania,PA,4,,1,NCAA,1994,2669,4663,26,Volleyball,,20,,,0,20,0,0,2669,53385,53385,,,,,,,302455,302455,,,,0,302455,302455,,302455,302455,,,,0,302455,302455
2024,486901,00351100,Milligan University,TN,10,,2,NAIA,413,399,812,26,Volleyball,,15,,,0,15,0,0,3753,56292,56292,,,,,,,325811,325811,,,,0,325811,325811,,323352,323352,,,,0,323352,323352
2024,147244,00172400,Millikin University,IL,6,,1,NCAA,623,701,1324,26,Volleyball,,34,,,0,34,0,0,1826,62073,62073,,,,,,,208298,208298,,,,0,208298,208298,,208298,208298,,,,0,208298,208298
2024,175980,00241400,Millsaps College,MS,6,,1,NCAA,296,247,543,26,Volleyball,,19,,,0,19,0,0,2914,55359,55359,,,,,,,149178,149178,,,,0,149178,149178,,149178,149178,,,,0,149178,149178
2024,239248,00386600,Milwaukee Area Technical College,WI,13,,3,NJCAA,1406,1633,3039,26,Volleyball,,13,,,0,13,0,0,4856,63123,63123,,,,,,,134018,134018,,,,0,134018,134018,,134018,134018,,,,0,134018,134018
2024,239318,00386800,Milwaukee School of Engineering,WI,7,,1,NCAA,1833,762,2595,26,Volleyball,17,20,,,17,20,3911,66479,2396,47921,114400,,,,,,167792,137828,305620,,,,167792,137828,305620,167792,137828,305620,,,,167792,137828,305620
2024,178217,00248600,Mineral Area College,MO,8,NJCAA Div I;  NJCAA Div II; NJCAA Div III,8,other,530,757,1287,26,Volleyball,,14,,,0,14,0,0,2328,32594,32594,,,,,,,273805,273805,,,,0,273805,273805,,264843,264843,,,,0,264843,264843
2024,173735,00235500,Minnesota North College,MN,14,,3,NJCAA,881,612,1493,26,Volleyball,,60,,,0,60,0,0,2157,129409,129409,,,,,,,353890,353890,,,,0,353890,353890,,353890,353890,,,,0,353890,353890
2024,173559,00554100,Minnesota State Community and Technical College,MN,14,,3,NJCAA,834,870,1704,26,Volleyball,,7,,,0,7,0,0,4596,32173,32173,,,,,,,73946,73946,,,,0,73946,73946,,73946,73946,,,,0,73946,73946
2024,174358,00236700,Minnesota State University Moorhead,MN,4,,1,NCAA,969,1629,2598,26,Volleyball,,22,,,0,22,0,0,3525,77559,77559,,,,,,,520191,520191,,,,0,520191,520191,,484592,484592,,,,0,484592,484592
2024,173920,00236000,Minnesota State University-Mankato,MN,4,,1,NCAA,4715,5303,10018,26,Volleyball,,21,,,0,21,0,0,8927,187462,187462,,,,,,,467481,467481,,,,0,467481,467481,,467480,467480,,,,0,467480,467480
2024,173638,00526300,Minnesota West Community and Technical College,MN,14,,3,NJCAA,481,398,879,26,Volleyball,,17,,,0,17,0,0,2650,45051,45051,,,,,,,81083,81083,,,,0,81083,81083,,81083,81083,,,,0,81083,81083
2024,200253,00299400,Minot State University,ND,4,,1,NCAA,678,1018,1696,26,Volleyball,,19,,,0,19,0,0,5145,97759,97759,,,,,,,377470,377470,,,,0,377470,377470,,377470,377470,,,,0,377470,377470
2024,118912,00123900,MiraCosta College,CA,17,,8,other,2049,2363,4412,26,Volleyball,,14,,,0,14,0,0,1186,16597,16597,,,,,,,60648,60648,,,,0,60648,60648,,58908,58908,,,,0,58908,58908
2024,214069,00324700,Misericordia University,PA,6,,1,NCAA,608,938,1546,26,Volleyball,22,18,,,22,18,2096,46114,2532,45567,91681,,,,,,96998,90575,187573,,,,96998,90575,187573,96998,90575,187573,,,,96998,90575,187573
2024,176664,01320800,Mission University,MO,9,,2,NAIA,216,120,336,26,Volleyball,,16,,,0,16,0,0,1313,21009,21009,,,,,,,116528,116528,,,,0,116528,116528,,116528,116528,,,,0,116528,116528
2024,176053,00241500,Mississippi College,MS,4,,1,NCAA,1028,1413,2441,26,Volleyball,,21,,,0,21,0,0,488,10254,10254,,,,,,,419046,419046,,,,0,419046,419046,,419046,419046,,,,0,419046,419046
2024,176080,00242300,Mississippi State University,MS,1,,1,NCAA,8166,8698,16864,26,Volleyball,,19,,,0,19,0,0,25705,488397,488397,,,,,,,2122385,2122385,,,,0,2122385,2122385,,2122385,2122385,,,,0,2122385,2122385
2024,176035,00242200,Mississippi University for Women,MS,7,,1,NCAA,293,1153,1446,26,Volleyball,,14,,,0,14,0,0,4372,61210,61210,,,,,,,130193,130193,,,,0,130193,130193,,127543,127543,,,,0,127543,127543
2024,176044,00242400,Mississippi Valley State University,MS,2,,1,NCAA,508,529,1037,26,Volleyball,,19,,,0,19,0,0,2280,43327,43327,,,,,,,238023,238023,,,,0,238023,238023,,238023,238023,,,,0,238023,238023
2024,178244,00754000,Missouri Baptist University,MO,9,,2,NAIA,611,687,1298,26,Volleyball,33,35,,,33,35,1264,41700,1592,55725,97425,,,,,,1369733,932875,2302608,,,,1369733,932875,2302608,1363662,917570,2281232,,,,1363662,917570,2281232
2024,178341,00248800,Missouri Southern State University,MO,4,,1,NCAA,991,1494,2485,26,Volleyball,,19,,,0,19,0,0,3131,59489,59489,,,,,,,389633,389633,,,,0,389633,389633,,389434,389434,,,,0,389434,389434
2024,179566,00250300,Missouri State University-Springfield,MO,2,,1,NCAA,4350,7158,11508,26,Volleyball,,19,,,0,19,0,0,14073,267383,267383,,,,,,,1065388,1065388,,,,0,1065388,1065388,,1065388,1065388,,,,0,1065388,1065388
2024,179344,03106000,Missouri State University-West Plains,MO,12,,3,NJCAA,263,475,738,26,Volleyball,,14,,,0,14,0,0,6842,95785,95785,,,,,,,460279,460279,,,,0,460279,460279,,460279,460279,,,,0,460279,460279
2024,178411,00251700,Missouri University of Science and Technology,MO,4,,1,NCAA,3921,1168,5089,26,Volleyball,18,16,,,18,16,4460,80288,4403,70446,150734,,,,,,321063,391016,712079,,,,321063,391016,712079,321063,391016,712079,,,,321063,391016,712079
2024,178369,00248900,Missouri Valley College,MO,9,,2,NAIA,819,562,1381,26,Volleyball,18,21,,,18,21,1215,21870,951,19968,41838,,,,,,573779,636590,1210369,,,,573779,636590,1210369,821870,726842,1548712,,,,821870,726842,1548712
2024,178387,00249000,Missouri Western State University,MO,4,,1,NCAA,807,1168,1975,26,Volleyball,,22,,,0,22,0,0,4253,93565,93565,,,,,,,563630,563630,,,,0,563630,563630,,531608,531608,,,,0,531608,531608
2024,129774,00139300,Mitchell College,CT,7,,1,NCAA,200,164,364,26,Volleyball,,13,,,0,13,0,0,1586,20621,20621,,,,,,,89986,89986,,,,0,89986,89986,,88858,88858,,,,0,88858,88858
2024,118976,00124000,Modesto Junior College,CA,17,,8,other,2464,3344,5808,26,Volleyball,,11,,,0,11,0,0,3758,41334,41334,,,,,,,103922,103922,,,,0,103922,103922,,103922,103922,,,,0,103922,103922
2024,193283,00287100,Mohawk Valley Community College,NY,14,,3,NJCAA,1060,1137,2197,26,Volleyball,,10,,,0,10,0,0,1852,18520,18520,,,,,,,32667,32667,,,,0,32667,32667,,32667,32667,,,,0,32667,32667
2024,193292,00277500,Molloy University,NY,5,,1,NCAA,771,1928,2699,26,Volleyball,,19,,,0,19,0,0,4519,85855,85855,,,,,,,354912,354912,,,,0,354912,354912,,351687,351687,,,,0,351687,351687
2024,147341,00172500,Monmouth College,IL,6,,1,NCAA,375,325,700,26,Volleyball,,20,,,0,20,0,0,1538,30757,30757,,,,,,,66898,66898,,,,0,66898,66898,,66898,66898,,,,0,66898,66898
2024,193326,00287200,Monroe Community College,NY,8,"We are multi-divisional. NJCAA Division I, II, III",8,other,1929,2567,4496,26,Volleyball,,13,,,0,13,0,0,1869,24295,24295,,,,,,,52776,52776,,,,0,52776,52776,,52776,52776,,,,0,52776,52776
2024,193308,00479900,Monroe University,NY,8,NJCAA Division I and NJCAA Division III,8,other,1465,2416,3881,26,Volleyball,31,27,,,31,27,3044,94376,6592,177993,272369,,,,,,180335,496972,677307,,,,180335,496972,677307,180336,496972,677308,,,,180336,496972,677308
2024,180461,00253200,Montana State University,MT,2,,1,NCAA,6901,5983,12884,26,Volleyball,,19,,,0,19,0,0,13437,255303,255303,,,,,,,949725,949725,,,,0,949725,949725,,1158051,1158051,,,,0,1158051,1158051
2024,180179,00253000,Montana State University Billings,MT,5,,1,NCAA,733,1088,1821,26,Volleyball,,16,,,0,16,0,0,6147,98359,98359,,,,,,,419634,419634,,,,0,419634,419634,,409213,409213,,,,0,409213,409213
2024,180522,00253300,Montana State University-Northern,MT,9,,2,NAIA,411,234,645,26,Volleyball,,13,,,0,13,0,0,3225,41921,41921,,,,,,,216489,216489,,,,0,216489,216489,,212750,212750,,,,0,212750,212750
2024,180416,00253100,Montana Technological University,MT,9,,2,NAIA,886,514,1400,26,Volleyball,,22,,,0,22,0,0,5389,118559,118559,,,,,,,323545,323545,,,,0,323545,323545,,323545,323545,,,,0,323545,323545
2024,171234,00229500,Montcalm Community College,MI,13,Other,3,NJCAA,138,250,388,26,Volleyball,,14,,,0,14,0,0,2795,39136,39136,,,,,,,56010,56010,,,,0,56010,56010,,56010,56010,,,,0,56010,56010
2024,185590,00261700,Montclair State University,NJ,6,,1,NCAA,7048,10133,17181,26,Volleyball,,17,,,0,17,0,0,2423,41188,41188,,,,,,,134667,134667,,,,0,134667,134667,,146561,146561,,,,0,146561,146561
2024,119067,00124200,Monterey Peninsula College,CA,17,,8,other,1105,1081,2186,26,Volleyball,,17,,,0,17,0,0,1755,29835,29835,,,,,,,79015,79015,,,,0,79015,79015,,79015,79015,,,,0,79015,79015
2024,163426,00691100,Montgomery College,MD,13,,3,NJCAA,2693,2462,5155,26,Volleyball,,15,,,0,15,0,0,3228,48419,48419,,,,,,,89947,89947,,,,0,89947,89947,,89947,89947,,,,0,89947,89947
2024,214111,00445200,Montgomery County Community College,PA,14,,3,NJCAA,1214,1177,2391,26,Volleyball,,10,,,0,10,0,0,4002,40017,40017,,,,,,,46679,46679,,,,0,46679,46679,,54018,54018,,,,0,54018,54018
2024,199032,00294800,Montreat College,NC,9,,2,NAIA,392,306,698,26,Volleyball,,16,,,0,16,0,0,1120,17917,17917,,,,,,,343517,343517,,,,0,343517,343517,,337103,337103,,,,0,337103,337103
2024,147369,00172700,Moody Bible Institute,IL,16,,4,NCCAA,651,571,1222,26,Volleyball,,9,,,0,9,0,0,1507,13562,13562,,,,,,,72736,72736,,,,0,72736,72736,,72736,72736,,,,0,72736,72736
2024,119137,00711500,Moorpark College,CA,17,,8,other,2313,2149,4462,26,Volleyball,21,15,,,21,15,1320,27719,1949,29228,56947,,,,,,114451,97963,212414,,,,114451,97963,212414,126395,107066,233461,,,,126395,107066,233461
2024,147378,00769200,Moraine Valley Community College,IL,13,,3,NJCAA,1967,2005,3972,26,Volleyball,,11,,,0,11,0,0,1684,18529,18529,,,,,,,54954,54954,,,,0,54954,54954,,54954,54954,,,,0,54954,54954
2024,214157,00330100,Moravian University,PA,6,,1,NCAA,744,1111,1855,26,Volleyball,,16,,,0,16,0,0,1906,30489,30489,,,,,,,142697,142697,,,,0,142697,142697,,129258,129258,,,,0,129258,129258
2024,157386,00197600,Morehead State University,KY,2,,1,NCAA,1662,2535,4197,26,Volleyball,,16,,,0,16,0,0,10197,163158,163158,,,,,,,744143,744143,,,,0,744143,744143,,744771,744771,,,,0,744771,744771
2024,163453,00208300,Morgan State University,MD,2,,1,NCAA,3210,5166,8376,26,Volleyball,,19,,,0,19,0,0,7007,133141,133141,,,,,,,781131,781131,,,,0,781131,781131,,763171,763171,,,,0,763171,763171
2024,154004,00187900,Morningside University,IA,9,,2,NAIA,555,559,1114,26,Volleyball,20,32,,,20,32,2315,46303,1948,62346,108649,,,,,,233876,483715,717591,,,,233876,483715,717591,232091,450795,682886,,,,232091,450795,682886
2024,218399,00343900,Morris College,SC,9,,2,NAIA,188,187,375,26,Volleyball,,15,,,0,15,0,0,625,9375,9375,,,,,,,79791,79791,,,,0,79791,79791,,79791,79791,,,,0,79791,79791
2024,147411,00172800,Morton College,IL,13,,3,NJCAA,530,572,1102,26,Volleyball,,12,,,0,12,0,0,2386,28635,28635,,,,,,,117171,117171,,,,0,117171,117171,,117171,117171,,,,0,117171,117171
2024,169275,00226100,Mott Community College,MI,13,,3,NJCAA,830,1110,1940,26,Volleyball,,10,,,0,10,0,0,3226,32255,32255,,,,,,,86866,86866,,,,0,86866,86866,,86866,86866,,,,0,86866,86866
2024,214166,00330200,Mount Aloysius College,PA,7,,1,NCAA,305,726,1031,26,Volleyball,11,19,,,11,19,1009,11102,1359,25812,36914,,,,,,48950,65044,113994,,,,48950,65044,113994,48950,65044,113994,,,,48950,65044,113994
2024,219198,00346500,Mount Marty University,SD,10,,2,NAIA,339,282,621,26,Volleyball,,32,,,0,32,0,0,1144,36622,36622,,,,,,,749801,749801,,,,0,749801,749801,,749801,749801,,,,0,749801,749801
2024,154013,00188000,Mount Mercy University,IA,9,,2,NAIA,446,627,1073,26,Volleyball,34,42,,,34,42,1210,41139,1035,43466,84605,,,,,,373889,364015,737904,,,,373889,364015,737904,373889,357422,731311,,,,373889,357422,731311
2024,193353,00277800,Mount Saint Mary College,NY,7,,1,NCAA,304,677,981,26,Volleyball,,16,,,0,16,0,0,2470,39512,39512,,,,,,,119273,119273,,,,0,119273,119273,,109384,109384,,,,0,109384,109384
2024,204200,00303300,Mount St. Joseph University,OH,6,,1,NCAA,505,580,1085,26,Volleyball,14,22,,,14,22,2814,39394,2099,46183,85577,,,,,,106085,189204,295289,,,,106085,189204,295289,106085,189204,295289,,,,106085,189204,295289
2024,204194,00708500,Mount Vernon Nazarene University,OH,9,,2,NAIA,550,798,1348,26,Volleyball,13,24,,,13,24,2410,31329,1610,38635,69964,,,,,,175285,273523,448808,,,,175285,273523,448808,175285,273523,448808,,,,175285,273523,448808
2024,209250,00320400,Mt Hood Community College,OR,19,,8,other,875,1078,1953,26,Volleyball,,14,,,0,14,0,0,2701,37812,37812,,,,,,,123579,123579,,,,0,123579,123579,,102596,102596,,,,0,102596,102596
2024,119164,00124500,Mt San Antonio College,CA,17,,8,other,4930,4913,9843,26,Volleyball,,20,,,0,20,0,0,558,11165,11165,,,,,,,87539,87539,,,,0,87539,87539,,91251,91251,,,,0,91251,91251
2024,119216,00124600,Mt San Jacinto Community College District,CA,17,,8,other,2753,3570,6323,26,Volleyball,,17,,,0,17,0,0,1237,21025,21025,,,,,,,62576,62576,,,,0,62576,62576,,62576,62576,,,,0,62576,62576
2024,214175,00330400,Muhlenberg College,PA,6,,1,NCAA,709,995,1704,26,Volleyball,,17,,,0,17,0,0,1939,32967,32967,,,,,,,152804,152804,,,,0,152804,152804,,152804,152804,,,,0,152804,152804
2024,157401,00197700,Murray State University,KY,2,,1,NCAA,2361,3737,6098,26,Volleyball,,13,,,0,13,0,0,10569,137394,137394,,,,,,,668166,668166,,,,0,668166,668166,,565891,565891,,,,0,565891,565891
2024,171304,00229700,Muskegon Community College,MI,13,,3,NJCAA,496,597,1093,26,Volleyball,,12,,,0,12,0,0,4487,53839,53839,,,,,,,79780,79780,,,,0,79780,79780,,81870,81870,,,,0,81870,81870
2024,204264,00308400,Muskingum University,OH,6,,1,NCAA,626,666,1292,26,Volleyball,,20,,,0,20,0,0,2258,45152,45152,,,,,,,194975,194975,,,,0,194975,194975,,194975,194975,,,,0,194975,194975
2024,119331,00124700,Napa Valley College,CA,17,,8,other,705,931,1636,26,Volleyball,,13,,,0,13,0,0,1513,19673,19673,,,,,,,60434,60434,,,,0,60434,60434,,60434,60434,,,,0,60434,60434
2024,193478,00287300,Nassau Community College,NY,14,,3,NJCAA,3457,3145,6602,26,Volleyball,16,11,,,16,11,2228,35641,3333,36662,72303,,,,,,68141,72624,140765,,,,68141,72624,140765,68141,74162,142303,,,,68141,74162,142303
2024,227146,00359300,Navarro College,TX,12,,3,NJCAA,815,1245,2060,26,Volleyball,,16,,,0,16,0,0,3851,61616,61616,,,,,,,322403,322403,,,,0,322403,322403,,322403,322403,,,,0,322403,322403
2024,193584,00277900,Nazareth University,NY,7,,1,NCAA,517,1310,1827,26,Volleyball,18,20,,,18,20,3632,65382,2902,58045,123427,,,,,,145577,151510,297087,,,,145577,151510,297087,138506,144535,283041,,,,138506,144535,283041
2024,181446,00255500,Nebraska Wesleyan University,NE,6,,1,NCAA,648,775,1423,26,Volleyball,,25,,,0,25,0,0,2673,66828,66828,,,,,,,192770,192770,,,,0,192770,192770,,175541,175541,,,,0,175541,175541
2024,228325,00361600,Nelson University,TX,9,,2,NAIA,661,621,1282,26,Volleyball,,25,,,0,25,0,0,3693,92315,92315,,,,,,,407206,407206,,,,0,407206,407206,,395661,395661,,,,0,395661,395661
2024,155566,00193600,Neosho County Community College,KS,8,NJCAA Division I and II,8,other,198,291,489,26,Volleyball,,16,,,0,16,0,0,1656,26490,26490,,,,,,,139885,139885,,,,0,139885,139885,,134743,134743,,,,0,134743,134743
2024,214272,00398800,Neumann University,PA,7,,1,NCAA,501,837,1338,26,Volleyball,16,13,,,16,13,1767,28277,2936,38170,66447,,,,,,51593,71883,123476,,,,51593,71883,123476,51593,71883,123476,,,,51593,71883,123476
2024,262129,03957400,New College of Florida,FL,9,,2,NAIA,385,448,833,26,Volleyball,,15,,,0,15,0,0,3525,52881,52881,,,,,,,353811,353811,,,,0,353811,353811,,353811,353811,,,,0,353811,353811
2024,182980,00257900,New England College,NH,6,,1,NCAA,432,566,998,26,Volleyball,,17,,,0,17,0,0,3276,55699,55699,,,,,,,151188,151188,,,,0,151188,151188,,151188,151188,,,,0,151188,151188
2024,185129,00261300,New Jersey City University,NJ,7,,1,NCAA,1473,1814,3287,26,Volleyball,20,13,,,20,13,1925,38500,3269,42500,81000,,,,,,174598,165842,340440,,,,174598,165842,340440,151845,149787,301632,,,,151845,149787,301632
2024,185828,00262100,New Jersey Institute of Technology,NJ,3,,1,NCAA,5954,2432,8386,26,Volleyball,17,17,,,17,17,8108,137836,4884,83026,220862,,,,,,751330,991364,1742694,,,,751330,991364,1742694,710331,977444,1687775,,,,710331,977444,1687775
2024,187897,00265300,New Mexico Highlands University,NM,4,,1,NCAA,443,491,934,26,Volleyball,,18,,,0,18,0,0,3600,64792,64792,,,,,,,323726,323726,,,,0,323726,323726,,323726,323726,,,,0,323726,323726
2024,187903,00265500,New Mexico Junior College,NM,12,,3,NJCAA,430,669,1099,26,Volleyball,,15,,,0,15,0,0,2729,40941,40941,,,,,,,431237,431237,,,,0,431237,431237,,431237,431237,,,,0,431237,431237
2024,187912,00265600,New Mexico Military Institute,NM,12,,3,NJCAA,266,65,331,26,Volleyball,,16,,,0,16,0,0,5627,90025,90025,,,,,,,452479,452479,,,,0,452479,452479,,474000,474000,,,,0,474000,474000
2024,188030,00265700,New Mexico State University-Main Campus,NM,1,,1,NCAA,4256,5883,10139,26,Volleyball,,27,,,0,27,0,0,9812,264930,264930,,,,,,,1224585,1224585,,,,0,1224585,1224585,,1224585,1224585,,,,0,1224585,1224585
2024,193900,00278500,New York University,NY,7,,1,NCAA,11264,16514,27778,26,Volleyball,21,24,,,21,24,4349,91323,8763,210321,301644,,,,,,501544,449434,950978,,,,501544,449434,950978,494434,440438,934872,,,,494434,440438,934872
2024,218414,00344000,Newberry College,SC,4,,1,NCAA,715,740,1455,26,Volleyball,,21,,,0,21,0,0,1702,35743,35743,,,,,,,336193,336193,,,,0,336193,336193,,348560,348560,,,,0,348560,348560
2024,155335,00193900,Newman University,KS,5,,1,NCAA,283,533,816,26,Volleyball,,20,,,0,20,0,0,1722,34431,34431,,,,,,,365951,365951,,,,0,365951,365951,,365951,365951,,,,0,365951,365951
2024,183099,00258100,NHTI-Concord's Community College,NH,20,,8,other,362,522,884,26,Volleyball,,8,,,0,8,0,0,1224,9793,9793,,,,,,,15331,15331,,,,0,15331,15331,,15331,15331,,,,0,15331,15331
2024,193946,00287400,Niagara County Community College,NY,8,both NJCAA Division II and Division III,8,other,854,1352,2206,26,Volleyball,,10,,,0,10,0,0,1777,17769,17769,,,,,,,50906,50906,,,,0,50906,50906,,46709,46709,,,,0,46709,46709
2024,193973,00278800,Niagara University,NY,3,,1,NCAA,870,1733,2603,26,Volleyball,,16,,,0,16,0,0,6952,111226,111226,,,,,,,472502,472502,,,,0,472502,472502,,472502,472502,,,,0,472502,472502
2024,159966,00200500,Nicholls State University,LA,2,,1,NCAA,1678,2604,4282,26,Volleyball,,21,,,0,21,0,0,4061,85287,85287,,,,,,,358741,358741,,,,0,358741,358741,,338802,338802,,,,0,338802,338802
2024,167260,00219700,Nichols College,MA,6,,1,NCAA,716,356,1072,26,Volleyball,18,16,,,18,16,1666,29985,1339,21431,51416,,,,,,40107,30525,70632,,,,40107,30525,70632,43513,35586,79099,,,,43513,35586,79099
2024,232937,00376500,Norfolk State University,VA,2,,1,NCAA,1636,3334,4970,26,Volleyball,,22,,,0,22,0,0,3842,84519,84519,,,,,,,539402,539402,,,,0,539402,539402,,539402,539402,,,,0,539402,539402
2024,199102,00290500,North Carolina A & T State University,NC,2,,1,NCAA,4157,7154,11311,26,Volleyball,,16,,,0,16,0,0,9281,148502,148502,,,,,,,547191,547191,,,,0,547191,547191,,547192,547192,,,,0,547192,547192
2024,199157,00295000,North Carolina Central University,NC,2,,1,NCAA,1634,3703,5337,26,Volleyball,,19,,,0,19,0,0,3300,62704,62704,,,,,,,517286,517286,,,,0,517286,517286,,517286,517286,,,,0,517286,517286
2024,199193,00297200,North Carolina State University at Raleigh,NC,1,,1,NCAA,12807,12968,25775,26,Volleyball,,18,,,0,18,0,0,20529,369513,369513,,,,,,,929645,929645,,,,0,929645,929645,,1763173,1763173,,,,0,1763173,1763173
2024,199209,00295100,North Carolina Wesleyan University,NC,6,,1,NCAA,517,516,1033,26,Volleyball,,19,,,0,19,0,0,1015,19276,19276,,,,,,,111784,111784,,,,0,111784,111784,,111784,111784,,,,0,111784,111784
2024,147660,00173400,North Central College,IL,6,,1,NCAA,1163,1229,2392,26,Volleyball,17,19,,,17,19,1651,28067,1663,31598,59665,,,,,,157588,155556,313144,,,,157588,155556,313144,124680,116147,240827,,,,124680,116147,240827
2024,171395,00229900,North Central Michigan College,MI,13,,3,NJCAA,235,329,564,26,Volleyball,,16,,,0,16,0,0,4297,68756,68756,,,,,,,123083,123083,,,,0,123083,123083,,127122,127122,,,,0,127122,127122
2024,224110,00355800,North Central Texas College,TX,12,,3,NJCAA,886,1231,2117,26,Volleyball,,14,,,0,14,0,0,3843,53798,53798,,,,,,,347933,347933,,,,0,347933,347933,,347933,347933,,,,0,347933,347933
2024,174437,00236900,North Central University,MN,7,,1,NCAA,300,341,641,26,Volleyball,,17,,,0,17,0,0,1530,26017,26017,,,,,,,69545,69545,,,,0,69545,69545,,69545,69545,,,,0,69545,69545
2024,200305,00299600,North Dakota State College of Science,ND,12,,3,NJCAA,1067,575,1642,26,Volleyball,,16,,,0,16,0,0,2573,41161,41161,,,,,,,141201,141201,,,,0,141201,141201,,144119,144119,,,,0,144119,144119
2024,200332,00299700,North Dakota State University-Main Campus,ND,2,,1,NCAA,4322,4358,8680,26,Volleyball,,17,,,0,17,0,0,12686,215661,215661,,,,,,,1026482,1026482,,,,0,1026482,1026482,,1026482,1026482,,,,0,1026482,1026482
2024,218441,00344100,North Greenville University,SC,4,,1,NCAA,833,910,1743,26,Volleyball,18,22,,,18,22,3645,65602,3109,68403,134005,,,,,,510230,623020,1133250,,,,510230,623020,1133250,502034,685701,1187735,,,,502034,685701,1187735
2024,142443,00162300,North Idaho College,ID,12,DUAL CONFERENCE AFFILIATION NWAC & NJCAA Div I,3,NJCAA,623,673,1296,26,Volleyball,,14,,,0,14,0,0,9183,128563,128563,,,,,,,461721,461721,,,,0,461721,461721,,461721,461721,,,,0,461721,461721
2024,154059,00187700,North Iowa Area Community College,IA,13,,3,NJCAA,535,507,1042,26,Volleyball,,15,,,0,15,0,0,3370,50545,50545,,,,,,,122816,122816,,,,0,122816,122816,,122816,122816,,,,0,122816,122816
2024,147679,00173500,North Park University,IL,6,,1,NCAA,763,967,1730,26,Volleyball,19,36,,,19,36,2960,56249,3664,131896,188145,,,,,,146352,271698,418050,,,,146352,271698,418050,146352,271698,418050,,,,146352,271698,418050
2024,214379,00719100,Northampton County Area Community College,PA,14,,3,NJCAA,1328,1800,3128,26,Volleyball,10,11,,,10,11,2582,25818,2045,22499,48317,,,,,,40926,36617,77543,,,,40926,36617,77543,40926,36617,77543,,,,40926,36617,77543
2024,181491,01166700,Northeast Community College,NE,13,,3,NJCAA,941,849,1790,26,Volleyball,,17,,,0,17,0,0,5125,87123,87123,,,,,,,218642,218642,,,,0,218642,218642,,218642,218642,,,,0,218642,218642
2024,176169,00242600,Northeast Mississippi Community College,MS,12,,3,NJCAA,958,1566,2524,26,Volleyball,,14,,,0,14,0,0,3531,49434,49434,,,,,,,229399,229399,,,,0,229399,229399,,229399,229399,,,,0,229399,229399
2024,127732,00136100,Northeastern Junior College,CO,12,,3,NJCAA,307,293,600,26,Volleyball,,17,,,0,17,0,0,3413,58021,58021,,,,,,,275229,275229,,,,0,275229,275229,,275229,275229,,,,0,275229,275229
2024,207290,00316000,Northeastern Oklahoma A&M College,OK,12,,3,NJCAA,553,801,1354,26,Volleyball,,15,,,0,15,0,0,1967,29506,29506,,,,,,,145998,145998,,,,0,145998,145998,,145998,145998,,,,0,145998,145998
2024,167358,00219900,Northeastern University,MA,3,,1,NCAA,7525,9801,17326,26,Volleyball,,19,,,0,19,0,0,9419,178965,178965,,,,,,,1518015,1518015,,,,0,1518015,1518015,,1518015,1518015,,,,0,1518015,1518015
2024,105330,00108200,Northern Arizona University,AZ,2,,1,NCAA,7622,12418,20040,26,Volleyball,,16,,,0,16,0,0,12066,193059,193059,,,,,,,851613,851613,,,,0,851613,851613,,851613,851613,,,,0,851613,851613
2024,167376,00217400,Northern Essex Community College,MA,14,,3,NJCAA,479,464,943,26,Volleyball,,11,,,0,11,0,0,683,7516,7516,,,,,,,17691,17691,,,,0,17691,17691,,16966,16966,,,,0,16966,16966
2024,147703,00173700,Northern Illinois University,IL,1,,1,NCAA,4643,5376,10019,26,Volleyball,,18,,,0,18,0,0,10005,180095,180095,,,,,,,1241515,1241515,,,,0,1241515,1241515,,1241515,1241515,,,,0,1241515,1241515
2024,157447,00927500,Northern Kentucky University,KY,3,,1,NCAA,2847,3949,6796,26,Volleyball,,16,,,0,16,0,0,8910,142564,142564,,,,,,,727012,727012,,,,0,727012,727012,,727012,727012,,,,0,727012,727012
2024,171456,00230100,Northern Michigan University,MI,4,,1,NCAA,2286,3464,5750,26,Volleyball,,20,,,0,20,0,0,7357,147147,147147,,,,,,,774451,774451,,,,0,774451,774451,,782480,782480,,,,0,782480,782480
2024,219259,00346600,Northern State University,SD,4,,1,NCAA,477,570,1047,26,Volleyball,,19,,,0,19,0,0,4459,84719,84719,,,,,,,524203,524203,,,,0,524203,524203,,502041,502041,,,,0,502041,502041
2024,240666,00393000,Northern Wyoming Community College District,WY,8,National Intercollegiate Rodeo Association,8,other,417,608,1025,26,Volleyball,,17,,,0,17,0,0,2348,39914,39914,,,,,,,250690,250690,,,,0,250690,250690,,250690,250690,,,,0,250690,250690
2024,174473,00238500,Northland Community and Technical College,MN,14,,3,NJCAA,369,468,837,26,Volleyball,,7,,,0,7,0,0,2161,15126,15126,,,,,,,39992,39992,,,,0,39992,39992,,39310,39310,,,,0,39310,39310
2024,240657,00393100,Northwest College,WY,12,,3,NJCAA,321,346,667,26,Volleyball,,15,,,0,15,0,0,3462,51934,51934,,,,,,,181913,181913,,,,0,181913,181913,,173413,173413,,,,0,173413,173413
2024,176178,00242700,Northwest Mississippi Community College,MS,13,,3,NJCAA,1806,2816,4622,26,Volleyball,,16,,,0,16,0,0,4826,77221,77221,,,,,,,227231,227231,,,,0,227231,227231,,227231,227231,,,,0,227231,227231
2024,178624,00249600,Northwest Missouri State University,MO,4,,1,NCAA,1560,2403,3963,26,Volleyball,,18,,,0,18,0,0,4875,87757,87757,,,,,,,643670,643670,,,,0,643670,643670,,643670,643670,,,,0,643670,643670
2024,142461,00162400,Northwest Nazarene University,ID,5,,1,NCAA,425,509,934,26,Volleyball,,16,,,0,16,0,0,6626,106022,106022,,,,,,,564153,564153,,,,0,564153,564153,,564153,564153,,,,0,564153,564153
2024,236133,00378300,Northwest University,WA,10,,2,NAIA,253,372,625,26,Volleyball,,18,,,0,18,0,0,4636,83448,83448,,,,,,,303995,303995,,,,0,303995,303995,,303995,303995,,,,0,303995,303995
2024,154101,00188300,Northwestern College,IA,10,NAIA,2,NAIA,547,510,1057,26,Volleyball,,27,,,0,27,0,0,1670,45091,45091,,,,,,,523685,523685,,,,0,523685,523685,,523685,523685,,,,0,523685,523685
2024,207306,00316300,Northwestern Oklahoma State University,OK,4,,1,NCAA,568,745,1313,26,Volleyball,,22,,,0,22,0,0,2627,57783,57783,,,,,,,279132,279132,,,,0,279132,279132,,229538,229538,,,,0,229538,229538
2024,160038,00202100,Northwestern State University of Louisiana,LA,2,,1,NCAA,1282,2884,4166,26,Volleyball,,15,,,0,15,0,0,6110,91644,91644,,,,,,,626216,626216,,,,0,626216,626216,,606097,606097,,,,0,606097,606097
2024,147767,00173900,Northwestern University,IL,1,,1,NCAA,4097,4851,8948,26,Volleyball,,17,,,0,17,0,0,29418,500105,500105,,,,,,,1748005,1748005,,,,0,1748005,1748005,,3537732,3537732,,,,0,3537732,3537732
2024,171492,00407200,Northwood University,MI,4,,1,NCAA,864,472,1336,26,Volleyball,,17,,,0,17,0,0,3755,63840,63840,,,,,,,482530,482530,,,,0,482530,482530,,482530,482530,,,,0,482530,482530
2024,230995,00369200,Norwich University,VT,6,,1,NCAA,1421,627,2048,26,Volleyball,,14,,,0,14,0,0,2455,34376,34376,,,,,,,114288,114288,,,,0,114288,114288,,114288,114288,,,,0,114288,114288
2024,163578,00206500,Notre Dame of Maryland University,MD,7,,1,NCAA,138,459,597,26,Volleyball,,19,,,0,19,0,0,1334,25346,25346,,,,,,,40281,40281,,,,0,40281,40281,,40230,40230,,,,0,40230,40230
2024,136215,00150900,Nova Southeastern University,FL,5,,1,NCAA,1966,4860,6826,26,Volleyball,,18,,,0,18,0,0,6795,122313,122313,,,,,,,643443,643443,,,,0,643443,643443,,643443,643443,,,,0,643443,643443
2024,152099,00182400,Oakland City University,IN,9,,2,NAIA,305,186,491,26,Volleyball,26,15,,,26,15,2722,70768,5073,76090,146858,,,,,,800602,510830,1311432,,,,800602,510830,1311432,800602,510830,1311432,,,,800602,510830,1311432
2024,171535,00230300,Oakland Community College,MI,13,,3,NJCAA,2117,1999,4116,26,Volleyball,,11,,,0,11,0,0,2032,22350,22350,,,,,,,54544,54544,,,,0,54544,54544,,54544,54544,,,,0,54544,54544
2024,171571,00230700,Oakland University,MI,3,,1,NCAA,4256,5923,10179,26,Volleyball,,19,,,0,19,0,0,5912,112328,112328,,,,,,,685373,685373,,,,0,685373,685373,,685373,685373,,,,0,685373,685373
2024,147800,00989600,Oakton College,IL,13,,3,NJCAA,1064,938,2002,26,Volleyball,,10,,,0,10,0,0,1500,14998,14998,,,,,,,57553,57553,,,,0,57553,57553,,57553,57553,,,,0,57553,57553
2024,101912,00103300,Oakwood University,AL,9,,2,NAIA,485,619,1104,26,Volleyball,,15,,,0,15,0,0,2398,35977,35977,,,,,,,101601,101601,,,,0,101601,101601,,101601,101601,,,,0,101601,101601
2024,204501,00308600,Oberlin College,OH,6,,1,NCAA,1174,1695,2869,26,Volleyball,,11,,,0,11,0,0,2556,28121,28121,,,,,,,165408,165408,,,,0,165408,165408,,165408,165408,,,,0,165408,165408
2024,120254,00124900,Occidental College,CA,7,,1,NCAA,769,1088,1857,26,Volleyball,,17,,,0,17,0,0,2375,40372,40372,,,,,,,150193,150193,,,,0,150193,150193,,140814,140814,,,,0,140814,140814
2024,185873,00262400,Ocean County College,NJ,14,,3,NJCAA,1378,1536,2914,26,Volleyball,12,11,,,12,11,777,9328,666,7329,16657,,,,,,21319,19320,40639,,,,21319,19320,40639,21319,19320,40639,,,,21319,19320,40639
2024,227304,00359600,Odessa College,TX,12,,3,NJCAA,926,1623,2549,26,Volleyball,,18,,,0,18,0,0,4987,89758,89758,,,,,,,281199,281199,,,,0,281199,281199,,281199,281199,,,,0,281199,281199
2024,140696,00158600,Oglethorpe University,GA,7,,1,NCAA,492,829,1321,26,Volleyball,,17,,,0,17,0,0,3148,53510,53510,,,,,,,122214,122214,,,,0,122214,122214,,122214,122214,,,,0,122214,122214
2024,201964,00303000,Ohio Christian University,OH,15,,4,NCCAA,266,340,606,26,Volleyball,,28,,,0,28,0,0,1391,38941,38941,,,,,,,178941,178941,,,,0,178941,178941,,178941,178941,,,,0,178941,178941
2024,204617,00303500,Ohio Dominican University,OH,4,,1,NCAA,369,353,722,26,Volleyball,,19,,,0,19,0,0,3610,68583,68583,,,,,,,290819,290819,,,,0,290819,290819,,292851,292851,,,,0,292851,292851
2024,204635,00308900,Ohio Northern University,OH,6,,1,NCAA,1346,1111,2457,26,Volleyball,,24,,,0,24,0,0,3056,73347,73347,,,,,,,218931,218931,,,,0,218931,218931,,218931,218931,,,,0,218931,218931
2024,204796,00309000,Ohio State University-Main Campus,OH,1,,1,NCAA,21178,21777,42955,26,Volleyball,19,20,,,19,20,16328,310237,37177,743544,1053781,,,,,,1498024,3161017,4659041,,,,1498024,3161017,4659041,1498024,3161017,4659041,,,,1498024,3161017,4659041
2024,204857,00310000,Ohio University-Main Campus,OH,1,,1,NCAA,6798,9890,16688,26,Volleyball,,17,,,0,17,0,0,11067,188142,188142,,,,,,,1223009,1223009,,,,0,1223009,1223009,,1223009,1223009,,,,0,1223009,1223009
2024,204909,00310900,Ohio Wesleyan University,OH,6,,1,NCAA,657,851,1508,26,Volleyball,,19,,,0,19,0,0,2043,38817,38817,,,,,,,192872,192872,,,,0,192872,192872,,192872,192872,,,,0,192872,192872
2024,120290,00448100,Ohlone College,CA,17,,8,other,1556,1401,2957,26,Volleyball,,14,,,0,14,0,0,1921,26897,26897,,,,,,,64150,64150,,,,0,64150,64150,,64060,64060,,,,0,64060,64060
2024,207403,00316400,Oklahoma Baptist University,OK,4,,1,NCAA,577,707,1284,26,Volleyball,,26,,,0,26,0,0,3051,79334,79334,,,,,,,611136,611136,,,,0,611136,611136,,542942,542942,,,,0,542942,542942
2024,207324,00316500,Oklahoma Christian University,OK,5,,1,NCAA,786,871,1657,26,Volleyball,,22,,,0,22,0,0,3932,86505,86505,,,,,,,440332,440332,,,,0,440332,440332,,412779,412779,,,,0,412779,412779
2024,207458,00316600,Oklahoma City University,OK,9,,2,NAIA,487,945,1432,26,Volleyball,,17,,,0,17,0,0,2838,48247,48247,,,,,,,804869,804869,,,,0,804869,804869,,804869,804869,,,,0,804869,804869
2024,207351,00317400,Oklahoma Panhandle State University,OK,9,,2,NAIA,364,395,759,26,Volleyball,,15,,,0,15,0,0,4807,72101,72101,,,,,,,256097,256097,,,,0,256097,256097,,250918,250918,,,,0,250918,250918
2024,206835,00315100,Oklahoma Wesleyan University,OK,10,,2,NAIA,338,270,608,26,Volleyball,,34,,,0,34,0,0,1325,45048,45048,,,,,,,723963,723963,,,,0,723963,723963,,723963,723963,,,,0,723963,723963
2024,232982,00372800,Old Dominion University,VA,1,,1,NCAA,6238,7336,13574,26,Volleyball,,20,,,0,20,0,0,10365,207302,207302,,,,,,,1221754,1221754,,,,0,1221754,1221754,,1221754,1221754,,,,0,1221754,1221754
2024,147828,00174100,Olivet Nazarene University,IL,9,,2,NAIA,1170,1347,2517,26,Volleyball,20,23,,,20,23,1551,31012,1758,40441,71453,,,,,,294479,325227,619706,,,,294479,325227,619706,281715,294605,576320,,,,281715,294605,576320
2024,236188,00378400,Olympic College,WA,19,,8,other,854,1323,2177,26,Volleyball,,10,,,0,10,0,0,2356,23557,23557,,,,,,,41967,41967,,,,0,41967,41967,,43564,43564,,,,0,43564,43564
2024,194222,00287500,Onondaga Community College,NY,14,,3,NJCAA,1507,1599,3106,26,Volleyball,,11,,,0,11,0,0,1578,17361,17361,,,,,,,37503,37503,,,,0,37503,37503,,33987,33987,,,,0,33987,33987
2024,207582,00398500,Oral Roberts University,OK,3,,1,NCAA,1171,1634,2805,26,Volleyball,,18,,,0,18,0,0,11650,209694,209694,,,,,,,1042900,1042900,,,,0,1042900,1042900,,1042900,1042900,,,,0,1042900,1042900
2024,120342,00125000,Orange Coast College,CA,17,,8,other,3205,2871,6076,26,Volleyball,30,19,,,30,19,1815,54456,1209,22978,77434,,,,,,140247,170307,310554,,,,140247,170307,310554,140247,170307,310554,,,,140247,170307,310554
2024,194240,00287600,Orange County Community College,NY,8,NJCAA Div. II and Div. III,8,other,971,1237,2208,26,Volleyball,,9,,,0,9,0,0,2061,18549,18549,,,,,,,32350,32350,,,,0,32350,32350,,32350,32350,,,,0,32350,32350
2024,209506,00321100,Oregon Institute of Technology,OR,10,,2,NAIA,1112,1050,2162,26,Volleyball,,16,,,0,16,0,0,5988,95808,95808,,,,,,,382923,382923,,,,0,382923,382923,,390438,390438,,,,0,390438,390438
2024,209542,00321000,Oregon State University,OR,1,,1,NCAA,11136,10836,21972,26,Volleyball,,14,,,0,14,0,0,22422,313902,313902,,,,,,,1909379,1909379,,,,0,1909379,1909379,,1909379,1909379,,,,0,1909379,1909379
2024,127778,00136200,Otero College,CO,12,,3,NJCAA,223,232,455,26,Volleyball,,15,,,0,15,0,0,2042,30627,30627,,,,,,,234782,234782,,,,0,234782,234782,,234782,234782,,,,0,234782,234782
2024,155627,00193700,Ottawa University-Ottawa,KS,9,,2,NAIA,493,318,811,26,Volleyball,25,49,,,25,49,954,23852,849,41608,65460,,,,,,368338,450894,819232,,,,368338,450894,819232,450258,893758,1344016,,,,450258,893758,1344016
2024,464226,00193722,Ottawa University-Surprise,AZ,9,,2,NAIA,502,275,777,26,Volleyball,25,45,,,25,45,1957,48927,1733,77987,126914,,,,,,404176,769871,1174047,,,,404176,769871,1174047,573163,886712,1459875,,,,573163,886712,1459875
2024,204936,00311000,Otterbein University,OH,6,,1,NCAA,813,1251,2064,26,Volleyball,,26,,,0,26,0,0,1283,33356,33356,,,,,,,159179,159179,,,,0,159179,159179,,125628,125628,,,,0,125628,125628
2024,107512,00110200,Ouachita Baptist University,AR,4,,1,NCAA,706,874,1580,26,Volleyball,,20,,,0,20,0,0,4010,80205,80205,,,,,,,315517,315517,,,,0,315517,315517,,296082,296082,,,,0,296082,296082
2024,227331,00359800,Our Lady of the Lake University,TX,9,,2,NAIA,326,622,948,26,Volleyball,,25,,,0,25,0,0,4158,103962,103962,,,,,,,401787,401787,,,,0,401787,401787,,366634,366634,,,,0,366634,366634
2024,204945,00575300,Owens Community College,OH,14,,3,NJCAA,657,887,1544,26,Volleyball,,14,,,0,14,0,0,3836,53703,53703,,,,,,,78732,78732,,,,0,78732,78732,,92808,92808,,,,0,92808,92808
2024,178679,02202700,Ozark Christian College,MO,16,,4,NCCAA,269,237,506,26,Volleyball,,12,,,0,12,0,0,2108,25301,25301,,,,,,,37902,37902,,,,0,37902,37902,,37902,37902,,,,0,37902,37902
2024,194310,00279100,Pace University,NY,4,,1,NCAA,2524,4857,7381,26,Volleyball,,17,,,0,17,0,0,2575,43773,43773,,,,,,,265364,265364,,,,0,265364,265364,,263810,263810,,,,0,263810,263810
2024,236230,00378500,Pacific Lutheran University,WA,6,,1,NCAA,841,1512,2353,26,Volleyball,,16,,,0,16,0,0,5270,84317,84317,,,,,,,234800,234800,,,,0,234800,234800,,234800,234800,,,,0,234800,234800
2024,120865,00125800,Pacific Union College,CA,10,,2,NAIA,274,428,702,26,Volleyball,18,15,,,18,15,1465,26377,1927,28901,55278,,,,,,337237,279118,616355,,,,337237,279118,616355,335711,276752,612463,,,,335711,276752,612463
2024,209612,00321200,Pacific University,OR,6,,1,NCAA,633,813,1446,26,Volleyball,,32,,,0,32,0,0,2052,65669,65669,,,,,,,221533,221533,,,,0,221533,221533,,221533,221533,,,,0,221533,221533
2024,140720,00158700,Paine College,GA,15,Applied to the NCCAA Division I,4,NCCAA,154,200,354,26,Volleyball,,13,,,0,13,0,0,1602,20824,20824,,,,,,,127806,127806,,,,0,127806,127806,,127806,127806,,,,0,127806,127806
2024,136330,00884900,Palm Beach Atlantic University,FL,5,,1,NCAA,806,1674,2480,26,Volleyball,,21,,,0,21,0,0,3713,77969,77969,,,,,,,627763,627763,,,,0,627763,627763,,620539,620539,,,,0,620539,620539
2024,136358,00151200,Palm Beach State College,FL,8,NJCAA Division I and II,8,other,3421,4491,7912,26,Volleyball,,15,,,0,15,0,0,2073,31093,31093,,,,,,,166263,166263,,,,0,166263,166263,,166263,166263,,,,0,166263,166263
2024,120971,00126000,Palomar College,CA,17,,8,other,3354,2965,6319,26,Volleyball,24,20,,,24,20,913,21923,1294,25872,47795,,,,,,42159,34842,77001,,,,42159,34842,77001,42159,34842,77001,,,,42159,34842,77001
2024,227386,00360000,Panola College,TX,12,NIRA - National Intercollegiate Rodeo Association,3,NJCAA,282,583,865,26,Volleyball,,15,,,0,15,0,0,3250,48748,48748,,,,,,,284555,284555,,,,0,284555,284555,,282376,282376,,,,0,282376,282376
2024,178721,00249800,Park University,MO,9,,2,NAIA,1292,1215,2507,26,Volleyball,53,62,,,53,62,1891,100202,1900,117770,217972,,,,,,541143,756234,1297377,,,,541143,756234,1297377,541143,756234,1297377,,,,541143,756234,1297377
2024,147916,00711800,Parkland College,IL,13,,3,NJCAA,952,783,1735,26,Volleyball,,18,,,0,18,0,0,3298,59367,59367,,,,,,,164491,164491,,,,0,164491,164491,,164491,164491,,,,0,164491,164491
2024,121044,00126100,Pasadena City College,CA,17,,8,other,4256,4414,8670,26,Volleyball,,17,,,0,17,0,0,2331,39622,39622,,,,,,,217677,217677,,,,0,217677,217677,,224725,224725,,,,0,224725,224725
2024,136400,01065200,Pasco-Hernando State College,FL,13,,3,NJCAA,1320,1755,3075,26,Volleyball,,16,,,0,16,0,0,1492,23878,23878,,,,,,,119602,119602,,,,0,119602,119602,,119602,119602,,,,0,119602,119602
2024,186034,00999400,Passaic County Community College,NJ,14,,3,NJCAA,671,934,1605,26,Volleyball,8,,,,8,0,1059,8473,0,0,8473,,,,,,42121,,42121,,,,42121,0,42121,42121,,42121,,,,42121,0,42121
2024,233019,00375100,Patrick & Henry Community College,VA,14,,3,NJCAA,356,375,731,26,Volleyball,,10,,,0,10,0,0,1139,11390,11390,,,,,,,23720,23720,,,,0,23720,23720,,22890,22890,,,,0,22890,22890
2024,227429,00360200,Paul Quinn College,TX,9,,2,NAIA,151,226,377,26,Volleyball,,16,,,0,16,0,0,1502,24030,24030,,,,,,,49908,49908,,,,0,49908,49908,,49908,49908,,,,0,49908,49908
2024,194392,00279500,Paul Smiths College of Arts and Science,NY,20,USCAA,8,other,362,209,571,26,Volleyball,,8,,,0,8,0,0,3197,25576,25576,,,,,,,45174,45174,,,,0,45174,45174,,45174,45174,,,,0,45174,45174
2024,176239,00243000,Pearl River Community College,MS,12,,3,NJCAA,1391,2711,4102,26,Volleyball,,15,,,0,15,0,0,5672,85078,85078,,,,,,,247983,247983,,,,0,247983,247983,,247983,247983,,,,0,247983,247983
2024,221643,01269300,Pellissippi State Community College,TN,12,,3,NJCAA,2199,2199,4398,26,Volleyball,,11,,,0,11,0,0,2540,27937,27937,,,,,,,109054,109054,,,,0,109054,109054,,109054,109054,,,,0,109054,109054
2024,366252,00339500,Pennsylvania College of Technology,PA,7,,1,NCAA,2646,1057,3703,26,Volleyball,,11,,,0,11,0,0,3979,43773,43773,,,,,,,50996,50996,,,,0,50996,50996,,50996,50996,,,,0,50996,50996
2024,414911,03180400,Pennsylvania Highlands Community College,PA,14,,3,NJCAA,190,259,449,26,Volleyball,,9,,,0,9,0,0,666,5993,5993,,,,,,,10953,10953,,,,0,10953,10953,,10953,10953,,,,0,10953,10953
2024,214777,00332900,Pennsylvania State University-Main Campus,PA,1,,1,NCAA,21723,19725,41448,26,Volleyball,20,19,,,20,19,17413,348260,33580,638017,986277,,,,,,238463,882808,1121271,,,,238463,882808,1121271,1228606,3168305,4396911,,,,1228606,3168305,4396911
2024,214801,00332913,Pennsylvania State University-Penn State Abington,PA,7,,1,NCAA,1543,1124,2667,26,Volleyball,,17,,,0,17,0,0,2055,34938,34938,,,,,,,55152,55152,,,,0,55152,55152,,55152,55152,,,,0,55152,55152
2024,214689,00332903,Pennsylvania State University-Penn State Altoona,PA,7,,1,NCAA,1246,1067,2313,26,Volleyball,19,17,,,19,17,1741,33088,1656,28148,61236,,,,,,69294,83620,152914,,,,69294,83620,152914,69294,83620,152914,,,,69294,83620,152914
2024,214698,00332904,Pennsylvania State University-Penn State Beaver,PA,20,,8,other,260,201,461,26,Volleyball,,12,,,0,12,0,0,1010,12115,12115,,,,,,,19315,19315,,,,0,19315,19315,,19315,19315,,,,0,19315,19315
2024,214704,00332906,Pennsylvania State University-Penn State Berks,PA,7,,1,NCAA,1033,728,1761,26,Volleyball,,8,,,0,8,0,0,4120,32956,32956,,,,,,,47018,47018,,,,0,47018,47018,,47896,47896,,,,0,47896,47896
2024,214731,00332921,Pennsylvania State University-Penn State Brandywine,PA,7,,1,NCAA,696,426,1122,26,Volleyball,,15,,,0,15,0,0,1327,19910,19910,,,,,,,32160,32160,,,,0,32160,32160,,32160,32160,,,,0,32160,32160
2024,214740,00332907,Pennsylvania State University-Penn State DuBois,PA,20,,8,other,214,123,337,26,Volleyball,,11,,,0,11,0,0,872,9589,9589,,,,,,,17013,17013,,,,0,17013,17013,,16689,16689,,,,0,16689,16689
2024,214591,00332905,Pennsylvania State University-Penn State Erie-Behrend College,PA,6,,1,NCAA,1959,1182,3141,26,Volleyball,14,15,,,14,15,3704,51849,2952,44273,96122,,,,,,89040,71882,160922,,,,89040,71882,160922,88540,70482,159022,,,,88540,70482,159022
2024,214759,00332908,Pennsylvania State University-Penn State Fayette- Eberly,PA,20,,8,other,180,200,380,26,Volleyball,,11,,,0,11,0,0,1454,15994,15994,,,,,,,33622,33622,,,,0,33622,33622,,46210,46210,,,,0,46210,46210
2024,214786,00332910,Pennsylvania State University-Penn State Greater Allegheny,PA,20,,8,other,210,126,336,26,Volleyball,,14,,,0,14,0,0,1604,22454,22454,,,,,,,30533,30533,,,,0,30533,30533,,30533,30533,,,,0,30533,30533
2024,214713,00332920,Pennsylvania State University-Penn State Harrisburg,PA,7,,1,NCAA,2251,1547,3798,26,Volleyball,,17,,,0,17,0,0,591,10052,10052,,,,,,,74640,74640,,,,0,74640,74640,,74640,74640,,,,0,74640,74640
2024,214768,00332909,Pennsylvania State University-Penn State Hazleton,PA,20,,8,other,270,208,478,26,Volleyball,,11,,,0,11,0,0,3542,38966,38966,,,,,,,58839,58839,,,,0,58839,58839,,50520,50520,,,,0,50520,50520
2024,214670,00332902,Pennsylvania State University-Penn State Lehigh Valley,PA,20,,8,other,472,318,790,26,Volleyball,,11,,,0,11,0,0,2066,22731,22731,,,,,,,31393,31393,,,,0,31393,31393,,31393,31393,,,,0,31393,31393
2024,214795,00332911,Pennsylvania State University-Penn State Mont Alto,PA,20,,8,other,211,298,509,26,Volleyball,,18,,,0,18,0,0,1356,24409,24409,,,,,,,49415,49415,,,,0,49415,49415,,43859,43859,,,,0,43859,43859
2024,214625,00332912,Pennsylvania State University-Penn State New Kensington,PA,20,,8,other,254,128,382,26,Volleyball,,11,,,0,11,0,0,1193,13119,13119,,,,,,,18979,18979,,,,0,18979,18979,,18979,18979,,,,0,18979,18979
2024,214810,00332914,Pennsylvania State University-Penn State Schuylkill,PA,20,,8,other,213,365,578,26,Volleyball,13,13,,,13,13,594,7722,684,8895,16617,,,,,,12287,13431,25718,,,,12287,13431,25718,12287,13431,25718,,,,12287,13431,25718
2024,214652,00332915,Pennsylvania State University-Penn State Scranton,PA,20,,8,other,428,306,734,26,Volleyball,,12,,,0,12,0,0,1702,20427,20427,,,,,,,36426,36426,,,,0,36426,36426,,36426,36426,,,,0,36426,36426
2024,214634,00332916,Pennsylvania State University-Penn State Shenango,PA,20,,8,other,95,111,206,26,Volleyball,,12,,,0,12,0,0,1524,18284,18284,,,,,,,27503,27503,,,,0,27503,27503,,37051,37051,,,,0,37051,37051
2024,214829,00332918,Pennsylvania State University-Penn State York,PA,20,,8,other,371,224,595,26,Volleyball,,12,,,0,12,0,0,1497,17960,17960,,,,,,,27609,27609,,,,0,27609,27609,,26857,26857,,,,0,26857,26857
2024,498571,00331600,Pennsylvania Western University,PA,4,,1,NCAA,2599,3864,6463,26,Volleyball,,62,,,0,62,0,0,3273,202949,202949,,,,,,,1338815,1338815,,,,0,1338815,1338815,,1266666,1266666,,,,0,1266666,1266666
2024,136473,00151300,Pensacola State College,FL,12,,3,NJCAA,1303,2252,3555,26,Volleyball,,15,,,0,15,0,0,3862,57930,57930,,,,,,,330798,330798,,,,0,330798,330798,,330798,330798,,,,0,330798,330798
2024,121150,01014900,Pepperdine University,CA,3,,1,NCAA,1371,2019,3390,26,Volleyball,27,21,,,27,21,14874,401600,15031,315645,717245,,,,,,1578564,1889813,3468377,,,,1578564,1889813,3468377,1578564,1889813,3468377,,,,1578564,1889813,3468377
2024,181534,00255900,Peru State College,NE,10,,2,NAIA,437,498,935,26,Volleyball,,32,,,0,32,0,0,31,1000,1000,,,,,,,3360,3360,,,,0,3360,3360,,76083,76083,,,,0,76083,76083
2024,199306,00295500,Pfeiffer University,NC,7,,1,NCAA,353,283,636,26,Volleyball,,21,,,0,21,0,0,1716,36036,36036,,,,,,,100833,100833,,,,0,100833,100833,,105875,105875,,,,0,105875,105875
2024,107600,00110300,Philander Smith University,AR,9,,2,NAIA,285,348,633,26,Volleyball,,16,,,0,16,0,0,6128,98048,98048,,,,,,,241764,241764,,,,0,241764,241764,,241764,241764,,,,0,241764,241764
2024,105428,00107800,Phoenix College,AZ,13,,3,NJCAA,953,1435,2388,26,Volleyball,,15,,,0,15,0,0,1756,26343,26343,,,,,,,97733,97733,,,,0,97733,97733,,97733,97733,,,,0,97733,97733
2024,140818,00158800,Piedmont University,GA,7,,1,NCAA,367,699,1066,26,Volleyball,,15,,,0,15,0,0,3324,49855,49855,,,,,,,103336,103336,,,,0,103336,103336,,103336,103336,,,,0,103336,103336
2024,235237,00500000,Pierce College District,WA,19,,8,other,1122,1916,3038,26,Volleyball,,14,,,0,14,0,0,3040,42558,42558,,,,,,,93402,93402,,,,0,93402,93402,,87387,87387,,,,0,87387,87387
2024,105525,00726600,Pima Community College,AZ,13,,3,NJCAA,1718,1799,3517,26,Volleyball,,13,,,0,13,0,0,3641,47328,47328,,,,,,,229364,229364,,,,0,229364,229364,,229364,229364,,,,0,229364,229364
2024,199333,00406200,Pitt Community College,NC,13,,3,NJCAA,1127,1485,2612,26,Volleyball,,14,,,0,14,0,0,1445,20224,20224,,,,,,,52762,52762,,,,0,52762,52762,,52762,52762,,,,0,52762,52762
2024,155681,00192600,Pittsburg State University,KS,4,,1,NCAA,1913,1976,3889,26,Volleyball,,18,,,0,18,0,0,6651,119718,119718,,,,,,,494937,494937,,,,0,494937,494937,,494937,494937,,,,0,494937,494937
2024,121257,00117200,Pitzer College,CA,6,,1,NCAA,494,701,1195,26,Volleyball,,19,,,0,19,0,0,957,18189,18189,,,,,,,198835,198835,,,,0,198835,198835,,189872,189872,,,,0,189872,189872
2024,183080,00259100,Plymouth State University,NH,6,,1,NCAA,1599,1492,3091,26,Volleyball,,21,,,0,21,0,0,2596,54506,54506,,,,,,,150598,150598,,,,0,150598,150598,,124318,124318,,,,0,124318,124318
2024,121309,00126200,Point Loma Nazarene University,CA,5,,1,NCAA,988,1771,2759,26,Volleyball,,18,,,0,18,0,0,7577,136380,136380,,,,,,,774068,774068,,,,0,774068,774068,,768598,768598,,,,0,768598,768598
2024,215442,00335700,Point Park University,PA,5,,1,NCAA,754,1406,2160,26,Volleyball,,19,,,0,19,0,0,1883,35774,35774,,,,,,,264944,264944,,,,0,264944,264944,,264422,264422,,,,0,264422,264422
2024,138868,00154700,Point University,GA,10,,2,NAIA,649,562,1211,26,Volleyball,,25,,,0,25,0,0,2763,69067,69067,,,,,,,315392,315392,,,,0,315392,315392,,315392,315392,,,,0,315392,315392
2024,136516,00151400,Polk State College,FL,12,,3,NJCAA,944,1546,2490,26,Volleyball,,10,,,0,10,0,0,2407,24074,24074,,,,,,,218836,218836,,,,0,218836,218836,,218836,218836,,,,0,218836,218836
2024,121345,00117300,Pomona College,CA,6,,1,NCAA,740,919,1659,26,Volleyball,,19,,,0,19,0,0,957,18189,18189,,,,,,,198835,198835,,,,0,198835,198835,,189872,189872,,,,0,189872,189872
2024,241410,00393600,Pontifical Catholic University of Puerto Rico-Ponce,PR,8,Liga Atlética Interuniversitaria (LAI),8,other,1203,2189,3392,26,Volleyball,14,15,,,14,15,151,2109,176,2647,4756,,,,,,53132,44517,97649,,,,53132,44517,97649,53132,44517,97649,,,,53132,44517,97649
2024,121363,00126800,Porterville College,CA,17,,8,other,476,711,1187,26,Volleyball,,12,,,0,12,0,0,1998,23975,23975,,,,,,,109479,109479,,,,0,109479,109479,,107239,107239,,,,0,107239,107239
2024,209807,00321600,Portland State University,OR,2,,1,NCAA,4338,5671,10009,26,Volleyball,,14,,,0,14,0,0,11048,154665,154665,,,,,,,931430,931430,,,,0,931430,931430,,931430,931430,,,,0,931430,931430
2024,130183,00140100,Post University,CT,4,,1,NCAA,1394,4021,5415,26,Volleyball,,13,,,0,13,0,0,5391,70079,70079,,,,,,,410168,410168,,,,0,410168,410168,,409768,409768,,,,0,409768,409768
2024,237701,00382711,Potomac State College of West Virginia University,WV,13,,3,NJCAA,323,464,787,26,Volleyball,,10,,,0,10,0,0,1953,19527,19527,,,,,,,52061,52061,,,,0,52061,52061,,52061,52061,,,,0,52061,52061
2024,148007,00164000,Prairie State College,IL,13,,3,NJCAA,372,510,882,26,Volleyball,,10,,,0,10,0,0,811,8112,8112,,,,,,,39003,39003,,,,0,39003,39003,,39003,39003,,,,0,39003,39003
2024,227526,00363000,Prairie View A & M University,TX,2,,1,NCAA,2703,5458,8161,26,Volleyball,,15,,,0,15,0,0,7015,105225,105225,,,,,,,460149,460149,,,,0,460149,460149,,460149,460149,,,,0,460149,460149
2024,155715,00193800,Pratt Community College,KS,12,,3,NJCAA,305,182,487,26,Volleyball,,24,,,0,24,0,0,104,2496,2496,,,,,,,170318,170318,,,,0,170318,170318,,190318,190318,,,,0,190318,190318
2024,194578,00279800,Pratt Institute-Main,NY,7,NCAA Exploratory,1,NCAA,1063,2779,3842,26,Volleyball,14,10,,,14,10,2684,37577,3239,32392,69969,,,,,,87152,79392,166544,,,,87152,79392,166544,83624,81392,165016,,,,83624,81392,165016
2024,218539,00344500,Presbyterian College,SC,8,NCAA Division I-FCS with exception of Football,8,other,424,424,848,26,Volleyball,,20,,,0,20,0,0,4680,93592,93592,,,,,,,546934,546934,,,,0,546934,546934,,546934,546934,,,,0,546934,546934
2024,186131,00262700,Princeton University,NJ,2,,1,NCAA,2833,2876,5709,26,Volleyball,16,16,,,16,16,8326,133221,7511,120175,253396,,,,,,552159,715225,1267384,,,,552159,715225,1267384,552159,715225,1267384,,,,552159,715225,1267384
2024,148016,00174400,Principia College,IL,7,,1,NCAA,199,137,336,26,Volleyball,,6,,,0,6,0,0,1258,7550,7550,,,,,,,70595,70595,,,,0,70595,70595,,70595,70595,,,,0,70595,70595
2024,217402,00340600,Providence College,RI,3,,1,NCAA,1910,2252,4162,26,Volleyball,,17,,,0,17,0,0,10408,176941,176941,,,,,,,1283845,1283845,,,,0,1283845,1283845,,1283845,1283845,,,,0,1283845,1283845
2024,151102,00182800,Purdue University Fort Wayne,IN,3,,1,NCAA,2431,2263,4694,26,Volleyball,16,15,,,16,15,6529,104458,6475,97132,201590,,,,,,450857,531444,982301,,,,450857,531444,982301,422807,504461,927268,,,,422807,504461,927268
2024,490805,00182700,Purdue University Northwest,IN,5,,1,NCAA,2249,2357,4606,26,Volleyball,,20,,,0,20,0,0,4140,82801,82801,,,,,,,349195,349195,,,,0,349195,349195,,349195,349195,,,,0,349195,349195
2024,243780,00182500,Purdue University-Main Campus,IN,1,,1,NCAA,24972,16921,41893,26,Volleyball,,24,,,0,24,0,0,44690,1072567,1072567,,,,,,,8621165,8621165,,,,0,8621165,8621165,,3237136,3237136,,,,0,3237136,3237136
2024,199412,00295700,Queens University of Charlotte,NC,3,,1,NCAA,456,724,1180,26,Volleyball,22,17,,,22,17,7219,158810,6966,118415,277225,,,,,,488714,669040,1157754,,,,488714,669040,1157754,488714,669040,1157754,,,,488714,669040,1157754
2024,148131,00174500,Quincy University,IL,4,,1,NCAA,587,402,989,26,Volleyball,31,21,,,31,21,2127,65933,3524,74009,139942,,,,,,387377,527190,914567,,,,387377,527190,914567,416700,518103,934803,,,,416700,518103,934803
2024,130226,00140200,Quinnipiac University,CT,3,,1,NCAA,2550,3854,6404,26,Volleyball,,14,,,0,14,0,0,10633,148862,148862,,,,,,,1314454,1314454,,,,0,1314454,1314454,,1314454,1314454,,,,0,1314454,1314454
2024,167534,00217500,Quinsigamond Community College,MA,14,,3,NJCAA,942,1020,1962,26,Volleyball,,10,,,0,10,0,0,1018,10175,10175,,,,,,,21275,21275,,,,0,21275,21275,,21275,21275,,,,0,21275,21275
2024,233277,00373200,Radford University,VA,3,,1,NCAA,2016,3488,5504,26,Volleyball,,23,,,0,23,0,0,3633,83550,83550,,,,,,,559902,559902,,,,0,559902,559902,,559902,559902,,,,0,559902,559902
2024,186201,00934400,Ramapo College of New Jersey,NJ,7,,1,NCAA,1890,2638,4528,26,Volleyball,19,12,,,19,12,1396,26531,2369,28422,54953,,,,,,45812,43664,89476,,,,45812,43664,89476,47531,48843,96374,,,,47531,48843,96374
2024,207157,01026600,Randall University,OK,16,,4,NCCAA,151,95,246,26,Volleyball,,14,,,0,14,0,0,1936,27108,27108,,,,,,,89351,89351,,,,0,89351,89351,,89351,89351,,,,0,89351,89351
2024,233301,00373400,Randolph College,VA,7,,1,NCAA,283,374,657,26,Volleyball,16,19,,,16,19,3188,51015,2461,46751,97766,,,,,,120137,125079,245216,,,,120137,125079,245216,120137,125079,245216,,,,120137,125079,245216
2024,233295,00373300,Randolph-Macon College,VA,6,,1,NCAA,753,860,1613,26,Volleyball,21,19,,,21,19,2204,46287,4158,78993,125280,,,,,,90275,171700,261975,,,,90275,171700,261975,90222,171687,261909,,,,90222,171687,261909
2024,227687,00360300,Ranger College,TX,12,,3,NJCAA,331,416,747,26,Volleyball,,17,,,0,17,0,0,2308,39242,39242,,,,,,,234381,234381,,,,0,234381,234381,,234381,234381,,,,0,234381,234381
2024,186645,00773100,Raritan Valley Community College,NJ,13,,3,NJCAA,1415,1231,2646,26,Volleyball,,9,,,0,9,0,0,2946,26518,26518,,,,,,,39789,39789,,,,0,39789,39789,,39789,39789,,,,0,39789,39789
2024,117052,00130800,Reedley College,CA,17,,8,other,996,870,1866,26,Volleyball,,11,,,0,11,0,0,4433,48766,48766,,,,,,,107252,107252,,,,0,107252,107252,,105628,105628,,,,0,105628,105628
2024,231651,03091300,Regent University,VA,15,,4,NCCAA,1066,1624,2690,26,Volleyball,10,13,,,10,13,3150,31496,2701,35111,66607,,,,,,64422,68390,132812,,,,64422,68390,132812,64422,68390,132812,,,,64422,68390,132812
2024,167598,00220600,Regis College,MA,7,,1,NCAA,188,603,791,26,Volleyball,25,19,,,25,19,1027,25687,1194,22679,48366,,,,,,64526,61974,126500,,,,64526,61974,126500,64526,61913,126439,,,,64526,61913,126439
2024,127918,00136300,Regis University,CO,5,,1,NCAA,610,1243,1853,26,Volleyball,,16,,,0,16,0,0,4630,74086,74086,,,,,,,476070,476070,,,,0,476070,476070,,476070,476070,,,,0,476070,476070
2024,140872,00158900,Reinhardt University,GA,9,,2,NAIA,561,469,1030,26,Volleyball,25,45,,,25,45,2398,59961,1858,83609,143570,,,,,,265818,415144,680962,,,,265818,415144,680962,476777,590720,1067497,,,,476777,590720,1067497
2024,148256,00711900,Rend Lake College,IL,12,,3,NJCAA,346,523,869,26,Volleyball,,12,,,0,12,0,0,1658,19899,19899,,,,,,,96016,96016,,,,0,96016,96016,,91164,91164,,,,0,91164,91164
2024,217420,00340700,Rhode Island College,RI,7,,1,NCAA,1401,2937,4338,26,Volleyball,,17,,,0,17,0,0,1232,20939,20939,,,,,,,65384,65384,,,,0,65384,65384,,65384,65384,,,,0,65384,65384
2024,221351,00351900,Rhodes College,TN,6,,1,NCAA,731,1016,1747,26,Volleyball,,16,,,0,16,0,0,4551,72812,72812,,,,,,,185177,185177,,,,0,185177,185177,,185177,185177,,,,0,185177,185177
2024,227757,00360400,Rice University,TX,1,,1,NCAA,2349,2323,4672,26,Volleyball,,16,,,0,16,0,0,23838,381407,381407,,,,,,,2099601,2099601,,,,0,2099601,2099601,,2099601,2099601,,,,0,2099601,2099601
2024,233338,00370700,Richard Bland College,VA,13,,3,NJCAA,376,502,878,26,Volleyball,,15,,,0,15,0,0,5797,86949,86949,,,,,,,231001,231001,,,,0,231001,231001,,231001,231001,,,,0,231001,231001
2024,186283,00262800,Rider University,NJ,3,,1,NCAA,1305,1663,2968,26,Volleyball,,18,,,0,18,0,0,3744,67385,67385,,,,,,,429577,429577,,,,0,429577,429577,,429577,429577,,,,0,429577,429577
2024,175236,00525200,Ridgewater College,MN,14,,3,NJCAA,604,654,1258,26,Volleyball,,10,,,0,10,0,0,2240,22404,22404,,,,,,,35920,35920,,,,0,35920,35920,,38624,38624,,,,0,38624,38624
2024,121886,00126900,Rio Hondo College,CA,17,,8,other,2048,1872,3920,26,Volleyball,,14,,,0,14,0,0,1686,23598,23598,,,,,,,69340,69340,,,,0,69340,69340,,61791,61791,,,,0,61791,61791
2024,239628,00388400,Ripon College,WI,6,,1,NCAA,371,309,680,26,Volleyball,,18,,,0,18,0,0,1894,34088,34088,,,,,,,90607,90607,,,,0,90607,90607,,89682,89682,,,,0,89682,89682
2024,173063,00233500,Riverland Community College,MN,14,,3,NJCAA,472,436,908,26,Volleyball,,6,,,0,6,0,0,2152,12911,12911,,,,,,,29734,29734,,,,0,29734,29734,,29734,29734,,,,0,29734,29734
2024,121901,00127000,Riverside City College,CA,17,,8,other,2489,3155,5644,26,Volleyball,,20,,,0,20,0,0,948,18961,18961,,,,,,,291763,291763,,,,0,291763,291763,,291763,291763,,,,0,291763,291763
2024,183211,00258600,Rivier University,NH,7,,1,NCAA,312,663,975,26,Volleyball,21,16,,,21,16,2039,42814,2765,44246,87060,,,,,,115419,124746,240165,,,,115419,124746,240165,115419,124746,240165,,,,115419,124746,240165
2024,221397,00991400,Roane State Community College,TN,12,,3,NJCAA,750,1309,2059,26,Volleyball,,17,,,0,17,0,0,4209,71554,71554,,,,,,,219852,219852,,,,0,219852,219852,,219852,219852,,,,0,219852,219852
2024,233426,00373600,Roanoke College,VA,7,,1,NCAA,822,909,1731,26,Volleyball,19,23,,,19,23,2939,55846,2964,68162,124008,,,,,,119174,143488,262662,,,,119174,143488,262662,119174,143488,262662,,,,119174,143488,262662
2024,215655,00335900,Robert Morris University,PA,2,,1,NCAA,1520,1260,2780,26,Volleyball,,17,,,0,17,0,0,6148,104513,104513,,,,,,,697944,697944,,,,0,697944,697944,,697944,697944,,,,0,697944,697944
2024,194958,00280500,Roberts Wesleyan University,NY,5,,1,NCAA,367,621,988,26,Volleyball,22,12,,,22,12,3200,70397,3300,39602,109999,,,,,,278031,205738,483769,,,,278031,205738,483769,242609,205738,448347,,,,242609,205738,448347
2024,174738,00237300,Rochester Community and Technical College,MN,14,,3,NJCAA,722,736,1458,26,Volleyball,,13,,,0,13,0,0,3389,44058,44058,,,,,,,102160,102160,,,,0,102160,102160,,83307,83307,,,,0,83307,83307
2024,195003,00280600,Rochester Institute of Technology,NY,8,NCAA Division III & D1 M / W Hockey (no football),8,other,8364,4541,12905,26,Volleyball,,16,,,0,16,0,0,7275,116400,116400,,,,,,,365020,365020,,,,0,365020,365020,,340964,340964,,,,0,340964,340964
2024,170967,00228800,Rochester University,MI,9,,2,NAIA,291,372,663,26,Volleyball,,19,,,0,19,0,0,1684,31998,31998,,,,,,,289899,289899,,,,0,289899,289899,,270474,270474,,,,0,270474,270474
2024,148380,00174700,Rock Valley College,IL,13,,3,NJCAA,957,1022,1979,26,Volleyball,,14,,,0,14,0,0,2447,34252,34252,,,,,,,111791,111791,,,,0,111791,111791,,97300,97300,,,,0,97300,97300
2024,148405,00174800,Rockford University,IL,6,,1,NCAA,462,468,930,26,Volleyball,11,20,,,11,20,2805,30851,1229,24576,55427,,,,,,93810,85293,179103,,,,93810,85293,179103,93810,85293,179103,,,,93810,85293,179103
2024,179043,00249900,Rockhurst University,MO,5,,1,NCAA,569,916,1485,26,Volleyball,19,20,,,19,20,4537,86199,4443,88866,175065,,,,,,408988,392108,801096,,,,408988,392108,801096,408988,392108,801096,,,,408988,392108,801096
2024,199485,00295800,Rockingham Community College,NC,14,,3,NJCAA,179,153,332,26,Volleyball,,7,,,0,7,0,0,829,5802,5802,,,,,,,11084,11084,,,,0,11084,11084,,11084,11084,,,,0,11084,11084
2024,195058,00287700,Rockland Community College,NY,8,NJCAA Division II and NJCAA Division III,8,other,1244,1145,2389,26,Volleyball,,10,,,0,10,0,0,1172,11720,11720,,,,,,,20021,20021,,,,0,20021,20021,,20021,20021,,,,0,20021,20021
2024,180595,00253400,Rocky Mountain College,MT,9,,2,NAIA,455,371,826,26,Volleyball,,30,,,0,30,0,0,3048,91439,91439,,,,,,,490358,490358,,,,0,490358,490358,,490358,490358,,,,0,490358,490358
2024,217518,00341000,Roger Williams University,RI,7,,1,NCAA,1723,1878,3601,26,Volleyball,,14,,,0,14,0,0,3720,52074,52074,,,,,,,94662,94662,,,,0,94662,94662,,104541,104541,,,,0,104541,104541
2024,209940,01018200,Rogue Community College,OR,19,,8,other,638,867,1505,26,Volleyball,,10,,,0,10,0,0,5760,57603,57603,,,,,,,142923,142923,,,,0,142923,142923,,142923,142923,,,,0,142923,142923
2024,136950,00151500,Rollins College,FL,5,,1,NCAA,1004,1576,2580,26,Volleyball,,22,,,0,22,0,0,8814,193897,193897,,,,,,,874577,874577,,,,0,874577,874577,,874577,874577,,,,0,874577,874577
2024,148487,00174900,Roosevelt University,IL,4,,1,NCAA,973,1543,2516,26,Volleyball,17,16,,,17,16,3274,55665,4230,67683,123348,,,,,,238234,364558,602792,,,,238234,364558,602792,238234,364558,602792,,,,238234,364558,602792
2024,207670,00918500,Rose State College,OK,12,,3,NJCAA,774,1467,2241,26,Volleyball,,12,,,0,12,0,0,1691,20288,20288,,,,,,,37788,37788,,,,0,37788,37788,,37788,37788,,,,0,37788,37788
2024,152318,00183000,Rose-Hulman Institute of Technology,IN,6,,1,NCAA,1734,560,2294,26,Volleyball,,15,,,0,15,0,0,5275,79126,79126,,,,,,,204122,204122,,,,0,204122,204122,,204122,204122,,,,0,204122,204122
2024,215691,00336000,Rosemont College,PA,7,,1,NCAA,188,177,365,26,Volleyball,,8,,,0,8,0,0,3862,30893,30893,,,,,,,44671,44671,,,,0,44671,44671,,44671,44671,,,,0,44671,44671
2024,184791,00690100,Rowan College of South Jersey-Gloucester Campus,NJ,14,,3,NJCAA,1122,1513,2635,26,Volleyball,,9,,,0,9,0,0,1796,16164,16164,,,,,,,32350,32350,,,,0,32350,32350,,32350,32350,,,,0,32350,32350
2024,184782,00260900,Rowan University,NJ,6,,1,NCAA,7235,6946,14181,26,Volleyball,,18,,,0,18,0,0,3455,62194,62194,,,,,,,275005,275005,,,,0,275005,275005,,249940,249940,,,,0,249940,249940
2024,167631,01193000,Roxbury Community College,MA,14,,3,NJCAA,261,426,687,26,Volleyball,11,12,,,11,12,1394,15331,1732,20788,36119,,,,,,31331,36788,68119,,,,31331,36788,68119,31331,36788,68119,,,,31331,36788,68119
2024,195128,00281000,Russell Sage College,NY,7,,1,NCAA,400,815,1215,26,Volleyball,15,14,,,15,14,2364,35464,1775,24847,60311,,,,,,134003,128332,262335,,,,134003,128332,262335,128502,115464,243966,,,,128502,115464,243966
2024,176318,00243300,Rust College,MS,9,NAIA Division I,2,NAIA,205,214,419,26,Volleyball,,10,,,0,10,0,0,3100,31000,31000,,,,,,,72000,72000,,,,0,72000,72000,,134653,134653,,,,0,134653,134653
2024,186371,00262901,Rutgers University-Camden,NJ,7,,1,NCAA,1305,1955,3260,26,Volleyball,,13,,,0,13,0,0,2740,35626,35626,,,,,,,76606,76606,,,,0,76606,76606,,76606,76606,,,,0,76606,76606
2024,186380,00262900,Rutgers University-New Brunswick,NJ,1,,1,NCAA,18192,18378,36570,26,Volleyball,,17,,,0,17,0,0,41762,709948,709948,,,,,,,3208516,3208516,,,,0,3208516,3208516,,3208516,3208516,,,,0,3208516,3208516
2024,186399,00262902,Rutgers University-Newark,NJ,7,,1,NCAA,3246,3699,6945,26,Volleyball,17,19,,,17,19,4321,73460,2801,53226,126686,,,,,,206430,188438,394868,,,,206430,188438,394868,206430,188438,394868,,,,206430,188438,394868
2024,122180,00123300,Sacramento City College,CA,17,,8,other,2024,2511,4535,26,Volleyball,,17,,,0,17,0,0,1734,29473,29473,,,,,,,106907,106907,,,,0,106907,106907,,106907,106907,,,,0,106907,106907
2024,130253,00140300,Sacred Heart University,CT,2,,1,NCAA,2433,4330,6763,26,Volleyball,23,22,,,23,22,4851,111562,7255,159601,271163,,,,,,487097,1241010,1728107,,,,487097,1241010,1728107,487097,1241010,1728107,,,,487097,1241010,1728107
2024,122205,00891800,Saddleback College,CA,17,,8,other,3131,2927,6058,26,Volleyball,,14,,,0,14,0,0,1057,14796,14796,,,,,,,57084,57084,,,,0,57084,57084,,56390,56390,,,,0,56390,56390
2024,172051,00231400,Saginaw Valley State University,MI,4,,1,NCAA,1906,3372,5278,26,Volleyball,,19,,,0,19,0,0,3831,72783,72783,,,,,,,936969,936969,,,,0,936969,936969,,925364,925364,,,,0,925364,925364
2024,154235,00188900,Saint Ambrose University,IA,10,,2,NAIA,864,941,1805,26,Volleyball,21,34,,,21,34,2303,48365,2156,73303,121668,,,,,,238476,305665,544141,,,,238476,305665,544141,228966,295738,524704,,,,228966,295738,524704
2024,183239,00258700,Saint Anselm College,NH,4,,1,NCAA,834,1235,2069,26,Volleyball,,15,,,0,15,0,0,2733,40988,40988,,,,,,,229283,229283,,,,0,229283,229283,,216148,216148,,,,0,216148,216148
2024,174783,00237700,Saint Cloud State University,MN,5,,1,NCAA,1846,2162,4008,26,Volleyball,,18,,,0,18,0,0,5581,100457,100457,,,,,,,749148,749148,,,,0,749148,749148,,680926,680926,,,,0,680926,680926
2024,227845,00362100,Saint Edward's University,TX,5,,1,NCAA,965,1413,2378,26,Volleyball,,16,,,0,16,0,0,6508,104132,104132,,,,,,,661369,661369,,,,0,661369,661369,,686518,686518,,,,0,686518,686518
2024,186618,00260000,Saint Elizabeth University,NJ,7,,1,NCAA,217,299,516,26,Volleyball,11,15,,,11,15,3185,35038,2995,44918,79956,,,,,,57043,67412,124455,,,,57043,67412,124455,57043,67412,124455,,,,57043,67412,124455
2024,215743,00336600,Saint Francis University,PA,2,,1,NCAA,596,826,1422,26,Volleyball,21,20,,,21,20,6425,134933,5297,105931,240864,,,,,,499875,751662,1251537,,,,499875,751662,1251537,499875,751662,1251537,,,,499875,751662,1251537
2024,137281,00152300,Saint Johns River State College,FL,13,,3,NJCAA,731,1064,1795,26,Volleyball,,14,,,0,14,0,0,3118,43648,43648,,,,,,,256334,256334,,,,0,256334,256334,,258636,258636,,,,0,258636,258636
2024,161518,00205100,Saint Joseph's College of Maine,ME,7,,1,NCAA,317,483,800,26,Volleyball,,19,,,0,19,0,0,3086,58641,58641,,,,,,,199547,199547,,,,0,199547,199547,,199547,199547,,,,0,199547,199547
2024,137032,00152600,Saint Leo University,FL,5,,1,NCAA,1898,2594,4492,26,Volleyball,,26,,,0,26,0,0,1895,49279,49279,,,,,,,331341,331341,,,,0,331341,331341,,308905,308905,,,,0,308905,308905
2024,179308,00247100,Saint Louis Community College,MO,13,,3,NJCAA,1753,2983,4736,26,Volleyball,,14,,,0,14,0,0,3797,53164,53164,,,,,,,99961,99961,,,,0,99961,99961,,98361,98361,,,,0,98361,98361
2024,179159,00250600,Saint Louis University,MO,3,,1,NCAA,2666,4034,6700,26,Volleyball,,21,,,0,21,0,0,9645,202544,202544,,,,,,,1071125,1071125,,,,0,1071125,1071125,,1071125,1071125,,,,0,1071125,1071125
2024,236452,00379400,Saint Martin's University,WA,5,,1,NCAA,476,618,1094,26,Volleyball,,16,,,0,16,0,0,5390,86233,86233,,,,,,,388978,388978,,,,0,388978,388978,,388978,388978,,,,0,388978,388978
2024,123554,00130200,Saint Mary's College of California,CA,3,,1,NCAA,845,1002,1847,26,Volleyball,,16,,,0,16,0,0,11757,188118,188118,,,,,,,1481557,1481557,,,,0,1481557,1481557,,1481557,1481557,,,,0,1481557,1481557
2024,174817,00238000,Saint Mary's University of Minnesota,MN,7,,1,NCAA,401,478,879,26,Volleyball,,15,,,0,15,0,0,3550,53253,53253,,,,,,,142564,142564,,,,0,142564,142564,,142564,142564,,,,0,142564,142564
2024,152381,00183500,Saint Mary-of-the-Woods College,IN,9,,2,NAIA,250,524,774,26,Volleyball,25,35,,,25,35,1345,33625,1115,39020,72645,,,,,,251711,312639,564350,,,,251711,312639,564350,249883,312971,562854,,,,249883,312971,562854
2024,231059,00369400,Saint Michael's College,VT,5,,1,NCAA,502,581,1083,26,Volleyball,,15,,,0,15,0,0,3760,56397,56397,,,,,,,264846,264846,,,,0,264846,264846,,264846,264846,,,,0,264846,264846
2024,239716,00389200,Saint Norbert College,WI,6,,1,NCAA,768,883,1651,26,Volleyball,21,20,,,21,20,2324,48805,2729,54589,103394,,,,,,113436,142383,255819,,,,113436,142383,255819,113436,142383,255819,,,,113436,142383,255819
2024,186432,00263800,Saint Peter's University,NJ,3,,1,NCAA,850,1209,2059,26,Volleyball,,20,,,0,20,0,0,3313,66253,66253,,,,,,,189284,189284,,,,0,189284,189284,,189284,189284,,,,0,189284,189284
2024,215798,00336800,Saint Vincent College,PA,6,,1,NCAA,739,507,1246,26,Volleyball,14,24,,,14,24,2579,36102,2549,61186,97288,,,,,,64525,126122,190647,,,,64525,126122,190647,64525,126122,190647,,,,64525,126122,190647
2024,148627,00176800,Saint Xavier University,IL,10,,2,NAIA,1140,1800,2940,26,Volleyball,30,37,,,30,37,1484,44520,830,30695,75215,,,,,,350414,290956,641370,,,,350414,290956,641370,350414,290956,641370,,,,350414,290956,641370
2024,167729,00218800,Salem State University,MA,7,,1,NCAA,1373,2349,3722,26,Volleyball,,19,,,0,19,0,0,1529,29057,29057,,,,,,,40035,40035,,,,0,40035,40035,,40035,40035,,,,0,40035,40035
2024,237783,00382000,Salem University,WV,5,,1,NCAA,287,536,823,26,Volleyball,,17,,,0,17,0,0,1375,23383,23383,,,,,,,170645,170645,,,,0,170645,170645,,170337,170337,,,,0,170337,170337
2024,163851,00209100,Salisbury University,MD,6,,1,NCAA,2526,3289,5815,26,Volleyball,,22,,,0,22,0,0,3110,68418,68418,,,,,,,172089,172089,,,,0,172089,172089,,172089,172089,,,,0,172089,172089
2024,230746,00522000,Salt Lake Community College,UT,12,,3,NJCAA,2732,3309,6041,26,Volleyball,,15,,,0,15,0,0,8933,134002,134002,,,,,,,409383,409383,,,,0,409383,409383,,409383,409383,,,,0,409383,409383
2024,217536,00341100,Salve Regina University,RI,6,,1,NCAA,633,1437,2070,26,Volleyball,,20,,,0,20,0,0,2205,44102,44102,,,,,,,125650,125650,,,,0,125650,125650,,119779,119779,,,,0,119779,119779
2024,227881,00360600,Sam Houston State University,TX,1,,1,NCAA,5571,9254,14825,26,Volleyball,,21,,,0,21,0,0,9072,190520,190520,,,,,,,800706,800706,,,,0,800706,800706,,800706,800706,,,,0,800706,800706
2024,102049,00103600,Samford University,AL,2,,1,NCAA,1446,2702,4148,26,Volleyball,,16,,,0,16,0,0,5859,93748,93748,,,,,,,1155381,1155381,,,,0,1155381,1155381,,1062763,1062763,,,,0,1062763,1062763
2024,123527,00127200,San Bernardino Valley College,CA,17,,8,other,1657,1852,3509,26,Volleyball,,12,,,0,12,0,0,1721,20654,20654,,,,,,,44394,44394,,,,0,44394,44394,,44394,44394,,,,0,44394,44394
2024,122339,00127300,San Diego City College,CA,17,,8,other,609,579,1188,26,Volleyball,,15,,,0,15,0,0,390,5850,5850,,,,,,,68614,68614,,,,0,68614,68614,,68614,68614,,,,0,68614,68614
2024,122375,00127500,San Diego Mesa College,CA,17,,8,other,1413,1399,2812,26,Volleyball,22,19,,,22,19,526,11566,1438,27318,38884,,,,,,82672,98491,181163,,,,82672,98491,181163,82672,98491,181163,,,,82672,98491,181163
2024,122384,01182000,San Diego Miramar College,CA,17,,8,other,981,580,1561,26,Volleyball,17,6,,,17,6,1349,22934,2578,15468,38402,,,,,,59428,74463,133891,,,,59428,74463,133891,60987,67459,128446,,,,60987,67459,128446
2024,122409,00115100,San Diego State University,CA,1,,1,NCAA,13759,18371,32130,26,Volleyball,,17,,,0,17,0,0,26044,442740,442740,,,,,,,1249597,1249597,,,,0,1249597,1249597,,1631464,1631464,,,,0,1631464,1631464
2024,122597,00115400,San Francisco State University,CA,5,,1,NCAA,6932,8341,15273,26,Volleyball,,20,,,0,20,0,0,8786,175723,175723,,,,,,,538454,538454,,,,0,538454,538454,,538454,538454,,,,0,538454,538454
2024,122658,00128000,San Joaquin Delta College,CA,17,,8,other,3916,5025,8941,26,Volleyball,,15,,,0,15,0,0,1519,22780,22780,,,,,,,61302,61302,,,,0,61302,61302,,67111,67111,,,,0,67111,67111
2024,122746,00128200,San Jose City College,CA,17,,8,other,865,873,1738,26,Volleyball,,10,,,0,10,0,0,2295,22953,22953,,,,,,,78994,78994,,,,0,78994,78994,,78994,78994,,,,0,78994,78994
2024,122755,00115500,San Jose State University,CA,1,,1,NCAA,11661,10994,22655,26,Volleyball,,19,,,0,19,0,0,15856,301269,301269,,,,,,,1421571,1421571,,,,0,1421571,1421571,,1421571,1421571,,,,0,1421571,1421571
2024,199634,00296100,Sandhills Community College,NC,14,,3,NJCAA,474,661,1135,26,Volleyball,,17,,,0,17,0,0,2800,47600,47600,,,,,,,75024,75024,,,,0,75024,75024,,78050,78050,,,,0,78050,78050
2024,121619,00128400,Santa Ana College,CA,17,,8,other,2163,2089,4252,26,Volleyball,,10,,,0,10,0,0,1471,14713,14713,,,,,,,74411,74411,,,,0,74411,74411,,74411,74411,,,,0,74411,74411
2024,122889,00128500,Santa Barbara City College,CA,17,,8,other,2158,2553,4711,26,Volleyball,21,16,,,21,16,2202,46248,2178,34851,81099,,,,,,109951,113526,223477,,,,109951,113526,223477,109951,113526,223477,,,,109951,113526,223477
2024,122931,00132600,Santa Clara University,CA,3,,1,NCAA,3225,3194,6419,26,Volleyball,,22,,,0,22,0,0,14142,311123,311123,,,,,,,1839090,1839090,,,,0,1839090,1839090,,1839090,1839090,,,,0,1839090,1839090
2024,137096,00151900,Santa Fe College,FL,12,,3,NJCAA,2733,2821,5554,26,Volleyball,,14,,,0,14,0,0,3332,46641,46641,,,,,,,280374,280374,,,,0,280374,280374,,280374,280374,,,,0,280374,280374
2024,122977,00128600,Santa Monica College,CA,17,,8,other,4361,4945,9306,26,Volleyball,17,15,,,17,15,817,13890,1090,16355,30245,,,,,,106748,89528,196276,,,,106748,89528,196276,106748,89528,196276,,,,106748,89528,196276
2024,123013,00128700,Santa Rosa Junior College,CA,17,,8,other,2462,2534,4996,26,Volleyball,,17,,,0,17,0,0,2288,38896,38896,,,,,,,124406,124406,,,,0,124406,124406,,117810,117810,,,,0,117810,117810
2024,399212,03695700,Santiago Canyon College,CA,17,,8,other,1061,1008,2069,26,Volleyball,13,9,,,13,9,863,11214,541,4866,16080,,,,,,67191,55196,122387,,,,67191,55196,122387,67191,55196,122387,,,,67191,55196,122387
2024,195304,00281300,Sarah Lawrence College,NY,7,,1,NCAA,303,1207,1510,26,Volleyball,12,17,,,12,17,1644,19731,1488,25302,45033,,,,,,51699,55726,107425,,,,51699,55726,107425,51699,55726,107425,,,,51699,55726,107425
2024,148672,00175200,Sauk Valley Community College,IL,12,,3,NJCAA,259,368,627,26,Volleyball,,12,,,0,12,0,0,2567,30804,30804,,,,,,,104882,104882,,,,0,104882,104882,,102993,102993,,,,0,102993,102993
2024,140960,00159000,Savannah State University,GA,4,,1,NCAA,924,1577,2501,26,Volleyball,,13,,,0,13,0,0,1191,15489,15489,,,,,,,1210778,1210778,,,,0,1210778,1210778,,1210778,1210778,,,,0,1210778,1210778
2024,172200,00231500,Schoolcraft Community College District,MI,13,,3,NJCAA,1482,1548,3030,26,Volleyball,,11,,,0,11,0,0,755,8302,8302,,,,,,,69836,69836,,,,0,69836,69836,,74709,74709,,,,0,74709,74709
2024,228042,00361000,Schreiner University,TX,7,,1,NCAA,483,544,1027,26,Volleyball,,19,,,0,19,0,0,4140,78666,78666,,,,,,,200906,200906,,,,0,200906,200906,,206874,206874,,,,0,206874,206874
2024,105747,00830400,Scottsdale Community College,AZ,13,,3,NJCAA,717,791,1508,26,Volleyball,,15,,,0,15,0,0,1430,21445,21445,,,,,,,128370,128370,,,,0,128370,128370,,128370,128370,,,,0,128370,128370
2024,236577,00378800,Seattle Pacific University,WA,5,,1,NCAA,594,1113,1707,26,Volleyball,,17,,,0,17,0,0,2854,48515,48515,,,,,,,445742,445742,,,,0,445742,445742,,445742,445742,,,,0,445742,445742
2024,236595,00379000,Seattle University,WA,3,,1,NCAA,1560,2406,3966,26,Volleyball,,15,,,0,15,0,0,15912,238678,238678,,,,,,,1204079,1204079,,,,0,1204079,1204079,,1204079,1204079,,,,0,1204079,1204079
2024,207740,00317800,Seminole State College,OK,12,,3,NJCAA,231,442,673,26,Volleyball,,16,,,0,16,0,0,1500,23999,23999,,,,,,,156969,156969,,,,0,156969,156969,,156969,156969,,,,0,156969,156969
2024,186584,00263200,Seton Hall University,NJ,3,,1,NCAA,2574,3334,5908,26,Volleyball,,23,,,0,23,0,0,10218,235018,235018,,,,,,,1197626,1197626,,,,0,1197626,1197626,,1197626,1197626,,,,0,1197626,1197626
2024,215947,00336200,Seton Hill University,PA,4,,1,NCAA,522,872,1394,26,Volleyball,,21,,,0,21,0,0,3466,72793,72793,,,,,,,367670,367670,,,,0,367670,367670,,367670,367670,,,,0,367670,367670
2024,155858,00822800,Seward County Community College,KS,12,,3,NJCAA,325,409,734,26,Volleyball,,13,,,0,13,0,0,3953,51386,51386,,,,,,,248154,248154,,,,0,248154,248154,,248154,248154,,,,0,248154,248154
2024,123299,00128900,Shasta College,CA,17,,8,other,1283,1780,3063,26,Volleyball,,17,,,0,17,0,0,1630,27717,27717,,,,,,,62669,62669,,,,0,62669,62669,,62669,62669,,,,0,62669,62669
2024,199643,00296200,Shaw University,NC,4,,1,NCAA,411,410,821,26,Volleyball,,13,,,0,13,0,0,3000,39000,39000,,,,,,,286533,286533,,,,0,286533,286533,,286533,286533,,,,0,286533,286533
2024,148821,00769300,Shawnee Community College,IL,12,,3,NJCAA,154,276,430,26,Volleyball,,12,,,0,12,0,0,1826,21914,21914,,,,,,,111111,111111,,,,0,111111,111111,,111111,111111,,,,0,111111,111111
2024,205443,00994200,Shawnee State University,OH,9,,2,NAIA,833,1105,1938,26,Volleyball,,14,,,0,14,0,0,2024,28342,28342,,,,,,,169064,169064,,,,0,169064,169064,,125281,125281,,,,0,125281,125281
2024,233541,00373700,Shenandoah University,VA,6,,1,NCAA,874,1183,2057,26,Volleyball,,21,,,0,21,0,0,1257,26407,26407,,,,,,,169386,169386,,,,0,169386,169386,,169386,169386,,,,0,169386,169386
2024,237792,00382200,Shepherd University,WV,4,,1,NCAA,856,1291,2147,26,Volleyball,,18,,,0,18,0,0,2889,51998,51998,,,,,,,254633,254633,,,,0,254633,254633,,254633,254633,,,,0,254633,254633
2024,216010,00332600,Shippensburg University of Pennsylvania,PA,4,,1,NCAA,1897,1965,3862,26,Volleyball,,20,,,0,20,0,0,3677,73541,73541,,,,,,,454879,454879,,,,0,454879,454879,,436604,436604,,,,0,436604,436604
2024,236610,00379100,Shoreline Community College,WA,19,,8,other,724,816,1540,26,Volleyball,,12,,,0,12,0,0,1316,15789,15789,,,,,,,36744,36744,,,,0,36744,36744,,36744,36744,,,,0,36744,36744
2024,140988,00159100,Shorter University,GA,4,,1,NCAA,505,475,980,26,Volleyball,,20,,,0,20,0,0,2758,55150,55150,,,,,,,331027,331027,,,,0,331027,331027,,331027,331027,,,,0,331027,331027
2024,195474,00281600,Siena College,NY,3,,1,NCAA,1522,1809,3331,26,Volleyball,,18,,,0,18,0,0,927,16680,16680,,,,,,,931445,931445,,,,0,931445,931445,,858514,858514,,,,0,858514,858514
2024,172264,00231600,Siena Heights University,MI,10,,2,NAIA,540,587,1127,26,Volleyball,12,29,,,12,29,3465,41579,3080,89318,130897,,,,,,203640,373144,576784,,,,203640,373144,576784,203171,373144,576315,,,,203171,373144,576315
2024,123341,00129000,Sierra College,CA,17,,8,other,3124,3396,6520,26,Volleyball,,14,,,0,14,0,0,3017,42240,42240,,,,,,,137293,137293,,,,0,137293,137293,,139289,139289,,,,0,139289,139289
2024,800001,00844400,Simon Fraser University,,5,,1,NCAA,6187,6909,13096,26,Volleyball,,18,,,0,18,0,0,9550,171905,171905,,,,,,,436903,436903,,,,0,436903,436903,,406078,406078,,,,0,406078,406078
2024,154350,00188700,Simpson College,IA,6,,1,NCAA,601,600,1201,26,Volleyball,12,35,,,12,35,1157,13880,1218,42644,56524,,,,,,115450,134330,249780,,,,115450,134330,249780,87277,122110,209387,,,,87277,122110,209387
2024,123457,00129100,Simpson University,CA,10,,2,NAIA,394,337,731,26,Volleyball,16,19,,,16,19,3179,50863,2384,45297,96160,,,,,,490808,553559,1044367,,,,490808,553559,1044367,490808,553559,1044367,,,,490808,553559,1044367
2024,219408,02277300,Sisseton Wahpeton College,SD,18,,8,other,55,90,145,26,Volleyball,,10,,,0,10,0,0,828,8283,8283,,,,,,,16971,16971,,,,0,16971,16971,,13576,13576,,,,0,13576,13576
2024,236638,00379200,Skagit Valley College,WA,19,,8,other,708,979,1687,26,Volleyball,,10,,,0,10,0,0,2194,21941,21941,,,,,,,53170,53170,,,,0,53170,53170,,53170,53170,,,,0,53170,53170
2024,195526,00281400,Skidmore College,NY,7,,1,NCAA,1068,1600,2668,26,Volleyball,,16,,,0,16,0,0,3500,56003,56003,,,,,,,133207,133207,,,,0,133207,133207,,133207,133207,,,,0,133207,133207
2024,123509,00771300,Skyline College,CA,17,,8,other,968,1017,1985,26,Volleyball,,12,,,0,12,0,0,648,7776,7776,,,,,,,62411,62411,,,,0,62411,62411,,62411,62411,,,,0,62411,62411
2024,216038,00332700,Slippery Rock University of Pennsylvania,PA,4,,1,NCAA,2845,3581,6426,26,Volleyball,,19,,,0,19,0,0,3999,75987,75987,,,,,,,385389,385389,,,,0,385389,385389,,383246,383246,,,,0,383246,383246
2024,102076,00103800,Snead State Community College,AL,8,D1 sports Baseball/ Softball  All other D2,8,other,406,528,934,26,Volleyball,,18,,,0,18,0,0,2013,36239,36239,,,,,,,160292,160292,,,,0,160292,160292,,148411,148411,,,,0,148411,148411
2024,230597,00367900,Snow College,UT,12,,3,NJCAA,1271,1540,2811,26,Volleyball,,18,,,0,18,0,0,5518,99317,99317,,,,,,,323246,323246,,,,0,323246,323246,,323246,323246,,,,0,323246,323246
2024,399911,03814400,Soka University of America,CA,10,,2,NAIA,185,299,484,26,Volleyball,12,,,,12,0,2636,31630,0,0,31630,,,,,,86048,,86048,,,,86048,0,86048,85490,,85490,,,,85490,0,85490
2024,123563,00129200,Solano Community College,CA,17,,8,other,1282,1580,2862,26,Volleyball,,12,,,0,12,0,0,3332,39980,39980,,,,,,,159128,159128,,,,0,159128,159128,,159128,159128,,,,0,159128,159128
2024,123572,00115600,Sonoma State University,CA,5,,1,NCAA,1821,2741,4562,26,Volleyball,,22,,,0,22,0,0,4679,102941,102941,,,,,,,599683,599683,,,,0,599683,599683,,599683,599683,,,,0,599683,599683
2024,218733,00344600,South Carolina State University,SC,2,,1,NCAA,1221,1468,2689,26,Volleyball,,14,,,0,14,0,0,5966,83523,83523,,,,,,,307399,307399,,,,0,307399,307399,,307399,307399,,,,0,307399,307399
2024,219347,00347000,South Dakota School of Mines and Technology,SD,4,,1,NCAA,1426,368,1794,26,Volleyball,,19,,,0,19,0,0,1947,36989,36989,,,,,,,381596,381596,,,,0,381596,381596,,381596,381596,,,,0,381596,381596
2024,219356,00347100,South Dakota State University,SD,2,,1,NCAA,3743,4382,8125,26,Volleyball,,15,,,0,15,0,0,10910,163646,163646,,,,,,,741685,741685,,,,0,741685,741685,,741685,741685,,,,0,741685,741685
2024,137315,00152200,South Florida State College,FL,12,,3,NJCAA,314,547,861,26,Volleyball,,11,,,0,11,0,0,2494,27438,27438,,,,,,,129349,129349,,,,0,129349,129349,,129349,129349,,,,0,129349,129349
2024,105792,02146600,South Mountain Community College,AZ,13,,3,NJCAA,567,827,1394,26,Volleyball,,17,,,0,17,0,0,1754,29822,29822,,,,,,,132925,132925,,,,0,132925,132925,,104273,104273,,,,0,104273,104273
2024,236656,00537200,South Puget Sound Community College,WA,19,,8,other,762,1018,1780,26,Volleyball,,17,,,0,17,0,0,2832,48146,48146,,,,,,,97879,97879,,,,0,97879,97879,,97879,97879,,,,0,97879,97879
2024,149365,00176900,South Suburban College,IL,13,,3,NJCAA,293,487,780,26,Volleyball,,11,,,0,11,0,0,2510,27608,27608,,,,,,,97068,97068,,,,0,97068,97068,,97068,97068,,,,0,97068,97068
2024,181640,02508300,Southeast Community College Area,NE,13,,3,NJCAA,1988,1414,3402,26,Volleyball,,11,,,0,11,0,0,4875,53629,53629,,,,,,,135212,135212,,,,0,135212,135212,,126523,126523,,,,0,126523,126523
2024,179557,00250100,Southeast Missouri State University,MO,2,,1,NCAA,2307,3341,5648,26,Volleyball,,21,,,0,21,0,0,6685,140375,140375,,,,,,,582016,582016,,,,0,582016,582016,,582016,582016,,,,0,582016,582016
2024,154378,00184800,Southeastern Community College,IA,8,NJCAA Division I and II,8,other,485,654,1139,26,Volleyball,,17,,,0,17,0,0,3083,52415,52415,,,,,,,156018,156018,,,,0,156018,156018,,156018,156018,,,,0,156018,156018
2024,148937,00175700,Southeastern Illinois College,IL,12,,3,NJCAA,216,267,483,26,Volleyball,,10,,,0,10,0,0,2334,23339,23339,,,,,,,54062,54062,,,,0,54062,54062,,54062,54062,,,,0,54062,54062
2024,160612,00202400,Southeastern Louisiana University,LA,2,,1,NCAA,3055,4955,8010,26,Volleyball,,21,,,0,21,0,0,5661,118873,118873,,,,,,,722957,722957,,,,0,722957,722957,,722957,722957,,,,0,722957,722957
2024,207847,00317900,Southeastern Oklahoma State University,OK,4,,1,NCAA,1007,1261,2268,26,Volleyball,,16,,,0,16,0,0,4566,73060,73060,,,,,,,336044,336044,,,,0,336044,336044,,336044,336044,,,,0,336044,336044
2024,137564,00152100,Southeastern University,FL,9,,2,NAIA,1718,2516,4234,26,Volleyball,,19,,,0,19,0,0,1244,23635,23635,,,,,,,340775,340775,,,,0,340775,340775,,332705,332705,,,,0,332705,332705
2024,107983,00110700,Southern Arkansas University Main Campus,AR,4,,1,NCAA,1077,1513,2590,26,Volleyball,,20,,,0,20,0,0,1832,36649,36649,,,,,,,299725,299725,,,,0,299725,299725,,299725,299725,,,,0,299725,299725
2024,130493,00140600,Southern Connecticut State University,CT,4,,1,NCAA,2159,3321,5480,26,Volleyball,,18,,,0,18,0,0,2294,41294,41294,,,,,,,365939,365939,,,,0,365939,365939,,365939,365939,,,,0,365939,365939
2024,149231,00175900,Southern Illinois University Edwardsville,IL,3,,1,NCAA,3173,4281,7454,26,Volleyball,,16,,,0,16,0,0,7101,113620,113620,,,,,,,547643,547643,,,,0,547643,547643,,547643,547643,,,,0,547643,547643
2024,149222,00175800,Southern Illinois University-Carbondale,IL,2,,1,NCAA,3409,3938,7347,26,Volleyball,,16,,,0,16,0,0,9690,155046,155046,,,,,,,787888,787888,,,,0,787888,787888,,787888,787888,,,,0,787888,787888
2024,161545,00552500,Southern Maine Community College,ME,20,,8,other,1303,1540,2843,26,Volleyball,,12,,,0,12,0,0,1568,18812,18812,,,,,,,34735,34735,,,,0,34735,34735,,34735,34735,,,,0,34735,34735
2024,228246,00361300,Southern Methodist University,TX,1,,1,NCAA,3477,3668,7145,26,Volleyball,,14,,,0,14,0,0,86785,1214989,1214989,,,,,,,3585674,3585674,,,,0,3585674,3585674,,3585674,3585674,,,,0,3585674,3585674
2024,206862,00314900,Southern Nazarene University,OK,4,,1,NCAA,578,606,1184,26,Volleyball,,20,,,0,20,0,0,3266,65326,65326,,,,,,,436281,436281,,,,0,436281,436281,,427199,427199,,,,0,427199,427199
2024,183026,00258000,Southern New Hampshire University,NH,5,,1,NCAA,20716,32943,53659,26,Volleyball,,18,,,0,18,0,0,2031,36553,36553,,,,,,,273596,273596,,,,0,273596,273596,,273596,273596,,,,0,273596,273596
2024,210146,00321900,Southern Oregon University,OR,10,,2,NAIA,837,1441,2278,26,Volleyball,,17,,,0,17,0,0,9436,160408,160408,,,,,,,457518,457518,,,,0,457518,457518,,457518,457518,,,,0,457518,457518
2024,251260,00104000,Southern Union State Community College,AL,12,,3,NJCAA,1279,1257,2536,26,Volleyball,,17,,,0,17,0,0,1847,31402,31402,,,,,,,150097,150097,,,,0,150097,150097,,150097,150097,,,,0,150097,150097
2024,160621,00202500,Southern University and A & M College,LA,2,,1,NCAA,1818,3721,5539,26,Volleyball,,21,,,0,21,0,0,3403,71465,71465,,,,,,,312698,312698,,,,0,312698,312698,,418099,418099,,,,0,418099,418099
2024,160630,00202600,Southern University at New Orleans,LA,9,,2,NAIA,277,621,898,26,Volleyball,,10,,,0,10,0,0,7420,74202,74202,,,,,,,180401,180401,,,,0,180401,180401,,180401,180401,,,,0,180401,180401
2024,230603,00367800,Southern Utah University,UT,2,,1,NCAA,3470,4414,7884,26,Volleyball,,16,,,0,16,0,0,9542,152678,152678,,,,,,,776939,776939,,,,0,776939,776939,,711139,711139,,,,0,711139,711139
2024,233611,00373800,Southern Virginia University,VA,6,,1,NCAA,484,429,913,26,Volleyball,21,18,,,21,18,4616,96936,3918,70518,167454,,,,,,200928,177456,378384,,,,200928,177456,378384,200928,177456,378384,,,,200928,177456,378384
2024,217776,00342200,Southern Wesleyan University,SC,5,,1,NCAA,254,329,583,26,Volleyball,,19,,,0,19,0,0,3583,68082,68082,,,,,,,218659,218659,,,,0,218659,218659,,218659,218659,,,,0,218659,218659
2024,179326,00250200,Southwest Baptist University,MO,4,,1,NCAA,447,610,1057,26,Volleyball,,29,,,0,29,0,0,2371,68759,68759,,,,,,,358992,358992,,,,0,358992,358992,,358192,358192,,,,0,358192,358192
2024,175078,00237500,Southwest Minnesota State University,MN,4,,1,NCAA,609,1034,1643,26,Volleyball,,15,,,0,15,0,0,7577,113648,113648,,,,,,,551950,551950,,,,0,551950,551950,,551950,551950,,,,0,551950,551950
2024,233648,00726000,Southwest Virginia Community College,VA,8,NJCAA - Multiple Divisions Based On Sports,8,other,429,543,972,26,Volleyball,,18,,,0,18,0,0,1063,19130,19130,,,,,,,36156,36156,,,,0,36156,36156,,36156,36156,,,,0,36156,36156
2024,228468,00361900,Southwestern Adventist University,TX,16,,4,NCCAA,229,301,530,26,Volleyball,,16,,,0,16,0,0,973,15573,15573,,,,,,,41711,41711,,,,0,41711,41711,,28086,28086,,,,0,28086,28086
2024,228486,00361800,Southwestern Christian College,TX,12,,3,NJCAA,55,45,100,26,Volleyball,,17,,,0,17,0,0,353,6000,6000,,,,,,,240000,240000,,,,0,240000,240000,,120000,120000,,,,0,120000,120000
2024,207856,00318000,Southwestern Christian University,OK,9,,2,NAIA,209,127,336,26,Volleyball,,14,,,0,14,0,0,1533,21461,21461,,,,,,,179385,179385,,,,0,179385,179385,,179385,179385,,,,0,179385,179385
2024,155900,00194000,Southwestern College,KS,10,,2,NAIA,400,208,608,26,Volleyball,,29,,,0,29,0,0,451,13066,13066,,,,,,,226489,226489,,,,0,226489,226489,,223159,223159,,,,0,223159,223159
2024,123800,00129400,Southwestern College,CA,17,,8,other,3822,4237,8059,26,Volleyball,,16,,,0,16,0,0,1182,18912,18912,,,,,,,63699,63699,,,,0,63699,63699,,64342,64342,,,,0,64342,64342
2024,154396,00185700,Southwestern Community College,IA,13,,3,NJCAA,220,314,534,26,Volleyball,,11,,,0,11,0,0,2499,27490,27490,,,,,,,170707,170707,,,,0,170707,170707,,170707,170707,,,,0,170707,170707
2024,143215,00163600,Southwestern Illinois College,IL,12,,3,NJCAA,1300,1404,2704,26,Volleyball,,13,,,0,13,0,0,3024,39308,39308,,,,,,,205943,205943,,,,0,205943,205943,,205943,205943,,,,0,205943,205943
2024,172307,00231700,Southwestern Michigan College,MI,13,not sure,3,NJCAA,411,552,963,26,Volleyball,,15,,,0,15,0,0,4339,65088,65088,,,,,,,119379,119379,,,,0,119379,119379,,119379,119379,,,,0,119379,119379
2024,207865,00318100,Southwestern Oklahoma State University,OK,4,,1,NCAA,1181,1784,2965,26,Volleyball,,16,,,0,16,0,0,9070,145119,145119,,,,,,,389381,389381,,,,0,389381,389381,,389381,389381,,,,0,389381,389381
2024,210155,00322000,Southwestern Oregon Community College,OR,8,NWAC and NJCAA D-1,8,other,327,444,771,26,Volleyball,,15,,,0,15,0,0,3324,49858,49858,,,,,,,80042,80042,,,,0,80042,80042,,80042,80042,,,,0,80042,80042
2024,228343,00362000,Southwestern University,TX,6,,1,NCAA,646,777,1423,26,Volleyball,,18,,,0,18,0,0,4355,78387,78387,,,,,,,225860,225860,,,,0,225860,225860,,219467,219467,,,,0,219467,219467
2024,157757,00196000,Spalding University,KY,7,,1,NCAA,210,308,518,26,Volleyball,,15,,,0,15,0,0,3357,50362,50362,,,,,,,118945,118945,,,,0,118945,118945,,118945,118945,,,,0,118945,118945
2024,218821,00344700,Spartanburg Methodist College,SC,9,,2,NAIA,471,623,1094,26,Volleyball,,26,,,0,26,0,0,4344,112946,112946,,,,,,,292650,292650,,,,0,292650,292650,,292650,292650,,,,0,292650,292650
2024,236708,00954400,Spokane Falls Community College,WA,19,,8,other,921,1262,2183,26,Volleyball,,17,,,0,17,0,0,2110,35876,35876,,,,,,,89058,89058,,,,0,89058,89058,,89058,89058,,,,0,89058,89058
2024,148991,00164300,Spoon River College,IL,13,,3,NJCAA,169,257,426,26,Volleyball,,14,,,0,14,0,0,1664,23290,23290,,,,,,,90270,90270,,,,0,90270,90270,,90270,90270,,,,0,90270,90270
2024,172334,00231800,Spring Arbor University,MI,10,,2,NAIA,326,575,901,26,Volleyball,,17,,,0,17,0,0,1992,33872,33872,,,,,,,288451,288451,,,,0,288451,288451,,296459,296459,,,,0,296459,296459
2024,102234,00104100,Spring Hill College,AL,5,,1,NCAA,325,432,757,26,Volleyball,,24,,,0,24,0,0,3065,73555,73555,,,,,,,446317,446317,,,,0,446317,446317,,431498,431498,,,,0,431498,431498
2024,167899,00221100,Springfield College,MA,6,,1,NCAA,892,845,1737,26,Volleyball,24,19,,,24,19,4608,110599,2219,42160,152759,,,,,,289898,204696,494594,,,,289898,204696,494594,289898,204696,494594,,,,289898,204696,494594
2024,175005,00234200,St Catherine University,MN,7,,1,NCAA,23,1622,1645,26,Volleyball,,14,,,0,14,0,0,2199,30782,30782,,,,,,,113138,113138,,,,0,113138,113138,,113138,113138,,,,0,113138,113138
2024,172291,00231000,St Clair County Community College,MI,13,,3,NJCAA,411,638,1049,26,Volleyball,,14,,,0,14,0,0,2509,35131,35131,,,,,,,62920,62920,,,,0,62920,62920,,62920,62920,,,,0,62920,62920
2024,174756,00553400,St Cloud Technical and Community College,MN,14,,3,NJCAA,711,918,1629,26,Volleyball,,17,,,0,17,0,0,1422,24173,24173,,,,,,,57211,57211,,,,0,57211,57211,,56211,56211,,,,0,56211,56211
2024,195216,00282900,St Lawrence University,NY,6,,1,NCAA,911,1005,1916,26,Volleyball,,16,,,0,16,0,0,2471,39536,39536,,,,,,,128178,128178,,,,0,128178,128178,,128178,128178,,,,0,128178,128178
2024,174844,00238200,St Olaf College,MN,6,,1,NCAA,1270,1796,3066,26,Volleyball,,23,,,0,23,0,0,3244,74621,74621,,,,,,,197163,197163,,,,0,197163,197163,,197163,197163,,,,0,197163,197163
2024,137078,00152800,St Petersburg College,FL,12,,3,NJCAA,2792,3483,6275,26,Volleyball,,15,,,0,15,0,0,1765,26474,26474,,,,,,,122176,122176,,,,0,122176,122176,,122176,122176,,,,0,122176,122176
2024,195720,00282100,St. John Fisher University,NY,6,,1,NCAA,1060,1455,2515,26,Volleyball,21,21,,,21,21,3775,79284,3819,80198,159482,,,,,,188667,229976,418643,,,,188667,229976,418643,177761,207727,385488,,,,177761,207727,385488
2024,195809,00282300,St. John's University-New York,NY,3,,1,NCAA,4147,5172,9319,26,Volleyball,,14,,,0,14,0,0,21758,304610,304610,,,,,,,1495633,1495633,,,,0,1495633,1495633,,1495633,1495633,,,,0,1495633,1495633
2024,195544,00282500,St. Joseph's University-New York,NY,7,,1,NCAA,982,1885,2867,26,Volleyball,39,33,,,39,33,1422,55460,1515,49979,105439,,,,,,95142,83293,178435,,,,95142,83293,178435,95142,83293,178435,,,,95142,83293,178435
2024,163912,00209500,St. Mary's College of Maryland,MD,7,,1,NCAA,626,949,1575,26,Volleyball,,17,,,0,17,0,0,1924,32713,32713,,,,,,,108926,108926,,,,0,108926,108926,,108926,108926,,,,0,108926,108926
2024,228149,00362300,St. Mary's University,TX,5,,1,NCAA,754,1146,1900,26,Volleyball,,18,,,0,18,0,0,4881,87849,87849,,,,,,,619721,619721,,,,0,619721,619721,,596074,596074,,,,0,596074,596074
2024,195243,00283200,St. Thomas Aquinas College,NY,5,,1,NCAA,518,435,953,26,Volleyball,19,19,,,19,19,3908,74255,2650,50351,124606,,,,,,396476,254343,650819,,,,396476,254343,650819,396476,254343,650819,,,,396476,254343,650819
2024,137476,00146800,St. Thomas University,FL,9,,2,NAIA,1180,840,2020,26,Volleyball,17,14,,,17,14,2733,46453,3818,53453,99906,,,,,,269025,325807,594832,,,,269025,325807,594832,269025,325807,594832,,,,269025,325807,594832
2024,243744,00130500,Stanford University,CA,1,,1,NCAA,3654,3900,7554,26,Volleyball,16,15,,,16,15,17048,272773,67534,1013003,1285776,,,,,,1222045,3706537,4928582,,,,1222045,3706537,4928582,1222045,3706537,4928582,,,,1222045,3706537,4928582
2024,135391,00150400,State College of Florida-Manatee-Sarasota,FL,12,,3,NJCAA,1293,1971,3264,26,Volleyball,,14,,,0,14,0,0,3036,42503,42503,,,,,,,124287,124287,,,,0,124287,124287,,121989,121989,,,,0,121989,121989
2024,196149,00284300,State University of New York at Cortland,NY,6,,1,NCAA,2722,3063,5785,26,Volleyball,,19,,,0,19,0,0,4221,80192,80192,,,,,,,193050,193050,,,,0,193050,193050,,193050,193050,,,,0,193050,193050
2024,196176,00284600,State University of New York at New Paltz,NY,7,,1,NCAA,2019,3601,5620,26,Volleyball,16,18,,,16,18,3402,54428,2607,46924,101352,,,,,,185550,185882,371432,,,,185550,185882,371432,184895,184412,369307,,,,184895,184412,369307
2024,196194,00284800,State University of New York at Oswego,NY,7,,1,NCAA,2508,2622,5130,26,Volleyball,,15,,,0,15,0,0,3397,50951,50951,,,,,,,135519,135519,,,,0,135519,135519,,133788,133788,,,,0,133788,133788
2024,196246,00284900,State University of New York at Plattsburgh,NY,7,,1,NCAA,1391,2002,3393,26,Volleyball,,13,,,0,13,0,0,2445,31779,31779,,,,,,,178526,178526,,,,0,178526,178526,,168762,168762,,,,0,168762,168762
2024,228431,00362400,Stephen F Austin State University,TX,2,,1,NCAA,2911,4959,7870,26,Volleyball,,19,,,0,19,0,0,6991,132838,132838,,,,,,,720784,720784,,,,0,720784,720784,,720784,720784,,,,0,720784,720784
2024,179548,00251200,Stephens College,MO,9,,2,NAIA,14,365,379,26,Volleyball,,24,,,0,24,0,0,2294,55065,55065,,,,,,,539122,539122,,,,0,539122,539122,,496692,496692,,,,0,496692,496692
2024,155937,00194500,Sterling College,KS,10,,2,NAIA,294,194,488,26,Volleyball,,33,,,0,33,0,0,668,22056,22056,,,,,,,278661,278661,,,,0,278661,278661,,273099,273099,,,,0,273099,273099
2024,137546,00153100,Stetson University,FL,2,,1,NCAA,976,1295,2271,26,Volleyball,,15,,,0,15,0,0,6547,98199,98199,,,,,,,914143,914143,,,,0,914143,914143,,914143,914143,,,,0,914143,914143
2024,186867,00263900,Stevens Institute of Technology,NJ,7,,1,NCAA,2748,1410,4158,26,Volleyball,23,18,,,23,18,2864,65869,4367,78597,144466,,,,,,235799,200986,436785,,,,235799,200986,436785,235799,200986,436785,,,,235799,200986,436785
2024,164173,00210700,Stevenson University,MD,6,,1,NCAA,1150,1655,2805,26,Volleyball,18,21,,,18,21,2563,46140,2224,46703,92843,,,,,,116360,102277,218637,,,,116360,102277,218637,114990,114521,229511,,,,114990,114521,229511
2024,102270,00104400,Stillman College,AL,9,,2,NAIA,262,370,632,26,Volleyball,,14,,,0,14,0,0,232,3250,3250,,,,,,,71502,71502,,,,0,71502,71502,,69495,69495,,,,0,69495,69495
2024,186876,00934500,Stockton University,NJ,7,,1,NCAA,2878,4373,7251,26,Volleyball,,15,,,0,15,0,0,2531,37958,37958,,,,,,,259067,259067,,,,0,259067,259067,,259067,259067,,,,0,259067,259067
2024,167996,00221700,Stonehill College,MA,2,,1,NCAA,1143,1362,2505,26,Volleyball,,20,,,0,20,0,0,3077,61540,61540,,,,,,,408826,408826,,,,0,408826,408826,,408826,408826,,,,0,408826,408826
2024,196097,00283800,Stony Brook University,NY,2,,1,NCAA,8309,8832,17141,26,Volleyball,,15,,,0,15,0,0,11083,166245,166245,,,,,,,1170838,1170838,,,,0,1170838,1170838,,1170838,1170838,,,,0,1170838,1170838
2024,168005,00221800,Suffolk University,MA,7,,1,NCAA,1471,2696,4167,26,Volleyball,,21,,,0,21,0,0,1293,27158,27158,,,,,,,95161,95161,,,,0,95161,95161,,95161,95161,,,,0,95161,95161
2024,228501,00362500,Sul Ross State University,TX,4,,1,NCAA,428,413,841,26,Volleyball,,23,,,0,23,0,0,1589,36543,36543,,,,,,,165211,165211,,,,0,165211,165211,,158968,158968,,,,0,158968,158968
2024,188438,00286000,SUNY Adirondack,NY,14,,3,NJCAA,601,650,1251,26,Volleyball,,12,,,0,12,0,0,2543,30510,30510,,,,,,,81158,81158,,,,0,81158,81158,,72228,72228,,,,0,72228,72228
2024,196158,00284400,SUNY at Fredonia,NY,7,,1,NCAA,1176,1516,2692,26,Volleyball,,16,,,0,16,0,0,4261,68177,68177,,,,,,,75823,75823,,,,0,75823,75823,,75823,75823,,,,0,75823,75823
2024,196219,00679100,SUNY at Purchase College,NY,7,,1,NCAA,1239,1771,3010,26,Volleyball,14,14,,,14,14,1408,19712,1324,18531,38243,,,,,,55377,50060,105437,,,,55377,50060,105437,55377,50060,105437,,,,55377,50060,105437
2024,196121,00284100,SUNY Brockport,NY,6,,1,NCAA,2237,3001,5238,26,Volleyball,,15,,,0,15,0,0,2265,33979,33979,,,,,,,164774,164774,,,,0,164774,164774,,164774,164774,,,,0,164774,164774
2024,189547,00286200,SUNY Broome Community College,NY,14,,3,NJCAA,855,1256,2111,26,Volleyball,,13,,,0,13,0,0,1387,18025,18025,,,,,,,35970,35970,,,,0,35970,35970,,34487,34487,,,,0,34487,34487
2024,196130,00284200,SUNY Buffalo State University,NY,6,,1,NCAA,2054,2630,4684,26,Volleyball,20,17,,,20,17,5151,103018,7050,119846,222864,,,,,,218339,235984,454323,,,,218339,235984,454323,218339,235984,454323,,,,218339,235984,454323
2024,196167,00284500,SUNY College at Geneseo,NY,7,,1,NCAA,1321,2431,3752,26,Volleyball,,17,,,0,17,0,0,2547,43294,43294,,,,,,,156262,156262,,,,0,156262,156262,,149656,149656,,,,0,149656,149656
2024,196200,00285000,SUNY College at Potsdam,NY,7,,1,NCAA,764,981,1745,26,Volleyball,16,14,,,16,14,4571,73131,2421,33895,107026,,,,,,109967,142491,252458,,,,109967,142491,252458,109967,142491,252458,,,,109967,142491,252458
2024,196033,00285600,SUNY College of Agriculture and Technology at Cobleskill,NY,7,,1,NCAA,762,1018,1780,26,Volleyball,,14,,,0,14,0,0,3763,52678,52678,,,,,,,85739,85739,,,,0,85739,85739,,85739,85739,,,,0,85739,85739
2024,196006,00285400,SUNY College of Technology at Alfred,NY,6,,1,NCAA,2145,1119,3264,26,Volleyball,,10,,,0,10,0,0,6342,63420,63420,,,,,,,198083,198083,,,,0,198083,198083,,198083,198083,,,,0,198083,198083
2024,196015,00285500,SUNY College of Technology at Canton,NY,7,,1,NCAA,1054,1289,2343,26,Volleyball,,16,,,0,16,0,0,3513,56212,56212,,,,,,,123332,123332,,,,0,123332,123332,,117644,117644,,,,0,117644,117644
2024,196024,00285700,SUNY College of Technology at Delhi,NY,7,,1,NCAA,1310,1138,2448,26,Volleyball,,14,,,0,14,0,0,2529,35402,35402,,,,,,,91418,91418,,,,0,91418,91418,,91273,91273,,,,0,91273,91273
2024,190442,00286300,SUNY Corning Community College,NY,14,,3,NJCAA,338,456,794,26,Volleyball,,11,,,0,11,0,0,1832,20150,20150,,,,,,,27499,27499,,,,0,27499,27499,,27499,27499,,,,0,27499,27499
2024,196291,00285300,SUNY Maritime College,NY,6,,1,NCAA,1071,147,1218,26,Volleyball,,13,,,0,13,0,0,398,5170,5170,,,,,,,54083,54083,,,,0,54083,54083,,26261,26261,,,,0,26261,26261
2024,196051,00285900,SUNY Morrisville,NY,6,,1,NCAA,1006,757,1763,26,Volleyball,,14,,,0,14,0,0,2384,33382,33382,,,,,,,122029,122029,,,,0,122029,122029,,122029,122029,,,,0,122029,122029
2024,196237,00710900,SUNY Old Westbury,NY,7,,1,NCAA,1551,2121,3672,26,Volleyball,15,12,,,15,12,989,14831,2297,27563,42394,,,,,,46766,48149,94915,,,,46766,48149,94915,46766,48139,94905,,,,46766,48139,94905
2024,196185,00284700,SUNY Oneonta,NY,7,,1,NCAA,1877,2705,4582,26,Volleyball,,20,,,0,20,0,0,2359,47178,47178,,,,,,,162350,162350,,,,0,162350,162350,,162350,162350,,,,0,162350,162350
2024,196112,01167800,SUNY Polytechnic Institute,NY,7,,1,NCAA,1145,503,1648,26,Volleyball,17,12,,,17,12,4636,78804,3982,47780,126584,,,,,,109007,125589,234596,,,,109007,125589,234596,109162,122377,231539,,,,109162,122377,231539
2024,197294,00288100,SUNY Westchester Community College,NY,14,"NJCAA Divisions I, II and III depending on sport",3,NJCAA,2267,2253,4520,26,Volleyball,,12,,,0,12,0,0,1051,12608,12608,,,,,,,32358,32358,,,,0,32358,32358,,32358,32358,,,,0,32358,32358
2024,216278,00336900,Susquehanna University,PA,6,,1,NCAA,923,1227,2150,26,Volleyball,,21,,,0,21,0,0,2100,44097,44097,,,,,,,129446,129446,,,,0,129446,129446,,129446,129446,,,,0,129446,129446
2024,216287,00337000,Swarthmore College,PA,7,,1,NCAA,772,840,1612,26,Volleyball,,17,,,0,17,0,0,4836,82216,82216,,,,,,,235342,235342,,,,0,235342,235342,,218445,218445,,,,0,218445,218445
2024,196413,00288200,Syracuse University,NY,1,,1,NCAA,6571,8390,14961,26,Volleyball,,19,,,0,19,0,0,14422,274013,274013,,,,,,,1032461,1032461,,,,0,1032461,1032461,,1969072,1969072,,,,0,1969072,1969072
2024,155973,00194600,Tabor College,KS,9,,2,NAIA,295,195,490,26,Volleyball,,34,,,0,34,0,0,822,27953,27953,,,,,,,248412,248412,,,,0,248412,248412,,244812,244812,,,,0,244812,244812
2024,236753,00379600,Tacoma Community College,WA,19,,8,other,946,1771,2717,26,Volleyball,,10,,,0,10,0,0,2316,23163,23163,,,,,,,63249,63249,,,,0,63249,63249,,60999,60999,,,,0,60999,60999
2024,124113,00130900,Taft College,CA,17,,8,other,307,616,923,26,Volleyball,,14,,,0,14,0,0,1682,23543,23543,,,,,,,63020,63020,,,,0,63020,63020,,61595,61595,,,,0,61595,61595
2024,102298,00104600,Talladega College,AL,9,,2,NAIA,413,282,695,26,Volleyball,15,20,,,15,20,3212,48183,1501,30013,78196,,,,,,94210,150745,244955,,,,94210,150745,244955,94210,150745,244955,,,,94210,150745,244955
2024,228529,00363100,Tarleton State University,TX,2,,1,NCAA,4256,6822,11078,26,Volleyball,,19,,,0,19,0,0,13077,248468,248468,,,,,,,1120044,1120044,,,,0,1120044,1120044,,1120044,1120044,,,,0,1120044,1120044
2024,152530,00183800,Taylor University,IN,9,,2,NAIA,916,1081,1997,26,Volleyball,,24,,,0,24,0,0,3261,78265,78265,,,,,,,741107,741107,,,,0,741107,741107,,445197,445197,,,,0,445197,445197
2024,228608,00362700,Temple College,TX,12,,3,NJCAA,445,793,1238,26,Volleyball,,16,,,0,16,0,0,3882,62112,62112,,,,,,,216690,216690,,,,0,216690,216690,,212990,212990,,,,0,212990,212990
2024,216339,00337100,Temple University,PA,1,,1,NCAA,8655,11052,19707,26,Volleyball,,19,,,0,19,0,0,13439,255334,255334,,,,,,,1518839,1518839,,,,0,1518839,1518839,,1518839,1518839,,,,0,1518839,1518839
2024,221838,00352200,Tennessee State University,TN,2,,1,NCAA,1523,2949,4472,26,Volleyball,,17,,,0,17,0,0,8200,139394,139394,,,,,,,659237,659237,,,,0,659237,659237,,659237,659237,,,,0,659237,659237
2024,221847,00352300,Tennessee Technological University,TN,2,,1,NCAA,4484,3619,8103,26,Volleyball,,16,,,0,16,0,0,8433,134920,134920,,,,,,,783161,783161,,,,0,783161,783161,,783161,783161,,,,0,783161,783161
2024,221731,00352500,Tennessee Wesleyan University,TN,9,,2,NAIA,291,493,784,26,Volleyball,,18,,,0,18,0,0,1418,25521,25521,,,,,,,335071,335071,,,,0,335071,335071,,344212,344212,,,,0,344212,344212
2024,226152,00965100,Texas A & M International University,TX,5,,1,NCAA,2253,3228,5481,26,Volleyball,,17,,,0,17,0,0,6023,102392,102392,,,,,,,441721,441721,,,,0,441721,441721,,441721,441721,,,,0,441721,441721
2024,224147,01116100,Texas A & M University-Corpus Christi,TX,3,,1,NCAA,2592,3955,6547,26,Volleyball,,21,,,0,21,0,0,9884,207566,207566,,,,,,,1031159,1031159,,,,0,1031159,1031159,,1031159,1031159,,,,0,1031159,1031159
2024,228723,00363200,Texas A&M University-College Station,TX,1,,1,NCAA,28096,25315,53411,26,Volleyball,,16,,,0,16,0,0,57723,923561,923561,,,,,,,1196880,1196880,,,,0,1196880,1196880,,3922450,3922450,,,,0,3922450,3922450
2024,228705,00363900,Texas A&M University-Kingsville,TX,4,,1,NCAA,2131,2026,4157,26,Volleyball,,18,,,0,18,0,0,9705,174692,174692,,,,,,,320580,320580,,,,0,320580,320580,,519152,519152,,,,0,519152,519152
2024,224545,03170300,Texas A&M University-Texarkana,TX,9,,2,NAIA,599,922,1521,26,Volleyball,,16,,,0,16,0,0,2167,34677,34677,,,,,,,247201,247201,,,,0,247201,247201,,247201,247201,,,,0,247201,247201
2024,228875,00363600,Texas Christian University,TX,1,,1,NCAA,4172,6674,10846,26,Volleyball,,20,,,0,20,0,0,39933,798655,798655,,,,,,,3729667,3729667,,,,0,3729667,3729667,,3729667,3729667,,,,0,3729667,3729667
2024,228884,00363800,Texas College,TX,9,,2,NAIA,362,191,553,26,Volleyball,,15,,,0,15,0,0,3366,50496,50496,,,,,,,76209,76209,,,,0,76209,76209,,76209,76209,,,,0,76209,76209
2024,228981,00364100,Texas Lutheran University,TX,6,,1,NCAA,593,666,1259,26,Volleyball,,21,,,0,21,0,0,2701,56731,56731,,,,,,,165851,165851,,,,0,165851,165851,,161129,161129,,,,0,161129,161129
2024,229063,00364200,Texas Southern University,TX,2,,1,NCAA,2077,3879,5956,26,Volleyball,,17,,,0,17,0,0,4632,78736,78736,,,,,,,511634,511634,,,,0,511634,511634,,511634,511634,,,,0,511634,511634
2024,228459,00361500,Texas State University,TX,1,,1,NCAA,12424,18614,31038,26,Volleyball,,18,,,0,18,0,0,28536,513639,513639,,,,,,,1506456,1506456,,,,0,1506456,1506456,,1506456,1506456,,,,0,1506456,1506456
2024,229115,00364400,Texas Tech University,TX,1,,1,NCAA,14714,14791,29505,26,Volleyball,,21,,,0,21,0,0,32060,673256,673256,,,,,,,297865,297865,,,,0,297865,297865,,1915763,1915763,,,,0,1915763,1915763
2024,229160,00364500,Texas Wesleyan University,TX,9,,2,NAIA,768,878,1646,26,Volleyball,,18,,,0,18,0,0,4761,85704,85704,,,,,,,433158,433158,,,,0,433158,433158,,419054,419054,,,,0,419054,419054
2024,229179,00364600,Texas Woman's University,TX,5,,1,NCAA,543,6334,6877,26,Volleyball,,25,,,0,25,0,0,5089,127214,127214,,,,,,,503826,503826,,,,0,503826,503826,,503826,503826,,,,0,503826,503826
2024,131283,00143700,The Catholic University of America,DC,6,,1,NCAA,1409,1562,2971,26,Volleyball,,17,,,0,17,0,0,3854,65523,65523,,,,,,,135083,135083,,,,0,135083,135083,,181755,181755,,,,0,181755,181755
2024,142294,00161700,The College of Idaho,ID,10,,2,NAIA,500,531,1031,26,Volleyball,,23,,,0,23,0,0,5375,123618,123618,,,,,,,391750,391750,,,,0,391750,391750,,391750,391750,,,,0,391750,391750
2024,174899,00234300,The College of Saint Scholastica,MN,6,,1,NCAA,582,1041,1623,26,Volleyball,,19,,,0,19,0,0,1788,33979,33979,,,,,,,155483,155483,,,,0,155483,155483,,131497,131497,,,,0,131497,131497
2024,206589,00303700,The College of Wooster,OH,6,,1,NCAA,813,910,1723,26,Volleyball,,11,,,0,11,0,0,2851,31364,31364,,,,,,,165356,165356,,,,0,165356,165356,,159766,159766,,,,0,159766,159766
2024,235167,00815500,The Evergreen State College,WA,9,,2,NAIA,771,1201,1972,26,Volleyball,,16,,,0,16,0,0,3225,51602,51602,,,,,,,134606,134606,,,,0,134606,134606,,134606,134606,,,,0,134606,134606
2024,117751,00122000,The Master's University and Seminary,CA,9,,2,NAIA,584,607,1191,26,Volleyball,20,16,,,20,16,4070,81397,5562,88997,170394,,,,,,438827,384899,823726,,,,438827,384899,823726,438827,384899,823726,,,,438827,384899,823726
2024,100751,00105100,The University of Alabama,AL,1,,1,NCAA,13553,17420,30973,26,Volleyball,,22,,,0,22,0,0,22477,494504,494504,,,,,,,2682809,2682809,,,,0,2682809,2682809,,2682809,2682809,,,,0,2682809,2682809
2024,202763,00304500,The University of Findlay,OH,4,,1,NCAA,688,1458,2146,26,Volleyball,,37,,,0,37,0,0,548,20278,20278,,,,,,,611685,611685,,,,0,611685,611685,,584903,584903,,,,0,584903,584903
2024,180489,00253600,The University of Montana,MT,2,,1,NCAA,2810,3617,6427,26,Volleyball,,19,,,0,19,0,0,3021,57391,57391,,,,,,,416275,416275,,,,0,416275,416275,,885090,885090,,,,0,885090,885090
2024,180692,00253700,The University of Montana-Western,MT,9,,2,NAIA,400,623,1023,26,Volleyball,,18,,,0,18,0,0,7141,128532,128532,,,,,,,389485,389485,,,,0,389485,389485,,346001,346001,,,,0,346001,346001
2024,171599,00230800,The University of Olivet,MI,6,,1,NCAA,505,353,858,26,Volleyball,17,25,,,17,25,1781,30278,1308,32701,62979,,,,,,84382,112494,196876,,,,84382,112494,196876,84382,112494,196876,,,,84382,112494,196876
2024,137847,00153800,The University of Tampa,FL,5,,1,NCAA,4393,6000,10393,26,Volleyball,,17,,,0,17,0,0,8362,142146,142146,,,,,,,872043,872043,,,,0,872043,872043,,825385,825385,,,,0,825385,825385
2024,220701,00350400,The University of Tennessee Southern,TN,9,,2,NAIA,318,487,805,26,Volleyball,,16,,,0,16,0,0,2813,45000,45000,,,,,,,223046,223046,,,,0,223046,223046,,223046,223046,,,,0,223046,223046
2024,221740,00352900,The University of Tennessee-Chattanooga,TN,2,,1,NCAA,3799,5413,9212,26,Volleyball,,55,,,0,55,0,0,2439,134120,134120,,,,,,,932726,932726,,,,0,932726,932726,,932726,932726,,,,0,932726,932726
2024,221759,00353000,The University of Tennessee-Knoxville,TN,1,,1,NCAA,13700,15842,29542,26,Volleyball,,21,,,0,21,0,0,38539,809319,809319,,,,,,,435953,435953,,,,0,435953,435953,,3357470,3357470,,,,0,3357470,3357470
2024,221768,00353100,The University of Tennessee-Martin,TN,2,,1,NCAA,1738,2797,4535,26,Volleyball,,18,,,0,18,0,0,5171,93086,93086,,,,,,,594939,594939,,,,0,594939,594939,,585430,585430,,,,0,585430,585430
2024,228769,00365600,The University of Texas at Arlington,TX,3,,1,NCAA,9927,12323,22250,26,Volleyball,,18,,,0,18,0,0,14627,263290,263290,,,,,,,1100450,1100450,,,,0,1100450,1100450,,1100450,1100450,,,,0,1100450,1100450
2024,228778,00365800,The University of Texas at Austin,TX,1,,1,NCAA,16990,23564,40554,26,Volleyball,,24,,,0,24,0,0,21014,504335,504335,,,,,,,2086242,2086242,,,,0,2086242,2086242,,4912104,4912104,,,,0,4912104,4912104
2024,228787,00974100,The University of Texas at Dallas,TX,5,,1,NCAA,10326,8362,18688,26,Volleyball,,17,,,0,17,0,0,4897,83241,83241,,,,,,,259473,259473,,,,0,259473,259473,,260208,260208,,,,0,260208,260208
2024,228796,00366100,The University of Texas at El Paso,TX,1,,1,NCAA,6989,8296,15285,26,Volleyball,,19,,,0,19,0,0,11994,227891,227891,,,,,,,674538,674538,,,,0,674538,674538,,1427075,1427075,,,,0,1427075,1427075
2024,229027,01011500,The University of Texas at San Antonio,TX,1,,1,NCAA,11115,11932,23047,26,Volleyball,,16,,,0,16,0,0,18122,289957,289957,,,,,,,1185290,1185290,,,,0,1185290,1185290,,1185290,1185290,,,,0,1185290,1185290
2024,228802,01116300,The University of Texas at Tyler,TX,5,,1,NCAA,2153,3399,5552,26,Volleyball,,25,,,0,25,0,0,5662,141559,141559,,,,,,,557051,557051,,,,0,557051,557051,,557051,557051,,,,0,557051,557051
2024,229018,00993000,The University of Texas Permian Basin,TX,4,,1,NCAA,1157,1765,2922,26,Volleyball,,20,,,0,20,0,0,4686,93714,93714,,,,,,,316902,316902,,,,0,316902,316902,,473030,473030,,,,0,473030,473030
2024,227368,00359900,The University of Texas Rio Grande Valley,TX,3,,1,NCAA,9108,12318,21426,26,Volleyball,,16,,,0,16,0,0,15074,241176,241176,,,,,,,1023259,1023259,,,,0,1023259,1023259,,1023259,1023259,,,,0,1023259,1023259
2024,221519,00353400,The University of the South,TN,6,,1,NCAA,749,844,1593,26,Volleyball,,15,,,0,15,0,0,6215,93231,93231,,,,,,,225494,225494,,,,0,225494,225494,,225494,225494,,,,0,225494,225494
2024,216357,00337600,Thiel College,PA,6,,1,NCAA,406,376,782,26,Volleyball,19,21,,,19,21,2071,39354,1597,33536,72890,,,,,,102843,97439,200282,,,,102843,97439,200282,102843,97439,200282,,,,102843,97439,200282
2024,161563,00205200,Thomas College,ME,7,,1,NCAA,343,299,642,26,Volleyball,,12,,,0,12,0,0,1905,22860,22860,,,,,,,118998,118998,,,,0,118998,118998,,118998,118998,,,,0,118998,118998
2024,216366,01239300,Thomas Jefferson University,PA,5,,1,NCAA,896,2443,3339,26,Volleyball,,17,,,0,17,0,0,3341,56804,56804,,,,,,,340991,340991,,,,0,340991,340991,,340991,340991,,,,0,340991,340991
2024,157809,00200100,Thomas More University,KY,4,3rd year Provisional member DII,1,NCAA,634,570,1204,26,Volleyball,19,25,,,19,25,626,11902,1899,47470,59372,,,,,,93336,200003,293339,,,,93336,200003,293339,87450,191512,278962,,,,87450,191512,278962
2024,206048,00312100,Tiffin University,OH,4,,1,NCAA,878,807,1685,26,Volleyball,,35,,,0,35,0,0,1187,41559,41559,,,,,,,386569,386569,,,,0,386569,386569,,386569,386569,,,,0,386569,386569
2024,141185,00159600,Toccoa Falls College,GA,16,,4,NCCAA,295,487,782,26,Volleyball,,14,,,0,14,0,0,1024,14340,14340,,,,,,,29925,29925,,,,0,29925,29925,,29925,29925,,,,0,29925,29925
2024,176406,00243900,Tougaloo College,MS,9,,2,NAIA,250,352,602,26,Volleyball,,14,,,0,14,0,0,2738,38333,38333,,,,,,,114174,114174,,,,0,114174,114174,,114174,114174,,,,0,114174,114174
2024,164076,00209900,Towson University,MD,2,,1,NCAA,5912,8469,14381,26,Volleyball,,24,,,0,24,0,0,5674,136165,136165,,,,,,,1112525,1112525,,,,0,1112525,1112525,,1112525,1112525,,,,0,1112525,1112525
2024,157818,00198700,Transylvania University,KY,7,,1,NCAA,425,567,992,26,Volleyball,,27,,,0,27,0,0,3904,105407,105407,,,,,,,190774,190774,,,,0,190774,190774,,190774,190774,,,,0,190774,190774
2024,210234,00322100,Treasure Valley Community College,OR,19,NWAACC (without football),8,other,360,306,666,26,Volleyball,,17,,,0,17,0,0,1839,31263,31263,,,,,,,129671,129671,,,,0,129671,129671,,129671,129671,,,,0,129671,129671
2024,221892,00352600,Trevecca Nazarene University,TN,5,,1,NCAA,571,832,1403,26,Volleyball,,33,,,0,33,0,0,3854,127186,127186,,,,,,,403780,403780,,,,0,403780,403780,,403780,403780,,,,0,403780,403780
2024,152567,00183900,Trine University,IN,6,,1,NCAA,1406,879,2285,26,Volleyball,24,32,,,24,32,2673,64162,1506,48176,112338,,,,,,154794,158796,313590,,,,154794,158796,313590,144713,160030,304743,,,,144713,160030,304743
2024,128258,00136800,Trinidad State College,CO,12,,3,NJCAA,295,302,597,26,Volleyball,,12,,,0,12,0,0,2977,35723,35723,,,,,,,221872,221872,,,,0,221872,221872,,221872,221872,,,,0,221872,221872
2024,137953,03101900,Trinity Baptist College,FL,16,,4,NCCAA,184,117,301,26,Volleyball,,12,,,0,12,0,0,1703,20441,20441,,,,,,,32066,32066,,,,0,32066,32066,,32066,32066,,,,0,32066,32066
2024,200484,01205900,Trinity Bible College and Graduate School,ND,16,,4,NCCAA,48,64,112,26,Volleyball,,10,,,0,10,0,0,1579,15789,15789,,,,,,,32772,32772,,,,0,32772,32772,,32772,32772,,,,0,32772,32772
2024,149505,00177100,Trinity Christian College,IL,9,,2,NAIA,333,423,756,26,Volleyball,18,17,,,18,17,1085,19522,2333,39666,59188,,,,,,211650,232407,444057,,,,211650,232407,444057,211650,228922,440572,,,,211650,228922,440572
2024,130590,00141400,Trinity College,CT,6,,1,NCAA,994,1136,2130,26,Volleyball,,18,,,0,18,0,0,2806,50508,50508,,,,,,,240666,240666,,,,0,240666,240666,,240666,240666,,,,0,240666,240666
2024,137962,03028200,Trinity College of Florida,FL,20,,8,other,61,56,117,26,Volleyball,,12,,,0,12,0,0,1993,23914,23914,,,,,,,46014,46014,,,,0,46014,46014,,46014,46014,,,,0,46014,46014
2024,229267,00364700,Trinity University,TX,6,,1,NCAA,1119,1360,2479,26,Volleyball,,18,,,0,18,0,0,6031,108564,108564,,,,,,,373160,373160,,,,0,373160,373160,,420715,420715,,,,0,420715,420715
2024,225308,00357200,Trinity Valley Community College,TX,12,,3,NJCAA,679,1026,1705,26,Volleyball,,19,,,0,19,0,0,5212,99021,99021,,,,,,,467537,467537,,,,0,467537,467537,,467537,467537,,,,0,467537,467537
2024,131876,00146000,Trinity Washington University,DC,7,,1,NCAA,8,938,946,26,Volleyball,,13,,,0,13,0,0,3244,42172,42172,,,,,,,51172,51172,,,,0,51172,51172,,51172,51172,,,,0,51172,51172
2024,149532,00177300,Triton College,IL,8,Variable NJCAA Division Levels,8,other,1209,1293,2502,26,Volleyball,,10,,,0,10,0,0,1985,19850,19850,,,,,,,92111,92111,,,,0,92111,92111,,92111,92111,,,,0,92111,92111
2024,102368,00104700,Troy University,AL,1,,1,NCAA,2568,4444,7012,26,Volleyball,,19,,,0,19,0,0,9879,187694,187694,,,,,,,886875,886875,,,,0,886875,886875,,890487,890487,,,,0,890487,890487
2024,141237,00159700,Truett McConnell University,GA,9,,2,NAIA,359,343,702,26,Volleyball,11,26,,,11,26,1744,19183,1603,41674,60857,,,,,,83082,208626,291708,,,,83082,208626,291708,83082,208626,291708,,,,83082,208626,291708
2024,178615,00249500,Truman State University,MO,4,,1,NCAA,985,1474,2459,26,Volleyball,,16,,,0,16,0,0,3311,52975,52975,,,,,,,362604,362604,,,,0,362604,362604,,362604,362604,,,,0,362604,362604
2024,168148,00221900,Tufts University,MA,6,,1,NCAA,2993,3935,6928,26,Volleyball,,21,,,0,21,0,0,2940,61745,61745,,,,,,,288023,288023,,,,0,288023,288023,,275494,275494,,,,0,275494,275494
2024,160755,00202900,Tulane University of Louisiana,LA,1,,1,NCAA,2822,4538,7360,26,Volleyball,,20,,,0,20,0,0,15604,312070,312070,,,,,,,3402818,3402818,,,,0,3402818,3402818,,1868347,1868347,,,,0,1868347,1868347
2024,221953,00352700,Tusculum University,TN,4,,1,NCAA,417,319,736,26,Volleyball,16,26,,,16,26,2869,45897,1509,39239,85136,,,,,,189465,322066,511531,,,,189465,322066,511531,183508,321615,505123,,,,183508,321615,505123
2024,102377,00105000,Tuskegee University,AL,4,,1,NCAA,969,1586,2555,26,Volleyball,,22,,,0,22,0,0,1182,26000,26000,,,,,,,125662,125662,,,,0,125662,125662,,125662,125662,,,,0,125662,125662
2024,229355,00364800,Tyler Junior College,TX,12,,3,NJCAA,1873,2986,4859,26,Volleyball,,16,,,0,16,0,0,2450,39196,39196,,,,,,,342689,342689,,,,0,342689,342689,,342689,342689,,,,0,342689,342689
2024,187198,00264300,"UCNJ Union College of Union County, New Jersey",NJ,13,,3,NJCAA,1755,1938,3693,26,Volleyball,18,13,,,18,13,2072,37304,467,6072,43376,,,,,,79210,17935,97145,,,,79210,17935,97145,71666,17935,89601,,,,71666,17935,89601
2024,210270,00322200,Umpqua Community College,OR,19,,8,other,401,614,1015,26,Volleyball,,13,,,0,13,0,0,1812,23559,23559,,,,,,,59963,59963,,,,0,59963,59963,,62001,62001,,,,0,62001,62001
2024,181738,00256300,Union Adventist University,NE,16,ACCA,4,NCCAA,188,268,456,26,Volleyball,,12,,,0,12,0,0,1878,22540,22540,,,,,,,42632,42632,,,,0,42632,42632,,43133,43133,,,,0,43133,43133
2024,196866,00288900,Union College,NY,6,,1,NCAA,1076,955,2031,26,Volleyball,,18,,,0,18,0,0,3553,63948,63948,,,,,,,159056,159056,,,,0,159056,159056,,187821,187821,,,,0,187821,187821
2024,157863,00198800,Union Commonwealth University,KY,9,,2,NAIA,438,267,705,26,Volleyball,,25,,,0,25,0,0,1549,38725,38725,,,,,,,468806,468806,,,,0,468806,468806,,466268,466268,,,,0,466268,466268
2024,221971,00352800,Union University,TN,5,,1,NCAA,538,868,1406,26,Volleyball,,14,,,0,14,0,0,2282,31946,31946,,,,,,,474607,474607,,,,0,474607,474607,,464704,464704,,,,0,464704,464704
2024,197027,00289200,United States Merchant Marine Academy,NY,6,,1,NCAA,787,175,962,26,Volleyball,,11,,,0,11,0,0,3435,37785,37785,,,,,,,111188,111188,,,,0,111188,111188,,108185,108185,,,,0,108185,108185
2024,241739,02587500,Universidad Ana G. Mendez-Cupey Campus,PR,8,Liga Atlética Interuniversitaria,8,other,1164,2253,3417,26,Volleyball,15,15,,,15,15,269,4040,321,4815,8855,,,,,,118790,120815,239605,,,,118790,120815,239605,118790,120815,239605,,,,118790,120815,239605
2024,241225,00502200,Universidad Central de Bayamon,PR,8,LAI,8,other,141,275,416,26,Volleyball,14,14,,,14,14,747,10459,746,10437,20896,,,,,,45507,46047,91554,,,,45507,46047,91554,45507,46047,91554,,,,45507,46047,91554
2024,243443,00393700,Universidad del Sagrado Corazon,PR,8,LAI ( LIGA ATLETICA INTERUNIVERSITARIA),8,other,1316,2577,3893,26,Volleyball,14,13,,,14,13,396,5544,384,4992,10536,,,,,,79312,108170,187482,,,,79312,108170,187482,79312,108170,187482,,,,79312,108170,187482
2024,243577,02100000,Universidad Politecnica de Puerto Rico,PR,8,Inter-university Athletic League,8,other,1190,559,1749,26,Volleyball,12,14,,,12,14,832,9986,791,11074,21060,,,,,,65789,61715,127504,,,,65789,61715,127504,65789,61715,127504,,,,65789,61715,127504
2024,196060,00283500,University at Albany,NY,2,,1,NCAA,5459,6551,12010,26,Volleyball,,17,,,0,17,0,0,6336,107707,107707,,,,,,,841459,841459,,,,0,841459,841459,,854479,854479,,,,0,854479,854479
2024,196088,00283700,University at Buffalo,NY,1,,1,NCAA,10261,8483,18744,26,Volleyball,,16,,,0,16,0,0,11452,183238,183238,,,,,,,1235392,1235392,,,,0,1235392,1235392,,1235392,1235392,,,,0,1235392,1235392
2024,200800,00312300,University of Akron Main Campus,OH,1,,1,NCAA,4314,3685,7999,26,Volleyball,,18,,,0,18,0,0,7997,143952,143952,,,,,,,736713,736713,,,,0,736713,736713,,736712,736712,,,,0,736712,736712
2024,100663,00105200,University of Alabama at Birmingham,AL,1,,1,NCAA,3484,6051,9535,26,Volleyball,,18,,,0,18,0,0,10081,181455,181455,,,,,,,1053422,1053422,,,,0,1053422,1053422,,1007355,1007355,,,,0,1007355,1007355
2024,100706,00105500,University of Alabama in Huntsville,AL,5,,1,NCAA,3460,2210,5670,26,Volleyball,,20,,,0,20,0,0,4729,94582,94582,,,,,,,476658,476658,,,,0,476658,476658,,476658,476658,,,,0,476658,476658
2024,102553,01146200,University of Alaska Anchorage,AK,5,,1,NCAA,1731,2118,3849,26,Volleyball,,17,,,0,17,0,0,13646,231988,231988,,,,,,,796628,796628,,,,0,796628,796628,,796628,796628,,,,0,796628,796628
2024,102614,00106300,University of Alaska Fairbanks,AK,5,,1,NCAA,1127,1357,2484,26,Volleyball,,18,,,0,18,0,0,11280,203035,203035,,,,,,,697526,697526,,,,0,697526,697526,,690313,690313,,,,0,690313,690313
2024,104179,00108300,University of Arizona,AZ,1,,1,NCAA,15135,20378,35513,26,Volleyball,,17,,,0,17,0,0,20536,349118,349118,,,,,,,1883610,1883610,,,,0,1883610,1883610,,1883610,1883610,,,,0,1883610,1883610
2024,106397,00110800,University of Arkansas,AR,1,,1,NCAA,11595,14697,26292,26,Volleyball,,18,,,0,18,0,0,31058,559037,559037,,,,,,,149803,149803,,,,0,149803,149803,,2196530,2196530,,,,0,2196530,2196530
2024,106245,00110100,University of Arkansas at Little Rock,AR,3,,1,NCAA,1252,1837,3089,26,Volleyball,,15,,,0,15,0,0,10530,157947,157947,,,,,,,591608,591608,,,,0,591608,591608,,591608,591608,,,,0,591608,591608
2024,106485,00108500,University of Arkansas at Monticello,AR,4,,1,NCAA,697,913,1610,26,Volleyball,,16,,,0,16,0,0,5561,88974,88974,,,,,,,283459,283459,,,,0,283459,283459,,283459,283459,,,,0,283459,283459
2024,106412,00108600,University of Arkansas at Pine Bluff,AR,2,,1,NCAA,731,904,1635,26,Volleyball,,17,,,0,17,0,0,1586,26964,26964,,,,,,,370705,370705,,,,0,370705,370705,,370705,370705,,,,0,370705,370705
2024,108092,00111000,University of Arkansas-Fort Smith,AR,5,,1,NCAA,1208,1987,3195,26,Volleyball,,18,,,0,18,0,0,6785,122138,122138,,,,,,,465480,465480,,,,0,465480,465480,,465480,465480,,,,0,465480,465480
2024,128744,00141600,University of Bridgeport,CT,5,,1,NCAA,403,844,1247,26,Volleyball,,20,,,0,20,0,0,3462,69246,69246,,,,,,,300129,300129,,,,0,300129,300129,,297238,297238,,,,0,297238,297238
2024,110635,00131200,University of California-Berkeley,CA,1,,1,NCAA,13882,17692,31574,26,Volleyball,,18,,,0,18,0,0,37195,669506,669506,,,,,,,2873590,2873590,,,,0,2873590,2873590,,2873590,2873590,,,,0,2873590,2873590
2024,110644,00131300,University of California-Davis,CA,2,,1,NCAA,12992,18472,31464,26,Volleyball,,20,,,0,20,0,0,8691,173813,173813,,,,,,,1418110,1418110,,,,0,1418110,1418110,,1418110,1418110,,,,0,1418110,1418110
2024,110653,00131400,University of California-Irvine,CA,3,,1,NCAA,12895,16657,29552,26,Volleyball,19,23,,,19,23,15388,292379,8025,184582,476961,,,,,,963484,1052916,2016400,,,,963484,1052916,2016400,963484,1052916,2016400,,,,963484,1052916,2016400
2024,110662,00131500,University of California-Los Angeles,CA,1,,1,NCAA,13032,19940,32972,26,Volleyball,22,20,,,22,20,19732,434102,25902,518042,952144,,,,,,2454572,2770248,5224820,,,,2454572,2770248,5224820,2454572,2770248,5224820,,,,2454572,2770248,5224820
2024,445188,04127100,University of California-Merced,CA,10,,2,NAIA,4508,3728,8236,26,Volleyball,20,14,,,20,14,7066,141313,7813,109382,250695,,,,,,244587,213090,457677,,,,244587,213090,457677,242489,208433,450922,,,,242489,208433,450922
2024,110671,00131600,University of California-Riverside,CA,3,,1,NCAA,10433,11662,22095,26,Volleyball,,19,,,0,19,0,0,9810,186386,186386,,,,,,,1100970,1100970,,,,0,1100970,1100970,,1100970,1100970,,,,0,1100970,1100970
2024,110680,00131700,University of California-San Diego,CA,3,,1,NCAA,15336,18778,34114,26,Volleyball,22,20,,,22,20,10172,223774,14625,292503,516277,,,,,,763852,1439481,2203333,,,,763852,1439481,2203333,763852,1439481,2203333,,,,763852,1439481,2203333
2024,110705,00132000,University of California-Santa Barbara,CA,3,,1,NCAA,9557,13116,22673,26,Volleyball,22,22,,,22,22,5946,130809,10414,229100,359909,,,,,,1033195,1371311,2404506,,,,1033195,1371311,2404506,1033195,1371311,2404506,,,,1033195,1371311,2404506
2024,110714,00132100,University of California-Santa Cruz,CA,7,,1,NCAA,8172,9242,17414,26,Volleyball,21,21,,,21,21,4361,91572,8365,175656,267228,,,,,,225645,350118,575763,,,,225645,350118,575763,225645,350118,575763,,,,225645,350118,575763
2024,106704,00109200,University of Central Arkansas,AR,2,,1,NCAA,2644,4234,6878,26,Volleyball,,21,,,0,21,0,0,8699,182674,182674,,,,,,,689902,689902,,,,0,689902,689902,,689902,689902,,,,0,689902,689902
2024,132903,00395400,University of Central Florida,FL,1,,1,NCAA,19450,22678,42128,26,Volleyball,,14,,,0,14,0,0,28722,402101,402101,,,,,,,1847029,1847029,,,,0,1847029,1847029,,1722014,1722014,,,,0,1722014,1722014
2024,176965,00245400,University of Central Missouri,MO,4,,1,NCAA,2300,2557,4857,26,Volleyball,,21,,,0,21,0,0,4913,103173,103173,,,,,,,570340,570340,,,,0,570340,570340,,570340,570340,,,,0,570340,570340
2024,206941,00315200,University of Central Oklahoma,OK,4,,1,NCAA,2973,5035,8008,26,Volleyball,,20,,,0,20,0,0,5167,103337,103337,,,,,,,431069,431069,,,,0,431069,431069,,420486,420486,,,,0,420486,420486
2024,237312,00381800,University of Charleston,WV,4,,1,NCAA,542,678,1220,26,Volleyball,21,35,,,21,35,3105,65205,1968,68869,134074,,,,,,321284,482527,803811,,,,321284,482527,803811,311734,481630,793364,,,,311734,481630,793364
2024,144050,00177400,University of Chicago,IL,6,,1,NCAA,4100,3462,7562,26,Volleyball,,20,,,0,20,0,0,4652,93045,93045,,,,,,,300049,300049,,,,0,300049,300049,,300049,300049,,,,0,300049,300049
2024,201946,00312501,University of Cincinnati-Clermont College,OH,20,,8,other,509,553,1062,26,Volleyball,,17,,,0,17,0,0,3208,54544,54544,,,,,,,72010,72010,,,,0,72010,72010,,72010,72010,,,,0,72010,72010
2024,201885,00312500,University of Cincinnati-Main Campus,OH,1,,1,NCAA,13739,13233,26972,26,Volleyball,,20,,,0,20,0,0,23877,477548,477548,,,,,,,1946468,1946468,,,,0,1946468,1946468,,1946468,1946468,,,,0,1946468,1946468
2024,126614,00137000,University of Colorado Boulder,CO,1,,1,NCAA,15139,13722,28861,26,Volleyball,,19,,,0,19,0,0,23082,438563,438563,,,,,,,728185,728185,,,,0,728185,728185,,2225370,2225370,,,,0,2225370,2225370
2024,126580,00450900,University of Colorado Colorado Springs,CO,5,,1,NCAA,3370,3761,7131,26,Volleyball,,16,,,0,16,0,0,4864,77820,77820,,,,,,,443731,443731,,,,0,443731,443731,,422632,422632,,,,0,422632,422632
2024,129020,00141700,University of Connecticut,CT,1,,1,NCAA,8681,10795,19476,26,Volleyball,,18,,,0,18,0,0,25019,450341,450341,,,,,,,1553208,1553208,,,,0,1553208,1553208,,1553208,1553208,,,,0,1553208,1553208
2024,224323,00365100,University of Dallas,TX,7,,1,NCAA,647,738,1385,26,Volleyball,,17,,,0,17,0,0,3600,61208,61208,,,,,,,134373,134373,,,,0,134373,134373,,134373,134373,,,,0,134373,134373
2024,202480,00312700,University of Dayton,OH,2,,1,NCAA,3911,3545,7456,26,Volleyball,,23,,,0,23,0,0,13036,299836,299836,,,,,,,1005652,1005652,,,,0,1005652,1005652,,1889679,1889679,,,,0,1889679,1889679
2024,130943,00143100,University of Delaware,DE,2,,1,NCAA,7225,11140,18365,26,Volleyball,,21,,,0,21,0,0,6284,131959,131959,,,,,,,1380698,1380698,,,,0,1380698,1380698,,1380698,1380698,,,,0,1380698,1380698
2024,127060,00137100,University of Denver,CO,3,,1,NCAA,2553,3197,5750,26,Volleyball,,15,,,0,15,0,0,18574,278617,278617,,,,,,,1592057,1592057,,,,0,1592057,1592057,,1592057,1592057,,,,0,1592057,1592057
2024,153278,00189100,University of Dubuque,IA,6,,1,NCAA,782,474,1256,26,Volleyball,,33,,,0,33,0,0,1161,38309,38309,,,,,,,271035,271035,,,,0,271035,271035,,218647,218647,,,,0,218647,218647
2024,150534,00179500,University of Evansville,IN,3,,1,NCAA,598,904,1502,26,Volleyball,,16,,,0,16,0,0,6717,107467,107467,,,,,,,1021378,1021378,,,,0,1021378,1021378,,1021378,1021378,,,,0,1021378,1021378
2024,134130,00153500,University of Florida,FL,1,,1,NCAA,14670,18187,32857,26,Volleyball,,20,,,0,20,0,0,49909,998176,998176,,,,,,,1478468,1478468,,,,0,1478468,1478468,,4862559,4862559,,,,0,4862559,4862559
2024,139959,00159800,University of Georgia,GA,1,,1,NCAA,13006,17648,30654,26,Volleyball,,18,,,0,18,0,0,26383,474901,474901,,,,,,,108137,108137,,,,0,108137,108137,,2127964,2127964,,,,0,2127964,2127964
2024,129525,00142200,University of Hartford,CT,7,,1,NCAA,1647,2301,3948,26,Volleyball,,17,,,0,17,0,0,2573,43735,43735,,,,,,,122709,122709,,,,0,122709,122709,,210346,210346,,,,0,210346,210346
2024,141565,00161100,University of Hawaii at Hilo,HI,5,,1,NCAA,687,1085,1772,26,Volleyball,,21,,,0,21,0,0,6660,139857,139857,,,,,,,476338,476338,,,,0,476338,476338,,476338,476338,,,,0,476338,476338
2024,141574,00161000,University of Hawaii at Manoa,HI,1,,1,NCAA,5115,7525,12640,26,Volleyball,18,14,,,18,14,19731,355158,24868,348157,703315,,,,,,1723517,1758026,3481543,,,,1723517,1758026,3481543,1408963,1581325,2990288,,,,1408963,1581325,2990288
2024,179265,00250400,University of Health Sciences and Pharmacy in St. Louis,MO,9,,2,NAIA,137,198,335,26,Volleyball,14,11,,,14,11,3999,55981,4866,53523,109504,,,,,,471916,372597,844513,,,,471916,372597,844513,464017,368053,832070,,,,464017,368053,832070
2024,225511,00365200,University of Houston,TX,1,,1,NCAA,13592,15850,29442,26,Volleyball,,19,,,0,19,0,0,18750,356249,356249,,,,,,,1780695,1780695,,,,0,1780695,1780695,,1780695,1780695,,,,0,1780695,1780695
2024,142285,00162600,University of Idaho,ID,2,,1,NCAA,3749,3557,7306,26,Volleyball,,13,,,0,13,0,0,18622,242089,242089,,,,,,,801062,801062,,,,0,801062,801062,,801062,801062,,,,0,801062,801062
2024,145600,00177600,University of Illinois Chicago,IL,3,,1,NCAA,9415,10772,20187,26,Volleyball,,22,,,0,22,0,0,10232,225099,225099,,,,,,,1301110,1301110,,,,0,1301110,1301110,,1301110,1301110,,,,0,1301110,1301110
2024,148654,00933300,University of Illinois Springfield,IL,5,,1,NCAA,666,943,1609,26,Volleyball,,17,,,0,17,0,0,3789,64411,64411,,,,,,,341437,341437,,,,0,341437,341437,,341437,341437,,,,0,341437,341437
2024,145637,00177500,University of Illinois Urbana-Champaign,IL,1,,1,NCAA,18419,17200,35619,26,Volleyball,,19,,,0,19,0,0,25782,489857,489857,,,,,,,652337,652337,,,,0,652337,652337,,2768685,2768685,,,,0,2768685,2768685
2024,151263,00180400,University of Indianapolis,IN,4,,1,NCAA,1178,1670,2848,26,Volleyball,,20,,,0,20,0,0,5098,101969,101969,,,,,,,479158,479158,,,,0,479158,479158,,479158,479158,,,,0,479158,479158
2024,153658,00189200,University of Iowa,IA,1,,1,NCAA,9139,12002,21141,26,Volleyball,,26,,,0,26,0,0,31130,809384,809384,,,,,,,190823,190823,,,,0,190823,190823,,2903001,2903001,,,,0,2903001,2903001
2024,200156,00299000,University of Jamestown,ND,4,,1,NCAA,565,416,981,26,Volleyball,25,27,,,25,27,3562,89058,4079,110145,199203,,,,,,256253,530473,786726,,,,256253,530473,786726,256253,530473,786726,,,,256253,530473,786726
2024,155317,00194800,University of Kansas,KS,1,,1,NCAA,9114,10441,19555,26,Volleyball,,19,,,0,19,0,0,29146,553772,553772,,,,,,,2581006,2581006,,,,0,2581006,2581006,,2581006,2581006,,,,0,2581006,2581006
2024,157085,00198900,University of Kentucky,KY,1,,1,NCAA,9689,13649,23338,26,Volleyball,,16,,,0,16,0,0,40059,640948,640948,,,,,,,3429647,3429647,,,,0,3429647,3429647,,3429647,3429647,,,,0,3429647,3429647
2024,117140,00121600,University of La Verne,CA,6,,1,NCAA,1057,1572,2629,26,Volleyball,,22,,,0,22,0,0,1635,35963,35963,,,,,,,198285,198285,,,,0,198285,198285,,186215,186215,,,,0,186215,186215
2024,160658,00203100,University of Louisiana at Lafayette,LA,1,,1,NCAA,4676,6570,11246,26,Volleyball,,18,,,0,18,0,0,9842,177160,177160,,,,,,,1211166,1211166,,,,0,1211166,1211166,,1211166,1211166,,,,0,1211166,1211166
2024,159993,00202000,University of Louisiana at Monroe,LA,1,,1,NCAA,1563,2557,4120,26,Volleyball,,17,,,0,17,0,0,8385,142550,142550,,,,,,,469740,469740,,,,0,469740,469740,,469740,469740,,,,0,469740,469740
2024,157289,00199900,University of Louisville,KY,1,,1,NCAA,5373,6924,12297,26,Volleyball,,17,,,0,17,0,0,40082,681398,681398,,,,,,,10845580,10845580,,,,0,10845580,10845580,,3059112,3059112,,,,0,3059112,3059112
2024,232609,00372000,University of Lynchburg,VA,7,,1,NCAA,656,875,1531,26,Volleyball,13,21,,,13,21,2607,33894,1014,21296,55190,,,,,,103753,207567,311320,,,,103753,207567,311320,103753,207567,311320,,,,103753,207567,311320
2024,161235,00204100,University of Maine at Fort Kent,ME,20,,8,other,113,216,329,26,Volleyball,,11,,,0,11,0,0,1348,14825,14825,,,,,,,83140,83140,,,,0,83140,83140,,83140,83140,,,,0,83140,83140
2024,161341,00203300,University of Maine at Presque Isle,ME,7,,1,NCAA,554,725,1279,26,Volleyball,,14,,,0,14,0,0,1793,25103,25103,,,,,,,55941,55941,,,,0,55941,55941,,55941,55941,,,,0,55941,55941
2024,200217,00299200,University of Mary,ND,4,,1,NCAA,848,1250,2098,26,Volleyball,,20,,,0,20,0,0,4717,94333,94333,,,,,,,418662,418662,,,,0,418662,418662,,418662,418662,,,,0,418662,418662
2024,226471,00358800,University of Mary Hardin-Baylor,TX,6,,1,NCAA,1005,1615,2620,26,Volleyball,,21,,,0,21,0,0,4904,102981,102981,,,,,,,243786,243786,,,,0,243786,243786,,243786,243786,,,,0,243786,243786
2024,232681,00374600,University of Mary Washington,VA,7,,1,NCAA,1107,1991,3098,26,Volleyball,,20,,,0,20,0,0,2840,56798,56798,,,,,,,167958,167958,,,,0,167958,167958,,160850,160850,,,,0,160850,160850
2024,163338,00210600,University of Maryland Eastern Shore,MD,3,,1,NCAA,1045,1218,2263,26,Volleyball,,20,,,0,20,0,0,5681,113611,113611,,,,,,,719893,719893,,,,0,719893,719893,,345852,345852,,,,0,345852,345852
2024,163268,00210500,University of Maryland-Baltimore County,MD,3,,1,NCAA,5118,4294,9412,26,Volleyball,,16,,,0,16,0,0,8310,132954,132954,,,,,,,977516,977516,,,,0,977516,977516,,977516,977516,,,,0,977516,977516
2024,163286,00210300,University of Maryland-College Park,MD,1,,1,NCAA,14628,14450,29078,26,Volleyball,,18,,,0,18,0,0,38104,685871,685871,,,,,,,812643,812643,,,,0,812643,812643,,2416808,2416808,,,,0,2416808,2416808
2024,166638,00222200,University of Massachusetts-Boston,MA,7,,1,NCAA,4352,5442,9794,26,Volleyball,,18,,,0,18,0,0,4136,74440,74440,,,,,,,194005,194005,,,,0,194005,194005,,173162,173162,,,,0,173162,173162
2024,167987,00221000,University of Massachusetts-Dartmouth,MA,6,,1,NCAA,2247,2369,4616,26,Volleyball,,12,,,0,12,0,0,5086,61028,61028,,,,,,,148321,148321,,,,0,148321,148321,,138408,138408,,,,0,138408,138408
2024,220862,00350900,University of Memphis,TN,1,,1,NCAA,4219,6224,10443,26,Volleyball,,21,,,0,21,0,0,12216,256538,256538,,,,,,,1260234,1260234,,,,0,1260234,1260234,,1260234,1260234,,,,0,1260234,1260234
2024,135726,00153600,University of Miami,FL,1,,1,NCAA,5712,6854,12566,26,Volleyball,,17,,,0,17,0,0,21778,370220,370220,,,,,,,2721374,2721374,,,,0,2721374,2721374,,2721374,2721374,,,,0,2721374,2721374
2024,170976,00232500,University of Michigan-Ann Arbor,MI,1,,1,NCAA,15027,17890,32917,26,Volleyball,,23,,,0,23,0,0,32359,744258,744258,,,,,,,511857,511857,,,,0,511857,511857,,2949958,2949958,,,,0,2949958,2949958
2024,171137,00232600,University of Michigan-Dearborn,MI,9,,2,NAIA,2586,2467,5053,26,Volleyball,,15,,,0,15,0,0,5246,78683,78683,,,,,,,136915,136915,,,,0,136915,136915,,136915,136915,,,,0,136915,136915
2024,174075,00406900,University of Minnesota-Crookston,MN,5,,1,NCAA,488,708,1196,26,Volleyball,,14,,,0,14,0,0,7549,105687,105687,,,,,,,450576,450576,,,,0,450576,450576,,450576,450576,,,,0,450576,450576
2024,174233,00238800,University of Minnesota-Duluth,MN,4,,1,NCAA,3556,3418,6974,26,Volleyball,,18,,,0,18,0,0,6546,117835,117835,,,,,,,623901,623901,,,,0,623901,623901,,623901,623901,,,,0,623901,623901
2024,174251,00238900,University of Minnesota-Morris,MN,6,,1,NCAA,422,461,883,26,Volleyball,,18,,,0,18,0,0,3160,56879,56879,,,,,,,112176,112176,,,,0,112176,112176,,110719,110719,,,,0,110719,110719
2024,174066,00396900,University of Minnesota-Twin Cities,MN,1,,1,NCAA,13657,16155,29812,26,Volleyball,,17,,,0,17,0,0,50729,862388,862388,,,,,,,1438406,1438406,,,,0,1438406,1438406,,3531550,3531550,,,,0,3531550,3531550
2024,176017,00244000,University of Mississippi,MS,1,,1,NCAA,8681,11767,20448,26,Volleyball,,17,,,0,17,0,0,32935,559893,559893,,,,,,,2749126,2749126,,,,0,2749126,2749126,,2749126,2749126,,,,0,2749126,2749126
2024,178396,00251600,University of Missouri-Columbia,MO,1,,1,NCAA,10330,12648,22978,26,Volleyball,,22,,,0,22,0,0,31714,697718,697718,,,,,,,3048994,3048994,,,,0,3048994,3048994,,3048994,3048994,,,,0,3048994,3048994
2024,178402,00251800,University of Missouri-Kansas City,MO,3,,1,NCAA,2365,3617,5982,26,Volleyball,,16,,,0,16,0,0,10997,175948,175948,,,,,,,940554,940554,,,,0,940554,940554,,928853,928853,,,,0,928853,928853
2024,178420,00251900,University of Missouri-St Louis,MO,5,,1,NCAA,1674,2123,3797,26,Volleyball,,18,,,0,18,0,0,3176,57160,57160,,,,,,,337026,337026,,,,0,337026,337026,,341405,341405,,,,0,341405,341405
2024,101693,00102900,University of Mobile,AL,9,,2,NAIA,490,755,1245,26,Volleyball,,27,,,0,27,0,0,2406,64963,64963,,,,,,,595863,595863,,,,0,595863,595863,,595863,595863,,,,0,595863,595863
2024,101709,00100400,University of Montevallo,AL,5,,1,NCAA,815,1204,2019,26,Volleyball,,19,,,0,19,0,0,3639,69143,69143,,,,,,,384481,384481,,,,0,384481,384481,,384481,384481,,,,0,384481,384481
2024,199069,00294900,University of Mount Olive,NC,5,,1,NCAA,500,767,1267,26,Volleyball,14,22,,,14,22,3062,42864,2443,53756,96620,,,,,,219021,325644,544665,,,,219021,325644,544665,218556,315295,533851,,,,218556,315295,533851
2024,193399,00270300,University of Mount Saint Vincent,NY,7,,1,NCAA,597,1861,2458,26,Volleyball,13,12,,,13,12,956,12431,1878,22540,34971,,,,,,61828,63212,125040,,,,61828,63212,125040,63898,72910,136808,,,,63898,72910,136808
2024,204185,00308300,University of Mount Union,OH,6,,1,NCAA,1004,974,1978,26,Volleyball,15,26,,,15,26,4123,61849,1805,46938,108787,,,,,,150611,127955,278566,,,,150611,127955,278566,150611,127955,278566,,,,150611,127955,278566
2024,181215,00255100,University of Nebraska at Kearney,NE,4,,1,NCAA,1429,2201,3630,26,Volleyball,,23,,,0,23,0,0,8798,202353,202353,,,,,,,909970,909970,,,,0,909970,909970,,909949,909949,,,,0,909949,909949
2024,181394,00255400,University of Nebraska at Omaha,NE,3,,1,NCAA,4152,5598,9750,26,Volleyball,,20,,,0,20,0,0,13348,266967,266967,,,,,,,2216663,2216663,,,,0,2216663,2216663,,1284563,1284563,,,,0,1284563,1284563
2024,181464,00256500,University of Nebraska-Lincoln,NE,1,,1,NCAA,9185,9205,18390,26,Volleyball,,17,,,0,17,0,0,89220,1516746,1516746,,,,,,,5453618,5453618,,,,0,5453618,5453618,,6814082,6814082,,,,0,6814082,6814082
2024,182281,00256900,University of Nevada-Las Vegas,NV,1,,1,NCAA,8699,11322,20021,26,Volleyball,,20,,,0,20,0,0,9678,193562,193562,,,,,,,610783,610783,,,,0,610783,610783,,1542081,1542081,,,,0,1542081,1542081
2024,182290,00256800,University of Nevada-Reno,NV,1,,1,NCAA,6256,7516,13772,26,Volleyball,,19,,,0,19,0,0,9918,188437,188437,,,,,,,1086528,1086528,,,,0,1086528,1086528,,1057483,1057483,,,,0,1057483,1057483
2024,161457,00205000,University of New England,ME,6,,1,NCAA,670,1444,2114,26,Volleyball,,13,,,0,13,0,0,2887,37536,37536,,,,,,,134995,134995,,,,0,134995,134995,,116406,116406,,,,0,116406,116406
2024,183044,00258900,University of New Hampshire-Main Campus,NH,2,,1,NCAA,4867,6209,11076,26,Volleyball,,20,,,0,20,0,0,8397,167946,167946,,,,,,,1159579,1159579,,,,0,1159579,1159579,,1159579,1159579,,,,0,1159579,1159579
2024,129941,00139700,University of New Haven,CT,4,,1,NCAA,1753,2809,4562,26,Volleyball,,16,,,0,16,0,0,5830,93276,93276,,,,,,,556791,556791,,,,0,556791,556791,,556791,556791,,,,0,556791,556791
2024,187985,00266300,University of New Mexico-Main Campus,NM,1,,1,NCAA,6123,8068,14191,26,Volleyball,,17,,,0,17,0,0,8881,150974,150974,,,,,,,1288743,1288743,,,,0,1288743,1288743,,1243956,1243956,,,,0,1243956,1243956
2024,159939,00201500,University of New Orleans,LA,3,,1,NCAA,2024,1954,3978,26,Volleyball,,17,,,0,17,0,0,8887,151084,151084,,,,,,,679883,679883,,,,0,679883,679883,,679883,679883,,,,0,679883,679883
2024,101879,00101600,University of North Alabama,AL,2,,1,NCAA,1863,3107,4970,26,Volleyball,,20,,,0,20,0,0,7037,140738,140738,,,,,,,678023,678023,,,,0,678023,678023,,678023,678023,,,,0,678023,678023
2024,199111,00290700,University of North Carolina Asheville,NC,3,,1,NCAA,1093,1583,2676,26,Volleyball,,30,,,0,30,0,0,2702,81059,81059,,,,,,,462210,462210,,,,0,462210,462210,,462210,462210,,,,0,462210,462210
2024,199120,00297400,University of North Carolina at Chapel Hill,NC,1,,1,NCAA,7844,12263,20107,26,Volleyball,,19,,,0,19,0,0,20112,382129,382129,,,,,,,881622,881622,,,,0,881622,881622,,1702233,1702233,,,,0,1702233,1702233
2024,199139,00297500,University of North Carolina at Charlotte,NC,1,,1,NCAA,10980,10376,21356,26,Volleyball,,16,,,0,16,0,0,18427,294836,294836,,,,,,,1096281,1096281,,,,0,1096281,1096281,,1068459,1068459,,,,0,1068459,1068459
2024,199148,00297600,University of North Carolina at Greensboro,NC,3,,1,NCAA,4016,7761,11777,26,Volleyball,,17,,,0,17,0,0,7501,127511,127511,,,,,,,651099,651099,,,,0,651099,651099,,651099,651099,,,,0,651099,651099
2024,199281,00295400,University of North Carolina at Pembroke,NC,4,,1,NCAA,1575,2368,3943,26,Volleyball,,18,,,0,18,0,0,2831,50965,50965,,,,,,,211385,211385,,,,0,211385,211385,,207090,207090,,,,0,207090,207090
2024,199218,00298400,University of North Carolina Wilmington,NC,3,,1,NCAA,4892,8091,12983,26,Volleyball,,18,,,0,18,0,0,7316,131692,131692,,,,,,,675429,675429,,,,0,675429,675429,,675429,675429,,,,0,675429,675429
2024,200280,00300500,University of North Dakota,ND,2,,1,NCAA,3984,3714,7698,26,Volleyball,,21,,,0,21,0,0,9950,208955,208955,,,,,,,1783703,1783703,,,,0,1783703,1783703,,1783703,1783703,,,,0,1783703,1783703
2024,136172,00984100,University of North Florida,FL,3,,1,NCAA,4177,5873,10050,26,Volleyball,,21,,,0,21,0,0,8355,175460,175460,,,,,,,796894,796894,,,,0,796894,796894,,796894,796894,,,,0,796894,796894
2024,227216,00359400,University of North Texas,TX,1,,1,NCAA,13164,15703,28867,26,Volleyball,,23,,,0,23,0,0,15545,357526,357526,,,,,,,1207219,1207219,,,,0,1207219,1207219,,1207219,1207219,,,,0,1207219,1207219
2024,127741,00134900,University of Northern Colorado,CO,2,,1,NCAA,1730,3408,5138,26,Volleyball,,19,,,0,19,0,0,12840,243957,243957,,,,,,,1184667,1184667,,,,0,1184667,1184667,,1184667,1184667,,,,0,1184667,1184667
2024,154095,00189000,University of Northern Iowa,IA,2,,1,NCAA,2686,4218,6904,26,Volleyball,,17,,,0,17,0,0,17016,289266,289266,,,,,,,1286755,1286755,,,,0,1286755,1286755,,1286755,1286755,,,,0,1286755,1286755
2024,204486,00486100,University of Northwestern Ohio,OH,10,,2,NAIA,1929,398,2327,26,Volleyball,,14,,,0,14,0,0,2748,38478,38478,,,,,,,272844,272844,,,,0,272844,272844,,272844,272844,,,,0,272844,272844
2024,174491,00237100,University of Northwestern-St Paul,MN,6,,1,NCAA,596,728,1324,26,Volleyball,,17,,,0,17,0,0,2524,42903,42903,,,,,,,95880,95880,,,,0,95880,95880,,95880,95880,,,,0,95880,95880
2024,152080,00184000,University of Notre Dame,IN,1,,1,NCAA,4512,4293,8805,26,Volleyball,,22,,,0,22,0,0,42135,926971,926971,,,,,,,3691281,3691281,,,,0,3691281,3691281,,3691281,3691281,,,,0,3691281,3691281
2024,207500,00318400,University of Oklahoma-Norman Campus,OK,1,,1,NCAA,9790,10639,20429,26,Volleyball,,16,,,0,16,0,0,33649,538381,538381,,,,,,,243922,243922,,,,0,243922,243922,,2672376,2672376,,,,0,2672376,2672376
2024,209551,00322300,University of Oregon,OR,1,,1,NCAA,8487,10943,19430,26,Volleyball,,16,,,0,16,0,0,38914,622625,622625,,,,,,,906343,906343,,,,0,906343,906343,,2582926,2582926,,,,0,2582926,2582926
2024,215062,00337800,University of Pennsylvania,PA,2,,1,NCAA,4636,5559,10195,26,Volleyball,,18,,,0,18,0,0,7291,131236,131236,,,,,,,395386,395386,,,,0,395386,395386,,395386,395386,,,,0,395386,395386
2024,157535,00198000,University of Pikeville,KY,9,,2,NAIA,539,569,1108,26,Volleyball,,24,,,0,24,0,0,2721,65302,65302,,,,,,,274398,274398,,,,0,274398,274398,,274398,274398,,,,0,274398,274398
2024,215266,00337903,University of Pittsburgh-Bradford,PA,7,,1,NCAA,475,489,964,26,Volleyball,,19,,,0,19,0,0,2048,38918,38918,,,,,,,43022,43022,,,,0,43022,43022,,43022,43022,,,,0,43022,43022
2024,215275,00337904,University of Pittsburgh-Greensburg,PA,7,,1,NCAA,572,689,1261,26,Volleyball,,19,,,0,19,0,0,2314,43974,43974,,,,,,,63392,63392,,,,0,63392,63392,,63392,63392,,,,0,63392,63392
2024,215284,00337902,University of Pittsburgh-Johnstown,PA,5,,1,NCAA,997,776,1773,26,Volleyball,,21,,,0,21,0,0,4123,86576,86576,,,,,,,408290,408290,,,,0,408290,408290,,408290,408290,,,,0,408290,408290
2024,215293,00337900,University of Pittsburgh-Pittsburgh Campus,PA,1,,1,NCAA,8277,11487,19764,26,Volleyball,,16,,,0,16,0,0,39087,625398,625398,,,,,,,3363298,3363298,,,,0,3363298,3363298,,3363298,3363298,,,,0,3363298,3363298
2024,209825,00322400,University of Portland,OR,3,,1,NCAA,1019,1896,2915,26,Volleyball,,19,,,0,19,0,0,9908,188254,188254,,,,,,,1226248,1226248,,,,0,1226248,1226248,,1226248,1226248,,,,0,1226248,1226248
2024,180258,00252700,University of Providence,MT,9,,2,NAIA,194,274,468,26,Volleyball,,20,,,0,20,0,0,4557,91140,91140,,,,,,,607441,607441,,,,0,607441,607441,,577673,577673,,,,0,577673,577673
2024,243151,00720600,University of Puerto Rico at Cayey,PR,8,Intercollegiate Athletics League,8,other,594,1292,1886,26,Volleyball,,14,,,0,14,0,0,779,10908,10908,,,,,,,44954,44954,,,,0,44954,44954,,44954,44954,,,,0,44954,44954
2024,243212,00965200,University of Puerto Rico at Ponce,PR,8,Liga Atletica Interuniversitaria,8,other,1014,1176,2190,26,Volleyball,14,14,,,14,14,475,6644,475,6644,13288,,,,,,36000,36000,72000,,,,36000,36000,72000,36000,36000,72000,,,,36000,36000,72000
2024,243106,01212300,University of Puerto Rico-Aguadilla,PR,8,Interuniversity Athletic League,8,other,781,951,1732,26,Volleyball,13,15,,,13,15,185,2403,178,2663,5066,,,,,,29878,30863,60741,,,,29878,30863,60741,29078,30863,59941,,,,29078,30863,59941
2024,243115,00722800,University of Puerto Rico-Arecibo,PR,8,Liga Atletica Interuniversitaria,8,other,1031,1494,2525,26,Volleyball,11,11,,,11,11,144,1582,144,1582,3164,,,,,,42912,42912,85824,,,,42912,42912,85824,42912,42912,85824,,,,42912,42912,85824
2024,243133,01097500,University of Puerto Rico-Bayamon,PR,5,,1,NCAA,1291,1229,2520,26,Volleyball,13,15,,,13,15,490,6376,334,5010,11386,,,,,,27726,40110,67836,,,,27726,40110,67836,27726,40110,67836,,,,27726,40110,67836
2024,243142,03016000,University of Puerto Rico-Carolina,PR,8,Liga Atlética Interuniversitaria (LAI),8,other,685,1334,2019,26,Volleyball,11,15,,,11,15,1023,11258,996,14934,26192,,,,,,33102,43357,76459,,,,33102,43357,76459,33102,43357,76459,,,,33102,43357,76459
2024,243179,00394300,University of Puerto Rico-Humacao,PR,8,Athletic Intercollegiate League of Puerto Rico,8,other,762,1539,2301,26,Volleyball,,12,,,0,12,0,0,218,2613,2613,,,,,,,7488,7488,,,,0,7488,7488,,7488,7488,,,,0,7488,7488
2024,243197,00394400,University of Puerto Rico-Mayaguez,PR,5,,1,NCAA,4847,3819,8666,26,Volleyball,15,15,,,15,15,222,3323,342,5132,8455,,,,,,42723,69772,112495,,,,42723,69772,112495,42723,69772,112495,,,,42723,69772,112495
2024,243221,00710800,University of Puerto Rico-Rio Piedras,PR,5,,1,NCAA,2815,4766,7581,26,Volleyball,15,16,,,15,16,506,7588,482,7708,15296,,,,,,59725,64140,123865,,,,59725,64140,123865,59725,64140,123865,,,,59725,64140,123865
2024,243188,01092200,University of Puerto Rico-Utuado,PR,8,Liga Atletica Interuniversitaria,8,other,150,144,294,26,Volleyball,14,11,,,14,11,140,1958,196,2151,4109,,,,,,24844,23707,48551,,,,24844,23707,48551,24844,23707,48551,,,,24844,23707,48551
2024,236328,00379700,University of Puget Sound,WA,6,,1,NCAA,687,888,1575,26,Volleyball,,28,,,0,28,0,0,3037,85043,85043,,,,,,,186381,186381,,,,0,186381,186381,,186381,186381,,,,0,186381,186381
2024,121691,00132200,University of Redlands,CA,6,,1,NCAA,831,1087,1918,26,Volleyball,,20,,,0,20,0,0,2802,56035,56035,,,,,,,221966,221966,,,,0,221966,221966,,255863,255863,,,,0,255863,255863
2024,217484,00341400,University of Rhode Island,RI,2,,1,NCAA,5271,7486,12757,26,Volleyball,,16,,,0,16,0,0,11243,179886,179886,,,,,,,979723,979723,,,,0,979723,979723,,979723,979723,,,,0,979723,979723
2024,205203,00311600,University of Rio Grande,OH,9,,2,NAIA,532,585,1117,26,Volleyball,18,15,,,18,15,2471,44470,2609,39142,83612,,,,,,436102,585657,1021759,,,,436102,585657,1021759,233860,272318,506178,,,,233860,272318,506178
2024,195030,00289400,University of Rochester,NY,6,,1,NCAA,2950,3172,6122,26,Volleyball,,16,,,0,16,0,0,5746,91940,91940,,,,,,,198134,198134,,,,0,198134,198134,,208272,208272,,,,0,208272,208272
2024,152336,00183200,University of Saint Francis-Fort Wayne,IN,9,,2,NAIA,493,947,1440,26,Volleyball,,24,,,0,24,0,0,3091,74192,74192,,,,,,,528450,528450,,,,0,528450,528450,,401835,401835,,,,0,401835,401835
2024,130314,00140900,University of Saint Joseph,CT,7,,1,NCAA,260,552,812,26,Volleyball,,13,,,0,13,0,0,2223,28903,28903,,,,,,,117226,117226,,,,0,117226,117226,,117226,117226,,,,0,117226,117226
2024,155812,00194300,University of Saint Mary,KS,10,,2,NAIA,426,398,824,26,Volleyball,,44,,,0,44,0,0,1062,46723,46723,,,,,,,359692,359692,,,,0,359692,359692,,359692,359692,,,,0,359692,359692
2024,122436,01039500,University of San Diego,CA,2,,1,NCAA,2419,3165,5584,26,Volleyball,,18,,,0,18,0,0,14036,252655,252655,,,,,,,2051622,2051622,,,,0,2051622,2051622,,2051622,2051622,,,,0,2051622,2051622
2024,122612,00132500,University of San Francisco,CA,3,,1,NCAA,1784,3326,5110,26,Volleyball,,17,,,0,17,0,0,9142,155409,155409,,,,,,,1402748,1402748,,,,0,1402748,1402748,,1402748,1402748,,,,0,1402748,1402748
2024,207722,00316700,University of Science and Arts of Oklahoma,OK,9,,2,NAIA,300,582,882,26,Volleyball,,17,,,0,17,0,0,1854,31515,31515,,,,,,,332883,332883,,,,0,332883,332883,,320669,320669,,,,0,320669,320669
2024,215929,00338400,University of Scranton,PA,7,,1,NCAA,1528,1960,3488,26,Volleyball,,22,,,0,22,0,0,2134,46951,46951,,,,,,,68382,68382,,,,0,68382,68382,,68382,68382,,,,0,68382,68382
2024,219383,00346900,University of Sioux Falls,SD,4,,1,NCAA,440,681,1121,26,Volleyball,,17,,,0,17,0,0,4345,73863,73863,,,,,,,497083,497083,,,,0,497083,497083,,473466,473466,,,,0,473466,473466
2024,102094,00105700,University of South Alabama,AL,1,,1,NCAA,2909,4881,7790,26,Volleyball,,19,,,0,19,0,0,8582,163062,163062,,,,,,,1058899,1058899,,,,0,1058899,1058899,,1058899,1058899,,,,0,1058899,1058899
2024,218645,00344900,University of South Carolina Aiken,SC,5,,1,NCAA,1023,1548,2571,26,Volleyball,,16,,,0,16,0,0,3960,63358,63358,,,,,,,452186,452186,,,,0,452186,452186,,452187,452187,,,,0,452187,452187
2024,218663,00344800,University of South Carolina-Columbia,SC,1,,1,NCAA,11726,17289,29015,26,Volleyball,,20,,,0,20,0,0,21664,433278,433278,,,,,,,2725093,2725093,,,,0,2725093,2725093,,2725093,2725093,,,,0,2725093,2725093
2024,218672,00345300,University of South Carolina-Lancaster,SC,12,,3,NJCAA,282,298,580,26,Volleyball,,15,,,0,15,0,0,1640,24603,24603,,,,,,,102895,102895,,,,0,102895,102895,,81948,81948,,,,0,81948,81948
2024,218681,00345400,University of South Carolina-Salkehatchie,SC,12,,3,NJCAA,118,118,236,26,Volleyball,,12,,,0,12,0,0,1502,18019,18019,,,,,,,103434,103434,,,,0,103434,103434,,103434,103434,,,,0,103434,103434
2024,218690,00342600,University of South Carolina-Sumter,SC,12,,3,NJCAA,275,290,565,26,Volleyball,,13,,,0,13,0,0,1692,21998,21998,,,,,,,92159,92159,,,,0,92159,92159,,92159,92159,,,,0,92159,92159
2024,218706,00492700,University of South Carolina-Union,SC,17,,8,other,145,101,246,26,Volleyball,,12,,,0,12,0,0,1434,17208,17208,,,,,,,103180,103180,,,,0,103180,103180,,97844,97844,,,,0,97844,97844
2024,218742,00695100,University of South Carolina-Upstate,SC,3,,1,NCAA,1205,2322,3527,26,Volleyball,,16,,,0,16,0,0,3478,55647,55647,,,,,,,576500,576500,,,,0,576500,576500,,576500,576500,,,,0,576500,576500
2024,219471,00347400,University of South Dakota,SD,2,,1,NCAA,1684,3076,4760,26,Volleyball,,18,,,0,18,0,0,9940,178922,178922,,,,,,,1441181,1441181,,,,0,1441181,1441181,,1441181,1441181,,,,0,1441181,1441181
2024,137351,00153700,University of South Florida,FL,1,,1,NCAA,13334,18045,31379,26,Volleyball,,18,,,0,18,0,0,24917,448514,448514,,,,,,,1443764,1443764,,,,0,1443764,1443764,,1443764,1443764,,,,0,1443764,1443764
2024,123961,00132800,University of Southern California,CA,1,,1,NCAA,9567,10504,20071,26,Volleyball,22,23,,,22,23,9727,213985,39409,906417,1120402,,,,,,1709180,3740682,5449862,,,,1709180,3740682,5449862,1709180,3740682,5449862,,,,1709180,3740682,5449862
2024,151306,00180800,University of Southern Indiana,IN,5,,1,NCAA,1766,3016,4782,26,Volleyball,,17,,,0,17,0,0,5722,97279,97279,,,,,,,471184,471184,,,,0,471184,471184,,471184,471184,,,,0,471184,471184
2024,161554,00205400,University of Southern Maine,ME,7,,1,NCAA,1370,2009,3379,26,Volleyball,,18,,,0,18,0,0,3112,56014,56014,,,,,,,131519,131519,,,,0,131519,131519,,131891,131891,,,,0,131891,131891
2024,176372,00244100,University of Southern Mississippi,MS,1,,1,NCAA,3208,5471,8679,26,Volleyball,,18,,,0,18,0,0,11444,205987,205987,,,,,,,829919,829919,,,,0,829919,829919,,829919,829919,,,,0,829919,829919
2024,148584,00166400,University of St Francis,IL,9,,2,NAIA,393,677,1070,26,Volleyball,,21,,,0,21,0,0,2663,55927,55927,,,,,,,352594,352594,,,,0,352594,352594,,341956,341956,,,,0,341956,341956
2024,174914,00234500,University of St Thomas,MN,2,,1,NCAA,3072,3054,6126,26,Volleyball,,19,,,0,19,0,0,6829,129760,129760,,,,,,,1225510,1225510,,,,0,1225510,1225510,,1225510,1225510,,,,0,1225510,1225510
2024,227863,00365400,University of St Thomas,TX,7,,1,NCAA,1043,1730,2773,26,Volleyball,,21,,,0,21,0,0,3747,78690,78690,,,,,,,150749,150749,,,,0,150749,150749,,150749,150749,,,,0,150749,150749
2024,156541,00196200,University of the Cumberlands,KY,9,,2,NAIA,1876,3936,5812,26,Volleyball,,20,,,0,20,0,0,4536,90717,90717,,,,,,,439489,439489,,,,0,439489,439489,,439489,439489,,,,0,439489,439489
2024,225627,00357800,University of the Incarnate Word,TX,2,,1,NCAA,1408,2587,3995,26,Volleyball,,20,,,0,20,0,0,5821,116428,116428,,,,,,,917237,917237,,,,0,917237,917237,,917237,917237,,,,0,917237,917237
2024,120883,00132900,University of the Pacific,CA,3,,1,NCAA,1400,1725,3125,26,Volleyball,,17,,,0,17,0,0,13564,230590,230590,,,,,,,1585185,1585185,,,,0,1585185,1585185,,1585185,1585185,,,,0,1585185,1585185
2024,188182,00265000,University of the Southwest,NM,9,,2,NAIA,172,149,321,26,Volleyball,,15,,,0,15,0,0,3586,53785,53785,,,,,,,156258,156258,,,,0,156258,156258,,186163,186163,,,,0,186163,186163
2024,206084,00313100,University of Toledo,OH,1,,1,NCAA,4250,4409,8659,26,Volleyball,,17,,,0,17,0,0,7275,123668,123668,,,,,,,981247,981247,,,,0,981247,981247,,981247,981247,,,,0,981247,981247
2024,207971,00318500,University of Tulsa,OK,1,,1,NCAA,1245,1328,2573,26,Volleyball,,16,,,0,16,0,0,9512,152189,152189,,,,,,,1801981,1801981,,,,0,1801981,1801981,,1801981,1801981,,,,0,1801981,1801981
2024,230764,00367500,University of Utah,UT,1,,1,NCAA,12375,11294,23669,26,Volleyball,,17,,,0,17,0,0,39103,664751,664751,,,,,,,739043,739043,,,,0,739043,739043,,2573263,2573263,,,,0,2573263,2573263
2024,216542,00330600,University of Valley Forge,PA,7,,1,NCAA,225,206,431,26,Volleyball,14,9,,,14,9,727,10179,966,8691,18870,,,,,,23290,20634,43924,,,,23290,20634,43924,20179,17363,37542,,,,20179,17363,37542
2024,233897,00374700,University of Virginia's College at Wise,VA,4,,1,NCAA,507,568,1075,26,Volleyball,,16,,,0,16,0,0,3794,60710,60710,,,,,,,281464,281464,,,,0,281464,281464,,281464,281464,,,,0,281464,281464
2024,234076,00374500,University of Virginia-Main Campus,VA,1,,1,NCAA,7471,9559,17030,26,Volleyball,,19,,,0,19,0,0,19422,369024,369024,,,,,,,2309426,2309426,,,,0,2309426,2309426,,2309426,2309426,,,,0,2309426,2309426
2024,236948,00379800,University of Washington-Seattle Campus,WA,1,,1,NCAA,13000,17141,30141,26,Volleyball,,19,,,0,19,0,0,41423,787042,787042,,,,,,,1498709,1498709,,,,0,1498709,1498709,,3441059,3441059,,,,0,3441059,3441059
2024,101587,00102400,University of West Alabama,AL,4,,1,NCAA,629,1778,2407,26,Volleyball,,16,,,0,16,0,0,4172,66759,66759,,,,,,,529376,529376,,,,0,529376,529376,,523628,523628,,,,0,523628,523628
2024,138354,00395500,University of West Florida,FL,4,,1,NCAA,2959,3790,6749,26,Volleyball,,25,,,0,25,0,0,7306,182661,182661,,,,,,,522189,522189,,,,0,522189,522189,,584631,584631,,,,0,584631,584631
2024,141334,00160100,University of West Georgia,GA,2,,1,NCAA,2312,3613,5925,26,Volleyball,,19,,,0,19,0,0,8120,154278,154278,,,,,,,579438,579438,,,,0,579438,579438,,562849,562849,,,,0,562849,562849
2024,240268,00391700,University of Wisconsin-Eau Claire,WI,6,,1,NCAA,3335,4989,8324,26,Volleyball,,22,,,0,22,0,0,5998,131963,131963,,,,,,,243813,243813,,,,0,243813,243813,,299698,299698,,,,0,299698,299698
2024,240277,00389900,University of Wisconsin-Green Bay,WI,3,,1,NCAA,1956,3084,5040,26,Volleyball,,17,,,0,17,0,0,12066,205129,205129,,,,,,,794829,794829,,,,0,794829,794829,,794829,794829,,,,0,794829,794829
2024,240329,00391900,University of Wisconsin-La Crosse,WI,6,,1,NCAA,3868,5112,8980,26,Volleyball,,21,,,0,21,0,0,2657,55794,55794,,,,,,,246972,246972,,,,0,246972,246972,,242594,242594,,,,0,242594,242594
2024,240444,00389500,University of Wisconsin-Madison,WI,1,,1,NCAA,16303,18893,35196,26,Volleyball,,19,,,0,19,0,0,64754,1230328,1230328,,,,,,,4055436,4055436,,,,0,4055436,4055436,,5189615,5189615,,,,0,5189615,5189615
2024,240453,00389600,University of Wisconsin-Milwaukee,WI,3,,1,NCAA,6451,8302,14753,26,Volleyball,,17,,,0,17,0,0,6496,110436,110436,,,,,,,747401,747401,,,,0,747401,747401,,747401,747401,,,,0,747401,747401
2024,240365,00392000,University of Wisconsin-Oshkosh,WI,6,,1,NCAA,2539,3398,5937,26,Volleyball,,24,,,0,24,0,0,5172,124138,124138,,,,,,,486708,486708,,,,0,486708,486708,,312294,312294,,,,0,312294,312294
2024,240374,00501500,University of Wisconsin-Parkside,WI,5,,1,NCAA,1076,1235,2311,26,Volleyball,,19,,,0,19,0,0,3432,65199,65199,,,,,,,308168,308168,,,,0,308168,308168,,308168,308168,,,,0,308168,308168
2024,240462,00392100,University of Wisconsin-Platteville,WI,6,,1,NCAA,3351,2012,5363,26,Volleyball,,19,,,0,19,0,0,2890,54918,54918,,,,,,,316603,316603,,,,0,316603,316603,,292358,292358,,,,0,292358,292358
2024,240471,00392300,University of Wisconsin-River Falls,WI,6,,1,NCAA,1486,2433,3919,26,Volleyball,,17,,,0,17,0,0,2651,45059,45059,,,,,,,179088,179088,,,,0,179088,179088,,179088,179088,,,,0,179088,179088
2024,240480,00392400,University of Wisconsin-Stevens Point,WI,6,,1,NCAA,2947,3656,6603,26,Volleyball,20,23,,,20,23,1821,36412,2349,54024,90436,,,,,,128758,179333,308091,,,,128758,179333,308091,220091,118126,338217,,,,220091,118126,338217
2024,240417,00391500,University of Wisconsin-Stout,WI,16,,4,NCCAA,2805,2058,4863,26,Volleyball,,23,,,0,23,0,0,3560,81882,81882,,,,,,,211290,211290,,,,0,211290,211290,,211290,211290,,,,0,211290,211290
2024,240426,00392500,University of Wisconsin-Superior,WI,7,,1,NCAA,541,884,1425,26,Volleyball,,19,,,0,19,0,0,3236,61480,61480,,,,,,,158222,158222,,,,0,158222,158222,,158222,158222,,,,0,158222,158222
2024,240189,00392600,University of Wisconsin-Whitewater,WI,6,,1,NCAA,4334,4096,8430,26,Volleyball,,20,,,0,20,0,0,4295,85902,85902,,,,,,,222528,222528,,,,0,222528,222528,,210702,210702,,,,0,210702,210702
2024,240727,00393200,University of Wyoming,WY,1,,1,NCAA,3195,3609,6804,26,Volleyball,,16,,,0,16,0,0,15421,246742,246742,,,,,,,2332773,2332773,,,,0,2332773,2332773,,2332773,2332773,,,,0,2332773,2332773
2024,154493,00189300,Upper Iowa University,IA,4,,1,NCAA,467,626,1093,26,Volleyball,,16,,,0,16,0,0,3653,58441,58441,,,,,,,413269,413269,,,,0,413269,413269,,391618,391618,,,,0,391618,391618
2024,216524,00338500,Ursinus College,PA,6,,1,NCAA,774,713,1487,26,Volleyball,,18,,,0,18,0,0,2661,47900,47900,,,,,,,136184,136184,,,,0,136184,136184,,136184,136184,,,,0,136184,136184
2024,206349,00313400,Ursuline College,OH,5,,1,NCAA,37,517,554,26,Volleyball,,16,,,0,16,0,0,2368,37888,37888,,,,,,,180579,180579,,,,0,180579,180579,,180579,180579,,,,0,180579,180579
2024,230728,00367700,Utah State University,UT,1,,1,NCAA,7713,8797,16510,26,Volleyball,,18,,,0,18,0,0,16042,288747,288747,,,,,,,1423587,1423587,,,,0,1423587,1423587,,1423587,1423587,,,,0,1423587,1423587
2024,230171,00367100,Utah Tech University,UT,2,,1,NCAA,2770,4171,6941,26,Volleyball,,16,,,0,16,0,0,17691,283059,283059,,,,,,,756846,756846,,,,0,756846,756846,,756846,756846,,,,0,756846,756846
2024,230737,00402700,Utah Valley University,UT,3,,1,NCAA,9531,8952,18483,26,Volleyball,,18,,,0,18,0,0,15360,276482,276482,,,,,,,955245,955245,,,,0,955245,955245,,955245,955245,,,,0,955245,955245
2024,197045,00288300,Utica University,NY,6,,1,NCAA,943,1137,2080,26,Volleyball,,19,,,0,19,0,0,2154,40933,40933,,,,,,,137558,137558,,,,0,137558,137558,,118266,118266,,,,0,118266,118266
2024,141264,00159900,Valdosta State University,GA,4,,1,NCAA,1680,3557,5237,26,Volleyball,,17,,,0,17,0,0,4111,69892,69892,,,,,,,319235,319235,,,,0,319235,319235,,319235,319235,,,,0,319235,319235
2024,200572,00300800,Valley City State University,ND,10,,2,NAIA,377,405,782,26,Volleyball,,20,,,0,20,0,0,3820,76393,76393,,,,,,,310428,310428,,,,0,310428,310428,,310428,310428,,,,0,310428,310428
2024,152600,00184200,Valparaiso University,IN,2,,1,NCAA,891,1164,2055,26,Volleyball,,18,,,0,18,0,0,8560,154076,154076,,,,,,,884086,884086,,,,0,884086,884086,,900859,900859,,,,0,900859,900859
2024,123651,00129300,Vanguard University of Southern California,CA,5,,1,NCAA,572,1156,1728,26,Volleyball,26,23,,,26,23,1555,40430,2957,68014,108444,,,,,,282123,437696,719819,,,,282123,437696,719819,258463,391631,650094,,,,258463,391631,650094
2024,197133,00289500,Vassar College,NY,7,,1,NCAA,920,1486,2406,26,Volleyball,20,12,,,20,12,3488,69758,3343,40121,109879,,,,,,213973,124160,338133,,,,213973,124160,338133,194581,115053,309634,,,,194581,115053,309634
2024,125028,00133400,Ventura College,CA,17,,8,other,1472,1652,3124,26,Volleyball,,20,,,0,20,0,0,1554,31084,31084,,,,,,,96159,96159,,,,0,96159,96159,,89170,89170,,,,0,89170,89170
2024,231165,00369800,Vermont State University,VT,8,"4 schools, 3  NCAAlll, one with football, 1 USCAA",8,other,1291,1414,2705,26,Volleyball,9,33,,,9,33,3083,27744,1575,51972,79716,,,,,,65094,177915,243009,,,,65094,177915,243009,65004,176276,241280,,,,65004,176276,241280
2024,229504,01006000,Vernon College,TX,12,,3,NJCAA,278,401,679,26,Volleyball,,15,,,0,15,0,0,4399,65991,65991,,,,,,,277960,277960,,,,0,277960,277960,,277960,277960,,,,0,277960,277960
2024,125091,00133500,Victor Valley College,CA,17,,8,other,559,878,1437,26,Volleyball,,11,,,0,11,0,0,893,9823,9823,,,,,,,46626,46626,,,,0,46626,46626,,46623,46623,,,,0,46623,46623
2024,216597,00338800,Villanova University,PA,2,,1,NCAA,3066,3664,6730,26,Volleyball,,19,,,0,19,0,0,24393,463470,463470,,,,,,,1864439,1864439,,,,0,1864439,1864439,,1864439,1864439,,,,0,1864439,1864439
2024,152637,00184300,Vincennes University,IN,12,,3,NJCAA,1423,1265,2688,26,Volleyball,,15,,,0,15,0,0,5519,82785,82785,,,,,,,386387,386387,,,,0,386387,386387,,386387,386387,,,,0,386387,386387
2024,234030,00373500,Virginia Commonwealth University,VA,3,,1,NCAA,6755,11855,18610,26,Volleyball,,15,,,0,15,0,0,16488,247317,247317,,,,,,,1509163,1509163,,,,0,1509163,1509163,,1509163,1509163,,,,0,1509163,1509163
2024,233754,00687100,Virginia Peninsula Community College,VA,14,,3,NJCAA,721,820,1541,26,Volleyball,,9,,,0,9,0,0,964,8673,8673,,,,,,,32000,32000,,,,0,32000,32000,,32131,32131,,,,0,32131,32131
2024,233921,00375400,Virginia Polytechnic Institute and State University,VA,1,,1,NCAA,16988,13126,30114,26,Volleyball,,19,,,0,19,0,0,26108,496055,496055,,,,,,,348944,348944,,,,0,348944,348944,,1767653,1767653,,,,0,1767653,1767653
2024,234155,00376400,Virginia State University,VA,4,,1,NCAA,2017,2859,4876,26,Volleyball,,16,,,0,16,0,0,3618,57887,57887,,,,,,,286651,286651,,,,0,286651,286651,,286651,286651,,,,0,286651,286651
2024,234164,00376600,Virginia Union University,VA,4,,1,NCAA,553,583,1136,26,Volleyball,,14,,,0,14,0,0,2277,31872,31872,,,,,,,157884,157884,,,,0,157884,157884,,156884,156884,,,,0,156884,156884
2024,234173,00376700,Virginia Wesleyan University,VA,7,,1,NCAA,512,668,1180,26,Volleyball,15,17,,,15,17,2725,40869,2578,43832,84701,,,,,,109225,112189,221414,,,,109225,112189,221414,109225,112189,221414,,,,109225,112189,221414
2024,240107,00391100,Viterbo University,WI,10,,2,NAIA,318,723,1041,26,Volleyball,17,20,,,17,20,2212,37607,2826,56522,94129,,,,,,263975,263975,527950,,,,263975,263975,527950,119939,257441,377380,,,,119939,257441,377380
2024,403487,00174226,Wabash Valley College,IL,12,,3,NJCAA,204,233,437,26,Volleyball,,15,,,0,15,0,0,312,4677,4677,,,,,,,130082,130082,,,,0,130082,130082,,153780,153780,,,,0,153780,153780
2024,199847,00297800,Wake Forest University,NC,1,,1,NCAA,2427,2986,5413,26,Volleyball,,20,,,0,20,0,0,18376,367521,367521,,,,,,,2573425,2573425,,,,0,2573425,2573425,,2573425,2573425,,,,0,2573425,2573425
2024,199856,00484400,Wake Technical Community College,NC,13,,3,NJCAA,3848,3837,7685,26,Volleyball,,16,,,0,16,0,0,1563,25009,25009,,,,,,,47252,47252,,,,0,47252,47252,,47252,47252,,,,0,47252,47252
2024,154518,00189500,Waldorf University,IA,9,,2,NAIA,754,499,1253,26,Volleyball,,24,,,0,24,0,0,2306,55348,55348,,,,,,,394940,394940,,,,0,394940,394940,,394940,394940,,,,0,394940,394940
2024,236887,00500600,Walla Walla Community College,WA,19,,8,other,765,757,1522,26,Volleyball,,13,,,0,13,0,0,3989,51852,51852,,,,,,,103133,103133,,,,0,103133,103133,,162465,162465,,,,0,162465,162465
2024,236896,00379900,Walla Walla University,WA,10,,2,NAIA,624,588,1212,26,Volleyball,16,17,,,16,17,1181,18897,3603,61259,80156,,,,,,25878,205996,231874,,,,25878,205996,231874,23897,183797,207694,,,,23897,183797,207694
2024,206437,00313500,Walsh University,OH,4,,1,NCAA,704,599,1303,26,Volleyball,,24,,,0,24,0,0,2897,69530,69530,,,,,,,497386,497386,,,,0,497386,497386,,446785,446785,,,,0,446785,446785
2024,222062,00886300,Walters State Community College,TN,12,,3,NJCAA,975,1551,2526,26,Volleyball,,14,,,0,14,0,0,3856,53980,53980,,,,,,,144743,144743,,,,0,144743,144743,,144743,144743,,,,0,144743,144743
2024,210304,00322500,Warner Pacific University,OR,9,,2,NAIA,140,210,350,26,Volleyball,,18,,,0,18,0,0,2990,53822,53822,,,,,,,238054,238054,,,,0,238054,238054,,238054,238054,,,,0,238054,238054
2024,138275,00884800,Warner University,FL,9,,2,NAIA,393,314,707,26,Volleyball,26,25,,,26,25,1047,27234,565,14116,41350,,,,,,72169,56978,129147,,,,72169,56978,129147,98589,92370,190959,,,,98589,92370,190959
2024,199865,00297900,Warren Wilson College,NC,7,,1,NCAA,235,471,706,26,Volleyball,10,14,,,10,14,711,7108,1350,18897,26005,,,,,,29813,69727,99540,,,,29813,69727,99540,21571,69288,90859,,,,21571,69288,90859
2024,154527,00189600,Wartburg College,IA,6,,1,NCAA,767,637,1404,26,Volleyball,,23,,,0,23,0,0,2550,58640,58640,,,,,,,166066,166066,,,,0,166066,166066,,166066,166066,,,,0,166066,166066
2024,156082,00194900,Washburn University,KS,4,,1,NCAA,1302,2510,3812,26,Volleyball,,21,,,0,21,0,0,6712,140944,140944,,,,,,,584782,584782,,,,0,584782,584782,,584782,584782,,,,0,584782,584782
2024,216667,00338900,Washington & Jefferson College,PA,6,,1,NCAA,697,591,1288,26,Volleyball,,20,,,0,20,0,0,2206,44111,44111,,,,,,,131563,131563,,,,0,131563,131563,,131609,131609,,,,0,131609,131609
2024,162210,00206700,Washington Adventist University,MD,9,,2,NAIA,187,221,408,26,Volleyball,,8,,,0,8,0,0,1409,11268,11268,,,,,,,82103,82103,,,,0,82103,82103,,82103,82103,,,,0,82103,82103
2024,234207,00376800,Washington and Lee University,VA,6,,1,NCAA,920,961,1881,26,Volleyball,,19,,,0,19,0,0,4783,90878,90878,,,,,,,278439,278439,,,,0,278439,278439,,273628,273628,,,,0,273628,273628
2024,164216,00210800,Washington College,MD,7,,1,NCAA,386,494,880,26,Volleyball,,12,,,0,12,0,0,2389,28668,28668,,,,,,,169974,169974,,,,0,169974,169974,,169974,169974,,,,0,169974,169974
2024,236939,00380000,Washington State University,WA,1,,1,NCAA,8947,9997,18944,26,Volleyball,,24,,,0,24,0,0,16650,399611,399611,,,,,,,1130274,1130274,,,,0,1130274,1130274,,1902894,1902894,,,,0,1902894,1902894
2024,179867,00252000,Washington University in St Louis,MO,6,,1,NCAA,3496,4013,7509,26,Volleyball,,24,,,0,24,0,0,5376,129032,129032,,,,,,,457385,457385,,,,0,457385,457385,,440739,440739,,,,0,440739,440739
2024,149727,00693100,Waubonsee Community College,IL,13,,3,NJCAA,1143,1207,2350,26,Volleyball,,11,,,0,11,0,0,2283,25115,25115,,,,,,,60690,60690,,,,0,60690,60690,,60690,60690,,,,0,60690,60690
2024,229780,00366300,Wayland Baptist University,TX,9,,2,NAIA,735,690,1425,26,Volleyball,,22,,,0,22,0,0,2788,61336,61336,,,,,,,401859,401859,,,,0,401859,401859,,375544,375544,,,,0,375544,375544
2024,181783,00256600,Wayne State College,NE,4,,1,NCAA,1190,1610,2800,26,Volleyball,,18,,,0,18,0,0,8462,152319,152319,,,,,,,515025,515025,,,,0,515025,515025,,515025,515025,,,,0,515025,515025
2024,172644,00232900,Wayne State University,MI,4,,1,NCAA,5179,7476,12655,26,Volleyball,,17,,,0,17,0,0,4294,73001,73001,,,,,,,566514,566514,,,,0,566514,566514,,566514,566514,,,,0,566514,566514
2024,216694,00339100,Waynesburg University,PA,16,,4,NCCAA,483,508,991,26,Volleyball,,18,,,0,18,0,0,958,17240,17240,,,,,,,112351,112351,,,,0,112351,112351,,112351,112351,,,,0,112351,112351
2024,229799,00366400,Weatherford College,TX,12,,3,NJCAA,522,980,1502,26,Volleyball,,17,,,0,17,0,0,7271,123603,123603,,,,,,,511077,511077,,,,0,511077,511077,,483730,483730,,,,0,483730,483730
2024,138293,00154000,Webber International University,FL,9,,2,NAIA,570,225,795,26,Volleyball,12,15,,,12,15,1637,19640,2313,34693,54333,,,,,,320154,467138,787292,,,,320154,467138,787292,311834,467138,778972,,,,311834,467138,778972
2024,230782,00368000,Weber State University,UT,2,,1,NCAA,4648,6333,10981,26,Volleyball,,16,,,0,16,0,0,13840,221445,221445,,,,,,,955491,955491,,,,0,955491,955491,,955491,955491,,,,0,955491,955491
2024,179894,00252100,Webster University,MO,7,,1,NCAA,845,1135,1980,26,Volleyball,,25,,,0,25,0,0,4337,108414,108414,,,,,,,184856,184856,,,,0,184856,184856,,162245,162245,,,,0,162245,162245
2024,220206,03001800,Welch College,TN,16,,4,NCCAA,84,85,169,26,Volleyball,,11,,,0,11,0,0,3452,37975,37975,,,,,,,50145,50145,,,,0,50145,50145,,48256,48256,,,,0,48256,48256
2024,168218,00222400,Wellesley College,MA,7,,1,NCAA,3,2296,2299,26,Volleyball,,14,,,0,14,0,0,1685,23584,23584,,,,,,,254969,254969,,,,0,254969,254969,,254969,254969,,,,0,254969,254969
2024,236975,00380100,Wenatchee Valley College,WA,19,,8,other,499,733,1232,26,Volleyball,,13,,,0,13,0,0,3465,45041,45041,,,,,,,105068,105068,,,,0,105068,105068,,105068,105068,,,,0,105068,105068
2024,168227,00222500,Wentworth Institute of Technology,MA,7,,1,NCAA,2648,974,3622,26,Volleyball,26,19,,,26,19,1968,51167,2717,51629,102796,,,,,,164438,135750,300188,,,,164438,135750,300188,141476,133011,274487,,,,141476,133011,274487
2024,130697,00142400,Wesleyan University,CT,6,,1,NCAA,1462,1597,3059,26,Volleyball,,24,,,0,24,0,0,2799,67184,67184,,,,,,,410926,410926,,,,0,410926,410926,,258809,258809,,,,0,258809,258809
2024,216764,00332800,West Chester University of Pennsylvania,PA,4,,1,NCAA,5422,7578,13000,26,Volleyball,,20,,,0,20,0,0,2568,51360,51360,,,,,,,359902,359902,,,,0,359902,359902,,296534,296534,,,,0,296534,296534
2024,237932,00382300,West Liberty University,WV,4,,1,NCAA,578,876,1454,26,Volleyball,,16,,,0,16,0,0,2612,41795,41795,,,,,,,273084,273084,,,,0,273084,273084,,273084,273084,,,,0,273084,273084
2024,125471,00859600,West Los Angeles College,CA,17,,8,other,665,912,1577,26,Volleyball,,9,,,0,9,0,0,2383,21446,21446,,,,,,,58144,58144,,,,0,58144,58144,,57798,57798,,,,0,57798,57798
2024,229814,00366500,West Texas A & M University,TX,4,,1,NCAA,2228,3147,5375,26,Volleyball,,17,,,0,17,0,0,10873,184843,184843,,,,,,,592709,592709,,,,0,592709,592709,,592709,592709,,,,0,592709,592709
2024,125499,00133800,West Valley College,CA,17,,8,other,1137,1185,2322,26,Volleyball,,14,,,0,14,0,0,2330,32615,32615,,,,,,,107603,107603,,,,0,107603,107603,,107603,107603,,,,0,107603,107603
2024,237899,00382600,West Virginia State University,WV,4,,1,NCAA,538,674,1212,26,Volleyball,,21,,,0,21,0,0,5098,107059,107059,,,,,,,487980,487980,,,,0,487980,487980,,487980,487980,,,,0,487980,487980
2024,238032,00382700,West Virginia University,WV,1,,1,NCAA,8212,8599,16811,26,Volleyball,,13,,,0,13,0,0,31289,406759,406759,,,,,,,1254290,1254290,,,,0,1254290,1254290,,1254290,1254290,,,,0,1254290,1254290
2024,237950,00382701,West Virginia University Institute of Technology,WV,9,,2,NAIA,532,402,934,26,Volleyball,,20,,,0,20,0,0,2416,48321,48321,,,,,,,249030,249030,,,,0,249030,249030,,249030,249030,,,,0,249030,249030
2024,237969,00383000,West Virginia Wesleyan College,WV,4,,1,NCAA,466,483,949,26,Volleyball,,33,,,0,33,0,0,1634,53921,53921,,,,,,,321971,321971,,,,0,321971,321971,,321971,321971,,,,0,321971,321971
2024,490133,04249600,Westcliff University,CA,9,,2,NAIA,1002,600,1602,26,Volleyball,27,9,,,27,9,2732,73752,4448,40028,113780,,,,,,175760,138880,314640,,,,175760,138880,314640,175760,138880,314640,,,,175760,138880,314640
2024,200004,00298100,Western Carolina University,NC,2,,1,NCAA,3594,4661,8255,26,Volleyball,,15,,,0,15,0,0,7418,111264,111264,,,,,,,501601,501601,,,,0,501601,501601,,501601,501601,,,,0,501601,501601
2024,128391,00137200,Western Colorado University,CO,4,,1,NCAA,822,612,1434,26,Volleyball,,17,,,0,17,0,0,2540,43172,43172,,,,,,,461187,461187,,,,0,461187,461187,,461187,461187,,,,0,461187,461187
2024,130776,00138000,Western Connecticut State University,CT,6,,1,NCAA,1593,1588,3181,26,Volleyball,,17,,,0,17,0,0,3504,59567,59567,,,,,,,212757,212757,,,,0,212757,212757,,212757,212757,,,,0,212757,212757
2024,149772,00178000,Western Illinois University,IL,2,,1,NCAA,1550,2186,3736,26,Volleyball,,17,,,0,17,0,0,1051,17865,17865,,,,,,,652726,652726,,,,0,652726,652726,,652726,652726,,,,0,652726,652726
2024,154572,00731600,Western Iowa Tech Community College,IA,13,,3,NJCAA,699,799,1498,26,Volleyball,,13,,,0,13,0,0,5603,72840,72840,,,,,,,301288,301288,,,,0,301288,301288,,301288,301288,,,,0,301288,301288
2024,157951,00200200,Western Kentucky University,KY,1,,1,NCAA,4325,6774,11099,26,Volleyball,,12,,,0,12,0,0,31341,376086,376086,,,,,,,1081084,1081084,,,,0,1081084,1081084,,1081084,1081084,,,,0,1081084,1081084
2024,172699,00233000,Western Michigan University,MI,1,,1,NCAA,5256,5715,10971,26,Volleyball,,15,,,0,15,0,0,11869,178032,178032,,,,,,,1062539,1062539,,,,0,1062539,1062539,,1062539,1062539,,,,0,1062539,1062539
2024,181817,00256000,Western Nebraska Community College,NE,12,,3,NJCAA,257,321,578,26,Volleyball,,14,,,0,14,0,0,3153,44148,44148,,,,,,,250080,250080,,,,0,250080,250080,,244425,244425,,,,0,244425,244425
2024,168254,00222600,Western New England University,MA,6,,1,NCAA,1432,1111,2543,26,Volleyball,,19,,,0,19,0,0,3265,62036,62036,,,,,,,132213,132213,,,,0,132213,132213,,132213,132213,,,,0,132213,132213
2024,188304,00266400,Western New Mexico University,NM,4,,1,NCAA,486,763,1249,26,Volleyball,,14,,,0,14,0,0,7412,103761,103761,,,,,,,461233,461233,,,,0,461233,461233,,457762,457762,,,,0,457762,457762
2024,210429,00320900,Western Oregon University,OR,4,,1,NCAA,948,1709,2657,26,Volleyball,,20,,,0,20,0,0,9698,193961,193961,,,,,,,568820,568820,,,,0,568820,568820,,568820,568820,,,,0,568820,568820
2024,240170,00384000,Western Technical College,WI,14,,3,NJCAA,743,634,1377,26,Volleyball,,10,,,0,10,0,0,2427,24265,24265,,,,,,,47170,47170,,,,0,47170,47170,,47170,47170,,,,0,47170,47170
2024,229832,00954900,Western Texas College,TX,12,,3,NJCAA,212,166,378,26,Volleyball,,15,,,0,15,0,0,2494,37417,37417,,,,,,,324821,324821,,,,0,324821,324821,,259684,259684,,,,0,259684,259684
2024,237011,00380200,Western Washington University,WA,5,,1,NCAA,5214,7129,12343,26,Volleyball,,19,,,0,19,0,0,8230,156363,156363,,,,,,,687779,687779,,,,0,687779,687779,,687779,687779,,,,0,687779,687779
2024,240693,00393300,Western Wyoming Community College,WY,12,,3,NJCAA,352,408,760,26,Volleyball,,15,,,0,15,0,0,6599,98982,98982,,,,,,,301134,301134,,,,0,301134,301134,,301134,301134,,,,0,301134,301134
2024,168263,00218900,Westfield State University,MA,6,,1,NCAA,1435,1754,3189,26,Volleyball,,20,,,0,20,0,0,1607,32130,32130,,,,,,,49101,49101,,,,0,49101,49101,,50169,50169,,,,0,50169,50169
2024,179946,00252300,Westminster College,MO,6,,1,NCAA,362,257,619,26,Volleyball,18,26,,,18,26,4363,78542,1850,48090,126632,,,,,,132722,106295,239017,,,,132722,106295,239017,132722,106295,239017,,,,132722,106295,239017
2024,216807,00339200,Westminster College,PA,6,,1,NCAA,529,504,1033,26,Volleyball,,26,,,0,26,0,0,2271,59055,59055,,,,,,,134074,134074,,,,0,134074,134074,,134074,134074,,,,0,134074,134074
2024,230807,00368100,Westminster University,UT,5,,1,NCAA,334,456,790,26,Volleyball,,16,,,0,16,0,0,4793,76691,76691,,,,,,,337224,337224,,,,0,337224,337224,,337224,337224,,,,0,337224,337224
2024,125727,00134100,Westmont College,CA,5,,1,NCAA,503,790,1293,26,Volleyball,,17,,,0,17,0,0,4634,78776,78776,,,,,,,414957,414957,,,,0,414957,414957,,387834,387834,,,,0,387834,387834
2024,216825,01017600,Westmoreland County Community College,PA,13,,3,NJCAA,447,595,1042,26,Volleyball,,9,,,0,9,0,0,2402,21621,21621,,,,,,,33225,33225,,,,0,33225,33225,,33224,33224,,,,0,33224,33224
2024,229841,00366800,Wharton County Junior College,TX,12,,3,NJCAA,1011,1067,2078,26,Volleyball,,14,,,0,14,0,0,2876,40266,40266,,,,,,,175941,175941,,,,0,175941,175941,,175941,175941,,,,0,175941,175941
2024,237039,01036400,Whatcom Community College,WA,19,,8,other,580,728,1308,26,Volleyball,,11,,,0,11,0,0,2805,30860,30860,,,,,,,67994,67994,,,,0,67994,67994,,67994,67994,,,,0,67994,67994
2024,149781,00178100,Wheaton College,IL,6,,1,NCAA,954,1135,2089,26,Volleyball,,18,,,0,18,0,0,3259,58669,58669,,,,,,,203436,203436,,,,0,203436,203436,,203436,203436,,,,0,203436,203436
2024,168281,00222700,Wheaton College (Massachusetts),MA,7,,1,NCAA,611,1158,1769,26,Volleyball,,13,,,0,13,0,0,3522,45790,45790,,,,,,,138199,138199,,,,0,138199,138199,,138199,138199,,,,0,138199,138199
2024,238078,00383100,Wheeling University,WV,4,,1,NCAA,351,231,582,26,Volleyball,,23,,,0,23,0,0,5121,117793,117793,,,,,,,498352,498352,,,,0,498352,498352,,441321,441321,,,,0,441321,441321
2024,237057,00380300,Whitman College,WA,7,,1,NCAA,644,865,1509,26,Volleyball,,19,,,0,19,0,0,4057,77074,77074,,,,,,,234661,234661,,,,0,234661,234661,,203006,203006,,,,0,203006,203006
2024,125763,00134200,Whittier College,CA,7,,1,NCAA,321,424,745,26,Volleyball,,20,,,0,20,0,0,1878,37565,37565,,,,,,,105729,105729,,,,0,105729,105729,,90465,90465,,,,0,90465,90465
2024,237066,00380400,Whitworth University,WA,6,,1,NCAA,817,1013,1830,26,Volleyball,,18,,,0,18,0,0,3964,71348,71348,,,,,,,222971,222971,,,,0,222971,222971,,222951,222951,,,,0,222951,222951
2024,156125,00195000,Wichita State University,KS,3,,1,NCAA,3863,4824,8687,26,Volleyball,,22,,,0,22,0,0,17775,391045,391045,,,,,,,1401282,1401282,,,,0,1401282,1401282,,1401282,1401282,,,,0,1401282,1401282
2024,216852,00331300,Widener University,PA,6,,1,NCAA,1108,1668,2776,26,Volleyball,16,18,,,16,18,789,12631,766,13796,26427,,,,,,99832,184184,284016,,,,99832,184184,284016,92794,157146,249940,,,,92794,157146,249940
2024,206491,00314100,Wilberforce University,OH,9,,2,NAIA,321,371,692,26,Volleyball,,14,,,0,14,0,0,4501,63010,63010,,,,,,,113433,113433,,,,0,113433,113433,,113433,113433,,,,0,113433,113433
2024,229887,00366900,Wiley University,TX,9,,2,NAIA,335,357,692,26,Volleyball,,18,,,0,18,0,0,4107,73922,73922,,,,,,,286672,286672,,,,0,286672,286672,,286672,286672,,,,0,286672,286672
2024,216931,00339400,Wilkes University,PA,6,,1,NCAA,927,966,1893,26,Volleyball,16,12,,,16,12,3692,59068,3119,37428,96496,,,,,,94356,92797,187153,,,,94356,92797,187153,94356,92797,187153,,,,94356,92797,187153
2024,210401,00322700,Willamette University,OR,6,,1,NCAA,604,974,1578,26,Volleyball,,14,,,0,14,0,0,2996,41937,41937,,,,,,,144939,144939,,,,0,144939,144939,,144939,144939,,,,0,144939,144939
2024,231624,00370500,William & Mary,VA,2,,1,NCAA,2878,4093,6971,26,Volleyball,,19,,,0,19,0,0,6346,120581,120581,,,,,,,944193,944193,,,,0,944193,944193,,1159233,1159233,,,,0,1159233,1159233
2024,176479,00244700,William Carey University,MS,9,,2,NAIA,629,1270,1899,26,Volleyball,,23,,,0,23,0,0,8518,195919,195919,,,,,,,589603,589603,,,,0,589603,589603,,580123,580123,,,,0,580123,580123
2024,122728,00128100,William Jessup University,CA,5,,1,NCAA,533,629,1162,26,Volleyball,,19,,,0,19,0,0,1494,28377,28377,,,,,,,205346,205346,,,,0,205346,205346,,133681,133681,,,,0,133681,133681
2024,179955,00252400,William Jewell College,MO,4,,1,NCAA,459,420,879,26,Volleyball,,22,,,0,22,0,0,2602,57237,57237,,,,,,,214729,214729,,,,0,214729,214729,,295951,295951,,,,0,295951,295951
2024,187444,00262500,William Paterson University of New Jersey,NJ,6,,1,NCAA,2120,3116,5236,26,Volleyball,,16,,,0,16,0,0,3564,57023,57023,,,,,,,190501,190501,,,,0,190501,190501,,184867,184867,,,,0,184867,184867
2024,199272,00295300,William Peace University,NC,7,,1,NCAA,326,275,601,26,Volleyball,,21,,,0,21,0,0,2211,46421,46421,,,,,,,103314,103314,,,,0,103314,103314,,100371,100371,,,,0,100371,100371
2024,154590,00190000,William Penn University,IA,9,,2,NAIA,666,572,1238,26,Volleyball,30,33,,,30,33,867,26023,1222,40340,66363,,,,,,583904,648174,1232078,,,,583904,648174,1232078,581221,642410,1223631,,,,581221,642410,1223631
2024,149842,00396100,William Rainey Harper College,IL,14,,3,NJCAA,1967,1952,3919,26,Volleyball,,14,,,0,14,0,0,1076,15063,15063,,,,,,,60819,60819,,,,0,60819,60819,,60819,60819,,,,0,60819,60819
2024,179964,00252500,William Woods University,MO,9,,2,NAIA,442,594,1036,26,Volleyball,,34,,,0,34,0,0,2076,70570,70570,,,,,,,1077271,1077271,,,,0,1077271,1077271,,1066175,1066175,,,,0,1066175,1066175
2024,107877,00110600,Williams Baptist University,AR,9,,2,NAIA,237,236,473,26,Volleyball,,14,,,0,14,0,0,1473,20625,20625,,,,,,,173861,173861,,,,0,173861,173861,,173729,173729,,,,0,173729,173729
2024,168342,00222900,Williams College,MA,6,,1,NCAA,987,1089,2076,26,Volleyball,,18,,,0,18,0,0,2439,43910,43910,,,,,,,197230,197230,,,,0,197230,197230,,197230,197230,,,,0,197230,197230
2024,200341,00300700,Williston State College,ND,12,,3,NJCAA,227,282,509,26,Volleyball,,13,,,0,13,0,0,1926,25042,25042,,,,,,,103311,103311,,,,0,103311,103311,,72079,72079,,,,0,72079,72079
2024,206507,00314200,Wilmington College,OH,6,,1,NCAA,457,503,960,26,Volleyball,,24,,,0,24,0,0,2359,56624,56624,,,,,,,150785,150785,,,,0,150785,150785,,144562,144562,,,,0,144562,144562
2024,131113,00794800,Wilmington University,DE,5,,1,NCAA,1258,1727,2985,26,Volleyball,,16,,,0,16,0,0,7418,118687,118687,,,,,,,276239,276239,,,,0,276239,276239,,271328,271328,,,,0,271328,271328
2024,217013,00339600,Wilson College,PA,7,,1,NCAA,119,508,627,26,Volleyball,9,11,,,9,11,3633,32693,2904,31944,64637,,,,,,102766,77215,179981,,,,102766,77215,179981,102768,77215,179983,,,,102768,77215,179983
2024,199962,00298500,Wingate University,NC,4,,1,NCAA,1080,1531,2611,26,Volleyball,,18,,,0,18,0,0,3598,64762,64762,,,,,,,582852,582852,,,,0,582852,582852,,516166,516166,,,,0,516166,516166
2024,175272,00239400,Winona State University,MN,4,,1,NCAA,1394,3063,4457,26,Volleyball,,17,,,0,17,0,0,5877,99909,99909,,,,,,,545509,545509,,,,0,545509,545509,,545509,545509,,,,0,545509,545509
2024,199999,00298600,Winston-Salem State University,NC,4,,1,NCAA,1017,2741,3758,26,Volleyball,,17,,,0,17,0,0,4723,80283,80283,,,,,,,311372,311372,,,,0,311372,311372,,311372,311372,,,,0,311372,311372
2024,218964,00345600,Winthrop University,SC,3,,1,NCAA,1181,2160,3341,26,Volleyball,,20,,,0,20,0,0,9000,179993,179993,,,,,,,685951,685951,,,,0,685951,685951,,685951,685951,,,,0,685951,685951
2024,240338,02136600,Wisconsin Lutheran College,WI,6,,1,NCAA,448,481,929,26,Volleyball,15,22,,,15,22,3942,59127,3124,68735,127862,,,,,,135510,184794,320304,,,,135510,184794,320304,133603,157738,291341,,,,133603,157738,291341
2024,206525,00314300,Wittenberg University,OH,6,,1,NCAA,634,575,1209,26,Volleyball,20,20,,,20,20,3690,73792,2550,51000,124792,,,,,,190118,205054,395172,,,,190118,205054,395172,190118,205054,395172,,,,190118,205054,395172
2024,218973,00345700,Wofford College,SC,2,,1,NCAA,870,935,1805,26,Volleyball,,16,,,0,16,0,0,6538,104612,104612,,,,,,,1128882,1128882,,,,0,1128882,1128882,,1128882,1128882,,,,0,1128882,1128882
2024,168421,00223300,Worcester Polytechnic Institute,MA,6,,1,NCAA,3583,1747,5330,26,Volleyball,,15,,,0,15,0,0,2096,31438,31438,,,,,,,149582,149582,,,,0,149582,149582,,149582,149582,,,,0,149582,149582
2024,168430,00219000,Worcester State University,MA,6,,1,NCAA,1346,2029,3375,26,Volleyball,,15,,,0,15,0,0,2076,31147,31147,,,,,,,56381,56381,,,,0,56381,56381,,53340,53340,,,,0,53340,53340
2024,197531,01185900,Word of Life Bible Institute,NY,20,,8,other,245,244,489,26,Volleyball,,10,,,0,10,0,0,557,5573,5573,,,,,,,16590,16590,,,,0,16590,16590,,9917,9917,,,,0,9917,9917
2024,206604,00307800,Wright State University-Main Campus,OH,3,,1,NCAA,2558,3199,5757,26,Volleyball,,15,,,0,15,0,0,6596,98947,98947,,,,,,,701075,701075,,,,0,701075,701075,,701075,701075,,,,0,701075,701075
2024,206622,00314400,Xavier University,OH,3,,1,NCAA,1832,2243,4075,26,Volleyball,,17,,,0,17,0,0,9809,166745,166745,,,,,,,1279154,1279154,,,,0,1279154,1279154,,1279157,1279157,,,,0,1279157,1279157
2024,160904,00203200,Xavier University of Louisiana,LA,9,,2,NAIA,631,1929,2560,26,Volleyball,,16,,,0,16,0,0,4337,69398,69398,,,,,,,488958,488958,,,,0,488958,488958,,527424,527424,,,,0,527424,527424
2024,237109,00380500,Yakima Valley College,WA,8,NWAC,8,other,593,1194,1787,26,Volleyball,,15,,,0,15,0,0,2594,38908,38908,,,,,,,114205,114205,,,,0,114205,114205,,114205,114205,,,,0,114205,114205
2024,130794,00142600,Yale University,CT,2,,1,NCAA,3275,3477,6752,26,Volleyball,,19,,,0,19,0,0,6749,128230,128230,,,,,,,822677,822677,,,,0,822677,822677,,822677,822677,,,,0,822677,822677
2024,106148,00107900,Yavapai College,AZ,12,,3,NJCAA,776,768,1544,26,Volleyball,,16,,,0,16,0,0,4871,77930,77930,,,,,,,353596,353596,,,,0,353596,353596,,353596,353596,,,,0,353596,353596
2024,197708,00290300,Yeshiva University,NY,7,,1,NCAA,1532,1290,2822,26,Volleyball,15,12,,,15,12,1499,22485,3075,36902,59387,,,,,,46980,79432,126412,,,,46980,79432,126412,46980,79432,126412,,,,46980,79432,126412
2024,217059,00339900,York College of Pennsylvania,PA,7,,1,NCAA,1336,1734,3070,26,Volleyball,,19,,,0,19,0,0,1889,35893,35893,,,,,,,102626,102626,,,,0,102626,102626,,79410,79410,,,,0,79410,79410
2024,181853,00256700,York University,NE,10,,2,NAIA,218,179,397,26,Volleyball,,33,,,0,33,0,0,1831,60419,60419,,,,,,,501068,501068,,,,0,501068,501068,,501068,501068,,,,0,501068,501068
2024,141361,00160400,Young Harris College,GA,5,,1,NCAA,332,418,750,26,Volleyball,,18,,,0,18,0,0,3254,58565,58565,,,,,,,229661,229661,,,,0,229661,229661,,229661,229661,,,,0,229661,229661
2024,206695,00314500,Youngstown State University,OH,2,,1,NCAA,3186,3630,6816,26,Volleyball,,17,,,0,17,0,0,8070,137195,137195,,,,,,,705409,705409,,,,0,705409,705409,,705409,705409,,,,0,705409,705409
2024,126119,00134400,Yuba College,CA,17,,8,other,639,842,1481,26,Volleyball,,9,,,0,9,0,0,2051,18459,18459,,,,,,,56246,56246,,,,0,56246,56246,,56246,56246,,,,0,56246,56246
