Survey Year,UNITID,OPE ID,Institution Name,State CD,Classification Name,Classification Other,Sanction Code,Sanction Name,Male Undergraduates,Female Undergraduates,Total Undergraduates,Sport Code,Sport Name,# Participants Men's Team,# Participants Women's Team,# Participants Men Coed Team,# Participants Women Coed Team,Total # Participants Men's Team/Men Coed Team,Total # Participants Women's Team/Women Coed Team,Operating Expenses per Participant/Men's Team,Operating Expenses per Team/Men's Team,Operating Expenses per Participant/Women's Team,Operating Expenses per Team/Women's Team,Total Operating Expenses Men's Team and Women's Team,Operating Expenses per Participant/Men Coed Team,Operating Expenses per Team/Men Coed Team,Operating Expenses per Participant/Women Coed Team,Operating Expenses per Team/Women Coed Team,Total Operating Expenses Men Coed Team/Women Coed Team,Revenues Men's Team,Revenues Women's Team,Total Revenues For Men's Team and Women's Team,Revenues Men Coed Team,Revenues Women Coed Team,Total Revenues Men Coed Team/Women Coed Team,Total Revenues Men's Team and Men Coed Team,Total Revenues Women's Team and Women Coed Team,Total Revenues Men's Team/Women's Team and Coed Team,Expenses Men's Team,Expenses Women's Team,Total Expenses Men's Team and Women's Team,Expenses Men Coed Team,Expenses Women Coed Team,Total Expenses Men Coed Team and Women Coed Team,Total Expenses Men's Team and Men Coed Team,Total Expenses Women's Team and  Women Coed Team,Total Expenses Men's Team/Women's Team and Coed Team
2024,222178,00353700,Abilene Christian University,TX,2,,1,NCAA,1258,1843,3101,7,Football,93,,,,93,0,17471,1624808,0,0,1624808,,,,,,7428508,,7428508,,,,7428508,0,7428508,7286935,,7286935,,,,7286935,0,7286935
2024,126182,00134500,Adams State University,CO,4,,1,NCAA,485,430,915,7,Football,130,,,,130,0,1175,152739,0,0,152739,,,,,,1157693,,1157693,,,,1157693,0,1157693,1157693,,1157693,,,,1157693,0,1157693
2024,168528,00223400,Adrian College,MI,6,,1,NCAA,917,676,1593,7,Football,177,,,,177,0,698,123589,0,0,123589,,,,,,566197,,566197,,,,566197,0,566197,566197,,566197,,,,566197,0,566197
2024,100654,00100200,Alabama A & M University,AL,2,,1,NCAA,2375,3293,5668,7,Football,146,,,,146,0,7551,1102458,0,0,1102458,,,,,,5099251,,5099251,,,,5099251,0,5099251,4382334,,4382334,,,,4382334,0,4382334
2024,100724,00100500,Alabama State University,AL,2,,1,NCAA,1177,2066,3243,7,Football,117,,,,117,0,8294,970358,0,0,970358,,,,,,4937810,,4937810,,,,4937810,0,4937810,4937810,,4937810,,,,4937810,0,4937810
2024,138716,00154400,Albany State University,GA,4,,1,NCAA,1271,3157,4428,7,Football,86,,,,86,0,1418,121937,0,0,121937,,,,,,1833011,,1833011,,,,1833011,0,1833011,1355220,,1355220,,,,1355220,0,1355220
2024,168546,00223500,Albion College,MI,6,,1,NCAA,604,690,1294,7,Football,121,,,,121,0,2147,259748,0,0,259748,,,,,,740109,,740109,,,,740109,0,740109,663839,,663839,,,,663839,0,663839
2024,210571,00322900,Albright College,PA,6,,1,NCAA,546,604,1150,7,Football,91,,,,91,0,704,64055,0,0,64055,,,,,,422683,,422683,,,,422683,0,422683,422683,,422683,,,,422683,0,422683
2024,175342,00239600,Alcorn State University,MS,2,,1,NCAA,701,1357,2058,7,Football,118,,,,118,0,15601,1840955,0,0,1840955,,,,,,3955380,,3955380,,,,3955380,0,3955380,3955380,,3955380,,,,3955380,0,3955380
2024,188641,00266800,Alfred University,NY,6,,1,NCAA,675,729,1404,7,Football,115,,,,115,0,1598,183802,0,0,183802,,,,,,599441,,599441,,,,599441,0,599441,603393,,603393,,,,603393,0,603393
2024,108807,00111100,Allan Hancock College,CA,17,,8,other,1528,1651,3179,7,Football,71,,,,71,0,1033,73347,0,0,73347,,,,,,242009,,242009,,,,242009,0,242009,274347,,274347,,,,274347,0,274347
2024,210669,00323000,Allegheny College,PA,6,,1,NCAA,536,575,1111,7,Football,108,,,,108,0,2886,311736,0,0,311736,,,,,,788268,,788268,,,,788268,0,788268,788268,,788268,,,,788268,0,788268
2024,217624,00341700,Allen University,SC,4,,1,NCAA,316,244,560,7,Football,125,,,,125,0,662,82719,0,0,82719,,,,,,853664,,853664,,,,853664,0,853664,853664,,853664,,,,853664,0,853664
2024,168591,00223600,Alma College,MI,6,,1,NCAA,532,596,1128,7,Football,168,,,,168,0,549,92163,0,0,92163,,,,,,819404,,819404,,,,819404,0,819404,819404,,819404,,,,819404,0,819404
2024,210775,00323300,Alvernia University,PA,6,,1,NCAA,687,1047,1734,7,Football,90,,,,90,0,1052,94713,0,0,94713,,,,,,545415,,545415,,,,545415,0,545415,532011,,532011,,,,532011,0,532011
2024,164447,00211400,American International College,MA,4,,1,NCAA,537,441,978,7,Football,125,,,,125,0,817,102141,0,0,102141,,,,,,2196763,,2196763,,,,2196763,0,2196763,2196763,,2196763,,,,2196763,0,2196763
2024,109208,00123200,American River College,CA,17,,8,other,2370,2682,5052,7,Football,137,,,,137,0,1347,184475,0,0,184475,,,,,,433415,,433415,,,,433415,0,433415,441280,,441280,,,,441280,0,441280
2024,164465,00211500,Amherst College,MA,6,,1,NCAA,861,1050,1911,7,Football,84,,,,84,0,1972,165685,0,0,165685,,,,,,1141137,,1141137,,,,1141137,0,1141137,1141137,,1141137,,,,1141137,0,1141137
2024,150066,00178500,Anderson University,IN,6,,1,NCAA,531,494,1025,7,Football,97,,,,97,0,1823,176872,0,0,176872,,,,,,544982,,544982,,,,544982,0,544982,534947,,534947,,,,534947,0,534947
2024,217633,00341800,Anderson University,SC,6,,1,NCAA,1171,1913,3084,7,Football,112,,,,112,0,2974,333052,0,0,333052,,,,,,2314108,,2314108,,,,2314108,0,2314108,2200474,,2200474,,,,2200474,0,2200474
2024,138761,00154500,Andrew College,GA,12,,3,NJCAA,277,107,384,7,Football,77,,,,77,0,570,43888,0,0,43888,,,,,,1044423,,1044423,,,,1044423,0,1044423,1044423,,1044423,,,,1044423,0,1044423
2024,222831,00354100,Angelo State University,TX,4,,1,NCAA,2198,2892,5090,7,Football,129,,,,129,0,3128,403516,0,0,403516,,,,,,1832364,,1832364,,,,1832364,0,1832364,1800964,,1800964,,,,1800964,0,1800964
2024,164492,00211700,Anna Maria College,MA,6,,1,NCAA,471,311,782,7,Football,112,,,,112,0,1282,143579,0,0,143579,,,,,,362764,,362764,,,,362764,0,362764,362764,,362764,,,,362764,0,362764
2024,109350,00111300,Antelope Valley Community College District,CA,17,,8,other,1895,2152,4047,7,Football,73,,,,73,0,2649,193351,0,0,193351,,,,,,288272,,288272,,,,288272,0,288272,288272,,288272,,,,288272,0,288272
2024,197869,00290600,Appalachian State University,NC,1,,1,NCAA,8122,9976,18098,7,Football,122,,,,122,0,18944,2311199,0,0,2311199,,,,,,13288981,,13288981,,,,13288981,0,13288981,13288981,,13288981,,,,13288981,0,13288981
2024,105899,00711300,Arizona Christian University,AZ,9,,2,NAIA,664,434,1098,7,Football,85,,,,85,0,4296,365158,0,0,365158,,,,,,3099343,,3099343,,,,3099343,0,3099343,3099343,,3099343,,,,3099343,0,3099343
2024,104151,00108100,Arizona State University Campus Immersion,AZ,1,,1,NCAA,30671,29606,60277,7,Football,123,,,,123,0,35699,4390988,0,0,4390988,,,,,,50352139,,50352139,,,,50352139,0,50352139,50352139,,50352139,,,,50352139,0,50352139
2024,106306,00108700,Arkansas Baptist College,AR,9,,2,NAIA,240,60,300,7,Football,120,,,,120,0,1017,122006,0,0,122006,,,,,,558297,,558297,,,,558297,0,558297,558297,,558297,,,,558297,0,558297
2024,106458,00109000,Arkansas State University,AR,1,,1,NCAA,2210,3310,5520,7,Football,153,,,,153,0,24612,3765584,0,0,3765584,,,,,,11536628,,11536628,,,,11536628,0,11536628,11536628,,11536628,,,,11536628,0,11536628
2024,106467,00108900,Arkansas Tech University,AR,4,,1,NCAA,1980,2505,4485,7,Football,134,,,,134,0,715,95743,0,0,95743,,,,,,1629279,,1629279,,,,1629279,0,1629279,1629279,,1629279,,,,1629279,0,1629279
2024,201104,00301200,Ashland University,OH,4,,1,NCAA,870,975,1845,7,Football,163,,,,163,0,2634,429269,0,0,429269,,,,,,2711121,,2711121,,,,2711121,0,2711121,2711121,,2711121,,,,2711121,0,2711121
2024,164562,00211800,Assumption University,MA,4,,1,NCAA,753,907,1660,7,Football,114,,,,114,0,1416,161386,0,0,161386,,,,,,1284181,,1284181,,,,1284181,0,1284181,1179970,,1179970,,,,1179970,0,1179970
2024,485768,04233900,Atlantis University,FL,20,,8,other,267,63,330,7,Football,42,,,,42,0,2373,99648,0,0,99648,,,,,,354392,,354392,,,,354392,0,354392,354392,,354392,,,,354392,0,354392
2024,100858,00100900,Auburn University,AL,1,,1,NCAA,12326,12851,25177,7,Football,121,,,,121,0,55856,6758526,0,0,6758526,,,,,,121408732,,121408732,,,,121408732,0,121408732,58724402,,58724402,,,,58724402,0,58724402
2024,173045,00233400,Augsburg University,MN,6,,1,NCAA,1079,1289,2368,7,Football,106,,,,106,0,1370,145183,0,0,145183,,,,,,526590,,526590,,,,526590,0,526590,526590,,526590,,,,526590,0,526590
2024,143084,00163300,Augustana College,IL,6,,1,NCAA,1156,1318,2474,7,Football,146,,,,146,0,1580,230624,0,0,230624,,,,,,693321,,693321,,,,693321,0,693321,693321,,693321,,,,693321,0,693321
2024,219000,00345800,Augustana University,SD,4,,1,NCAA,759,1178,1937,7,Football,124,,,,124,0,1009,125096,0,0,125096,,,,,,2860738,,2860738,,,,2860738,0,2860738,2860738,,2860738,,,,2860738,0,2860738
2024,143118,00163400,Aurora University,IL,6,,1,NCAA,1253,2407,3660,7,Football,138,,,,138,0,910,125532,0,0,125532,,,,,,710979,,710979,,,,710979,0,710979,710979,,710979,,,,710979,0,710979
2024,222983,00354300,Austin College,TX,6,,1,NCAA,565,597,1162,7,Football,100,,,,100,0,2397,239665,0,0,239665,,,,,,757958,,757958,,,,757958,0,757958,703508,,703508,,,,703508,0,703508
2024,219602,00347800,Austin Peay State University,TN,2,,1,NCAA,2183,3303,5486,7,Football,108,,,,108,0,12783,1380575,0,0,1380575,,,,,,5494154,,5494154,,,,5494154,0,5494154,5494154,,5494154,,,,5494154,0,5494154
2024,446048,03941300,Ave Maria University,FL,10,,2,NAIA,602,681,1283,7,Football,114,,,,114,0,2515,286747,0,0,286747,,,,,,1967441,,1967441,,,,1967441,0,1967441,1967441,,1967441,,,,1967441,0,1967441
2024,231420,00370200,Averett University,VA,6,,1,NCAA,565,576,1141,7,Football,143,,,,143,0,873,124794,0,0,124794,,,,,,484698,,484698,,,,484698,0,484698,484698,,484698,,,,484698,0,484698
2024,176628,00244900,Avila University,MO,9,,2,NAIA,447,732,1179,7,Football,124,,,,124,0,1042,129209,0,0,129209,,,,,,2121377,,2121377,,,,2121377,0,2121377,1900378,,1900378,,,,1900378,0,1900378
2024,154688,00190300,Baker University,KS,9,,2,NAIA,461,496,957,7,Football,120,,,,120,0,1496,179565,0,0,179565,,,,,,3810981,,3810981,,,,3810981,0,3810981,3779429,,3779429,,,,3779429,0,3779429
2024,109819,00111800,Bakersfield College,CA,17,,8,other,2644,3576,6220,7,Football,91,,,,91,0,1941,176675,0,0,176675,,,,,,1168468,,1168468,,,,1168468,0,1168468,1052609,,1052609,,,,1052609,0,1052609
2024,201195,00301400,Baldwin Wallace University,OH,6,,1,NCAA,1268,1482,2750,7,Football,129,,,,129,0,1754,226224,0,0,226224,,,,,,734096,,734096,,,,734096,0,734096,734096,,734096,,,,734096,0,734096
2024,150136,00178600,Ball State University,IN,1,,1,NCAA,5163,7864,13027,7,Football,120,,,,120,0,11210,1345209,0,0,1345209,,,,,,7990057,,7990057,,,,7990057,0,7990057,7990057,,7990057,,,,7990057,0,7990057
2024,197911,00290800,Barton College,NC,4,,1,NCAA,501,417,918,7,Football,153,,,,153,0,1313,200952,0,0,200952,,,,,,1455993,,1455993,,,,1455993,0,1455993,1455993,,1455993,,,,1455993,0,1455993
2024,160977,00203600,Bates College,ME,6,,1,NCAA,848,912,1760,7,Football,84,,,,84,0,1657,139181,0,0,139181,,,,,,1232779,,1232779,,,,1232779,0,1232779,1010087,,1010087,,,,1010087,0,1010087
2024,223232,00354500,Baylor University,TX,1,,1,NCAA,5908,8646,14554,7,Football,118,,,,118,0,62189,7338342,0,0,7338342,,,,,,44260293,,44260293,,,,44260293,0,44260293,41050130,,41050130,,,,41050130,0,41050130
2024,175421,00239700,Belhaven University,MS,6,,1,NCAA,463,679,1142,7,Football,104,,,,104,0,4856,505028,0,0,505028,,,,,,985975,,985975,,,,985975,0,985975,985750,,985750,,,,985750,0,985750
2024,238333,00383500,Beloit College,WI,6,,1,NCAA,457,467,924,7,Football,71,,,,71,0,1549,109949,0,0,109949,,,,,,434665,,434665,,,,434665,0,434665,434665,,434665,,,,434665,0,434665
2024,173124,00233600,Bemidji State University,MN,4,,1,NCAA,964,1339,2303,7,Football,118,,,,118,0,2255,266048,0,0,266048,,,,,,1768564,,1768564,,,,1768564,0,1768564,1768564,,1768564,,,,1768564,0,1768564
2024,217721,00342000,Benedict College,SC,4,,1,NCAA,725,762,1487,7,Football,152,,,,152,0,1770,269011,0,0,269011,,,,,,549516,,549516,,,,549516,0,549516,1477509,,1477509,,,,1477509,0,1477509
2024,154712,01025600,Benedictine College,KS,9,,2,NAIA,1140,1115,2255,7,Football,197,,,,197,0,379,74748,0,0,74748,,,,,,3286133,,3286133,,,,3286133,0,3286133,3286133,,3286133,,,,3286133,0,3286133
2024,145619,00176700,Benedictine University,IL,6,,1,NCAA,940,874,1814,7,Football,143,,,,143,0,472,67558,0,0,67558,,,,,,452300,,452300,,,,452300,0,452300,446658,,446658,,,,446658,0,446658
2024,164739,00212400,Bentley University,MA,4,,1,NCAA,2682,1751,4433,7,Football,102,,,,102,0,2475,252478,0,0,252478,,,,,,1795125,,1795125,,,,1795125,0,1795125,1714389,,1714389,,,,1714389,0,1714389
2024,139144,00155400,Berry College,GA,6,,1,NCAA,839,1389,2228,7,Football,130,,,,130,0,3145,408885,0,0,408885,,,,,,1165509,,1165509,,,,1165509,0,1165509,1100396,,1100396,,,,1100396,0,1100396
2024,154721,00190400,Bethany College,KS,10,,2,NAIA,376,190,566,7,Football,92,,,,92,0,1056,97190,0,0,97190,,,,,,2247128,,2247128,,,,2247128,0,2247128,2243243,,2243243,,,,2243243,0,2243243
2024,237181,00380800,Bethany College,WV,6,,1,NCAA,359,254,613,7,Football,117,,,,117,0,892,104330,0,0,104330,,,,,,387731,,387731,,,,387731,0,387731,389730,,389730,,,,389730,0,389730
2024,154749,00190500,Bethel College-North Newton,KS,10,,2,NAIA,250,241,491,7,Football,98,,,,98,0,1106,108403,0,0,108403,,,,,,1307981,,1307981,,,,1307981,0,1307981,1302304,,1302304,,,,1302304,0,1302304
2024,173160,00905800,Bethel University,MN,6,,1,NCAA,742,901,1643,7,Football,98,,,,98,0,2012,197160,0,0,197160,,,,,,537845,,537845,,,,537845,0,537845,537845,,537845,,,,537845,0,537845
2024,219718,00348000,Bethel University,TN,9,,2,NAIA,815,652,1467,7,Football,169,,,,169,0,684,115664,0,0,115664,,,,,,3229372,,3229372,,,,3229372,0,3229372,1539165,,1539165,,,,1539165,0,1539165
2024,132602,00146700,Bethune-Cookman University,FL,2,,1,NCAA,1007,1661,2668,7,Football,117,,,,117,0,14612,1709610,0,0,1709610,,,,,,4578874,,4578874,,,,4578874,0,4578874,4578874,,4578874,,,,4578874,0,4578874
2024,219046,00345900,Black Hills State University,SD,4,,1,NCAA,523,1034,1557,7,Football,125,,,,125,0,2167,270929,0,0,270929,,,,,,1673123,,1673123,,,,1673123,0,1673123,1730741,,1730741,,,,1730741,0,1730741
2024,223427,00354900,Blinn College District,TX,12,,3,NJCAA,4224,3887,8111,7,Football,139,,,,139,0,1407,195508,0,0,195508,,,,,,1131608,,1131608,,,,1131608,0,1131608,1130552,,1130552,,,,1130552,0,1130552
2024,237215,00380900,Bluefield State University,WV,4,CIAA,1,NCAA,365,519,884,7,Football,93,,,,93,0,2515,233917,0,0,233917,,,,,,1608660,,1608660,,,,1608660,0,1608660,1608660,,1608660,,,,1608660,0,1608660
2024,231554,00370300,Bluefield University,VA,9,,2,NAIA,324,227,551,7,Football,117,,,,117,0,1081,126462,0,0,126462,,,,,,2066952,,2066952,,,,2066952,0,2066952,2066952,,2066952,,,,2066952,0,2066952
2024,201371,00301600,Bluffton University,OH,6,,1,NCAA,334,241,575,7,Football,151,,,,151,0,658,99313,0,0,99313,,,,,,458799,,458799,,,,458799,0,458799,401798,,401798,,,,401798,0,401798
2024,142115,00161600,Boise State University,ID,1,,1,NCAA,6072,8020,14092,7,Football,117,,,,117,0,29565,3459088,0,0,3459088,,,,,,55692857,,55692857,,,,55692857,0,55692857,25752831,,25752831,,,,25752831,0,25752831
2024,164924,00212800,Boston College,MA,1,,1,NCAA,4664,5148,9812,7,Football,148,,,,148,0,61622,9120056,0,0,9120056,,,,,,47531226,,47531226,,,,47531226,0,47531226,41224780,,41224780,,,,41224780,0,41224780
2024,161004,00203800,Bowdoin College,ME,6,,1,NCAA,897,975,1872,7,Football,84,,,,84,0,2221,186578,0,0,186578,,,,,,949108,,949108,,,,949108,0,949108,904354,,904354,,,,904354,0,904354
2024,162007,00206200,Bowie State University,MD,4,,1,NCAA,1703,2599,4302,7,Football,135,,,,135,0,2786,376090,0,0,376090,,,,,,2661443,,2661443,,,,2661443,0,2661443,1519569,,1519569,,,,1519569,0,1519569
2024,201441,00301800,Bowling Green State University-Main Campus,OH,1,,1,NCAA,5196,6978,12174,7,Football,108,,,,108,0,2417,261012,0,0,261012,,,,,,10756676,,10756676,,,,10756676,0,10756676,10984685,,10984685,,,,10984685,0,10984685
2024,198066,00291200,Brevard College,NC,6,,1,NCAA,504,305,809,7,Football,193,,,,193,0,1164,224734,0,0,224734,,,,,,625005,,625005,,,,625005,0,625005,625005,,625005,,,,625005,0,625005
2024,152992,00184600,Briar Cliff University,IA,10,,2,NAIA,322,240,562,7,Football,96,,,,96,0,1198,115018,0,0,115018,,,,,,1612335,,1612335,,,,1612335,0,1612335,1610694,,1610694,,,,1610694,0,1610694
2024,231581,00370400,Bridgewater College,VA,6,,1,NCAA,735,661,1396,7,Football,134,,,,134,0,1281,171662,0,0,171662,,,,,,620313,,620313,,,,620313,0,620313,620313,,620313,,,,620313,0,620313
2024,165024,00218300,Bridgewater State University,MA,6,,1,NCAA,2832,3791,6623,7,Football,100,,,,100,0,969,96883,0,0,96883,,,,,,181914,,181914,,,,181914,0,181914,180965,,180965,,,,180965,0,180965
2024,230038,00367000,Brigham Young University,UT,1,,1,NCAA,14605,15542,30147,7,Football,135,,,,135,0,55891,7545227,0,0,7545227,,,,,,51715899,,51715899,,,,51715899,0,51715899,44561032,,44561032,,,,44561032,0,44561032
2024,217156,00340100,Brown University,RI,2,,1,NCAA,3588,3597,7185,7,Football,112,,,,112,0,5762,645359,0,0,645359,,,,,,3568284,,3568284,,,,3568284,0,3568284,3568284,,3568284,,,,3568284,0,3568284
2024,217165,00340200,Bryant University,RI,2,,1,NCAA,2045,1127,3172,7,Football,142,,,,142,0,5029,714061,0,0,714061,,,,,,6274912,,6274912,,,,6274912,0,6274912,6274912,,6274912,,,,6274912,0,6274912
2024,211291,00323800,Bucknell University,PA,2,,1,NCAA,1852,2016,3868,7,Football,98,,,,98,0,8242,807676,0,0,807676,,,,,,7520434,,7520434,,,,7520434,0,7520434,7520434,,7520434,,,,7520434,0,7520434
2024,153001,00184700,Buena Vista University,IA,6,,1,NCAA,456,739,1195,7,Football,79,,,,79,0,1280,101140,0,0,101140,,,,,,510759,,510759,,,,510759,0,510759,498041,,498041,,,,498041,0,498041
2024,154800,00190600,Butler Community College,KS,12,,3,NJCAA,1069,1517,2586,7,Football,143,,,,143,0,569,81395,0,0,81395,,,,,,1553976,,1553976,,,,1553976,0,1553976,1553976,,1553976,,,,1553976,0,1553976
2024,150163,00178800,Butler University,IN,2,,1,NCAA,1694,2573,4267,7,Football,119,,,,119,0,1604,190821,0,0,190821,,,,,,1498263,,1498263,,,,1498263,0,1498263,1421775,,1421775,,,,1421775,0,1421775
2024,110246,00807300,Butte College,CA,17,,8,other,2252,2686,4938,7,Football,75,,,,75,0,243,18215,0,0,18215,,,,,,227474,,227474,,,,227474,0,227474,227474,,227474,,,,227474,0,227474
2024,110334,00112400,Cabrillo College,CA,17,,8,other,1287,1499,2786,7,Football,51,,,,51,0,743,37875,0,0,37875,,,,,,223465,,223465,,,,223465,0,223465,224830,,224830,,,,224830,0,224830
2024,110413,00113300,California Lutheran University,CA,6,,1,NCAA,1020,1228,2248,7,Football,139,,,,139,0,995,138263,0,0,138263,,,,,,598889,,598889,,,,598889,0,598889,598889,,598889,,,,598889,0,598889
2024,110422,00114300,California Polytechnic State University-San Luis Obispo,CA,2,,1,NCAA,10391,10839,21230,7,Football,145,,,,145,0,10764,1560816,0,0,1560816,,,,,,7367131,,7367131,,,,7367131,0,7367131,7367131,,7367131,,,,7367131,0,7367131
2024,110556,00114700,California State University-Fresno,CA,1,,1,NCAA,7452,10773,18225,7,Football,112,,,,112,0,29086,3257640,0,0,3257640,,,,,,17708178,,17708178,,,,17708178,0,17708178,17708178,,17708178,,,,17708178,0,17708178
2024,110617,00115000,California State University-Sacramento,CA,2,,1,NCAA,10064,12786,22850,7,Football,155,,,,155,0,12821,1987201,0,0,1987201,,,,,,10126065,,10126065,,,,10126065,0,10126065,10126065,,10126065,,,,10126065,0,10126065
2024,150172,00183400,Calumet College of Saint Joseph,IN,10,,2,NAIA,244,139,383,7,Football,73,,,,73,0,1481,108114,0,0,108114,,,,,,1113084,,1113084,,,,1113084,0,1113084,1113084,,1113084,,,,1113084,0,1113084
2024,169080,00224100,Calvin University,MI,6,,1,NCAA,1475,1527,3002,7,Football,110,,,,110,0,2838,312233,0,0,312233,,,,,,897290,,897290,,,,897290,0,897290,897290,,897290,,,,897290,0,897290
2024,198136,00291300,Campbell University,NC,2,,1,NCAA,1058,1221,2279,7,Football,126,,,,126,0,8323,1048684,0,0,1048684,,,,,,5161258,,5161258,,,,5161258,0,5161258,5161258,,5161258,,,,5161258,0,5161258
2024,156365,00195900,Campbellsville University,KY,9,,2,NAIA,1057,1527,2584,7,Football,141,,,,141,0,2221,313114,0,0,313114,,,,,,2013837,,2013837,,,,2013837,0,2013837,2013837,,2013837,,,,2013837,0,2013837
2024,201548,00302300,Capital University,OH,6,,1,NCAA,672,887,1559,7,Football,89,,,,89,0,1707,151940,0,0,151940,,,,,,576415,,576415,,,,576415,0,576415,576415,,576415,,,,576415,0,576415
2024,173258,00234000,Carleton College,MN,6,,1,NCAA,1036,1050,2086,7,Football,76,,,,76,0,1364,103691,0,0,103691,,,,,,494422,,494422,,,,494422,0,494422,492804,,492804,,,,492804,0,492804
2024,211440,00324200,Carnegie Mellon University,PA,6,,1,NCAA,3645,3488,7133,7,Football,110,,,,110,0,2685,295395,0,0,295395,,,,,,1019186,,1019186,,,,1019186,0,1019186,778660,,778660,,,,778660,0,778660
2024,180106,00252600,Carroll College,MT,9,,2,NAIA,443,632,1075,7,Football,125,,,,125,0,2864,357940,0,0,357940,,,,,,1910152,,1910152,,,,1910152,0,1910152,1910152,,1910152,,,,1910152,0,1910152
2024,238458,00383800,Carroll University,WI,6,,1,NCAA,794,1645,2439,7,Football,126,,,,126,0,441,55553,0,0,55553,,,,,,680206,,680206,,,,680206,0,680206,519636,,519636,,,,519636,0,519636
2024,219806,00348100,Carson-Newman University,TN,4,,1,NCAA,667,678,1345,7,Football,186,,,,186,0,2117,393771,0,0,393771,,,,,,2799440,,2799440,,,,2799440,0,2799440,2616094,,2616094,,,,2616094,0,2616094
2024,238476,00383900,Carthage College,WI,6,,1,NCAA,1123,1517,2640,7,Football,97,,,,97,0,2089,202597,0,0,202597,,,,,,822819,,822819,,,,822819,0,822819,692289,,692289,,,,692289,0,692289
2024,201645,00302400,Case Western Reserve University,OH,6,,1,NCAA,3326,3065,6391,7,Football,108,,,,108,0,1519,164021,0,0,164021,,,,,,655408,,655408,,,,655408,0,655408,655408,,655408,,,,655408,0,655408
2024,198215,00291400,Catawba College,NC,4,,1,NCAA,576,571,1147,7,Football,140,,,,140,0,578,80970,0,0,80970,,,,,,2038654,,2038654,,,,2038654,0,2038654,1968680,,1968680,,,,1968680,0,1968680
2024,158477,00200300,Centenary College of Louisiana,LA,6,,1,NCAA,337,345,682,7,Football,96,,,,96,0,1205,115684,0,0,115684,,,,,,549941,,549941,,,,549941,0,549941,549941,,549941,,,,549941,0,549941
2024,153108,00185000,Central College,IA,6,,1,NCAA,573,477,1050,7,Football,152,,,,152,0,1063,161614,0,0,161614,,,,,,1016993,,1016993,,,,1016993,0,1016993,1016993,,1016993,,,,1016993,0,1016993
2024,128771,00137800,Central Connecticut State University,CT,2,,1,NCAA,3514,3037,6551,7,Football,101,,,,101,0,3207,323910,0,0,323910,,,,,,2704089,,2704089,,,,2704089,0,2704089,2704089,,2704089,,,,2704089,0,2704089
2024,483045,00576300,Central Georgia Technical College,GA,12,,3,NJCAA,805,1208,2013,7,Football,76,,,,76,0,666,50631,0,0,50631,,,,,,359690,,359690,,,,359690,0,359690,359690,,359690,,,,359690,0,359690
2024,173203,00233900,Central Lakes College-Brainerd,MN,14,,3,NJCAA,548,417,965,7,Football,40,,,,40,0,300,12000,0,0,12000,,,,,,160826,,160826,,,,160826,0,160826,160826,,160826,,,,160826,0,160826
2024,176947,00245300,Central Methodist University-College of Liberal Arts and Sciences,MO,9,,2,NAIA,505,532,1037,7,Football,126,,,,126,0,302,37999,0,0,37999,,,,,,2030821,,2030821,,,,2030821,0,2030821,2007063,,2007063,,,,2007063,0,2007063
2024,169248,00224300,Central Michigan University,MI,1,,1,NCAA,3439,5227,8666,7,Football,122,,,,122,0,14127,1723449,0,0,1723449,,,,,,11608428,,11608428,,,,11608428,0,11608428,11608428,,11608428,,,,11608428,0,11608428
2024,201690,00302600,Central State University,OH,4,,1,NCAA,804,1259,2063,7,Football,132,,,,132,0,1889,249337,0,0,249337,,,,,,1381917,,1381917,,,,1381917,0,1381917,1381917,,1381917,,,,1381917,0,1381917
2024,234827,00377100,Central Washington University,WA,4,,1,NCAA,3153,3631,6784,7,Football,116,,,,116,0,3986,462417,0,0,462417,,,,,,2191644,,2191644,,,,2191644,0,2191644,2191644,,2191644,,,,2191644,0,2191644
2024,156408,00196100,Centre College,KY,6,,1,NCAA,669,726,1395,7,Football,121,,,,121,0,1702,205892,0,0,205892,,,,,,651520,,651520,,,,651520,0,651520,651520,,651520,,,,651520,0,651520
2024,111887,00116100,Cerritos College,CA,17,,8,other,3950,4559,8509,7,Football,115,,,,115,0,482,55399,0,0,55399,,,,,,303224,,303224,,,,303224,0,303224,237485,,237485,,,,237485,0,237485
2024,111920,00116200,Chabot College,CA,17,,8,other,1942,1778,3720,7,Football,85,,,,85,0,1350,114736,0,0,114736,,,,,,261203,,261203,,,,261203,0,261203,261203,,261203,,,,261203,0,261203
2024,180948,00253900,Chadron State College,NE,4,,1,NCAA,484,885,1369,7,Football,138,,,,138,0,1907,263145,0,0,263145,,,,,,1690944,,1690944,,,,1690944,0,1690944,1690944,,1690944,,,,1690944,0,1690944
2024,111939,00116300,Chaffey College,CA,17,,8,other,2957,3929,6886,7,Football,118,,,,118,0,1213,143110,0,0,143110,,,,,,288999,,288999,,,,288999,0,288999,365991,,365991,,,,365991,0,365991
2024,111948,00116400,Chapman University,CA,6,,1,NCAA,2757,4485,7242,7,Football,110,,,,110,0,1541,169549,0,0,169549,,,,,,793866,,793866,,,,793866,0,793866,793866,,793866,,,,793866,0,793866
2024,217688,00341900,Charleston Southern University,SC,2,,1,NCAA,1003,1707,2710,7,Football,126,,,,126,0,7084,892626,0,0,892626,,,,,,4335079,,4335079,,,,4335079,0,4335079,4335079,,4335079,,,,4335079,0,4335079
2024,211583,00324500,Chestnut Hill College,PA,5,,1,NCAA,340,359,699,7,Football,70,,,,70,0,819,57335,0,0,57335,,,,,,146098,,146098,,,,146098,0,146098,138010,,138010,,,,138010,0,138010
2024,198303,00291600,Chowan University,NC,4,,1,NCAA,354,222,576,7,Football,146,,,,146,0,1692,246966,0,0,246966,,,,,,1268534,,1268534,,,,1268534,0,1268534,1268534,,1268534,,,,1268534,0,1268534
2024,231712,00370600,Christopher Newport University,VA,6,,1,NCAA,2039,2250,4289,7,Football,132,,,,132,0,2827,373191,0,0,373191,,,,,,913401,,913401,,,,913401,0,913401,913401,,913401,,,,913401,0,913401
2024,223898,00355300,Cisco College,TX,12,,3,NJCAA,359,470,829,7,Football,99,,,,99,0,2136,211446,0,0,211446,,,,,,791788,,791788,,,,791788,0,791788,791788,,791788,,,,791788,0,791788
2024,217864,00342300,Citadel Military College of South Carolina,SC,2,,1,NCAA,2218,331,2549,7,Football,119,,,,119,0,7617,906386,0,0,906386,,,,,,8195425,,8195425,,,,8195425,0,8195425,5446239,,5446239,,,,5446239,0,5446239
2024,112172,00116600,Citrus College,CA,17,,8,other,1863,2126,3989,7,Football,106,,,,106,0,951,100855,0,0,100855,,,,,,399630,,399630,,,,399630,0,399630,407932,,407932,,,,407932,0,407932
2024,112190,00450200,City College of San Francisco,CA,17,,8,other,2642,2507,5149,7,Football,67,,,,67,0,1005,67305,0,0,67305,,,,,,155681,,155681,,,,155681,0,155681,158681,,158681,,,,158681,0,158681
2024,112260,00117000,Claremont McKenna College,CA,6,,1,NCAA,690,691,1381,7,Football,83,,,,83,0,1828,151719,0,0,151719,,,,,,817798,,817798,,,,817798,0,817798,817798,,817798,,,,817798,0,817798
2024,138947,00155900,Clark Atlanta University,GA,4,,1,NCAA,802,2728,3530,7,Football,101,,,,101,0,3522,355690,0,0,355690,,,,,,3000704,,3000704,,,,3000704,0,3000704,2997063,,2997063,,,,2997063,0,2997063
2024,153126,00185200,Clarke University,IA,9,,2,NAIA,394,330,724,7,Football,124,,,,124,0,2001,248073,0,0,248073,,,,,,2985763,,2985763,,,,2985763,0,2985763,2985763,,2985763,,,,2985763,0,2985763
2024,217882,00342500,Clemson University,SC,1,,1,NCAA,10292,12341,22633,7,Football,137,,,,137,0,67744,9280901,0,0,9280901,,,,,,86902571,,86902571,,,,86902571,0,86902571,81136726,,81136726,,,,81136726,0,81136726
2024,175519,00240100,Coahoma Community College,MS,12,,3,NJCAA,422,566,988,7,Football,65,,,,65,0,2729,177387,0,0,177387,,,,,,878801,,878801,,,,878801,0,878801,878801,,878801,,,,878801,0,878801
2024,125462,00117600,Coalinga College,CA,17,,8,other,254,282,536,7,Football,57,,,,57,0,1869,106533,0,0,106533,,,,,,240191,,240191,,,,240191,0,240191,240191,,240191,,,,240191,0,240191
2024,218724,00345100,Coastal Carolina University,SC,1,,1,NCAA,4379,5631,10010,7,Football,123,,,,123,0,19073,2346000,0,0,2346000,,,,,,17052582,,17052582,,,,17052582,0,17052582,17052582,,17052582,,,,17052582,0,17052582
2024,153144,00185400,Coe College,IA,6,,1,NCAA,575,573,1148,7,Football,121,,,,121,0,955,115508,0,0,115508,,,,,,444420,,444420,,,,444420,0,444420,444420,,444420,,,,444420,0,444420
2024,154925,00191000,Coffeyville Community College,KS,12,,3,NJCAA,463,303,766,7,Football,77,,,,77,0,2987,229991,0,0,229991,,,,,,1863066,,1863066,,,,1863066,0,1863066,1467349,,1467349,,,,1467349,0,1467349
2024,161086,00203900,Colby College,ME,6,,1,NCAA,1175,1232,2407,7,Football,88,,,,88,0,2506,220566,0,0,220566,,,,,,1078787,,1078787,,,,1078787,0,1078787,1078787,,1078787,,,,1078787,0,1078787
2024,190099,00270100,Colgate University,NY,2,,1,NCAA,1365,1803,3168,7,Football,98,,,,98,0,11028,1080792,0,0,1080792,,,,,,8439552,,8439552,,,,8439552,0,8439552,8439552,,8439552,,,,8439552,0,8439552
2024,144865,00665600,College of DuPage,IL,14,,3,NJCAA,3661,3423,7084,7,Football,91,,,,91,0,3099,282028,0,0,282028,,,,,,515516,,515516,,,,515516,0,515516,593572,,593572,,,,593572,0,593572
2024,122791,00118100,College of San Mateo,CA,17,,8,other,1169,971,2140,7,Football,80,,,,80,0,1640,131223,0,0,131223,,,,,,928135,,928135,,,,928135,0,928135,727933,,727933,,,,727933,0,727933
2024,111461,00890300,College of the Canyons,CA,17,,8,other,2685,2665,5350,7,Football,78,,,,78,0,1717,133960,0,0,133960,,,,,,368796,,368796,,,,368796,0,368796,368796,,368796,,,,368796,0,368796
2024,113573,00118200,College of the Desert,CA,17,,8,other,1851,2235,4086,7,Football,50,,,,50,0,1728,86416,0,0,86416,,,,,,228109,,228109,,,,228109,0,228109,228109,,228109,,,,228109,0,228109
2024,166124,00214100,College of the Holy Cross,MA,2,,1,NCAA,1429,1677,3106,7,Football,100,,,,100,0,9730,972969,0,0,972969,,,,,,7982341,,7982341,,,,7982341,0,7982341,7982341,,7982341,,,,7982341,0,7982341
2024,121707,00118500,College of the Redwoods,CA,17,,8,other,725,792,1517,7,Football,91,,,,91,0,2627,239097,0,0,239097,,,,,,593961,,593961,,,,593961,0,593961,445722,,445722,,,,445722,0,445722
2024,123217,00118600,College of the Sequoias,CA,17,,8,other,2470,2903,5373,7,Football,75,,,,75,0,1900,142530,0,0,142530,,,,,,380356,,380356,,,,380356,0,380356,282256,,282256,,,,282256,0,282256
2024,123484,00118700,College of the Siskiyous,CA,17,,8,other,341,277,618,7,Football,70,,,,70,0,2311,161792,0,0,161792,,,,,,332436,,332436,,,,332436,0,332436,332436,,332436,,,,332436,0,332436
2024,127556,00135800,Colorado Mesa University,CO,4,,1,NCAA,3172,3748,6920,7,Football,171,,,,171,0,1272,217497,0,0,217497,,,,,,1756972,,1756972,,,,1756972,0,1756972,1801673,,1801673,,,,1801673,0,1801673
2024,126775,00134800,Colorado School of Mines,CO,4,,1,NCAA,4049,1882,5931,7,Football,143,,,,143,0,3738,534605,0,0,534605,,,,,,3084737,,3084737,,,,3084737,0,3084737,3084737,,3084737,,,,3084737,0,3084737
2024,128106,00136500,Colorado State University Pueblo,CO,4,,1,NCAA,1147,1339,2486,7,Football,135,,,,135,0,3847,519398,0,0,519398,,,,,,2383786,,2383786,,,,2383786,0,2383786,2383786,,2383786,,,,2383786,0,2383786
2024,126818,00135000,Colorado State University-Fort Collins,CO,1,,1,NCAA,10278,12701,22979,7,Football,108,,,,108,0,59730,6450853,0,0,6450853,,,,,,21007541,,21007541,,,,21007541,0,21007541,21007541,,21007541,,,,21007541,0,21007541
2024,190150,00270700,Columbia University in the City of New York,NY,2,,1,NCAA,4229,4145,8374,7,Football,111,,,,111,0,7673,851688,0,0,851688,,,,,,5364231,,5364231,,,,5364231,0,5364231,5364231,,5364231,,,,5364231,0,5364231
2024,498562,00331500,Commonwealth University of Pennsylvania,PA,4,,1,NCAA,3513,5194,8707,7,Football,236,,,,236,0,1364,321920,0,0,321920,,,,,,2025258,,2025258,,,,2025258,0,2025258,1985129,,1985129,,,,1985129,0,1985129
2024,446163,03874400,Community Christian College,AZ,12,,3,NJCAA,375,10,385,7,Football,68,,,,68,0,6949,472524,0,0,472524,,,,,,506514,,506514,,,,506514,0,506514,506514,,506514,,,,506514,0,506514
2024,112686,04281700,Compton College,CA,17,,8,other,447,596,1043,7,Football,49,,,,49,0,823,40330,0,0,40330,,,,,,110350,,110350,,,,110350,0,110350,110350,,110350,,,,110350,0,110350
2024,237330,00381000,Concord University,WV,4,,1,NCAA,591,850,1441,7,Football,133,,,,133,0,1871,248812,0,0,248812,,,,,,1501178,,1501178,,,,1501178,0,1501178,1501178,,1501178,,,,1501178,0,1501178
2024,173300,00234600,Concordia College at Moorhead,MN,6,,1,NCAA,831,954,1785,7,Football,126,,,,126,0,1617,203768,0,0,203768,,,,,,642327,,642327,,,,642327,0,642327,642327,,642327,,,,642327,0,642327
2024,144351,00166600,Concordia University-Chicago,IL,6,,1,NCAA,559,626,1185,7,Football,84,,,,84,0,1396,117224,0,0,117224,,,,,,423313,,423313,,,,423313,0,423313,423313,,423313,,,,423313,0,423313
2024,180984,00254100,Concordia University-Nebraska,NE,9,,2,NAIA,606,617,1223,7,Football,150,,,,150,0,712,106812,0,0,106812,,,,,,1616387,,1616387,,,,1616387,0,1616387,1603547,,1603547,,,,1603547,0,1603547
2024,173328,00234700,Concordia University-Saint Paul,MN,4,,1,NCAA,785,1524,2309,7,Football,112,,,,112,0,3677,411872,0,0,411872,,,,,,1629856,,1629856,,,,1629856,0,1629856,1629856,,1629856,,,,1629856,0,1629856
2024,238616,00384200,Concordia University-Wisconsin,WI,6,,1,NCAA,792,1041,1833,7,Football,133,,,,133,0,490,65105,0,0,65105,,,,,,427361,,427361,,,,427361,0,427361,426128,,426128,,,,426128,0,426128
2024,175573,00240200,Copiah-Lincoln Community College,MS,12,,3,NJCAA,709,974,1683,7,Football,65,,,,65,0,687,44637,0,0,44637,,,,,,1112080,,1112080,,,,1112080,0,1112080,1112080,,1112080,,,,1112080,0,1112080
2024,153162,00185600,Cornell College,IA,6,,1,NCAA,579,499,1078,7,Football,99,,,,99,0,808,79946,0,0,79946,,,,,,546437,,546437,,,,546437,0,546437,513614,,513614,,,,513614,0,513614
2024,190415,00271100,Cornell University,NY,2,,1,NCAA,7198,8641,15839,7,Football,109,,,,109,0,4382,477623,0,0,477623,,,,,,4589612,,4589612,,,,4589612,0,4589612,4589612,,4589612,,,,4589612,0,4589612
2024,174862,00238300,Crown College,MN,6,,1,NCAA,324,298,622,7,Football,89,,,,89,0,2135,190028,0,0,190028,,,,,,603361,,603361,,,,603361,0,603361,483232,,483232,,,,483232,0,483232
2024,177144,00246000,Culver-Stockton College,MO,10,,2,NAIA,433,346,779,7,Football,169,,,,169,0,1107,187063,0,0,187063,,,,,,1677041,,1677041,,,,1677041,0,1677041,1677041,,1677041,,,,1677041,0,1677041
2024,219949,00348500,Cumberland University,TN,9,,2,NAIA,888,1071,1959,7,Football,75,,,,75,0,3911,293335,0,0,293335,,,,,,2490324,,2490324,,,,2490324,0,2490324,2458806,,2458806,,,,2458806,0,2458806
2024,165529,00214300,Curry College,MA,6,,1,NCAA,736,944,1680,7,Football,80,,,,80,0,1703,136204,0,0,136204,,,,,,333460,,333460,,,,333460,0,333460,333460,,333460,,,,333460,0,333460
2024,219082,00346300,Dakota State University,SD,9,There is only one division in the NAIA,2,NAIA,1052,545,1597,7,Football,114,,,,114,0,1209,137803,0,0,137803,,,,,,603088,,603088,,,,603088,0,603088,603088,,603088,,,,603088,0,603088
2024,219091,00346100,Dakota Wesleyan University,SD,9,,2,NAIA,326,318,644,7,Football,55,,,,55,0,1972,108479,0,0,108479,,,,,,962973,,962973,,,,962973,0,962973,1196886,,1196886,,,,1196886,0,1196886
2024,182670,00257300,Dartmouth College,NH,2,,1,NCAA,2351,2190,4541,7,Football,108,,,,108,0,7181,775575,0,0,775575,,,,,,3831110,,3831110,,,,3831110,0,3831110,3831110,,3831110,,,,3831110,0,3831110
2024,169479,00224900,Davenport University,MI,4,,1,NCAA,931,935,1866,7,Football,136,,,,136,0,1833,249298,0,0,249298,,,,,,2282867,,2282867,,,,2282867,0,2282867,2282867,,2282867,,,,2282867,0,2282867
2024,198385,00291800,Davidson College,NC,2,,1,NCAA,877,990,1867,7,Football,100,,,,100,0,5749,574946,0,0,574946,,,,,,3353095,,3353095,,,,3353095,0,3353095,2588978,,2588978,,,,2588978,0,2588978
2024,113333,00448000,De Anza College,CA,17,,8,other,4504,3668,8172,7,Football,62,,,,62,0,1081,67037,0,0,67037,,,,,,276128,,276128,,,,276128,0,276128,248328,,248328,,,,248328,0,248328
2024,165574,00214400,Dean College,MA,6,,1,NCAA,518,539,1057,7,Football,78,,,,78,0,1602,124958,0,0,124958,,,,,,336245,,336245,,,,336245,0,336245,334646,,334646,,,,334646,0,334646
2024,202514,00304100,Defiance College,OH,10,,2,NAIA,314,167,481,7,Football,134,,,,134,0,1349,180766,0,0,180766,,,,,,1704034,,1704034,,,,1704034,0,1704034,3110250,,3110250,,,,3110250,0,3110250
2024,130934,00142800,Delaware State University,DE,2,,1,NCAA,1357,2513,3870,7,Football,91,,,,91,0,7476,680356,0,0,680356,,,,,,4306792,,4306792,,,,4306792,0,4306792,4306792,,4306792,,,,4306792,0,4306792
2024,211981,00325200,Delaware Valley University,PA,6,,1,NCAA,598,980,1578,7,Football,131,,,,131,0,879,115106,0,0,115106,,,,,,602492,,602492,,,,602492,0,602492,602492,,602492,,,,602492,0,602492
2024,175616,00240300,Delta State University,MS,4,,1,NCAA,676,756,1432,7,Football,107,,,,107,0,1985,212380,0,0,212380,,,,,,1450073,,1450073,,,,1450073,0,1450073,1450073,,1450073,,,,1450073,0,1450073
2024,202523,00304200,Denison University,OH,6,,1,NCAA,1134,1242,2376,7,Football,95,,,,95,0,3350,318249,0,0,318249,,,,,,691544,,691544,,,,691544,0,691544,691544,,691544,,,,691544,0,691544
2024,150400,00179200,DePauw University,IN,6,,1,NCAA,942,948,1890,7,Football,157,,,,157,0,865,135738,0,0,135738,,,,,,818007,,818007,,,,818007,0,818007,818007,,818007,,,,818007,0,818007
2024,113634,00119100,Diablo Valley College,CA,17,,8,other,3239,2995,6234,7,Football,92,,,,92,0,997,91725,0,0,91725,,,,,,160080,,160080,,,,160080,0,160080,123908,,123908,,,,123908,0,123908
2024,212009,00325300,Dickinson College,PA,6,,1,NCAA,908,1362,2270,7,Football,77,,,,77,0,1646,126741,0,0,126741,,,,,,352544,,352544,,,,352544,0,352544,420437,,420437,,,,420437,0,420437
2024,200059,00298900,Dickinson State University,ND,9,,2,NAIA,426,484,910,7,Football,120,,,,120,0,1189,142715,0,0,142715,,,,,,958751,,958751,,,,958751,0,958751,958751,,958751,,,,958751,0,958751
2024,181020,00254400,Doane University,NE,10,,2,NAIA,517,422,939,7,Football,64,,,,64,0,2607,166843,0,0,166843,,,,,,1357621,,1357621,,,,1357621,0,1357621,1251398,,1251398,,,,1251398,0,1251398
2024,154998,00191300,Dodge City Community College,KS,12,,3,NJCAA,410,341,751,7,Football,87,,,,87,0,1041,90587,0,0,90587,,,,,,797583,,797583,,,,797583,0,797583,797583,,797583,,,,797583,0,797583
2024,153250,00185900,Dordt University,IA,10,,2,NAIA,783,797,1580,7,Football,141,,,,141,0,1514,213423,0,0,213423,,,,,,1988164,,1988164,,,,1988164,0,1988164,1988164,,1988164,,,,1988164,0,1988164
2024,153269,00186000,Drake University,IA,2,,1,NCAA,968,1518,2486,7,Football,110,,,,110,0,6192,681122,0,0,681122,,,,,,1494858,,1494858,,,,1494858,0,1494858,1494858,,1494858,,,,1494858,0,1494858
2024,198419,00292000,Duke University,NC,1,,1,NCAA,2971,3447,6418,7,Football,121,,,,121,0,57605,6970227,0,0,6970227,,,,,,67356450,,67356450,,,,67356450,0,67356450,47363558,,47363558,,,,47363558,0,47363558
2024,212106,00325800,Duquesne University,PA,2,,1,NCAA,1972,3316,5288,7,Football,118,,,,118,0,7469,881292,0,0,881292,,,,,,5102065,,5102065,,,,5102065,0,5102065,5102065,,5102065,,,,5102065,0,5102065
2024,198464,00292300,East Carolina University,NC,1,,1,NCAA,7375,9578,16953,7,Football,129,,,,129,0,25500,3289443,0,0,3289443,,,,,,16480592,,16480592,,,,16480592,0,16480592,16473046,,16473046,,,,16473046,0,16473046
2024,175643,00240400,East Central Community College,MS,13,,3,NJCAA,576,757,1333,7,Football,65,,,,65,0,2529,164366,0,0,164366,,,,,,999832,,999832,,,,999832,0,999832,999832,,999832,,,,999832,0,999832
2024,207041,00315400,East Central University,OK,4,,1,NCAA,860,1248,2108,7,Football,154,,,,154,0,1451,223487,0,0,223487,,,,,,1466328,,1466328,,,,1466328,0,1466328,1466328,,1466328,,,,1466328,0,1466328
2024,113856,02226000,East Los Angeles College,CA,17,,8,other,2496,2959,5455,7,Football,93,,,,93,0,1343,124888,0,0,124888,,,,,,252826,,252826,,,,252826,0,252826,261005,,261005,,,,261005,0,261005
2024,175652,00240500,East Mississippi Community College,MS,12,,3,NJCAA,1062,1246,2308,7,Football,65,,,,65,0,2031,132014,0,0,132014,,,,,,1636150,,1636150,,,,1636150,0,1636150,1636150,,1636150,,,,1636150,0,1636150
2024,212115,00332000,East Stroudsburg University of Pennsylvania,PA,4,,1,NCAA,2033,2480,4513,7,Football,132,,,,132,0,1707,225377,0,0,225377,,,,,,1659185,,1659185,,,,1659185,0,1659185,1526763,,1526763,,,,1526763,0,1526763
2024,220075,00348700,East Tennessee State University,TN,2,,1,NCAA,3450,5413,8863,7,Football,107,,,,107,0,7148,764817,0,0,764817,,,,,,5040907,,5040907,,,,5040907,0,5040907,5040907,,5040907,,,,5040907,0,5040907
2024,224554,00356500,East Texas A&M University,TX,2,,1,NCAA,2532,3730,6262,7,Football,125,,,,125,0,8377,1047144,0,0,1047144,,,,,,5387126,,5387126,,,,5387126,0,5387126,5234506,,5234506,,,,5234506,0,5234506
2024,224527,00356400,East Texas Baptist University,TX,6,,1,NCAA,598,621,1219,7,Football,167,,,,167,0,1520,253840,0,0,253840,,,,,,814365,,814365,,,,814365,0,814365,814365,,814365,,,,814365,0,814365
2024,144892,00167400,Eastern Illinois University,IL,2,,1,NCAA,1521,2194,3715,7,Football,117,,,,117,0,6485,758726,0,0,758726,,,,,,5009541,,5009541,,,,5009541,0,5009541,5009541,,5009541,,,,5009541,0,5009541
2024,156620,00196300,Eastern Kentucky University,KY,2,,1,NCAA,4236,6349,10585,7,Football,122,,,,122,0,7008,855028,0,0,855028,,,,,,6779511,,6779511,,,,6779511,0,6779511,6779511,,6779511,,,,6779511,0,6779511
2024,169798,00225900,Eastern Michigan University,MI,1,,1,NCAA,3259,4482,7741,7,Football,119,,,,119,0,13996,1665494,0,0,1665494,,,,,,11079719,,11079719,,,,11079719,0,11079719,11079719,,11079719,,,,11079719,0,11079719
2024,187648,00265100,Eastern New Mexico University-Main Campus,NM,4,,1,NCAA,922,1488,2410,7,Football,120,,,,120,0,720,86355,0,0,86355,,,,,,1633325,,1633325,,,,1633325,0,1633325,1633325,,1633325,,,,1633325,0,1633325
2024,208646,00319300,Eastern Oregon University,OR,9,,2,NAIA,643,841,1484,7,Football,126,,,,126,0,1903,239730,0,0,239730,,,,,,1207452,,1207452,,,,1207452,0,1207452,1207451,,1207451,,,,1207451,0,1207451
2024,212133,00325900,Eastern University,PA,6,,1,NCAA,753,932,1685,7,Football,151,,,,151,0,1061,160200,0,0,160200,,,,,,924021,,924021,,,,924021,0,924021,702141,,702141,,,,702141,0,702141
2024,235097,00377500,Eastern Washington University,WA,2,,1,NCAA,2450,3182,5632,7,Football,132,,,,132,0,15379,2029990,0,0,2029990,,,,,,6621753,,6621753,,,,6621753,0,6621753,6621753,,6621753,,,,6621753,0,6621753
2024,133526,00147800,Edward Waters University,FL,4,,1,NCAA,546,474,1020,7,Football,122,,,,122,0,1875,228722,0,0,228722,,,,,,1137062,,1137062,,,,1137062,0,1137062,1137062,,1137062,,,,1137062,0,1137062
2024,113980,00119700,El Camino Community College District,CA,17,,8,other,3633,3747,7380,7,Football,105,,,,105,0,543,57051,0,0,57051,,,,,,263510,,263510,,,,263510,0,263510,262769,,262769,,,,262769,0,262769
2024,198507,00292600,Elizabeth City State University,NC,4,,1,NCAA,919,877,1796,7,Football,120,,,,120,0,1773,212758,0,0,212758,,,,,,1154144,,1154144,,,,1154144,0,1154144,1154144,,1154144,,,,1154144,0,1154144
2024,153296,00186200,Ellsworth Community College,IA,12,,3,NJCAA,249,219,468,7,Football,102,,,,102,0,2254,229858,0,0,229858,,,,,,426846,,426846,,,,426846,0,426846,422104,,422104,,,,422104,0,422104
2024,144962,00167600,Elmhurst University,IL,6,,1,NCAA,1129,1835,2964,7,Football,84,,,,84,0,1403,117815,0,0,117815,,,,,,637605,,637605,,,,637605,0,637605,634462,,634462,,,,634462,0,634462
2024,198516,00292700,Elon University,NC,2,,1,NCAA,2540,3733,6273,7,Football,109,,,,109,0,7688,838035,0,0,838035,,,,,,7714488,,7714488,,,,7714488,0,7714488,7714488,,7714488,,,,7714488,0,7714488
2024,232025,00370900,Emory & Henry University,VA,4,,1,NCAA,470,573,1043,7,Football,127,,,,127,0,1020,129512,0,0,129512,,,,,,2005221,,2005221,,,,2005221,0,2005221,2005221,,2005221,,,,2005221,0,2005221
2024,155025,00192700,Emporia State University,KS,4,,1,NCAA,757,1318,2075,7,Football,129,,,,129,0,1351,174243,0,0,174243,,,,,,2413840,,2413840,,,,2413840,0,2413840,2372219,,2372219,,,,2372219,0,2372219
2024,165699,00214800,Endicott College,MA,6,,1,NCAA,1037,2007,3044,7,Football,146,,,,146,0,1948,284399,0,0,284399,,,,,,801201,,801201,,,,801201,0,801201,801201,,801201,,,,801201,0,801201
2024,191083,01068400,Erie Community College,NY,14,,3,NJCAA,2224,2270,4494,7,Football,90,,,,90,0,1582,142395,0,0,142395,,,,,,372736,,372736,,,,372736,0,372736,372736,,372736,,,,372736,0,372736
2024,217998,00343200,Erskine College,SC,4,,1,NCAA,525,235,760,7,Football,173,,,,173,0,1837,317796,0,0,317796,,,,,,921729,,921729,,,,921729,0,921729,921729,,921729,,,,921729,0,921729
2024,144971,00167800,Eureka College,IL,6,,1,NCAA,287,234,521,7,Football,73,,,,73,0,1361,99385,0,0,99385,,,,,,279887,,279887,,,,279887,0,279887,279887,,279887,,,,279887,0,279887
2024,177339,00246300,Evangel University,MO,9,NAIA is only one division now.,2,NAIA,609,611,1220,7,Football,134,,,,134,0,1616,216520,0,0,216520,,,,,,1658132,,1658132,,,,1658132,0,1658132,1658132,,1658132,,,,1658132,0,1658132
2024,184694,00260701,Fairleigh Dickinson University-Florham Campus,NJ,6,,1,NCAA,886,1038,1924,7,Football,121,,,,121,0,1344,162581,0,0,162581,,,,,,557634,,557634,,,,557634,0,557634,557634,,557634,,,,557634,0,557634
2024,237367,00381200,Fairmont State University,WV,4,,1,NCAA,1016,1270,2286,7,Football,100,,,,100,0,1513,151284,0,0,151284,,,,,,1308587,,1308587,,,,1308587,0,1308587,1269757,,1269757,,,,1269757,0,1269757
2024,101189,00100300,Faulkner University,AL,9,,2,NAIA,558,593,1151,7,Football,118,,,,118,0,2966,349982,0,0,349982,,,,,,1559165,,1559165,,,,1559165,0,1559165,1559165,,1559165,,,,1559165,0,1559165
2024,198543,00292800,Fayetteville State University,NC,4,,1,NCAA,1408,2951,4359,7,Football,75,,,,75,0,3563,267229,0,0,267229,,,,,,1358522,,1358522,,,,1358522,0,1358522,1358522,,1358522,,,,1358522,0,1358522
2024,114433,00859700,Feather River Community College District,CA,17,,8,other,284,313,597,7,Football,80,,,,80,0,1554,124318,0,0,124318,,,,,,396775,,396775,,,,396775,0,396775,396775,,396775,,,,396775,0,396775
2024,169910,00226000,Ferris State University,MI,8,NCAA Division II w/Football and DI Men's Hockey,8,other,3036,3521,6557,7,Football,143,,,,143,0,5742,821133,0,0,821133,,,,,,3121454,,3121454,,,,3121454,0,3121454,3121454,,3121454,,,,3121454,0,3121454
2024,232089,00371100,Ferrum College,VA,6,,1,NCAA,419,273,692,7,Football,115,,,,115,0,1062,122080,0,0,122080,,,,,,595857,,595857,,,,595857,0,595857,595857,,595857,,,,595857,0,595857
2024,165820,00218400,Fitchburg State University,MA,6,,1,NCAA,1122,1115,2237,7,Football,74,,,,74,0,847,62714,0,0,62714,,,,,,213592,,213592,,,,213592,0,213592,213592,,213592,,,,213592,0,213592
2024,133650,00148000,Florida Agricultural and Mechanical University,FL,2,,1,NCAA,2346,4502,6848,7,Football,117,,,,117,0,4585,536413,0,0,536413,,,,,,4590584,,4590584,,,,4590584,0,4590584,3483353,,3483353,,,,3483353,0,3483353
2024,133669,00148100,Florida Atlantic University,FL,1,,1,NCAA,7503,10385,17888,7,Football,115,,,,115,0,38438,4420344,0,0,4420344,,,,,,19330509,,19330509,,,,19330509,0,19330509,19330509,,19330509,,,,19330509,0,19330509
2024,133951,00963500,Florida International University,FL,18,,8,other,11229,14986,26215,7,Football,114,,,,114,0,24321,2772566,0,0,2772566,,,,,,12834881,,12834881,,,,12834881,0,12834881,12834881,,12834881,,,,12834881,0,12834881
2024,133979,00148600,Florida Memorial University,FL,9,,2,NAIA,502,641,1143,7,Football,109,,,,109,0,1993,217210,0,0,217210,,,,,,1345237,,1345237,,,,1345237,0,1345237,1345237,,1345237,,,,1345237,0,1345237
2024,134097,00148900,Florida State University,FL,1,,1,NCAA,12735,16536,29271,7,Football,124,,,,124,0,75566,9370132,0,0,9370132,,,,,,83469718,,83469718,,,,83469718,0,83469718,83267924,,83267924,,,,83267924,0,83267924
2024,114716,00119900,Foothill College,CA,17,,8,other,1814,2035,3849,7,Football,71,,,,71,0,577,41000,0,0,41000,,,,,,203260,,203260,,,,203260,0,203260,203260,,203260,,,,203260,0,203260
2024,191241,00272200,Fordham University,NY,2,,1,NCAA,3960,6141,10101,7,Football,103,,,,103,0,8289,853761,0,0,853761,,,,,,9284119,,9284119,,,,9284119,0,9284119,9284119,,9284119,,,,9284119,0,9284119
2024,155061,00191500,Fort Hays State University,KS,4,,1,NCAA,1759,2950,4709,7,Football,132,,,,132,0,3679,485642,0,0,485642,,,,,,2269186,,2269186,,,,2269186,0,2269186,2104284,,2104284,,,,2104284,0,2104284
2024,127185,00135300,Fort Lewis College,CO,4,,1,NCAA,1322,1493,2815,7,Football,122,,,,122,0,1708,208369,0,0,208369,,,,,,1538974,,1538974,,,,1538974,0,1538974,1509011,,1509011,,,,1509011,0,1509011
2024,139719,00156600,Fort Valley State University,GA,4,,1,NCAA,805,1627,2432,7,Football,113,,,,113,0,1737,196320,0,0,196320,,,,,,1106162,,1106162,,,,1106162,0,1106162,1106162,,1106162,,,,1106162,0,1106162
2024,165866,00218500,Framingham State University,MA,6,,1,NCAA,1094,1285,2379,7,Football,100,,,,100,0,1228,122789,0,0,122789,,,,,,218154,,218154,,,,218154,0,218154,228152,,228152,,,,228152,0,228152
2024,212577,00326500,Franklin and Marshall College,PA,6,,1,NCAA,871,923,1794,7,Football,96,,,,96,0,1481,142179,0,0,142179,,,,,,840280,,840280,,,,840280,0,840280,757450,,757450,,,,757450,0,757450
2024,150604,00179800,Franklin College,IN,6,,1,NCAA,443,446,889,7,Football,126,,,,126,0,989,124647,0,0,124647,,,,,,565217,,565217,,,,565217,0,565217,479639,,479639,,,,479639,0,479639
2024,182795,00257500,Franklin Pierce University,NH,4,,1,NCAA,463,380,843,7,Football,99,,,,99,0,951,94177,0,0,94177,,,,,,1700140,,1700140,,,,1700140,0,1700140,1700140,,1700140,,,,1700140,0,1700140
2024,114789,00130700,Fresno City College,CA,17,,8,other,3076,3585,6661,7,Football,88,,,,88,0,9475,833779,0,0,833779,,,,,,876523,,876523,,,,876523,0,876523,1498765,,1498765,,,,1498765,0,1498765
2024,155089,00191800,Friends University,KS,9,,2,NAIA,505,485,990,7,Football,143,,,,143,0,611,87394,0,0,87394,,,,,,2011007,,2011007,,,,2011007,0,2011007,1510844,,1510844,,,,1510844,0,1510844
2024,162584,00207200,Frostburg State University,MD,4,,1,NCAA,1184,1166,2350,7,Football,145,,,,145,0,1132,164103,0,0,164103,,,,,,1201616,,1201616,,,,1201616,0,1201616,1201616,,1201616,,,,1201616,0,1201616
2024,114859,00120100,Fullerton College,CA,17,,8,other,3597,3606,7203,7,Football,123,,,,123,0,1620,199261,0,0,199261,,,,,,439938,,439938,,,,439938,0,439938,439938,,439938,,,,439938,0,439938
2024,218070,00343400,Furman University,SC,2,,1,NCAA,995,1369,2364,7,Football,126,,,,126,0,6536,823570,0,0,823570,,,,,,8446378,,8446378,,,,8446378,0,8446378,8446378,,8446378,,,,8446378,0,8446378
2024,131450,00144300,Gallaudet University,DC,6,,1,NCAA,373,393,766,7,Football,65,,,,65,0,2674,173778,0,0,173778,,,,,,454749,,454749,,,,454749,0,454749,429749,,429749,,,,429749,0,429749
2024,212601,00326600,Gannon University,PA,4,,1,NCAA,994,1315,2309,7,Football,109,,,,109,0,1505,164082,0,0,164082,,,,,,2318405,,2318405,,,,2318405,0,2318405,2308149,,2308149,,,,2308149,0,2308149
2024,155104,00191900,Garden City Community College,KS,12,,3,NJCAA,536,548,1084,7,Football,74,,,,74,0,3316,245387,0,0,245387,,,,,,1073573,,1073573,,,,1073573,0,1073573,1073573,,1073573,,,,1073573,0,1073573
2024,198561,00292900,Gardner-Webb University,NC,2,,1,NCAA,661,971,1632,7,Football,118,,,,118,0,7738,913076,0,0,913076,,,,,,4544018,,4544018,,,,4544018,0,4544018,4544018,,4544018,,,,4544018,0,4544018
2024,114938,00120200,Gavilan College,CA,17,,8,other,802,950,1752,7,Football,48,,,,48,0,1020,48937,0,0,48937,,,,,,163783,,163783,,,,163783,0,163783,155368,,155368,,,,155368,0,155368
2024,212656,00326700,Geneva College,PA,6,,1,NCAA,580,494,1074,7,Football,106,,,,106,0,1161,123058,0,0,123058,,,,,,533910,,533910,,,,533910,0,533910,533910,,533910,,,,533910,0,533910
2024,208822,00319400,George Fox University,OR,6,,1,NCAA,1056,1452,2508,7,Football,108,,,,108,0,2965,320272,0,0,320272,,,,,,1066643,,1066643,,,,1066643,0,1066643,988658,,988658,,,,988658,0,988658
2024,156745,00196400,Georgetown College,KY,9,,2,NAIA,574,516,1090,7,Football,157,,,,157,0,1278,200580,0,0,200580,,,,,,5477535,,5477535,,,,5477535,0,5477535,5477535,,5477535,,,,5477535,0,5477535
2024,131496,00144500,Georgetown University,DC,2,,1,NCAA,2941,4261,7202,7,Football,100,,,,100,0,3976,397644,0,0,397644,,,,,,2575007,,2575007,,,,2575007,0,2575007,2575007,,2575007,,,,2575007,0,2575007
2024,139755,00156900,Georgia Institute of Technology-Main Campus,GA,1,,1,NCAA,10500,7125,17625,7,Football,120,,,,120,0,96658,11598968,0,0,11598968,,,,,,70541041,,70541041,,,,70541041,0,70541041,42709508,,42709508,,,,42709508,0,42709508
2024,485111,00157100,Georgia Military College,GA,12,,3,NJCAA,1031,1324,2355,7,Football,149,,,,149,0,2080,309909,0,0,309909,,,,,,887647,,887647,,,,887647,0,887647,887647,,887647,,,,887647,0,887647
2024,139931,00157200,Georgia Southern University,GA,1,,1,NCAA,8031,10740,18771,7,Football,146,,,,146,0,13477,1967592,0,0,1967592,,,,,,11225441,,11225441,,,,11225441,0,11225441,11225441,,11225441,,,,11225441,0,11225441
2024,139940,00157400,Georgia State University,GA,1,,1,NCAA,8427,11963,20390,7,Football,118,,,,118,0,17574,2073699,0,0,2073699,,,,,,12260120,,12260120,,,,12260120,0,12260120,12260120,,12260120,,,,12260120,0,12260120
2024,212674,00326800,Gettysburg College,PA,6,,1,NCAA,1064,1029,2093,7,Football,93,,,,93,0,3190,296647,0,0,296647,,,,,,701392,,701392,,,,701392,0,701392,701392,,701392,,,,701392,0,701392
2024,115001,00120300,Glendale Community College,CA,17,,8,other,2928,3117,6045,7,Football,112,,,,112,0,816,91376,0,0,91376,,,,,,196794,,196794,,,,196794,0,196794,196794,,196794,,,,196794,0,196794
2024,237385,00381300,Glenville State University,WV,4,,1,NCAA,483,433,916,7,Football,110,,,,110,0,707,77723,0,0,77723,,,,,,742653,,742653,,,,742653,0,742653,1136684,,1136684,,,,1136684,0,1136684
2024,115126,00120600,Golden West College,CA,17,,8,other,1391,1456,2847,7,Football,108,,,,108,0,1574,169988,0,0,169988,,,,,,474812,,474812,,,,474812,0,474812,474812,,474812,,,,474812,0,474812
2024,153366,00186600,Graceland University-Lamoni,IA,10,,2,NAIA,465,309,774,7,Football,134,,,,134,0,1061,142177,0,0,142177,,,,,,1653006,,1653006,,,,1653006,0,1653006,1653006,,1653006,,,,1653006,0,1653006
2024,159009,00200600,Grambling State University,LA,2,,1,NCAA,1483,2272,3755,7,Football,154,,,,154,0,1535,236439,0,0,236439,,,,,,4981977,,4981977,,,,4981977,0,4981977,4981977,,4981977,,,,4981977,0,4981977
2024,170082,00226800,Grand Valley State University,MI,4,,1,NCAA,6722,10409,17131,7,Football,141,,,,141,0,3728,525654,0,0,525654,,,,,,3850676,,3850676,,,,3850676,0,3850676,3309949,,3309949,,,,3309949,0,3309949
2024,153375,00186700,Grand View University,IA,9,,2,NAIA,636,743,1379,7,Football,150,,,,150,0,4198,629654,0,0,629654,,,,,,2672460,,2672460,,,,2672460,0,2672460,2672460,,2672460,,,,2672460,0,2672460
2024,198598,00293000,Greensboro College,NC,6,,1,NCAA,424,253,677,7,Football,118,,,,118,0,1143,134884,0,0,134884,,,,,,406844,,406844,,,,406844,0,406844,406844,,406844,,,,406844,0,406844
2024,145372,00168400,Greenville University,IL,6,,1,NCAA,479,399,878,7,Football,105,,,,105,0,1694,177915,0,0,177915,,,,,,378571,,378571,,,,378571,0,378571,390501,,390501,,,,390501,0,390501
2024,153384,00186800,Grinnell College,IA,6,,1,NCAA,788,937,1725,7,Football,60,,,,60,0,1746,104738,0,0,104738,,,,,,456652,,456652,,,,456652,0,456652,456652,,456652,,,,456652,0,456652
2024,115296,00120800,Grossmont College,CA,17,,8,other,2004,2499,4503,7,Football,66,,,,66,0,341,22473,0,0,22473,,,,,,449108,,449108,,,,449108,0,449108,31948,,31948,,,,31948,0,31948
2024,198613,00293100,Guilford College,NC,6,,1,NCAA,512,473,985,7,Football,131,,,,131,0,552,72270,0,0,72270,,,,,,423344,,423344,,,,423344,0,423344,388020,,388020,,,,388020,0,388020
2024,173647,00235300,Gustavus Adolphus College,MN,6,,1,NCAA,862,981,1843,7,Football,139,,,,139,0,1076,149560,0,0,149560,,,,,,743696,,743696,,,,743696,0,743696,743696,,743696,,,,743696,0,743696
2024,191515,00272800,Hamilton College,NY,6,,1,NCAA,902,1127,2029,7,Football,77,,,,77,0,3449,265590,0,0,265590,,,,,,1223588,,1223588,,,,1223588,0,1223588,1223588,,1223588,,,,1223588,0,1223588
2024,173665,00235400,Hamline University,MN,6,,1,NCAA,622,1097,1719,7,Football,79,,,,79,0,1889,149227,0,0,149227,,,,,,401706,,401706,,,,401706,0,401706,401706,,401706,,,,401706,0,401706
2024,232265,00371400,Hampton University,VA,2,,1,NCAA,1159,2471,3630,7,Football,92,,,,92,0,10056,925167,0,0,925167,,,,,,6343962,,6343962,,,,6343962,0,6343962,5243063,,5243063,,,,5243063,0,5243063
2024,150756,00180100,Hanover College,IN,6,,1,NCAA,507,514,1021,7,Football,125,,,,125,0,1177,147145,0,0,147145,,,,,,535051,,535051,,,,535051,0,535051,535051,,535051,,,,535051,0,535051
2024,225247,00357100,Hardin-Simmons University,TX,6,,1,NCAA,621,597,1218,7,Football,212,,,,212,0,2139,453556,0,0,453556,,,,,,1410456,,1410456,,,,1410456,0,1410456,1276489,,1276489,,,,1276489,0,1276489
2024,107044,00109700,Harding University,AR,4,,1,NCAA,1476,1730,3206,7,Football,145,,,,145,0,2131,308941,0,0,308941,,,,,,3159872,,3159872,,,,3159872,0,3159872,3446014,,3446014,,,,3446014,0,3446014
2024,115393,00120900,Hartnell College,CA,17,,8,other,1795,2029,3824,7,Football,58,,,,58,0,1724,100003,0,0,100003,,,,,,181038,,181038,,,,181038,0,181038,181038,,181038,,,,181038,0,181038
2024,191533,00272900,Hartwick College,NY,6,,1,NCAA,413,651,1064,7,Football,106,,,,106,0,1486,157476,0,0,157476,,,,,,438650,,438650,,,,438650,0,438650,438650,,438650,,,,438650,0,438650
2024,166027,00215500,Harvard University,MA,2,,1,NCAA,3297,3818,7115,7,Football,113,,,,113,0,4443,502039,0,0,502039,,,,,,4937749,,4937749,,,,4937749,0,4937749,4937749,,4937749,,,,4937749,0,4937749
2024,181127,00254800,Hastings College,NE,10,,2,NAIA,457,433,890,7,Football,119,,,,119,0,1030,122556,0,0,122556,,,,,,1627744,,1627744,,,,1627744,0,1627744,1627744,,1627744,,,,1627744,0,1627744
2024,203085,00304800,Heidelberg University,OH,6,,1,NCAA,494,409,903,7,Football,150,,,,150,0,1017,152501,0,0,152501,,,,,,642386,,642386,,,,642386,0,642386,642386,,642386,,,,642386,0,642386
2024,107071,00109800,Henderson State University,AR,4,,1,NCAA,646,682,1328,7,Football,147,,,,147,0,1308,192287,0,0,192287,,,,,,1683438,,1683438,,,,1683438,0,1683438,1683438,,1683438,,,,1683438,0,1683438
2024,107080,00109900,Hendrix College,AR,6,,1,NCAA,536,557,1093,7,Football,102,,,,102,0,2278,232361,0,0,232361,,,,,,554877,,554877,,,,554877,0,554877,554877,,554877,,,,554877,0,554877
2024,155186,00192100,Highland Community College,KS,12,,3,NJCAA,363,368,731,7,Football,102,,,,102,0,740,75517,0,0,75517,,,,,,824327,,824327,,,,824327,0,824327,699353,,699353,,,,699353,0,699353
2024,191621,00273500,Hilbert College,NY,6,,1,NCAA,368,504,872,7,Football,53,,,,53,0,2404,127438,0,0,127438,,,,,,441642,,441642,,,,441642,0,441642,417773,,417773,,,,417773,0,417773
2024,175786,00240700,Hinds Community College,MS,12,,3,NJCAA,2070,2932,5002,7,Football,65,,,,65,0,1697,110331,0,0,110331,,,,,,826810,,826810,,,,826810,0,826810,754815,,754815,,,,754815,0,754815
2024,203128,00304900,Hiram College,OH,6,,1,NCAA,396,358,754,7,Football,82,,,,82,0,1132,92791,0,0,92791,,,,,,354532,,354532,,,,354532,0,354532,354532,,354532,,,,354532,0,354532
2024,191630,00273100,Hobart William Smith Colleges,NY,6,,1,NCAA,825,951,1776,7,Football,106,,,,106,0,1865,197725,0,0,197725,,,,,,762231,,762231,,,,762231,0,762231,762231,,762231,,,,762231,0,762231
2024,203155,00759800,Hocking College,OH,14,,3,NJCAA,565,484,1049,7,Football,131,,,,131,0,1130,148084,0,0,148084,,,,,,339734,,339734,,,,339734,0,339734,339734,,339734,,,,339734,0,339734
2024,175810,00240800,Holmes Community College,MS,13,,3,NJCAA,1001,2104,3105,7,Football,64,,,,64,0,648,41440,0,0,41440,,,,,,1038832,,1038832,,,,1038832,0,1038832,1038832,,1038832,,,,1038832,0,1038832
2024,170301,00227300,Hope College,MI,6,,1,NCAA,1282,1954,3236,7,Football,121,,,,121,0,1155,139770,0,0,139770,,,,,,794764,,794764,,,,794764,0,794764,763680,,763680,,,,763680,0,763680
2024,225399,00357600,Houston Christian University,TX,2,,1,NCAA,945,1269,2214,7,Football,119,,,,119,0,5545,659879,0,0,659879,,,,,,5863025,,5863025,,,,5863025,0,5863025,5863025,,5863025,,,,5863025,0,5863025
2024,225548,00357500,Howard Payne University,TX,6,,1,NCAA,345,316,661,7,Football,135,,,,135,0,1853,250176,0,0,250176,,,,,,904491,,904491,,,,904491,0,904491,778643,,778643,,,,778643,0,778643
2024,131520,00144800,Howard University,DC,2,,1,NCAA,2605,7274,9879,7,Football,100,,,,100,0,6065,606510,0,0,606510,,,,,,5468305,,5468305,,,,5468305,0,5468305,5468306,,5468306,,,,5468306,0,5468306
2024,191719,00286800,Hudson Valley Community College,NY,14,,3,NJCAA,2466,2165,4631,7,Football,84,,,,84,0,891,74818,0,0,74818,,,,,,129780,,129780,,,,129780,0,129780,129780,,129780,,,,129780,0,129780
2024,101435,00101900,Huntingdon College,AL,6,,1,NCAA,488,385,873,7,Football,158,,,,158,0,1432,226310,0,0,226310,,,,,,908807,,908807,,,,908807,0,908807,858260,,858260,,,,858260,0,858260
2024,487524,00204300,Husson University,ME,6,,1,NCAA,807,1092,1899,7,Football,133,,,,133,0,2522,335491,0,0,335491,,,,,,706503,,706503,,,,706503,0,706503,696171,,696171,,,,696171,0,696171
2024,155195,00192300,Hutchinson Community College,KS,12,,3,NJCAA,679,931,1610,7,Football,111,,,,111,0,712,79067,0,0,79067,,,,,,1137287,,1137287,,,,1137287,0,1137287,1137287,,1137287,,,,1137287,0,1137287
2024,142276,00162000,Idaho State University,ID,2,,1,NCAA,2545,3688,6233,7,Football,114,,,,114,0,10206,1163516,0,0,1163516,,,,,,5692610,,5692610,,,,5692610,0,5692610,5692610,,5692610,,,,5692610,0,5692610
2024,145691,00168800,Illinois College,IL,6,,1,NCAA,425,443,868,7,Football,112,,,,112,0,1157,129555,0,0,129555,,,,,,549544,,549544,,,,549544,0,549544,549544,,549544,,,,549544,0,549544
2024,145813,00169200,Illinois State University,IL,2,,1,NCAA,7762,10295,18057,7,Football,128,,,,128,0,7684,983516,0,0,983516,,,,,,5119248,,5119248,,,,5119248,0,5119248,5119248,,5119248,,,,5119248,0,5119248
2024,145646,00169600,Illinois Wesleyan University,IL,6,,1,NCAA,797,783,1580,7,Football,136,,,,136,0,1831,249061,0,0,249061,,,,,,615462,,615462,,,,615462,0,615462,615462,,615462,,,,615462,0,615462
2024,155201,00192400,Independence Community College,KS,12,,3,NJCAA,253,152,405,7,Football,64,,,,64,0,2123,135851,0,0,135851,,,,,,721191,,721191,,,,721191,0,721191,721191,,721191,,,,721191,0,721191
2024,151324,00180700,Indiana State University,IN,2,,1,NCAA,2368,3004,5372,7,Football,113,,,,113,0,10086,1139697,0,0,1139697,,,,,,4790233,,4790233,,,,4790233,0,4790233,4790233,,4790233,,,,4790233,0,4790233
2024,213020,00327700,Indiana University of Pennsylvania-Main Campus,PA,4,,1,NCAA,2402,3971,6373,7,Football,94,,,,94,0,2774,260759,0,0,260759,,,,,,1987639,,1987639,,,,1987639,0,1987639,1981557,,1981557,,,,1981557,0,1981557
2024,151351,00180900,Indiana University-Bloomington,IN,1,,1,NCAA,18495,18512,37007,7,Football,114,,,,114,0,98862,11270297,0,0,11270297,,,,,,80906601,,80906601,,,,80906601,0,80906601,50207544,,50207544,,,,50207544,0,50207544
2024,151801,00182200,Indiana Wesleyan University-Marion,IN,10,,2,NAIA,780,1171,1951,7,Football,133,,,,133,0,1497,199036,0,0,199036,,,,,,1908908,,1908908,,,,1908908,0,1908908,1898758,,1898758,,,,1898758,0,1898758
2024,153524,00186500,Iowa Central Community College,IA,13,,3,NJCAA,1151,1232,2383,7,Football,175,,,,175,0,1291,225878,0,0,225878,,,,,,1295395,,1295395,,,,1295395,0,1295395,1295395,,1295395,,,,1295395,0,1295395
2024,153603,00186900,Iowa State University,IA,1,,1,NCAA,13389,11008,24397,7,Football,135,,,,135,0,49623,6699070,0,0,6699070,,,,,,60744404,,60744404,,,,60744404,0,60744404,32337385,,32337385,,,,32337385,0,32337385
2024,153630,00459800,Iowa Western Community College,IA,12,,3,NJCAA,1029,803,1832,7,Football,134,,,,134,0,2396,321117,0,0,321117,,,,,,1415142,,1415142,,,,1415142,0,1415142,1415142,,1415142,,,,1415142,0,1415142
2024,175829,00240900,Itawamba Community College,MS,13,,3,NJCAA,1240,1975,3215,7,Football,62,,,,62,0,1771,109790,0,0,109790,,,,,,813262,,813262,,,,813262,0,813262,813262,,813262,,,,813262,0,813262
2024,191968,00273900,Ithaca College,NY,6,,1,NCAA,1921,2279,4200,7,Football,107,,,,107,0,1508,161391,0,0,161391,,,,,,675388,,675388,,,,675388,0,675388,675388,,675388,,,,675388,0,675388
2024,175856,00241000,Jackson State University,MS,2,,1,NCAA,1531,2611,4142,7,Football,136,,,,136,0,4875,663035,0,0,663035,,,,,,3307433,,3307433,,,,3307433,0,3307433,3307433,,3307433,,,,3307433,0,3307433
2024,101480,00102000,Jacksonville State University,AL,1,,1,NCAA,2577,3797,6374,7,Football,158,,,,158,0,8491,1341543,0,0,1341543,,,,,,14998859,,14998859,,,,14998859,0,14998859,14998859,,14998859,,,,14998859,0,14998859
2024,232423,00372100,James Madison University,VA,2,,1,NCAA,8602,11174,19776,7,Football,121,,,,121,0,21974,2658810,0,0,2658810,,,,,,16863959,,16863959,,,,16863959,0,16863959,16863958,,16863958,,,,16863958,0,16863958
2024,203368,00305000,John Carroll University,OH,6,,1,NCAA,1202,1032,2234,7,Football,130,,,,130,0,2036,264741,0,0,264741,,,,,,1029076,,1029076,,,,1029076,0,1029076,1029076,,1029076,,,,1029076,0,1029076
2024,162928,00207700,Johns Hopkins University,MD,8,NCAA DIII w/FB; M/W LAX DI,8,other,2556,3117,5673,7,Football,87,,,,87,0,2205,191865,0,0,191865,,,,,,1018257,,1018257,,,,1018257,0,1018257,978719,,978719,,,,978719,0,978719
2024,198756,00293600,Johnson C Smith University,NC,4,,1,NCAA,583,622,1205,7,Football,123,,,,123,0,4085,502488,0,0,502488,,,,,,2111118,,2111118,,,,2111118,0,2111118,2111118,,2111118,,,,2111118,0,2111118
2024,175883,00241100,Jones County Junior College,MS,12,,3,NJCAA,1101,1694,2795,7,Football,65,,,,65,0,2042,132720,0,0,132720,,,,,,1549147,,1549147,,,,1549147,0,1549147,1549147,,1549147,,,,1549147,0,1549147
2024,146339,00170000,Judson University,IL,9,,2,NAIA,409,278,687,7,Football,125,,,,125,0,732,91449,0,0,91449,,,,,,1811167,,1811167,,,,1811167,0,1811167,1811167,,1811167,,,,1811167,0,1811167
2024,213251,00327900,Juniata College,PA,6,,1,NCAA,572,618,1190,7,Football,75,,,,75,0,1130,84785,0,0,84785,,,,,,529775,,529775,,,,529775,0,529775,502943,,502943,,,,502943,0,502943
2024,170532,00227500,Kalamazoo College,MI,6,,1,NCAA,511,626,1137,7,Football,104,,,,104,0,1597,166041,0,0,166041,,,,,,575855,,575855,,,,575855,0,575855,575855,,575855,,,,575855,0,575855
2024,155399,00192800,Kansas State University,KS,1,,1,NCAA,6872,7062,13934,7,Football,125,,,,125,0,52953,6619181,0,0,6619181,,,,,,27087822,,27087822,,,,27087822,0,27087822,27087822,,27087822,,,,27087822,0,27087822
2024,155414,00192900,Kansas Wesleyan University,KS,9,,2,NAIA,505,392,897,7,Football,142,,,,142,0,1819,258315,0,0,258315,,,,,,2628083,,2628083,,,,2628083,0,2628083,2801808,,2801808,,,,2801808,0,2801808
2024,185262,00262200,Kean University,NJ,6,,1,NCAA,3878,5989,9867,7,Football,95,,,,95,0,2647,251484,0,0,251484,,,,,,526264,,526264,,,,526264,0,526264,526264,,526264,,,,526264,0,526264
2024,135081,02151900,Keiser University-Ft Lauderdale,FL,9,,2,NAIA,3857,7703,11560,7,Football,108,,,,108,0,3707,400376,0,0,400376,,,,,,2861440,,2861440,,,,2861440,0,2861440,2831100,,2831100,,,,2831100,0,2831100
2024,486840,00157700,Kennesaw State University,GA,2,,1,NCAA,15442,15831,31273,7,Football,120,,,,120,0,25085,3010172,0,0,3010172,,,,,,11495596,,11495596,,,,11495596,0,11495596,11495596,,11495596,,,,11495596,0,11495596
2024,203517,00305100,Kent State University at Kent,OH,1,,1,NCAA,6418,10582,17000,7,Football,110,,,,110,0,28702,3157181,0,0,3157181,,,,,,10351311,,10351311,,,,10351311,0,10351311,10351311,,10351311,,,,10351311,0,10351311
2024,157100,00196500,Kentucky Christian University,KY,9,,2,NAIA,295,126,421,7,Football,112,,,,112,0,1898,212525,0,0,212525,,,,,,1733276,,1733276,,,,1733276,0,1733276,1733276,,1733276,,,,1733276,0,1733276
2024,157058,00196800,Kentucky State University,KY,4,,1,NCAA,493,669,1162,7,Football,131,,,,131,0,2037,266820,0,0,266820,,,,,,1252224,,1252224,,,,1252224,0,1252224,1252224,,1252224,,,,1252224,0,1252224
2024,157076,00196900,Kentucky Wesleyan College,KY,4,,1,NCAA,419,413,832,7,Football,112,,,,112,0,2282,255564,0,0,255564,,,,,,1841405,,1841405,,,,1841405,0,1841405,1791688,,1791688,,,,1791688,0,1791688
2024,203535,00306500,Kenyon College,OH,6,,1,NCAA,755,977,1732,7,Football,60,,,,60,0,1500,90015,0,0,90015,,,,,,399322,,399322,,,,399322,0,399322,399322,,399322,,,,399322,0,399322
2024,213303,00328000,Keystone College,PA,6,,1,NCAA,347,271,618,7,Football,91,,,,91,0,1820,165639,0,0,165639,,,,,,425278,,425278,,,,425278,0,425278,425278,,425278,,,,425278,0,425278
2024,226019,00358000,Kilgore College,TX,12,,3,NJCAA,815,1094,1909,7,Football,75,,,,75,0,520,39011,0,0,39011,,,,,,810213,,810213,,,,810213,0,810213,810213,,810213,,,,810213,0,810213
2024,213321,00328200,King's College,PA,6,,1,NCAA,767,697,1464,7,Football,128,,,,128,0,1618,207088,0,0,207088,,,,,,598321,,598321,,,,598321,0,598321,598321,,598321,,,,598321,0,598321
2024,146427,00170400,Knox College,IL,6,,1,NCAA,564,554,1118,7,Football,90,,,,90,0,2595,233520,0,0,233520,,,,,,361433,,361433,,,,361433,0,361433,580962,,580962,,,,580962,0,580962
2024,213349,00332200,Kutztown University of Pennsylvania,PA,4,,1,NCAA,2528,3364,5892,7,Football,107,,,,107,0,1171,125338,0,0,125338,,,,,,1439602,,1439602,,,,1439602,0,1439602,1286215,,1286215,,,,1286215,0,1286215
2024,213376,00328300,Lackawanna College,PA,13,,3,NJCAA,618,837,1455,7,Football,114,,,,114,0,2217,252752,0,0,252752,,,,,,1190303,,1190303,,,,1190303,0,1190303,976740,,976740,,,,976740,0,976740
2024,213385,00328400,Lafayette College,PA,2,,1,NCAA,1370,1372,2742,7,Football,104,,,,104,0,7167,745389,0,0,745389,,,,,,8597500,,8597500,,,,8597500,0,8597500,8597500,,8597500,,,,8597500,0,8597500
2024,140234,00157800,LaGrange College,GA,6,,1,NCAA,348,286,634,7,Football,105,,,,105,0,1946,204299,0,0,204299,,,,,,467621,,467621,,,,467621,0,467621,467621,,467621,,,,467621,0,467621
2024,203580,00306600,Lake Erie College,OH,4,,1,NCAA,409,436,845,7,Football,133,,,,133,0,1155,153604,0,0,153604,,,,,,1329685,,1329685,,,,1329685,0,1329685,1329685,,1329685,,,,1329685,0,1329685
2024,146481,00170600,Lake Forest College,IL,6,,1,NCAA,776,1017,1793,7,Football,111,,,,111,0,1079,119715,0,0,119715,,,,,,521184,,521184,,,,521184,0,521184,521184,,521184,,,,521184,0,521184
2024,238980,00385400,Lakeland University,WI,6,,1,NCAA,362,337,699,7,Football,92,,,,92,0,850,78172,0,0,78172,,,,,,443254,,443254,,,,443254,0,443254,438762,,438762,,,,438762,0,438762
2024,226091,00358100,Lamar University,TX,2,,1,NCAA,2556,3792,6348,7,Football,119,,,,119,0,7868,936332,0,0,936332,,,,,,5643571,,5643571,,,,5643571,0,5643571,5643571,,5643571,,,,5643571,0,5643571
2024,220598,00349900,Lane College,TN,4,,1,NCAA,396,323,719,7,Football,109,,,,109,0,2084,227126,0,0,227126,,,,,,1037739,,1037739,,,,1037739,0,1037739,1037739,,1037739,,,,1037739,0,1037739
2024,117247,00126600,Laney College,CA,17,,8,other,875,732,1607,7,Football,84,,,,84,0,900,75571,0,0,75571,,,,,,167693,,167693,,,,167693,0,167693,167693,,167693,,,,167693,0,167693
2024,207209,00315700,Langston University,OK,9,,2,NAIA,699,953,1652,7,Football,117,,,,117,0,1261,147537,0,0,147537,,,,,,1010960,,1010960,,,,1010960,0,1010960,1010960,,1010960,,,,1010960,0,1010960
2024,170675,00227900,Lawrence Technological University,MI,9,,2,NAIA,999,537,1536,7,Football,105,,,,105,0,3392,356181,0,0,356181,,,,,,1480181,,1480181,,,,1480181,0,1480181,2519393,,2519393,,,,2519393,0,2519393
2024,239017,00385600,Lawrence University,WI,6,,1,NCAA,668,710,1378,7,Football,59,,,,59,0,1813,106938,0,0,106938,,,,,,504696,,504696,,,,504696,0,504696,504696,,504696,,,,504696,0,504696
2024,213507,00328800,Lebanon Valley College,PA,6,,1,NCAA,719,930,1649,7,Football,124,,,,124,0,1629,202047,0,0,202047,,,,,,495994,,495994,,,,495994,0,495994,494628,,494628,,,,494628,0,494628
2024,213543,00328900,Lehigh University,PA,2,,1,NCAA,3012,2801,5813,7,Football,98,,,,98,0,12193,1194943,0,0,1194943,,,,,,7670473,,7670473,,,,7670473,0,7670473,7670473,,7670473,,,,7670473,0,7670473
2024,198835,00294100,Lenoir-Rhyne University,NC,4,,1,NCAA,618,682,1300,7,Football,164,,,,164,0,1790,293631,0,0,293631,,,,,,2497915,,2497915,,,,2497915,0,2497915,2497915,,2497915,,,,2497915,0,2497915
2024,209056,00319700,Lewis & Clark College,OR,6,,1,NCAA,767,1325,2092,7,Football,107,,,,107,0,2278,243746,0,0,243746,,,,,,651014,,651014,,,,651014,0,651014,651014,,651014,,,,651014,0,651014
2024,232557,02053000,Liberty University,VA,1,,1,NCAA,14279,18031,32310,7,Football,117,,,,117,0,26028,3045334,0,0,3045334,,,,,,22964576,,22964576,,,,22964576,0,22964576,22964576,,22964576,,,,22964576,0,22964576
2024,213598,00329000,Lincoln University,PA,4,,1,NCAA,543,960,1503,7,Football,99,,,,99,0,1557,154127,0,0,154127,,,,,,912545,,912545,,,,912545,0,912545,912545,,912545,,,,912545,0,912545
2024,177940,00247900,Lincoln University,MO,4,,1,NCAA,551,712,1263,7,Football,69,,,,69,0,1893,130595,0,0,130595,,,,,,1292889,,1292889,,,,1292889,0,1292889,1287499,,1287499,,,,1287499,0,1287499
2024,177968,00248000,Lindenwood University,MO,2,,1,NCAA,1625,2435,4060,7,Football,110,,,,110,0,4677,514522,0,0,514522,,,,,,4167188,,4167188,,,,4167188,0,4167188,4167188,,4167188,,,,4167188,0,4167188
2024,157216,00197200,Lindsey Wilson College,KY,9,,2,NAIA,666,841,1507,7,Football,162,,,,162,0,1065,172520,0,0,172520,,,,,,1720311,,1720311,,,,1720311,0,1720311,1720201,,1720201,,,,1720201,0,1720201
2024,209065,00319800,Linfield University,OR,6,,1,NCAA,534,969,1503,7,Football,135,,,,135,0,1608,217013,0,0,217013,,,,,,1027030,,1027030,,,,1027030,0,1027030,672273,,672273,,,,672273,0,672273
2024,198862,00294200,Livingstone College,NC,4,,1,NCAA,533,376,909,7,Football,84,,,,84,0,775,65112,0,0,65112,,,,,,1275390,,1275390,,,,1275390,0,1275390,1152621,,1152621,,,,1152621,0,1152621
2024,117645,00121900,Long Beach City College,CA,17,,8,other,4225,4906,9131,7,Football,101,,,,101,0,443,44786,0,0,44786,,,,,,661960,,661960,,,,661960,0,661960,660217,,660217,,,,660217,0,660217
2024,192448,00275100,Long Island University,NY,2,,1,NCAA,1788,3263,5051,7,Football,125,,,,125,0,6549,818616,0,0,818616,,,,,,7211722,,7211722,,,,7211722,0,7211722,7211722,,7211722,,,,7211722,0,7211722
2024,153825,00187300,Loras College,IA,6,,1,NCAA,622,438,1060,7,Football,97,,,,97,0,1036,100476,0,0,100476,,,,,,560831,,560831,,,,560831,0,560831,560831,,560831,,,,560831,0,560831
2024,117706,00122600,Los Angeles Pierce College,CA,17,,8,other,2261,2382,4643,7,Football,70,,,,70,0,630,44100,0,0,44100,,,,,,172428,,172428,,,,172428,0,172428,172428,,172428,,,,172428,0,172428
2024,117715,00704700,Los Angeles Southwest College,CA,17,,8,other,229,329,558,7,Football,56,,,,56,0,1461,81796,0,0,81796,,,,,,409367,,409367,,,,409367,0,409367,409367,,409367,,,,409367,0,409367
2024,117733,00122800,Los Angeles Valley College,CA,17,,8,other,1660,1878,3538,7,Football,81,,,,81,0,669,54190,0,0,54190,,,,,,344026,,344026,,,,344026,0,344026,344026,,344026,,,,344026,0,344026
2024,117894,01034000,Los Medanos College,CA,17,,8,other,1337,1549,2886,7,Football,60,,,,60,0,1023,61402,0,0,61402,,,,,,131932,,131932,,,,131932,0,131932,131932,,131932,,,,131932,0,131932
2024,198871,00294300,Louisburg College,NC,13,,3,NJCAA,278,121,399,7,Football,108,,,,108,0,721,77868,0,0,77868,,,,,,228307,,228307,,,,228307,0,228307,228307,,228307,,,,228307,0,228307
2024,159568,00200700,Louisiana Christian University,LA,9,,2,NAIA,377,263,640,7,Football,107,,,,107,0,3314,354644,0,0,354644,,,,,,1434580,,1434580,,,,1434580,0,1434580,1434580,,1434580,,,,1434580,0,1434580
2024,159391,00201000,Louisiana State University and Agricultural & Mechanical College,LA,1,,1,NCAA,12494,16688,29182,7,Football,115,,,,115,0,51058,5871635,0,0,5871635,,,,,,117563889,,117563889,,,,117563889,0,117563889,50738587,,50738587,,,,50738587,0,50738587
2024,159647,00200800,Louisiana Tech University,LA,1,,1,NCAA,4437,3337,7774,7,Football,112,,,,112,0,15956,1787088,0,0,1787088,,,,,,11122188,,11122188,,,,11122188,0,11122188,11122188,,11122188,,,,11122188,0,11122188
2024,153834,00187400,Luther College,IA,6,,1,NCAA,654,714,1368,7,Football,76,,,,76,0,517,39260,0,0,39260,,,,,,532764,,532764,,,,532764,0,532764,532764,,532764,,,,532764,0,532764
2024,213668,00329300,Lycoming College,PA,6,,1,NCAA,489,505,994,7,Football,117,,,,117,0,1363,159509,0,0,159509,,,,,,856732,,856732,,,,856732,0,856732,756677,,756677,,,,756677,0,756677
2024,106342,00108800,Lyon College,AR,6,,1,NCAA,362,279,641,7,Football,113,,,,113,0,2295,259325,0,0,259325,,,,,,686601,,686601,,,,686601,0,686601,686601,,686601,,,,686601,0,686601
2024,173902,00235800,Macalester College,MN,6,,1,NCAA,909,1190,2099,7,Football,65,,,,65,0,788,51208,0,0,51208,,,,,,551281,,551281,,,,551281,0,551281,561861,,561861,,,,561861,0,561861
2024,170806,00228200,Madonna University,MI,9,,2,NAIA,498,831,1329,7,Football,131,,,,131,0,1647,215759,0,0,215759,,,,,,1445497,,1445497,,,,1445497,0,1445497,1445606,,1445606,,,,1445606,0,1445606
2024,161299,00204400,Maine Maritime Academy,ME,6,,1,NCAA,683,176,859,7,Football,40,,,,40,0,3131,125220,0,0,125220,,,,,,296111,,296111,,,,296111,0,296111,296111,,296111,,,,296111,0,296111
2024,151777,00182000,Manchester University,IN,6,,1,NCAA,483,440,923,7,Football,80,,,,80,0,887,70941,0,0,70941,,,,,,455794,,455794,,,,455794,0,455794,436033,,436033,,,,436033,0,436033
2024,151786,00182100,Marian University,IN,10,,2,NAIA,933,1177,2110,7,Football,178,,,,178,0,1650,293632,0,0,293632,,,,,,3582023,,3582023,,,,3582023,0,3582023,3582023,,3582023,,,,3582023,0,3582023
2024,203845,00307300,Marietta College,OH,6,,1,NCAA,494,424,918,7,Football,125,,,,125,0,813,101623,0,0,101623,,,,,,413994,,413994,,,,413994,0,413994,418383,,418383,,,,418383,0,418383
2024,192819,00276500,Marist University,NY,2,,1,NCAA,2108,2943,5051,7,Football,109,,,,109,0,7586,826902,0,0,826902,,,,,,2264771,,2264771,,,,2264771,0,2264771,2264771,,2264771,,,,2264771,0,2264771
2024,198899,00294400,Mars Hill University,NC,4,,1,NCAA,510,486,996,7,Football,151,,,,151,0,838,126511,0,0,126511,,,,,,1913473,,1913473,,,,1913473,0,1913473,1913473,,1913473,,,,1913473,0,1913473
2024,237525,00381500,Marshall University,WV,1,,1,NCAA,2941,3813,6754,7,Football,118,,,,118,0,30252,3569751,0,0,3569751,,,,,,13569649,,13569649,,,,13569649,0,13569649,13569649,,13569649,,,,13569649,0,13569649
2024,173452,00236100,Martin Luther College,MN,6,,1,NCAA,296,305,601,7,Football,44,,,,44,0,993,43699,0,0,43699,,,,,,228262,,228262,,,,228262,0,228262,228262,,228262,,,,228262,0,228262
2024,220710,00350500,Maryville College,TN,6,,1,NCAA,460,538,998,7,Football,136,,,,136,0,1585,215550,0,0,215550,,,,,,653539,,653539,,,,653539,0,653539,606727,,606727,,,,606727,0,606727
2024,166683,00217800,Massachusetts Institute of Technology,MA,6,,1,NCAA,2320,2169,4489,7,Football,69,,,,69,0,2058,141975,0,0,141975,,,,,,285373,,285373,,,,285373,0,285373,285373,,285373,,,,285373,0,285373
2024,166692,00218100,Massachusetts Maritime Academy,MA,6,,1,NCAA,1177,203,1380,7,Football,125,,,,125,0,795,99382,0,0,99382,,,,,,479540,,479540,,,,479540,0,479540,479239,,479239,,,,479239,0,479239
2024,200226,00299300,Mayville State University,ND,10,,2,NAIA,286,300,586,7,Football,120,,,,120,0,2150,257992,0,0,257992,,,,,,897126,,897126,,,,897126,0,897126,897126,,897126,,,,897126,0,897126
2024,164270,00210900,McDaniel College,MD,6,,1,NCAA,708,896,1604,7,Football,105,,,,105,0,727,76329,0,0,76329,,,,,,1146412,,1146412,,,,1146412,0,1146412,677098,,677098,,,,677098,0,677098
2024,147013,00172200,McKendree University,IL,4,,1,NCAA,775,856,1631,7,Football,163,,,,163,0,1356,221044,0,0,221044,,,,,,2256519,,2256519,,,,2256519,0,2256519,2256519,,2256519,,,,2256519,0,2256519
2024,226587,00359100,McMurry University,TX,6,,1,NCAA,544,538,1082,7,Football,140,,,,140,0,1816,254194,0,0,254194,,,,,,744571,,744571,,,,744571,0,744571,744571,,744571,,,,744571,0,744571
2024,159717,00201700,McNeese State University,LA,2,,1,NCAA,1778,2751,4529,7,Football,117,,,,117,0,538,62959,0,0,62959,,,,,,5260577,,5260577,,,,5260577,0,5260577,5260577,,5260577,,,,5260577,0,5260577
2024,155511,00193300,McPherson College,KS,9,,2,NAIA,585,285,870,7,Football,169,,,,169,0,235,39698,0,0,39698,,,,,,4459080,,4459080,,,,4459080,0,4459080,4459080,,4459080,,,,4459080,0,4459080
2024,118718,00123700,Merced College,CA,17,,8,other,2016,2888,4904,7,Football,63,,,,63,0,895,56378,0,0,56378,,,,,,112546,,112546,,,,112546,0,112546,112546,,112546,,,,112546,0,112546
2024,140447,00158000,Mercer University,GA,2,,1,NCAA,1480,2532,4012,7,Football,109,,,,109,0,7820,852363,0,0,852363,,,,,,7509501,,7509501,,,,7509501,0,7509501,7509501,,7509501,,,,7509501,0,7509501
2024,213987,00329700,Mercyhurst University,PA,2,,1,NCAA,910,1196,2106,7,Football,134,,,,134,0,3062,410308,0,0,410308,,,,,,3026196,,3026196,,,,3026196,0,3026196,3026196,,3026196,,,,3026196,0,3026196
2024,166850,00212000,Merrimack College,MA,2,,1,NCAA,1772,2043,3815,7,Football,111,,,,111,0,4952,549649,0,0,549649,,,,,,5305897,,5305897,,,,5305897,0,5305897,5305897,,5305897,,,,5305897,0,5305897
2024,198969,00294600,Methodist University,NC,6,,1,NCAA,770,580,1350,7,Football,175,,,,175,0,916,160280,0,0,160280,,,,,,750895,,750895,,,,750895,0,750895,750895,,750895,,,,750895,0,750895
2024,204024,00307700,Miami University-Oxford,OH,1,,1,NCAA,7767,8510,16277,7,Football,161,,,,161,0,12414,1998620,0,0,1998620,,,,,,11017434,,11017434,,,,11017434,0,11017434,11017434,,11017434,,,,11017434,0,11017434
2024,171100,00229000,Michigan State University,MI,1,,1,NCAA,18483,19923,38406,7,Football,119,,,,119,0,52767,6279232,0,0,6279232,,,,,,77084648,,77084648,,,,77084648,0,77084648,48227813,,48227813,,,,48227813,0,48227813
2024,171128,00229200,Michigan Technological University,MI,4,,1,NCAA,4085,1676,5761,7,Football,125,,,,125,0,1443,180314,0,0,180314,,,,,,2635230,,2635230,,,,2635230,0,2635230,2672094,,2672094,,,,2672094,0,2672094
2024,155520,00703200,MidAmerica Nazarene University,KS,9,,2,NAIA,457,459,916,7,Football,135,,,,135,0,1139,153808,0,0,153808,,,,,,2827284,,2827284,,,,2827284,0,2827284,2652682,,2652682,,,,2652682,0,2652682
2024,220978,00351000,Middle Tennessee State University,TN,1,,1,NCAA,6796,7322,14118,7,Football,149,,,,149,0,20358,3033398,0,0,3033398,,,,,,13297458,,13297458,,,,13297458,0,13297458,13297458,,13297458,,,,13297458,0,13297458
2024,230959,00369100,Middlebury College,VT,6,,1,NCAA,1268,1460,2728,7,Football,99,,,,99,0,1198,118558,0,0,118558,,,,,,877370,,877370,,,,877370,0,877370,877370,,877370,,,,877370,0,877370
2024,181330,00255300,Midland University,NE,10,,2,NAIA,647,504,1151,7,Football,167,,,,167,0,1382,230805,0,0,230805,,,,,,4030606,,4030606,,,,4030606,0,4030606,3821429,,3821429,,,,3821429,0,3821429
2024,157377,00197500,Midway University,KY,9,,2,NAIA,433,642,1075,7,Football,75,,,,75,0,1665,124867,0,0,124867,,,,,,619045,,619045,,,,619045,0,619045,619045,,619045,,,,619045,0,619045
2024,226833,00359200,Midwestern State University,TX,4,,1,NCAA,1261,2101,3362,7,Football,140,,,,140,0,1994,279103,0,0,279103,,,,,,1506143,,1506143,,,,1506143,0,1506143,1506143,,1506143,,,,1506143,0,1506143
2024,101675,00102800,Miles College,AL,4,,1,NCAA,577,542,1119,7,Football,99,,,,99,0,5270,521733,0,0,521733,,,,,,1816670,,1816670,,,,1816670,0,1816670,1816670,,1816670,,,,1816670,0,1816670
2024,214041,00332500,Millersville University of Pennsylvania,PA,4,,1,NCAA,1994,2669,4663,7,Football,98,,,,98,0,1696,166206,0,0,166206,,,,,,1248910,,1248910,,,,1248910,0,1248910,1248910,,1248910,,,,1248910,0,1248910
2024,147244,00172400,Millikin University,IL,6,,1,NCAA,623,701,1324,7,Football,101,,,,101,0,1280,129318,0,0,129318,,,,,,630702,,630702,,,,630702,0,630702,630702,,630702,,,,630702,0,630702
2024,175980,00241400,Millsaps College,MS,6,,1,NCAA,296,247,543,7,Football,113,,,,113,0,944,106669,0,0,106669,,,,,,587700,,587700,,,,587700,0,587700,587700,,587700,,,,587700,0,587700
2024,173735,00235500,Minnesota North College,MN,14,,3,NJCAA,881,612,1493,7,Football,82,,,,82,0,1358,111392,0,0,111392,,,,,,222706,,222706,,,,222706,0,222706,222706,,222706,,,,222706,0,222706
2024,173559,00554100,Minnesota State Community and Technical College,MN,14,,3,NJCAA,834,870,1704,7,Football,53,,,,53,0,1399,74162,0,0,74162,,,,,,113473,,113473,,,,113473,0,113473,113473,,113473,,,,113473,0,113473
2024,174358,00236700,Minnesota State University Moorhead,MN,4,,1,NCAA,969,1629,2598,7,Football,116,,,,116,0,1535,178062,0,0,178062,,,,,,1497580,,1497580,,,,1497580,0,1497580,1419204,,1419204,,,,1419204,0,1419204
2024,173920,00236000,Minnesota State University-Mankato,MN,4,,1,NCAA,4715,5303,10018,7,Football,112,,,,112,0,3996,447551,0,0,447551,,,,,,2050427,,2050427,,,,2050427,0,2050427,2050425,,2050425,,,,2050425,0,2050425
2024,173638,00526300,Minnesota West Community and Technical College,MN,14,,3,NJCAA,481,398,879,7,Football,62,,,,62,0,662,41064,0,0,41064,,,,,,78627,,78627,,,,78627,0,78627,78627,,78627,,,,78627,0,78627
2024,200253,00299400,Minot State University,ND,4,,1,NCAA,678,1018,1696,7,Football,123,,,,123,0,2296,282434,0,0,282434,,,,,,1702101,,1702101,,,,1702101,0,1702101,1702101,,1702101,,,,1702101,0,1702101
2024,214069,00324700,Misericordia University,PA,6,,1,NCAA,608,938,1546,7,Football,120,,,,120,0,668,80202,0,0,80202,,,,,,351052,,351052,,,,351052,0,351052,341976,,341976,,,,341976,0,341976
2024,176053,00241500,Mississippi College,MS,4,,1,NCAA,1028,1413,2441,7,Football,111,,,,111,0,1468,162935,0,0,162935,,,,,,1877995,,1877995,,,,1877995,0,1877995,1877995,,1877995,,,,1877995,0,1877995
2024,176008,00241600,Mississippi Delta Community College,MS,13,,3,NJCAA,456,738,1194,7,Football,58,,,,58,0,885,51320,0,0,51320,,,,,,481987,,481987,,,,481987,0,481987,481987,,481987,,,,481987,0,481987
2024,176071,00241700,Mississippi Gulf Coast Community College,MS,12,,3,NJCAA,1850,2692,4542,7,Football,65,,,,65,0,2830,183975,0,0,183975,,,,,,1282623,,1282623,,,,1282623,0,1282623,1244925,,1244925,,,,1244925,0,1244925
2024,176080,00242300,Mississippi State University,MS,1,,1,NCAA,8166,8698,16864,7,Football,110,,,,110,0,56592,6225148,0,0,6225148,,,,,,37575575,,37575575,,,,37575575,0,37575575,37575575,,37575575,,,,37575575,0,37575575
2024,176044,00242400,Mississippi Valley State University,MS,2,,1,NCAA,508,529,1037,7,Football,98,,,,98,0,3565,349356,0,0,349356,,,,,,1545843,,1545843,,,,1545843,0,1545843,1545843,,1545843,,,,1545843,0,1545843
2024,178244,00754000,Missouri Baptist University,MO,9,,2,NAIA,611,687,1298,7,Football,106,,,,106,0,1335,141500,0,0,141500,,,,,,3600526,,3600526,,,,3600526,0,3600526,3538290,,3538290,,,,3538290,0,3538290
2024,178341,00248800,Missouri Southern State University,MO,4,,1,NCAA,991,1494,2485,7,Football,141,,,,141,0,1973,278137,0,0,278137,,,,,,2164571,,2164571,,,,2164571,0,2164571,2117236,,2117236,,,,2117236,0,2117236
2024,179566,00250300,Missouri State University-Springfield,MO,2,,1,NCAA,4350,7158,11508,7,Football,99,,,,99,0,19064,1887383,0,0,1887383,,,,,,6558020,,6558020,,,,6558020,0,6558020,6558020,,6558020,,,,6558020,0,6558020
2024,178411,00251700,Missouri University of Science and Technology,MO,4,,1,NCAA,3921,1168,5089,7,Football,135,,,,135,0,1429,192921,0,0,192921,,,,,,1993655,,1993655,,,,1993655,0,1993655,1993656,,1993656,,,,1993656,0,1993656
2024,178369,00248900,Missouri Valley College,MO,9,,2,NAIA,819,562,1381,7,Football,57,,,,57,0,2245,127951,0,0,127951,,,,,,2907593,,2907593,,,,2907593,0,2907593,3334249,,3334249,,,,3334249,0,3334249
2024,178387,00249000,Missouri Western State University,MO,4,,1,NCAA,807,1168,1975,7,Football,125,,,,125,0,2928,365952,0,0,365952,,,,,,2758377,,2758377,,,,2758377,0,2758377,2629265,,2629265,,,,2629265,0,2629265
2024,118976,00124000,Modesto Junior College,CA,17,,8,other,2464,3344,5808,7,Football,70,,,,70,0,1267,88706,0,0,88706,,,,,,310652,,310652,,,,310652,0,310652,310652,,310652,,,,310652,0,310652
2024,147341,00172500,Monmouth College,IL,6,,1,NCAA,375,325,700,7,Football,117,,,,117,0,687,80428,0,0,80428,,,,,,383485,,383485,,,,383485,0,383485,383485,,383485,,,,383485,0,383485
2024,185572,00261600,Monmouth University,NJ,2,,1,NCAA,1308,2284,3592,7,Football,121,,,,121,0,7984,966064,0,0,966064,,,,,,7454979,,7454979,,,,7454979,0,7454979,7454979,,7454979,,,,7454979,0,7454979
2024,193308,00479900,Monroe University,NY,8,NJCAA Division I and NJCAA Division III,8,other,1465,2416,3881,7,Football,91,,,,91,0,5169,470404,0,0,470404,,,,,,1836466,,1836466,,,,1836466,0,1836466,1836466,,1836466,,,,1836466,0,1836466
2024,180461,00253200,Montana State University,MT,2,,1,NCAA,6901,5983,12884,7,Football,114,,,,114,0,12365,1409625,0,0,1409625,,,,,,14876559,,14876559,,,,14876559,0,14876559,10135894,,10135894,,,,10135894,0,10135894
2024,180522,00253300,Montana State University-Northern,MT,9,,2,NAIA,411,234,645,7,Football,90,,,,90,0,2503,225304,0,0,225304,,,,,,610057,,610057,,,,610057,0,610057,710450,,710450,,,,710450,0,710450
2024,180416,00253100,Montana Technological University,MT,9,,2,NAIA,886,514,1400,7,Football,128,,,,128,0,1782,228146,0,0,228146,,,,,,1424827,,1424827,,,,1424827,0,1424827,1424827,,1424827,,,,1424827,0,1424827
2024,185590,00261700,Montclair State University,NJ,6,,1,NCAA,7048,10133,17181,7,Football,135,,,,135,0,750,101257,0,0,101257,,,,,,383254,,383254,,,,383254,0,383254,422271,,422271,,,,422271,0,422271
2024,119067,00124200,Monterey Peninsula College,CA,17,,8,other,1105,1081,2186,7,Football,68,,,,68,0,1451,98668,0,0,98668,,,,,,172695,,172695,,,,172695,0,172695,172695,,172695,,,,172695,0,172695
2024,119137,00711500,Moorpark College,CA,17,,8,other,2313,2149,4462,7,Football,76,,,,76,0,819,62237,0,0,62237,,,,,,349019,,349019,,,,349019,0,349019,315367,,315367,,,,315367,0,315367
2024,214157,00330100,Moravian University,PA,6,,1,NCAA,744,1111,1855,7,Football,104,,,,104,0,1282,133332,0,0,133332,,,,,,693472,,693472,,,,693472,0,693472,582592,,582592,,,,582592,0,582592
2024,157386,00197600,Morehead State University,KY,2,,1,NCAA,1662,2535,4197,7,Football,129,,,,129,0,5027,648475,0,0,648475,,,,,,1633620,,1633620,,,,1633620,0,1633620,1686375,,1686375,,,,1686375,0,1686375
2024,163453,00208300,Morgan State University,MD,2,,1,NCAA,3210,5166,8376,7,Football,128,,,,128,0,12443,1592663,0,0,1592663,,,,,,6519696,,6519696,,,,6519696,0,6519696,6218306,,6218306,,,,6218306,0,6218306
2024,154004,00187900,Morningside University,IA,9,,2,NAIA,555,559,1114,7,Football,139,,,,139,0,813,113031,0,0,113031,,,,,,1469067,,1469067,,,,1469067,0,1469067,1428112,,1428112,,,,1428112,0,1428112
2024,219198,00346500,Mount Marty University,SD,10,,2,NAIA,339,282,621,7,Football,146,,,,146,0,508,74130,0,0,74130,,,,,,2765529,,2765529,,,,2765529,0,2765529,2765529,,2765529,,,,2765529,0,2765529
2024,204200,00303300,Mount St. Joseph University,OH,6,,1,NCAA,505,580,1085,7,Football,145,,,,145,0,638,92504,0,0,92504,,,,,,531191,,531191,,,,531191,0,531191,531191,,531191,,,,531191,0,531191
2024,119164,00124500,Mt San Antonio College,CA,17,,8,other,4930,4913,9843,7,Football,90,,,,90,0,1181,106301,0,0,106301,,,,,,415437,,415437,,,,415437,0,415437,400637,,400637,,,,400637,0,400637
2024,119216,00124600,Mt San Jacinto Community College District,CA,17,,8,other,2753,3570,6323,7,Football,84,,,,84,0,888,74578,0,0,74578,,,,,,213632,,213632,,,,213632,0,213632,213632,,213632,,,,213632,0,213632
2024,214175,00330400,Muhlenberg College,PA,6,,1,NCAA,709,995,1704,7,Football,128,,,,128,0,1159,148320,0,0,148320,,,,,,765136,,765136,,,,765136,0,765136,765136,,765136,,,,765136,0,765136
2024,157401,00197700,Murray State University,KY,2,,1,NCAA,2361,3737,6098,7,Football,110,,,,110,0,8358,919428,0,0,919428,,,,,,5526186,,5526186,,,,5526186,0,5526186,4002299,,4002299,,,,4002299,0,4002299
2024,204264,00308400,Muskingum University,OH,6,,1,NCAA,626,666,1292,7,Football,119,,,,119,0,1510,179674,0,0,179674,,,,,,589800,,589800,,,,589800,0,589800,589800,,589800,,,,589800,0,589800
2024,193478,00287300,Nassau Community College,NY,14,,3,NJCAA,3457,3145,6602,7,Football,81,,,,81,0,1977,160148,0,0,160148,,,,,,261448,,261448,,,,261448,0,261448,261448,,261448,,,,261448,0,261448
2024,227146,00359300,Navarro College,TX,12,,3,NJCAA,815,1245,2060,7,Football,91,,,,91,0,1257,114387,0,0,114387,,,,,,989887,,989887,,,,989887,0,989887,989887,,989887,,,,989887,0,989887
2024,181446,00255500,Nebraska Wesleyan University,NE,6,,1,NCAA,648,775,1423,7,Football,122,,,,122,0,1256,153251,0,0,153251,,,,,,413165,,413165,,,,413165,0,413165,398188,,398188,,,,398188,0,398188
2024,228325,00361600,Nelson University,TX,9,,2,NAIA,661,621,1282,7,Football,114,,,,114,0,992,113082,0,0,113082,,,,,,889146,,889146,,,,889146,0,889146,892337,,892337,,,,892337,0,892337
2024,182980,00257900,New England College,NH,6,,1,NCAA,432,566,998,7,Football,54,,,,54,0,2182,117821,0,0,117821,,,,,,493404,,493404,,,,493404,0,493404,493404,,493404,,,,493404,0,493404
2024,187897,00265300,New Mexico Highlands University,NM,4,,1,NCAA,443,491,934,7,Football,87,,,,87,0,1871,162777,0,0,162777,,,,,,1312036,,1312036,,,,1312036,0,1312036,1312036,,1312036,,,,1312036,0,1312036
2024,187912,00265600,New Mexico Military Institute,NM,12,,3,NJCAA,266,65,331,7,Football,84,,,,84,0,2620,220066,0,0,220066,,,,,,1364204,,1364204,,,,1364204,0,1364204,1452322,,1452322,,,,1452322,0,1452322
2024,188030,00265700,New Mexico State University-Main Campus,NM,1,,1,NCAA,4256,5883,10139,7,Football,149,,,,149,0,18208,2713023,0,0,2713023,,,,,,11779202,,11779202,,,,11779202,0,11779202,11779202,,11779202,,,,11779202,0,11779202
2024,218414,00344000,Newberry College,SC,4,,1,NCAA,715,740,1455,7,Football,205,,,,205,0,1042,213623,0,0,213623,,,,,,2120205,,2120205,,,,2120205,0,2120205,2165853,,2165853,,,,2165853,0,2165853
2024,159966,00200500,Nicholls State University,LA,2,,1,NCAA,1678,2604,4282,7,Football,131,,,,131,0,5122,670945,0,0,670945,,,,,,3522917,,3522917,,,,3522917,0,3522917,3406656,,3406656,,,,3406656,0,3406656
2024,167260,00219700,Nichols College,MA,6,,1,NCAA,716,356,1072,7,Football,110,,,,110,0,826,90818,0,0,90818,,,,,,436113,,436113,,,,436113,0,436113,436989,,436989,,,,436989,0,436989
2024,232937,00376500,Norfolk State University,VA,2,,1,NCAA,1636,3334,4970,7,Football,143,,,,143,0,8291,1185555,0,0,1185555,,,,,,7071944,,7071944,,,,7071944,0,7071944,7071944,,7071944,,,,7071944,0,7071944
2024,461795,04179500,North American University,TX,10,,2,NAIA,409,162,571,7,Football,135,,,,135,0,929,125361,0,0,125361,,,,,,321630,,321630,,,,321630,0,321630,321630,,321630,,,,321630,0,321630
2024,199102,00290500,North Carolina A & T State University,NC,2,,1,NCAA,4157,7154,11311,7,Football,146,,,,146,0,6436,939612,0,0,939612,,,,,,4318264,,4318264,,,,4318264,0,4318264,4318354,,4318354,,,,4318354,0,4318354
2024,199157,00295000,North Carolina Central University,NC,2,,1,NCAA,1634,3703,5337,7,Football,110,,,,110,0,11446,1259093,0,0,1259093,,,,,,4896787,,4896787,,,,4896787,0,4896787,4896787,,4896787,,,,4896787,0,4896787
2024,199193,00297200,North Carolina State University at Raleigh,NC,1,,1,NCAA,12807,12968,25775,7,Football,125,,,,125,0,31658,3957303,0,0,3957303,,,,,,69756644,,69756644,,,,69756644,0,69756644,40535367,,40535367,,,,40535367,0,40535367
2024,199209,00295100,North Carolina Wesleyan University,NC,6,,1,NCAA,517,516,1033,7,Football,145,,,,145,0,1167,169257,0,0,169257,,,,,,493645,,493645,,,,493645,0,493645,493645,,493645,,,,493645,0,493645
2024,147660,00173400,North Central College,IL,6,,1,NCAA,1163,1229,2392,7,Football,142,,,,142,0,2513,356885,0,0,356885,,,,,,1700667,,1700667,,,,1700667,0,1700667,1092790,,1092790,,,,1092790,0,1092790
2024,200305,00299600,North Dakota State College of Science,ND,12,,3,NJCAA,1067,575,1642,7,Football,96,,,,96,0,623,59819,0,0,59819,,,,,,149283,,149283,,,,149283,0,149283,157953,,157953,,,,157953,0,157953
2024,200332,00299700,North Dakota State University-Main Campus,ND,2,,1,NCAA,4322,4358,8680,7,Football,130,,,,130,0,16595,2157394,0,0,2157394,,,,,,8353482,,8353482,,,,8353482,0,8353482,8353482,,8353482,,,,8353482,0,8353482
2024,218441,00344100,North Greenville University,SC,4,,1,NCAA,833,910,1743,7,Football,120,,,,120,0,1859,223100,0,0,223100,,,,,,1562406,,1562406,,,,1562406,0,1562406,1453020,,1453020,,,,1453020,0,1453020
2024,147679,00173500,North Park University,IL,6,,1,NCAA,763,967,1730,7,Football,110,,,,110,0,1357,149253,0,0,149253,,,,,,745132,,745132,,,,745132,0,745132,745132,,745132,,,,745132,0,745132
2024,176169,00242600,Northeast Mississippi Community College,MS,12,,3,NJCAA,958,1566,2524,7,Football,65,,,,65,0,1656,107622,0,0,107622,,,,,,1078672,,1078672,,,,1078672,0,1078672,1078672,,1078672,,,,1078672,0,1078672
2024,207290,00316000,Northeastern Oklahoma A&M College,OK,12,,3,NJCAA,553,801,1354,7,Football,135,,,,135,0,1341,181004,0,0,181004,,,,,,1044294,,1044294,,,,1044294,0,1044294,1033625,,1033625,,,,1033625,0,1033625
2024,207263,00316100,Northeastern State University,OK,4,,1,NCAA,1466,2142,3608,7,Football,129,,,,129,0,3609,465553,0,0,465553,,,,,,1969286,,1969286,,,,1969286,0,1969286,1969286,,1969286,,,,1969286,0,1969286
2024,105330,00108200,Northern Arizona University,AZ,2,,1,NCAA,7622,12418,20040,7,Football,120,,,,120,0,13897,1667682,0,0,1667682,,,,,,6817523,,6817523,,,,6817523,0,6817523,6817523,,6817523,,,,6817523,0,6817523
2024,147703,00173700,Northern Illinois University,IL,1,,1,NCAA,4643,5376,10019,7,Football,143,,,,143,0,10195,1457878,0,0,1457878,,,,,,13249127,,13249127,,,,13249127,0,13249127,13199127,,13199127,,,,13199127,0,13199127
2024,171456,00230100,Northern Michigan University,MI,4,,1,NCAA,2286,3464,5750,7,Football,97,,,,97,0,4443,431012,0,0,431012,,,,,,2653538,,2653538,,,,2653538,0,2653538,2621680,,2621680,,,,2621680,0,2621680
2024,219259,00346600,Northern State University,SD,4,,1,NCAA,477,570,1047,7,Football,125,,,,125,0,2898,362273,0,0,362273,,,,,,1921576,,1921576,,,,1921576,0,1921576,1838100,,1838100,,,,1838100,0,1838100
2024,176178,00242700,Northwest Mississippi Community College,MS,13,,3,NJCAA,1806,2816,4622,7,Football,65,,,,65,0,4653,302458,0,0,302458,,,,,,1474737,,1474737,,,,1474737,0,1474737,1474737,,1474737,,,,1474737,0,1474737
2024,178624,00249600,Northwest Missouri State University,MO,4,,1,NCAA,1560,2403,3963,7,Football,141,,,,141,0,3208,452371,0,0,452371,,,,,,3517704,,3517704,,,,3517704,0,3517704,3517704,,3517704,,,,3517704,0,3517704
2024,154101,00188300,Northwestern College,IA,10,NAIA,2,NAIA,547,510,1057,7,Football,144,,,,144,0,583,84012,0,0,84012,,,,,,1765738,,1765738,,,,1765738,0,1765738,1765738,,1765738,,,,1765738,0,1765738
2024,207306,00316300,Northwestern Oklahoma State University,OK,4,,1,NCAA,568,745,1313,7,Football,150,,,,150,0,1530,229495,0,0,229495,,,,,,1247397,,1247397,,,,1247397,0,1247397,1321119,,1321119,,,,1321119,0,1321119
2024,160038,00202100,Northwestern State University of Louisiana,LA,2,,1,NCAA,1282,2884,4166,7,Football,117,,,,117,0,4603,538507,0,0,538507,,,,,,4402028,,4402028,,,,4402028,0,4402028,3174544,,3174544,,,,3174544,0,3174544
2024,147767,00173900,Northwestern University,IL,1,,1,NCAA,4097,4851,8948,7,Football,109,,,,109,0,33877,3692626,0,0,3692626,,,,,,85587606,,85587606,,,,85587606,0,85587606,37901761,,37901761,,,,37901761,0,37901761
2024,171492,00407200,Northwood University,MI,4,,1,NCAA,864,472,1336,7,Football,137,,,,137,0,1739,238236,0,0,238236,,,,,,2437009,,2437009,,,,2437009,0,2437009,2437009,,2437009,,,,2437009,0,2437009
2024,230995,00369200,Norwich University,VT,6,,1,NCAA,1421,627,2048,7,Football,107,,,,107,0,1483,158697,0,0,158697,,,,,,651364,,651364,,,,651364,0,651364,651364,,651364,,,,651364,0,651364
2024,152099,00182400,Oakland City University,IN,9,,2,NAIA,305,186,491,7,Football,55,,,,55,0,1205,66287,0,0,66287,,,,,,1367346,,1367346,,,,1367346,0,1367346,1367346,,1367346,,,,1367346,0,1367346
2024,204501,00308600,Oberlin College,OH,6,,1,NCAA,1174,1695,2869,7,Football,40,,,,40,0,1290,51618,0,0,51618,,,,,,636652,,636652,,,,636652,0,636652,636652,,636652,,,,636652,0,636652
2024,204617,00303500,Ohio Dominican University,OH,4,,1,NCAA,369,353,722,7,Football,126,,,,126,0,1430,180220,0,0,180220,,,,,,1195758,,1195758,,,,1195758,0,1195758,1269829,,1269829,,,,1269829,0,1269829
2024,204635,00308900,Ohio Northern University,OH,6,,1,NCAA,1346,1111,2457,7,Football,126,,,,126,0,1104,139077,0,0,139077,,,,,,743255,,743255,,,,743255,0,743255,743255,,743255,,,,743255,0,743255
2024,204796,00309000,Ohio State University-Main Campus,OH,1,,1,NCAA,21178,21777,42955,7,Football,122,,,,122,0,107048,13059911,0,0,13059911,,,,,,160549826,,160549826,,,,160549826,0,160549826,92359309,,92359309,,,,92359309,0,92359309
2024,204857,00310000,Ohio University-Main Campus,OH,1,,1,NCAA,6798,9890,16688,7,Football,136,,,,136,0,17905,2435066,0,0,2435066,,,,,,10812487,,10812487,,,,10812487,0,10812487,10812487,,10812487,,,,10812487,0,10812487
2024,204909,00310900,Ohio Wesleyan University,OH,6,,1,NCAA,657,851,1508,7,Football,94,,,,94,0,1926,181056,0,0,181056,,,,,,638323,,638323,,,,638323,0,638323,638323,,638323,,,,638323,0,638323
2024,207403,00316400,Oklahoma Baptist University,OK,4,,1,NCAA,577,707,1284,7,Football,130,,,,130,0,1458,189566,0,0,189566,,,,,,2481503,,2481503,,,,2481503,0,2481503,2333523,,2333523,,,,2333523,0,2333523
2024,207351,00317400,Oklahoma Panhandle State University,OK,9,,2,NAIA,364,395,759,7,Football,113,,,,113,0,1415,159861,0,0,159861,,,,,,750328,,750328,,,,750328,0,750328,737249,,737249,,,,737249,0,737249
2024,207388,00317000,Oklahoma State University-Main Campus,OK,1,,1,NCAA,9426,10546,19972,7,Football,136,,,,136,0,37076,5042376,0,0,5042376,,,,,,56992244,,56992244,,,,56992244,0,56992244,32830617,,32830617,,,,32830617,0,32830617
2024,232982,00372800,Old Dominion University,VA,1,,1,NCAA,6238,7336,13574,7,Football,116,,,,116,0,30610,3550798,0,0,3550798,,,,,,14787371,,14787371,,,,14787371,0,14787371,14787371,,14787371,,,,14787371,0,14787371
2024,147828,00174100,Olivet Nazarene University,IL,9,,2,NAIA,1170,1347,2517,7,Football,139,,,,139,0,225,31254,0,0,31254,,,,,,1761388,,1761388,,,,1761388,0,1761388,1924560,,1924560,,,,1924560,0,1924560
2024,120342,00125000,Orange Coast College,CA,17,,8,other,3205,2871,6076,7,Football,75,,,,75,0,610,45735,0,0,45735,,,,,,227199,,227199,,,,227199,0,227199,227199,,227199,,,,227199,0,227199
2024,209542,00321000,Oregon State University,OR,1,,1,NCAA,11136,10836,21972,7,Football,116,,,,116,0,48420,5616727,0,0,5616727,,,,,,32621301,,32621301,,,,32621301,0,32621301,23847865,,23847865,,,,23847865,0,23847865
2024,155627,00193700,Ottawa University-Ottawa,KS,9,,2,NAIA,493,318,811,7,Football,134,,,,134,0,676,90636,0,0,90636,,,,,,2542321,,2542321,,,,2542321,0,2542321,1828037,,1828037,,,,1828037,0,1828037
2024,464226,00193722,Ottawa University-Surprise,AZ,9,,2,NAIA,502,275,777,7,Football,180,,,,180,0,1959,352641,0,0,352641,,,,,,3764716,,3764716,,,,3764716,0,3764716,2219512,,2219512,,,,2219512,0,2219512
2024,204936,00311000,Otterbein University,OH,6,,1,NCAA,813,1251,2064,7,Football,87,,,,87,0,1075,93503,0,0,93503,,,,,,449247,,449247,,,,449247,0,449247,407942,,407942,,,,407942,0,407942
2024,107512,00110200,Ouachita Baptist University,AR,4,,1,NCAA,706,874,1580,7,Football,125,,,,125,0,3145,393088,0,0,393088,,,,,,2731413,,2731413,,,,2731413,0,2731413,2733903,,2733903,,,,2733903,0,2733903
2024,194310,00279100,Pace University,NY,4,,1,NCAA,2524,4857,7381,7,Football,112,,,,112,0,2989,334811,0,0,334811,,,,,,1686804,,1686804,,,,1686804,0,1686804,1699695,,1699695,,,,1699695,0,1699695
2024,236230,00378500,Pacific Lutheran University,WA,6,,1,NCAA,841,1512,2353,7,Football,103,,,,103,0,2620,269843,0,0,269843,,,,,,1317604,,1317604,,,,1317604,0,1317604,949986,,949986,,,,949986,0,949986
2024,495147,04284000,Pacific Northwest Christian College,WA,12,,3,NJCAA,91,24,115,7,Football,72,,,,72,0,2495,179606,0,0,179606,,,,,,276726,,276726,,,,276726,0,276726,276726,,276726,,,,276726,0,276726
2024,209612,00321200,Pacific University,OR,6,,1,NCAA,633,813,1446,7,Football,133,,,,133,0,1350,179495,0,0,179495,,,,,,777536,,777536,,,,777536,0,777536,777536,,777536,,,,777536,0,777536
2024,120971,00126000,Palomar College,CA,17,,8,other,3354,2965,6319,7,Football,100,,,,100,0,1116,111629,0,0,111629,,,,,,211059,,211059,,,,211059,0,211059,211059,,211059,,,,211059,0,211059
2024,121044,00126100,Pasadena City College,CA,17,,8,other,4256,4414,8670,7,Football,94,,,,94,0,1090,102486,0,0,102486,,,,,,615799,,615799,,,,615799,0,615799,568887,,568887,,,,568887,0,568887
2024,176239,00243000,Pearl River Community College,MS,12,,3,NJCAA,1391,2711,4102,7,Football,64,,,,64,0,2194,140425,0,0,140425,,,,,,811794,,811794,,,,811794,0,811794,811794,,811794,,,,811794,0,811794
2024,214777,00332900,Pennsylvania State University-Main Campus,PA,1,,1,NCAA,21723,19725,41448,7,Football,130,,,,130,0,179997,23399612,0,0,23399612,,,,,,150314572,,150314572,,,,150314572,0,150314572,77386097,,77386097,,,,77386097,0,77386097
2024,498571,00331600,Pennsylvania Western University,PA,4,,1,NCAA,2599,3864,6463,7,Football,316,,,,316,0,1620,511762,0,0,511762,,,,,,4217616,,4217616,,,,4217616,0,4217616,3887206,,3887206,,,,3887206,0,3887206
2024,181534,00255900,Peru State College,NE,10,,2,NAIA,437,498,935,7,Football,134,,,,134,0,7,1000,0,0,1000,,,,,,452481,,452481,,,,452481,0,452481,247449,,247449,,,,247449,0,247449
2024,155681,00192600,Pittsburg State University,KS,4,,1,NCAA,1913,1976,3889,7,Football,134,,,,134,0,7355,985636,0,0,985636,,,,,,3330171,,3330171,,,,3330171,0,3330171,3330171,,3330171,,,,3330171,0,3330171
2024,121257,00117200,Pitzer College,CA,6,,1,NCAA,494,701,1195,7,Football,97,,,,97,0,1527,148160,0,0,148160,,,,,,626110,,626110,,,,626110,0,626110,651607,,651607,,,,651607,0,651607
2024,183080,00259100,Plymouth State University,NH,6,,1,NCAA,1599,1492,3091,7,Football,108,,,,108,0,483,52143,0,0,52143,,,,,,431746,,431746,,,,431746,0,431746,375930,,375930,,,,375930,0,375930
2024,138868,00154700,Point University,GA,10,,2,NAIA,649,562,1211,7,Football,121,,,,121,0,2781,336524,0,0,336524,,,,,,1575198,,1575198,,,,1575198,0,1575198,1575198,,1575198,,,,1575198,0,1575198
2024,121345,00117300,Pomona College,CA,6,,1,NCAA,740,919,1659,7,Football,97,,,,97,0,1527,148160,0,0,148160,,,,,,626110,,626110,,,,626110,0,626110,651607,,651607,,,,651607,0,651607
2024,209807,00321600,Portland State University,OR,2,,1,NCAA,4338,5671,10009,7,Football,118,,,,118,0,10246,1208997,0,0,1208997,,,,,,5448584,,5448584,,,,5448584,0,5448584,5448584,,5448584,,,,5448584,0,5448584
2024,130183,00140100,Post University,CT,4,,1,NCAA,1394,4021,5415,7,Football,101,,,,101,0,2413,243687,0,0,243687,,,,,,1276527,,1276527,,,,1276527,0,1276527,1276527,,1276527,,,,1276527,0,1276527
2024,227526,00363000,Prairie View A & M University,TX,2,,1,NCAA,2703,5458,8161,7,Football,101,,,,101,0,9447,954158,0,0,954158,,,,,,3609079,,3609079,,,,3609079,0,3609079,3609079,,3609079,,,,3609079,0,3609079
2024,218539,00344500,Presbyterian College,SC,8,NCAA Division I-FCS with exception of Football,8,other,424,424,848,7,Football,138,,,,138,0,6572,906911,0,0,906911,,,,,,1815834,,1815834,,,,1815834,0,1815834,1815834,,1815834,,,,1815834,0,1815834
2024,186131,00262700,Princeton University,NJ,2,,1,NCAA,2833,2876,5709,7,Football,122,,,,122,0,7303,890971,0,0,890971,,,,,,5068991,,5068991,,,,5068991,0,5068991,5068991,,5068991,,,,5068991,0,5068991
2024,243780,00182500,Purdue University-Main Campus,IN,1,,1,NCAA,24972,16921,41893,7,Football,126,,,,126,0,61685,7772335,0,0,7772335,,,,,,83144029,,83144029,,,,83144029,0,83144029,37193229,,37193229,,,,37193229,0,37193229
2024,148131,00174500,Quincy University,IL,4,,1,NCAA,587,402,989,7,Football,130,,,,130,0,1682,218606,0,0,218606,,,,,,1770122,,1770122,,,,1770122,0,1770122,1734025,,1734025,,,,1734025,0,1734025
2024,233295,00373300,Randolph-Macon College,VA,6,,1,NCAA,753,860,1613,7,Football,142,,,,142,0,1228,174427,0,0,174427,,,,,,861643,,861643,,,,861643,0,861643,814163,,814163,,,,814163,0,814163
2024,117052,00130800,Reedley College,CA,17,,8,other,996,870,1866,7,Football,99,,,,99,0,1410,139568,0,0,139568,,,,,,439039,,439039,,,,439039,0,439039,433002,,433002,,,,433002,0,433002
2024,140872,00158900,Reinhardt University,GA,9,,2,NAIA,561,469,1030,7,Football,156,,,,156,0,1510,235615,0,0,235615,,,,,,2496000,,2496000,,,,2496000,0,2496000,2477654,,2477654,,,,2477654,0,2477654
2024,194824,00280300,Rensselaer Polytechnic Institute,NY,6,,1,NCAA,3893,1772,5665,7,Football,114,,,,114,0,899,102438,0,0,102438,,,,,,808183,,808183,,,,808183,0,808183,790941,,790941,,,,790941,0,790941
2024,221351,00351900,Rhodes College,TN,6,,1,NCAA,731,1016,1747,7,Football,84,,,,84,0,3689,309835,0,0,309835,,,,,,850398,,850398,,,,850398,0,850398,850398,,850398,,,,850398,0,850398
2024,227757,00360400,Rice University,TX,1,,1,NCAA,2349,2323,4672,7,Football,123,,,,123,0,29721,3655646,0,0,3655646,,,,,,19591289,,19591289,,,,19591289,0,19591289,19591289,,19591289,,,,19591289,0,19591289
2024,239628,00388400,Ripon College,WI,6,,1,NCAA,371,309,680,7,Football,87,,,,87,0,1710,148776,0,0,148776,,,,,,451252,,451252,,,,451252,0,451252,445752,,445752,,,,445752,0,445752
2024,121901,00127000,Riverside City College,CA,17,,8,other,2489,3155,5644,7,Football,107,,,,107,0,374,39970,0,0,39970,,,,,,724140,,724140,,,,724140,0,724140,724140,,724140,,,,724140,0,724140
2024,215655,00335900,Robert Morris University,PA,2,,1,NCAA,1520,1260,2780,7,Football,139,,,,139,0,2994,416197,0,0,416197,,,,,,3760579,,3760579,,,,3760579,0,3760579,3760579,,3760579,,,,3760579,0,3760579
2024,174738,00237300,Rochester Community and Technical College,MN,14,,3,NJCAA,722,736,1458,7,Football,76,,,,76,0,662,50279,0,0,50279,,,,,,142294,,142294,,,,142294,0,142294,120740,,120740,,,,120740,0,120740
2024,148405,00174800,Rockford University,IL,6,,1,NCAA,462,468,930,7,Football,101,,,,101,0,769,77690,0,0,77690,,,,,,425557,,425557,,,,425557,0,425557,425557,,425557,,,,425557,0,425557
2024,180595,00253400,Rocky Mountain College,MT,9,,2,NAIA,455,371,826,7,Football,135,,,,135,0,3021,407835,0,0,407835,,,,,,2928242,,2928242,,,,2928242,0,2928242,2928242,,2928242,,,,2928242,0,2928242
2024,148487,00174900,Roosevelt University,IL,4,,1,NCAA,973,1543,2516,7,Football,126,,,,126,0,2212,278750,0,0,278750,,,,,,2863865,,2863865,,,,2863865,0,2863865,2863865,,2863865,,,,2863865,0,2863865
2024,152318,00183000,Rose-Hulman Institute of Technology,IN,6,,1,NCAA,1734,560,2294,7,Football,105,,,,105,0,1387,145636,0,0,145636,,,,,,569693,,569693,,,,569693,0,569693,506540,,506540,,,,506540,0,506540
2024,184782,00260900,Rowan University,NJ,6,,1,NCAA,7235,6946,14181,7,Football,98,,,,98,0,1785,174919,0,0,174919,,,,,,727834,,727834,,,,727834,0,727834,681070,,681070,,,,681070,0,681070
2024,186380,00262900,Rutgers University-New Brunswick,NJ,1,,1,NCAA,18192,18378,36570,7,Football,137,,,,137,0,105469,14449212,0,0,14449212,,,,,,75922954,,75922954,,,,75922954,0,75922954,75922954,,75922954,,,,75922954,0,75922954
2024,122180,00123300,Sacramento City College,CA,17,,8,other,2024,2511,4535,7,Football,72,,,,72,0,943,67901,0,0,67901,,,,,,358722,,358722,,,,358722,0,358722,358722,,358722,,,,358722,0,358722
2024,130253,00140300,Sacred Heart University,CT,2,,1,NCAA,2433,4330,6763,7,Football,154,,,,154,0,5355,824704,0,0,824704,,,,,,5413486,,5413486,,,,5413486,0,5413486,5413486,,5413486,,,,5413486,0,5413486
2024,122205,00891800,Saddleback College,CA,17,,8,other,3131,2927,6058,7,Football,91,,,,91,0,1638,149074,0,0,149074,,,,,,556888,,556888,,,,556888,0,556888,544408,,544408,,,,544408,0,544408
2024,172051,00231400,Saginaw Valley State University,MI,4,,1,NCAA,1906,3372,5278,7,Football,147,,,,147,0,2410,354229,0,0,354229,,,,,,2125434,,2125434,,,,2125434,0,2125434,2125434,,2125434,,,,2125434,0,2125434
2024,154235,00188900,Saint Ambrose University,IA,10,,2,NAIA,864,941,1805,7,Football,144,,,,144,0,1543,222204,0,0,222204,,,,,,1656970,,1656970,,,,1656970,0,1656970,1564275,,1564275,,,,1564275,0,1564275
2024,183239,00258700,Saint Anselm College,NH,4,,1,NCAA,834,1235,2069,7,Football,132,,,,132,0,988,130451,0,0,130451,,,,,,1697443,,1697443,,,,1697443,0,1697443,1625829,,1625829,,,,1625829,0,1625829
2024,215743,00336600,Saint Francis University,PA,2,,1,NCAA,596,826,1422,7,Football,126,,,,126,0,3431,432262,0,0,432262,,,,,,3647517,,3647517,,,,3647517,0,3647517,3647517,,3647517,,,,3647517,0,3647517
2024,152381,00183500,Saint Mary-of-the-Woods College,IN,9,,2,NAIA,250,524,774,7,Football,71,,,,71,0,1181,83872,0,0,83872,,,,,,708754,,708754,,,,708754,0,708754,688702,,688702,,,,688702,0,688702
2024,239716,00389200,Saint Norbert College,WI,6,,1,NCAA,768,883,1651,7,Football,131,,,,131,0,1053,138000,0,0,138000,,,,,,671730,,671730,,,,671730,0,671730,671730,,671730,,,,671730,0,671730
2024,215798,00336800,Saint Vincent College,PA,6,,1,NCAA,739,507,1246,7,Football,107,,,,107,0,2027,216928,0,0,216928,,,,,,675685,,675685,,,,675685,0,675685,675685,,675685,,,,675685,0,675685
2024,148627,00176800,Saint Xavier University,IL,10,,2,NAIA,1140,1800,2940,7,Football,98,,,,98,0,1428,139919,0,0,139919,,,,,,1381871,,1381871,,,,1381871,0,1381871,1381871,,1381871,,,,1381871,0,1381871
2024,163851,00209100,Salisbury University,MD,6,,1,NCAA,2526,3289,5815,7,Football,138,,,,138,0,1028,141845,0,0,141845,,,,,,668115,,668115,,,,668115,0,668115,668115,,668115,,,,668115,0,668115
2024,217536,00341100,Salve Regina University,RI,6,,1,NCAA,633,1437,2070,7,Football,150,,,,150,0,1271,190648,0,0,190648,,,,,,595785,,595785,,,,595785,0,595785,518074,,518074,,,,518074,0,518074
2024,227881,00360600,Sam Houston State University,TX,1,,1,NCAA,5571,9254,14825,7,Football,127,,,,127,0,18609,2363291,0,0,2363291,,,,,,9740021,,9740021,,,,9740021,0,9740021,9740021,,9740021,,,,9740021,0,9740021
2024,102049,00103600,Samford University,AL,2,,1,NCAA,1446,2702,4148,7,Football,112,,,,112,0,6208,695250,0,0,695250,,,,,,6730393,,6730393,,,,6730393,0,6730393,6096558,,6096558,,,,6096558,0,6096558
2024,123527,00127200,San Bernardino Valley College,CA,17,,8,other,1657,1852,3509,7,Football,51,,,,51,0,225,11465,0,0,11465,,,,,,130314,,130314,,,,130314,0,130314,130314,,130314,,,,130314,0,130314
2024,122375,00127500,San Diego Mesa College,CA,17,,8,other,1413,1399,2812,7,Football,103,,,,103,0,561,57761,0,0,57761,,,,,,347574,,347574,,,,347574,0,347574,347574,,347574,,,,347574,0,347574
2024,122409,00115100,San Diego State University,CA,1,,1,NCAA,13759,18371,32130,7,Football,116,,,,116,0,83248,9656794,0,0,9656794,,,,,,24485873,,24485873,,,,24485873,0,24485873,22274021,,22274021,,,,22274021,0,22274021
2024,122658,00128000,San Joaquin Delta College,CA,17,,8,other,3916,5025,8941,7,Football,57,,,,57,0,1039,59205,0,0,59205,,,,,,252589,,252589,,,,252589,0,252589,279836,,279836,,,,279836,0,279836
2024,122746,00128200,San Jose City College,CA,17,,8,other,865,873,1738,7,Football,68,,,,68,0,1546,105095,0,0,105095,,,,,,271911,,271911,,,,271911,0,271911,271911,,271911,,,,271911,0,271911
2024,122755,00115500,San Jose State University,CA,1,,1,NCAA,11661,10994,22655,7,Football,103,,,,103,0,21562,2220879,0,0,2220879,,,,,,11937986,,11937986,,,,11937986,0,11937986,11937986,,11937986,,,,11937986,0,11937986
2024,121619,00128400,Santa Ana College,CA,17,,8,other,2163,2089,4252,7,Football,89,,,,89,0,1190,105869,0,0,105869,,,,,,289120,,289120,,,,289120,0,289120,289120,,289120,,,,289120,0,289120
2024,122889,00128500,Santa Barbara City College,CA,17,,8,other,2158,2553,4711,7,Football,75,,,,75,0,1327,99554,0,0,99554,,,,,,278397,,278397,,,,278397,0,278397,278397,,278397,,,,278397,0,278397
2024,122977,00128600,Santa Monica College,CA,17,,8,other,4361,4945,9306,7,Football,96,,,,96,0,451,43296,0,0,43296,,,,,,259474,,259474,,,,259474,0,259474,259474,,259474,,,,259474,0,259474
2024,123013,00128700,Santa Rosa Junior College,CA,17,,8,other,2462,2534,4996,7,Football,77,,,,77,0,1304,100408,0,0,100408,,,,,,411749,,411749,,,,411749,0,411749,379589,,379589,,,,379589,0,379589
2024,140960,00159000,Savannah State University,GA,4,,1,NCAA,924,1577,2501,7,Football,129,,,,129,0,338,43544,0,0,43544,,,,,,549887,,549887,,,,549887,0,549887,549887,,549887,,,,549887,0,549887
2024,215947,00336200,Seton Hill University,PA,4,,1,NCAA,522,872,1394,7,Football,122,,,,122,0,1473,179683,0,0,179683,,,,,,1703457,,1703457,,,,1703457,0,1703457,1703457,,1703457,,,,1703457,0,1703457
2024,123299,00128900,Shasta College,CA,17,,8,other,1283,1780,3063,7,Football,88,,,,88,0,590,51885,0,0,51885,,,,,,165676,,165676,,,,165676,0,165676,165676,,165676,,,,165676,0,165676
2024,199643,00296200,Shaw University,NC,4,,1,NCAA,411,410,821,7,Football,111,,,,111,0,1593,176785,0,0,176785,,,,,,1304306,,1304306,,,,1304306,0,1304306,1304306,,1304306,,,,1304306,0,1304306
2024,233541,00373700,Shenandoah University,VA,6,,1,NCAA,874,1183,2057,7,Football,141,,,,141,0,844,119007,0,0,119007,,,,,,555929,,555929,,,,555929,0,555929,555929,,555929,,,,555929,0,555929
2024,237792,00382200,Shepherd University,WV,4,,1,NCAA,856,1291,2147,7,Football,113,,,,113,0,1396,157700,0,0,157700,,,,,,1600213,,1600213,,,,1600213,0,1600213,1600213,,1600213,,,,1600213,0,1600213
2024,216010,00332600,Shippensburg University of Pennsylvania,PA,4,,1,NCAA,1897,1965,3862,7,Football,95,,,,95,0,2488,236367,0,0,236367,,,,,,1067116,,1067116,,,,1067116,0,1067116,1189904,,1189904,,,,1189904,0,1189904
2024,140988,00159100,Shorter University,GA,4,,1,NCAA,505,475,980,7,Football,151,,,,151,0,1391,210009,0,0,210009,,,,,,1573019,,1573019,,,,1573019,0,1573019,1573019,,1573019,,,,1573019,0,1573019
2024,172264,00231600,Siena Heights University,MI,10,,2,NAIA,540,587,1127,7,Football,132,,,,132,0,1464,193252,0,0,193252,,,,,,1821982,,1821982,,,,1821982,0,1821982,1821982,,1821982,,,,1821982,0,1821982
2024,123341,00129000,Sierra College,CA,17,,8,other,3124,3396,6520,7,Football,139,,,,139,0,1262,175398,0,0,175398,,,,,,418083,,418083,,,,418083,0,418083,410205,,410205,,,,410205,0,410205
2024,154350,00188700,Simpson College,IA,6,,1,NCAA,601,600,1201,7,Football,115,,,,115,0,1469,168935,0,0,168935,,,,,,656631,,656631,,,,656631,0,656631,573130,,573130,,,,573130,0,573130
2024,123457,00129100,Simpson University,CA,10,,2,NAIA,394,337,731,7,Football,108,,,,108,0,2917,315000,0,0,315000,,,,,,3250960,,3250960,,,,3250960,0,3250960,3250960,,3250960,,,,3250960,0,3250960
2024,216038,00332700,Slippery Rock University of Pennsylvania,PA,4,,1,NCAA,2845,3581,6426,7,Football,105,,,,105,0,2247,235921,0,0,235921,,,,,,1364952,,1364952,,,,1364952,0,1364952,1349996,,1349996,,,,1349996,0,1349996
2024,230597,00367900,Snow College,UT,12,,3,NJCAA,1271,1540,2811,7,Football,82,,,,82,0,9133,748918,0,0,748918,,,,,,1555022,,1555022,,,,1555022,0,1555022,1555022,,1555022,,,,1555022,0,1555022
2024,218733,00344600,South Carolina State University,SC,2,,1,NCAA,1221,1468,2689,7,Football,126,,,,126,0,8354,1052554,0,0,1052554,,,,,,4260476,,4260476,,,,4260476,0,4260476,4260476,,4260476,,,,4260476,0,4260476
2024,219347,00347000,South Dakota School of Mines and Technology,SD,4,,1,NCAA,1426,368,1794,7,Football,119,,,,119,0,1556,185114,0,0,185114,,,,,,1710720,,1710720,,,,1710720,0,1710720,1710720,,1710720,,,,1710720,0,1710720
2024,219356,00347100,South Dakota State University,SD,2,,1,NCAA,3743,4382,8125,7,Football,114,,,,114,0,10294,1173542,0,0,1173542,,,,,,5920753,,5920753,,,,5920753,0,5920753,5920753,,5920753,,,,5920753,0,5920753
2024,179557,00250100,Southeast Missouri State University,MO,2,,1,NCAA,2307,3341,5648,7,Football,104,,,,104,0,8550,889187,0,0,889187,,,,,,3681354,,3681354,,,,3681354,0,3681354,3681354,,3681354,,,,3681354,0,3681354
2024,160612,00202400,Southeastern Louisiana University,LA,2,,1,NCAA,3055,4955,8010,7,Football,130,,,,130,0,4940,642155,0,0,642155,,,,,,4347683,,4347683,,,,4347683,0,4347683,4347683,,4347683,,,,4347683,0,4347683
2024,207847,00317900,Southeastern Oklahoma State University,OK,4,,1,NCAA,1007,1261,2268,7,Football,126,,,,126,0,1946,245240,0,0,245240,,,,,,1455504,,1455504,,,,1455504,0,1455504,1455504,,1455504,,,,1455504,0,1455504
2024,137564,00152100,Southeastern University,FL,9,,2,NAIA,1718,2516,4234,7,Football,133,,,,133,0,1083,144038,0,0,144038,,,,,,1939933,,1939933,,,,1939933,0,1939933,1928184,,1928184,,,,1928184,0,1928184
2024,107983,00110700,Southern Arkansas University Main Campus,AR,4,,1,NCAA,1077,1513,2590,7,Football,149,,,,149,0,774,115265,0,0,115265,,,,,,1278907,,1278907,,,,1278907,0,1278907,1278907,,1278907,,,,1278907,0,1278907
2024,130493,00140600,Southern Connecticut State University,CT,4,,1,NCAA,2159,3321,5480,7,Football,107,,,,107,0,773,82718,0,0,82718,,,,,,1253229,,1253229,,,,1253229,0,1253229,1253229,,1253229,,,,1253229,0,1253229
2024,149222,00175800,Southern Illinois University-Carbondale,IL,2,,1,NCAA,3409,3938,7347,7,Football,105,,,,105,0,12168,1277683,0,0,1277683,,,,,,5049671,,5049671,,,,5049671,0,5049671,5049671,,5049671,,,,5049671,0,5049671
2024,228246,00361300,Southern Methodist University,TX,1,,1,NCAA,3477,3668,7145,7,Football,122,,,,122,0,50747,6191113,0,0,6191113,,,,,,45315587,,45315587,,,,45315587,0,45315587,45315587,,45315587,,,,45315587,0,45315587
2024,206862,00314900,Southern Nazarene University,OK,4,,1,NCAA,578,606,1184,7,Football,167,,,,167,0,1144,191022,0,0,191022,,,,,,1701062,,1701062,,,,1701062,0,1701062,1730397,,1730397,,,,1730397,0,1730397
2024,210146,00321900,Southern Oregon University,OR,10,,2,NAIA,837,1441,2278,7,Football,118,,,,118,0,3954,466603,0,0,466603,,,,,,1461785,,1461785,,,,1461785,0,1461785,1461785,,1461785,,,,1461785,0,1461785
2024,160621,00202500,Southern University and A & M College,LA,2,,1,NCAA,1818,3721,5539,7,Football,122,,,,122,0,6239,761156,0,0,761156,,,,,,3546837,,3546837,,,,3546837,0,3546837,3201863,,3201863,,,,3201863,0,3201863
2024,230603,00367800,Southern Utah University,UT,2,,1,NCAA,3470,4414,7884,7,Football,110,,,,110,0,10377,1141457,0,0,1141457,,,,,,5192172,,5192172,,,,5192172,0,5192172,4298109,,4298109,,,,4298109,0,4298109
2024,233611,00373800,Southern Virginia University,VA,6,,1,NCAA,484,429,913,7,Football,115,,,,115,0,2191,252015,0,0,252015,,,,,,781838,,781838,,,,781838,0,781838,781838,,781838,,,,781838,0,781838
2024,179326,00250200,Southwest Baptist University,MO,4,,1,NCAA,447,610,1057,7,Football,113,,,,113,0,1995,225460,0,0,225460,,,,,,1741181,,1741181,,,,1741181,0,1741181,1741181,,1741181,,,,1741181,0,1741181
2024,175078,00237500,Southwest Minnesota State University,MN,4,,1,NCAA,609,1034,1643,7,Football,108,,,,108,0,1893,204441,0,0,204441,,,,,,1337500,,1337500,,,,1337500,0,1337500,1337500,,1337500,,,,1337500,0,1337500
2024,176354,00243600,Southwest Mississippi Community College,MS,12,,3,NJCAA,527,758,1285,7,Football,70,,,,70,0,1920,134386,0,0,134386,,,,,,981597,,981597,,,,981597,0,981597,981597,,981597,,,,981597,0,981597
2024,155900,00194000,Southwestern College,KS,10,,2,NAIA,400,208,608,7,Football,136,,,,136,0,741,100741,0,0,100741,,,,,,2189432,,2189432,,,,2189432,0,2189432,2137410,,2137410,,,,2137410,0,2137410
2024,123800,00129400,Southwestern College,CA,17,,8,other,3822,4237,8059,7,Football,98,,,,98,0,362,35476,0,0,35476,,,,,,182444,,182444,,,,182444,0,182444,180638,,180638,,,,180638,0,180638
2024,207865,00318100,Southwestern Oklahoma State University,OK,4,,1,NCAA,1181,1784,2965,7,Football,132,,,,132,0,1525,201365,0,0,201365,,,,,,1545755,,1545755,,,,1545755,0,1545755,1545755,,1545755,,,,1545755,0,1545755
2024,228343,00362000,Southwestern University,TX,6,,1,NCAA,646,777,1423,7,Football,95,,,,95,0,3883,368908,0,0,368908,,,,,,973560,,973560,,,,973560,0,973560,892435,,892435,,,,892435,0,892435
2024,167899,00221100,Springfield College,MA,6,,1,NCAA,892,845,1737,7,Football,134,,,,134,0,2427,325276,0,0,325276,,,,,,1184292,,1184292,,,,1184292,0,1184292,1184292,,1184292,,,,1184292,0,1184292
2024,195216,00282900,St Lawrence University,NY,6,,1,NCAA,911,1005,1916,7,Football,97,,,,97,0,1341,130109,0,0,130109,,,,,,687372,,687372,,,,687372,0,687372,687372,,687372,,,,687372,0,687372
2024,174844,00238200,St Olaf College,MN,6,,1,NCAA,1270,1796,3066,7,Football,100,,,,100,0,1450,145022,0,0,145022,,,,,,633617,,633617,,,,633617,0,633617,626501,,626501,,,,626501,0,626501
2024,195720,00282100,St. John Fisher University,NY,6,,1,NCAA,1060,1455,2515,7,Football,148,,,,148,0,1435,212446,0,0,212446,,,,,,803072,,803072,,,,803072,0,803072,730011,,730011,,,,730011,0,730011
2024,137476,00146800,St. Thomas University,FL,9,,2,NAIA,1180,840,2020,7,Football,107,,,,107,0,5682,608010,0,0,608010,,,,,,2460498,,2460498,,,,2460498,0,2460498,2460498,,2460498,,,,2460498,0,2460498
2024,243744,00130500,Stanford University,CA,1,,1,NCAA,3654,3900,7554,7,Football,110,,,,110,0,88970,9786726,0,0,9786726,,,,,,35992019,,35992019,,,,35992019,0,35992019,35992019,,35992019,,,,35992019,0,35992019
2024,196149,00284300,State University of New York at Cortland,NY,6,,1,NCAA,2722,3063,5785,7,Football,127,,,,127,0,1464,185898,0,0,185898,,,,,,787291,,787291,,,,787291,0,787291,787291,,787291,,,,787291,0,787291
2024,228431,00362400,Stephen F Austin State University,TX,2,,1,NCAA,2911,4959,7870,7,Football,140,,,,140,0,4724,661327,0,0,661327,,,,,,5514651,,5514651,,,,5514651,0,5514651,5514651,,5514651,,,,5514651,0,5514651
2024,155937,00194500,Sterling College,KS,10,,2,NAIA,294,194,488,7,Football,98,,,,98,0,681,66770,0,0,66770,,,,,,1202698,,1202698,,,,1202698,0,1202698,1175165,,1175165,,,,1175165,0,1175165
2024,137546,00153100,Stetson University,FL,2,,1,NCAA,976,1295,2271,7,Football,132,,,,132,0,8023,1059033,0,0,1059033,,,,,,2271947,,2271947,,,,2271947,0,2271947,2271947,,2271947,,,,2271947,0,2271947
2024,164173,00210700,Stevenson University,MD,6,,1,NCAA,1150,1655,2805,7,Football,137,,,,137,0,1804,247155,0,0,247155,,,,,,623232,,623232,,,,623232,0,623232,622903,,622903,,,,622903,0,622903
2024,167996,00221700,Stonehill College,MA,2,,1,NCAA,1143,1362,2505,7,Football,125,,,,125,0,1969,246124,0,0,246124,,,,,,3522909,,3522909,,,,3522909,0,3522909,3522909,,3522909,,,,3522909,0,3522909
2024,196097,00283800,Stony Brook University,NY,2,,1,NCAA,8309,8832,17141,7,Football,116,,,,116,0,10611,1230876,0,0,1230876,,,,,,8212551,,8212551,,,,8212551,0,8212551,8212551,,8212551,,,,8212551,0,8212551
2024,228501,00362500,Sul Ross State University,TX,4,,1,NCAA,428,413,841,7,Football,126,,,,126,0,1327,167241,0,0,167241,,,,,,712302,,712302,,,,712302,0,712302,731290,,731290,,,,731290,0,731290
2024,196121,00284100,SUNY Brockport,NY,6,,1,NCAA,2237,3001,5238,7,Football,107,,,,107,0,1705,182477,0,0,182477,,,,,,802620,,802620,,,,802620,0,802620,802620,,802620,,,,802620,0,802620
2024,196130,00284200,SUNY Buffalo State University,NY,6,,1,NCAA,2054,2630,4684,7,Football,120,,,,120,0,1534,184086,0,0,184086,,,,,,705440,,705440,,,,705440,0,705440,705440,,705440,,,,705440,0,705440
2024,196006,00285400,SUNY College of Technology at Alfred,NY,6,,1,NCAA,2145,1119,3264,7,Football,110,,,,110,0,1785,196328,0,0,196328,,,,,,665815,,665815,,,,665815,0,665815,618623,,618623,,,,618623,0,618623
2024,196291,00285300,SUNY Maritime College,NY,6,,1,NCAA,1071,147,1218,7,Football,104,,,,104,0,591,61417,0,0,61417,,,,,,270761,,270761,,,,270761,0,270761,230146,,230146,,,,230146,0,230146
2024,196051,00285900,SUNY Morrisville,NY,6,,1,NCAA,1006,757,1763,7,Football,130,,,,130,0,1042,135497,0,0,135497,,,,,,351212,,351212,,,,351212,0,351212,349562,,349562,,,,349562,0,349562
2024,216278,00336900,Susquehanna University,PA,6,,1,NCAA,923,1227,2150,7,Football,128,,,,128,0,1945,248960,0,0,248960,,,,,,694760,,694760,,,,694760,0,694760,694760,,694760,,,,694760,0,694760
2024,247603,02568800,Sussex County Community College,NJ,14,,3,NJCAA,787,578,1365,7,Football,115,,,,115,0,1438,165401,0,0,165401,,,,,,265358,,265358,,,,265358,0,265358,265358,,265358,,,,265358,0,265358
2024,196413,00288200,Syracuse University,NY,1,,1,NCAA,6571,8390,14961,7,Football,124,,,,124,0,50504,6262473,0,0,6262473,,,,,,64585287,,64585287,,,,64585287,0,64585287,42090055,,42090055,,,,42090055,0,42090055
2024,155973,00194600,Tabor College,KS,9,,2,NAIA,295,195,490,7,Football,107,,,,107,0,708,75776,0,0,75776,,,,,,1636439,,1636439,,,,1636439,0,1636439,1588214,,1588214,,,,1588214,0,1588214
2024,228529,00363100,Tarleton State University,TX,2,,1,NCAA,4256,6822,11078,7,Football,128,,,,128,0,19208,2458595,0,0,2458595,,,,,,8832292,,8832292,,,,8832292,0,8832292,8832292,,8832292,,,,8832292,0,8832292
2024,152530,00183800,Taylor University,IN,9,,2,NAIA,916,1081,1997,7,Football,103,,,,103,0,1975,203404,0,0,203404,,,,,,1541437,,1541437,,,,1541437,0,1541437,1512614,,1512614,,,,1512614,0,1512614
2024,216339,00337100,Temple University,PA,1,,1,NCAA,8655,11052,19707,7,Football,115,,,,115,0,34396,3955577,0,0,3955577,,,,,,26295531,,26295531,,,,26295531,0,26295531,26295531,,26295531,,,,26295531,0,26295531
2024,221838,00352200,Tennessee State University,TN,2,,1,NCAA,1523,2949,4472,7,Football,109,,,,109,0,14393,1568835,0,0,1568835,,,,,,6913955,,6913955,,,,6913955,0,6913955,6913955,,6913955,,,,6913955,0,6913955
2024,221847,00352300,Tennessee Technological University,TN,2,,1,NCAA,4484,3619,8103,7,Football,111,,,,111,0,10335,1147143,0,0,1147143,,,,,,5746678,,5746678,,,,5746678,0,5746678,5746678,,5746678,,,,5746678,0,5746678
2024,228723,00363200,Texas A&M University-College Station,TX,1,,1,NCAA,28096,25315,53411,7,Football,146,,,,146,0,77105,11257278,0,0,11257278,,,,,,108474281,,108474281,,,,108474281,0,108474281,60230146,,60230146,,,,60230146,0,60230146
2024,228705,00363900,Texas A&M University-Kingsville,TX,4,,1,NCAA,2131,2026,4157,7,Football,158,,,,158,0,5055,798615,0,0,798615,,,,,,3018652,,3018652,,,,3018652,0,3018652,2427631,,2427631,,,,2427631,0,2427631
2024,228875,00363600,Texas Christian University,TX,1,,1,NCAA,4172,6674,10846,7,Football,130,,,,130,0,79322,10311920,0,0,10311920,,,,,,59568339,,59568339,,,,59568339,0,59568339,59568339,,59568339,,,,59568339,0,59568339
2024,228884,00363800,Texas College,TX,9,,2,NAIA,362,191,553,7,Football,77,,,,77,0,3077,236933,0,0,236933,,,,,,698530,,698530,,,,698530,0,698530,698530,,698530,,,,698530,0,698530
2024,228981,00364100,Texas Lutheran University,TX,6,,1,NCAA,593,666,1259,7,Football,169,,,,169,0,1324,223681,0,0,223681,,,,,,815587,,815587,,,,815587,0,815587,798435,,798435,,,,798435,0,798435
2024,229063,00364200,Texas Southern University,TX,2,,1,NCAA,2077,3879,5956,7,Football,120,,,,120,0,509,61085,0,0,61085,,,,,,2750637,,2750637,,,,2750637,0,2750637,2750637,,2750637,,,,2750637,0,2750637
2024,228459,00361500,Texas State University,TX,1,,1,NCAA,12424,18614,31038,7,Football,120,,,,120,0,37716,4525910,0,0,4525910,,,,,,21622408,,21622408,,,,21622408,0,21622408,21622408,,21622408,,,,21622408,0,21622408
2024,229115,00364400,Texas Tech University,TX,1,,1,NCAA,14714,14791,29505,7,Football,123,,,,123,0,83371,10254583,0,0,10254583,,,,,,69872378,,69872378,,,,69872378,0,69872378,39745662,,39745662,,,,39745662,0,39745662
2024,229160,00364500,Texas Wesleyan University,TX,9,,2,NAIA,768,878,1646,7,Football,115,,,,115,0,2888,332117,0,0,332117,,,,,,1674832,,1674832,,,,1674832,0,1674832,1584875,,1584875,,,,1584875,0,1584875
2024,216296,00791200,Thaddeus Stevens College of Technology,PA,14,,3,NJCAA,1256,168,1424,7,Football,91,,,,91,0,1048,95370,0,0,95370,,,,,,143583,,143583,,,,143583,0,143583,140838,,140838,,,,140838,0,140838
2024,131283,00143700,The Catholic University of America,DC,6,,1,NCAA,1409,1562,2971,7,Football,105,,,,105,0,2679,281340,0,0,281340,,,,,,670988,,670988,,,,670988,0,670988,575397,,575397,,,,575397,0,575397
2024,142294,00161700,The College of Idaho,ID,10,,2,NAIA,500,531,1031,7,Football,131,,,,131,0,2149,281561,0,0,281561,,,,,,2066362,,2066362,,,,2066362,0,2066362,2066362,,2066362,,,,2066362,0,2066362
2024,187134,00264200,The College of New Jersey,NJ,6,,1,NCAA,3045,3897,6942,7,Football,100,,,,100,0,1111,111118,0,0,111118,,,,,,510897,,510897,,,,510897,0,510897,510897,,510897,,,,510897,0,510897
2024,174899,00234300,The College of Saint Scholastica,MN,6,,1,NCAA,582,1041,1623,7,Football,67,,,,67,0,1037,69498,0,0,69498,,,,,,590098,,590098,,,,590098,0,590098,540633,,540633,,,,540633,0,540633
2024,206589,00303700,The College of Wooster,OH,6,,1,NCAA,813,910,1723,7,Football,72,,,,72,0,1094,78733,0,0,78733,,,,,,542181,,542181,,,,542181,0,542181,506014,,506014,,,,506014,0,506014
2024,100751,00105100,The University of Alabama,AL,1,,1,NCAA,13553,17420,30973,7,Football,132,,,,132,0,102040,13469329,0,0,13469329,,,,,,146325227,,146325227,,,,146325227,0,146325227,81502191,,81502191,,,,81502191,0,81502191
2024,202763,00304500,The University of Findlay,OH,4,,1,NCAA,688,1458,2146,7,Football,130,,,,130,0,1082,140644,0,0,140644,,,,,,2609157,,2609157,,,,2609157,0,2609157,2541664,,2541664,,,,2541664,0,2541664
2024,180489,00253600,The University of Montana,MT,2,,1,NCAA,2810,3617,6427,7,Football,134,,,,134,0,3896,522069,0,0,522069,,,,,,11316096,,11316096,,,,11316096,0,11316096,8889920,,8889920,,,,8889920,0,8889920
2024,180692,00253700,The University of Montana-Western,MT,9,,2,NAIA,400,623,1023,7,Football,125,,,,125,0,2571,321410,0,0,321410,,,,,,1292370,,1292370,,,,1292370,0,1292370,1053984,,1053984,,,,1053984,0,1053984
2024,171599,00230800,The University of Olivet,MI,6,,1,NCAA,505,353,858,7,Football,139,,,,139,0,1293,179742,0,0,179742,,,,,,596027,,596027,,,,596027,0,596027,596027,,596027,,,,596027,0,596027
2024,221740,00352900,The University of Tennessee-Chattanooga,TN,2,,1,NCAA,3799,5413,9212,7,Football,117,,,,117,0,6654,778492,0,0,778492,,,,,,6543957,,6543957,,,,6543957,0,6543957,6543957,,6543957,,,,6543957,0,6543957
2024,221759,00353000,The University of Tennessee-Knoxville,TN,1,,1,NCAA,13700,15842,29542,7,Football,123,,,,123,0,57236,7040028,0,0,7040028,,,,,,162539638,,162539638,,,,162539638,0,162539638,61240437,,61240437,,,,61240437,0,61240437
2024,221768,00353100,The University of Tennessee-Martin,TN,2,,1,NCAA,1738,2797,4535,7,Football,116,,,,116,0,6691,776155,0,0,776155,,,,,,3935880,,3935880,,,,3935880,0,3935880,3981711,,3981711,,,,3981711,0,3981711
2024,228778,00365800,The University of Texas at Austin,TX,1,,1,NCAA,16990,23564,40554,7,Football,118,,,,118,0,50851,6000446,0,0,6000446,,,,,,171892714,,171892714,,,,171892714,0,171892714,70405628,,70405628,,,,70405628,0,70405628
2024,228796,00366100,The University of Texas at El Paso,TX,1,,1,NCAA,6989,8296,15285,7,Football,114,,,,114,0,20738,2364138,0,0,2364138,,,,,,13123683,,13123683,,,,13123683,0,13123683,11062136,,11062136,,,,11062136,0,11062136
2024,229027,01011500,The University of Texas at San Antonio,TX,1,,1,NCAA,11115,11932,23047,7,Football,118,,,,118,0,31293,3692629,0,0,3692629,,,,,,17853035,,17853035,,,,17853035,0,17853035,17853035,,17853035,,,,17853035,0,17853035
2024,229018,00993000,The University of Texas Permian Basin,TX,4,,1,NCAA,1157,1765,2922,7,Football,156,,,,156,0,2498,389610,0,0,389610,,,,,,1700260,,1700260,,,,1700260,0,1700260,3173171,,3173171,,,,3173171,0,3173171
2024,221519,00353400,The University of the South,TN,6,,1,NCAA,749,844,1593,7,Football,90,,,,90,0,3455,310938,0,0,310938,,,,,,881081,,881081,,,,881081,0,881081,881081,,881081,,,,881081,0,881081
2024,216357,00337600,Thiel College,PA,6,,1,NCAA,406,376,782,7,Football,106,,,,106,0,731,77516,0,0,77516,,,,,,417345,,417345,,,,417345,0,417345,417345,,417345,,,,417345,0,417345
2024,157809,00200100,Thomas More University,KY,4,3rd year Provisional member DII,1,NCAA,634,570,1204,7,Football,137,,,,137,0,835,114410,0,0,114410,,,,,,1624190,,1624190,,,,1624190,0,1624190,1550812,,1550812,,,,1550812,0,1550812
2024,141167,00155500,Thomas University,GA,9,,2,NAIA,254,320,574,7,Football,75,,,,75,0,2418,181313,0,0,181313,,,,,,928569,,928569,,,,928569,0,928569,600234,,600234,,,,600234,0,600234
2024,206048,00312100,Tiffin University,OH,4,,1,NCAA,878,807,1685,7,Football,154,,,,154,0,1403,216118,0,0,216118,,,,,,2056060,,2056060,,,,2056060,0,2056060,2056060,,2056060,,,,2056060,0,2056060
2024,164076,00209900,Towson University,MD,2,,1,NCAA,5912,8469,14381,7,Football,106,,,,106,0,8217,870971,0,0,870971,,,,,,5646644,,5646644,,,,5646644,0,5646644,5646644,,5646644,,,,5646644,0,5646644
2024,152567,00183900,Trine University,IN,6,,1,NCAA,1406,879,2285,7,Football,232,,,,232,0,889,206335,0,0,206335,,,,,,832535,,832535,,,,832535,0,832535,811874,,811874,,,,811874,0,811874
2024,130590,00141400,Trinity College,CT,6,,1,NCAA,994,1136,2130,7,Football,104,,,,104,0,2020,210070,0,0,210070,,,,,,1217292,,1217292,,,,1217292,0,1217292,1217292,,1217292,,,,1217292,0,1217292
2024,229267,00364700,Trinity University,TX,6,,1,NCAA,1119,1360,2479,7,Football,124,,,,124,0,5497,681604,0,0,681604,,,,,,1541150,,1541150,,,,1541150,0,1541150,1535345,,1535345,,,,1535345,0,1535345
2024,225308,00357200,Trinity Valley Community College,TX,12,,3,NJCAA,679,1026,1705,7,Football,91,,,,91,0,2131,193941,0,0,193941,,,,,,1132808,,1132808,,,,1132808,0,1132808,1132808,,1132808,,,,1132808,0,1132808
2024,102368,00104700,Troy University,AL,1,,1,NCAA,2568,4444,7012,7,Football,129,,,,129,0,9868,1273008,0,0,1273008,,,,,,12597439,,12597439,,,,12597439,0,12597439,10281345,,10281345,,,,10281345,0,10281345
2024,178615,00249500,Truman State University,MO,4,,1,NCAA,985,1474,2459,7,Football,94,,,,94,0,1957,183974,0,0,183974,,,,,,1409012,,1409012,,,,1409012,0,1409012,1409012,,1409012,,,,1409012,0,1409012
2024,168148,00221900,Tufts University,MA,6,,1,NCAA,2993,3935,6928,7,Football,93,,,,93,0,2457,228471,0,0,228471,,,,,,1252454,,1252454,,,,1252454,0,1252454,1134109,,1134109,,,,1134109,0,1134109
2024,160755,00202900,Tulane University of Louisiana,LA,1,,1,NCAA,2822,4538,7360,7,Football,125,,,,125,0,12533,1566610,0,0,1566610,,,,,,23998569,,23998569,,,,23998569,0,23998569,22676121,,22676121,,,,22676121,0,22676121
2024,221953,00352700,Tusculum University,TN,4,,1,NCAA,417,319,736,7,Football,149,,,,149,0,1296,193040,0,0,193040,,,,,,1697735,,1697735,,,,1697735,0,1697735,1696350,,1696350,,,,1696350,0,1696350
2024,102377,00105000,Tuskegee University,AL,4,,1,NCAA,969,1586,2555,7,Football,143,,,,143,0,1494,213620,0,0,213620,,,,,,2495545,,2495545,,,,2495545,0,2495545,2495545,,2495545,,,,2495545,0,2495545
2024,229355,00364800,Tyler Junior College,TX,12,,3,NJCAA,1873,2986,4859,7,Football,94,,,,94,0,1016,95529,0,0,95529,,,,,,1009556,,1009556,,,,1009556,0,1009556,1009556,,1009556,,,,1009556,0,1009556
2024,196866,00288900,Union College,NY,6,,1,NCAA,1076,955,2031,7,Football,100,,,,100,0,1213,121260,0,0,121260,,,,,,860100,,860100,,,,860100,0,860100,797104,,797104,,,,797104,0,797104
2024,157863,00198800,Union Commonwealth University,KY,9,,2,NAIA,438,267,705,7,Football,164,,,,164,0,1189,195007,0,0,195007,,,,,,3387876,,3387876,,,,3387876,0,3387876,3383778,,3383778,,,,3383778,0,3383778
2024,197027,00289200,United States Merchant Marine Academy,NY,6,,1,NCAA,787,175,962,7,Football,100,,,,100,0,1441,144060,0,0,144060,,,,,,534987,,534987,,,,534987,0,534987,523324,,523324,,,,523324,0,523324
2024,196060,00283500,University at Albany,NY,2,,1,NCAA,5459,6551,12010,7,Football,100,,,,100,0,9939,993921,0,0,993921,,,,,,5650342,,5650342,,,,5650342,0,5650342,4949388,,4949388,,,,4949388,0,4949388
2024,196088,00283700,University at Buffalo,NY,1,,1,NCAA,10261,8483,18744,7,Football,118,,,,118,0,20292,2394433,0,0,2394433,,,,,,14098031,,14098031,,,,14098031,0,14098031,14098031,,14098031,,,,14098031,0,14098031
2024,200800,00312300,University of Akron Main Campus,OH,1,,1,NCAA,4314,3685,7999,7,Football,110,,,,110,0,18997,2089687,0,0,2089687,,,,,,7630898,,7630898,,,,7630898,0,7630898,7630898,,7630898,,,,7630898,0,7630898
2024,100663,00105200,University of Alabama at Birmingham,AL,1,,1,NCAA,3484,6051,9535,7,Football,120,,,,120,0,17747,2129605,0,0,2129605,,,,,,14442335,,14442335,,,,14442335,0,14442335,13162064,,13162064,,,,13162064,0,13162064
2024,104179,00108300,University of Arizona,AZ,1,,1,NCAA,15135,20378,35513,7,Football,113,,,,113,0,56827,6421443,0,0,6421443,,,,,,37795880,,37795880,,,,37795880,0,37795880,37795880,,37795880,,,,37795880,0,37795880
2024,106397,00110800,University of Arkansas,AR,1,,1,NCAA,11595,14697,26292,7,Football,127,,,,127,0,64621,8206839,0,0,8206839,,,,,,90791403,,90791403,,,,90791403,0,90791403,57370871,,57370871,,,,57370871,0,57370871
2024,106485,00108500,University of Arkansas at Monticello,AR,4,,1,NCAA,697,913,1610,7,Football,135,,,,135,0,2266,305968,0,0,305968,,,,,,1569629,,1569629,,,,1569629,0,1569629,1569629,,1569629,,,,1569629,0,1569629
2024,106412,00108600,University of Arkansas at Pine Bluff,AR,2,,1,NCAA,731,904,1635,7,Football,110,,,,110,0,1177,129466,0,0,129466,,,,,,2111782,,2111782,,,,2111782,0,2111782,2111782,,2111782,,,,2111782,0,2111782
2024,110635,00131200,University of California-Berkeley,CA,1,,1,NCAA,13882,17692,31574,7,Football,120,,,,120,0,90136,10816270,0,0,10816270,,,,,,63954618,,63954618,,,,63954618,0,63954618,46721911,,46721911,,,,46721911,0,46721911
2024,110644,00131300,University of California-Davis,CA,2,,1,NCAA,12992,18472,31464,7,Football,116,,,,116,0,12565,1457515,0,0,1457515,,,,,,7800036,,7800036,,,,7800036,0,7800036,7800036,,7800036,,,,7800036,0,7800036
2024,110662,00131500,University of California-Los Angeles,CA,1,,1,NCAA,13032,19940,32972,7,Football,121,,,,121,0,69760,8440938,0,0,8440938,,,,,,55205071,,55205071,,,,55205071,0,55205071,55205071,,55205071,,,,55205071,0,55205071
2024,106704,00109200,University of Central Arkansas,AR,2,,1,NCAA,2644,4234,6878,7,Football,165,,,,165,0,5367,885495,0,0,885495,,,,,,4370247,,4370247,,,,4370247,0,4370247,4370247,,4370247,,,,4370247,0,4370247
2024,132903,00395400,University of Central Florida,FL,1,,1,NCAA,19450,22678,42128,7,Football,120,,,,120,0,64652,7758277,0,0,7758277,,,,,,30085713,,30085713,,,,30085713,0,30085713,38695138,,38695138,,,,38695138,0,38695138
2024,176965,00245400,University of Central Missouri,MO,4,,1,NCAA,2300,2557,4857,7,Football,160,,,,160,0,3284,525483,0,0,525483,,,,,,2957122,,2957122,,,,2957122,0,2957122,2957122,,2957122,,,,2957122,0,2957122
2024,206941,00315200,University of Central Oklahoma,OK,4,,1,NCAA,2973,5035,8008,7,Football,143,,,,143,0,2114,302274,0,0,302274,,,,,,2189319,,2189319,,,,2189319,0,2189319,2067924,,2067924,,,,2067924,0,2067924
2024,237312,00381800,University of Charleston,WV,4,,1,NCAA,542,678,1220,7,Football,133,,,,133,0,1647,219106,0,0,219106,,,,,,2158924,,2158924,,,,2158924,0,2158924,2137871,,2137871,,,,2137871,0,2137871
2024,144050,00177400,University of Chicago,IL,6,,1,NCAA,4100,3462,7562,7,Football,92,,,,92,0,3001,276086,0,0,276086,,,,,,767000,,767000,,,,767000,0,767000,767000,,767000,,,,767000,0,767000
2024,201885,00312500,University of Cincinnati-Main Campus,OH,1,,1,NCAA,13739,13233,26972,7,Football,120,,,,120,0,54685,6562255,0,0,6562255,,,,,,30429185,,30429185,,,,30429185,0,30429185,30429185,,30429185,,,,30429185,0,30429185
2024,126614,00137000,University of Colorado Boulder,CO,1,,1,NCAA,15139,13722,28861,7,Football,118,,,,118,0,86145,10165130,0,0,10165130,,,,,,69306235,,69306235,,,,69306235,0,69306235,42805019,,42805019,,,,42805019,0,42805019
2024,129020,00141700,University of Connecticut,CT,1,,1,NCAA,8681,10795,19476,7,Football,113,,,,113,0,38087,4303812,0,0,4303812,,,,,,20479873,,20479873,,,,20479873,0,20479873,20479873,,20479873,,,,20479873,0,20479873
2024,202480,00312700,University of Dayton,OH,2,,1,NCAA,3911,3545,7456,7,Football,119,,,,119,0,7771,924700,0,0,924700,,,,,,524006,,524006,,,,524006,0,524006,2219396,,2219396,,,,2219396,0,2219396
2024,130943,00143100,University of Delaware,DE,2,,1,NCAA,7225,11140,18365,7,Football,110,,,,110,0,9661,1062666,0,0,1062666,,,,,,10126804,,10126804,,,,10126804,0,10126804,10126804,,10126804,,,,10126804,0,10126804
2024,153278,00189100,University of Dubuque,IA,6,,1,NCAA,782,474,1256,7,Football,123,,,,123,0,1155,142092,0,0,142092,,,,,,710224,,710224,,,,710224,0,710224,709070,,709070,,,,709070,0,709070
2024,134130,00153500,University of Florida,FL,1,,1,NCAA,14670,18187,32857,7,Football,131,,,,131,0,85593,11212645,0,0,11212645,,,,,,113351580,,113351580,,,,113351580,0,113351580,51766013,,51766013,,,,51766013,0,51766013
2024,457402,04156300,University of Fort Lauderdale,FL,15,please select sanctioning  body,4,NCCAA,221,62,283,7,Football,50,,,,50,0,3006,150318,0,0,150318,,,,,,332131,,332131,,,,332131,0,332131,332131,,332131,,,,332131,0,332131
2024,139959,00159800,University of Georgia,GA,1,,1,NCAA,13006,17648,30654,7,Football,135,,,,135,0,93222,12584933,0,0,12584933,,,,,,149285887,,149285887,,,,149285887,0,149285887,71107704,,71107704,,,,71107704,0,71107704
2024,141574,00161000,University of Hawaii at Manoa,HI,1,,1,NCAA,5115,7525,12640,7,Football,114,,,,114,0,29838,3401533,0,0,3401533,,,,,,12129152,,12129152,,,,12129152,0,12129152,13857022,,13857022,,,,13857022,0,13857022
2024,225511,00365200,University of Houston,TX,1,,1,NCAA,13592,15850,29442,7,Football,119,,,,119,0,27349,3254511,0,0,3254511,,,,,,23271364,,23271364,,,,23271364,0,23271364,23271364,,23271364,,,,23271364,0,23271364
2024,142285,00162600,University of Idaho,ID,2,,1,NCAA,3749,3557,7306,7,Football,116,,,,116,0,15455,1792729,0,0,1792729,,,,,,6592383,,6592383,,,,6592383,0,6592383,6592383,,6592383,,,,6592383,0,6592383
2024,145637,00177500,University of Illinois Urbana-Champaign,IL,1,,1,NCAA,18419,17200,35619,7,Football,119,,,,119,0,73757,8777025,0,0,8777025,,,,,,87939659,,87939659,,,,87939659,0,87939659,48001399,,48001399,,,,48001399,0,48001399
2024,151263,00180400,University of Indianapolis,IN,4,,1,NCAA,1178,1670,2848,7,Football,120,,,,120,0,1272,152643,0,0,152643,,,,,,2441385,,2441385,,,,2441385,0,2441385,2441385,,2441385,,,,2441385,0,2441385
2024,153658,00189200,University of Iowa,IA,1,,1,NCAA,9139,12002,21141,7,Football,131,,,,131,0,49726,6514116,0,0,6514116,,,,,,105190203,,105190203,,,,105190203,0,105190203,50894414,,50894414,,,,50894414,0,50894414
2024,200156,00299000,University of Jamestown,ND,4,,1,NCAA,565,416,981,7,Football,168,,,,168,0,1027,172479,0,0,172479,,,,,,1812051,,1812051,,,,1812051,0,1812051,1812051,,1812051,,,,1812051,0,1812051
2024,155317,00194800,University of Kansas,KS,1,,1,NCAA,9114,10441,19555,7,Football,122,,,,122,0,67880,8281389,0,0,8281389,,,,,,37107691,,37107691,,,,37107691,0,37107691,34516494,,34516494,,,,34516494,0,34516494
2024,157085,00198900,University of Kentucky,KY,1,,1,NCAA,9689,13649,23338,7,Football,122,,,,122,0,35832,4371474,0,0,4371474,,,,,,43281917,,43281917,,,,43281917,0,43281917,43281917,,43281917,,,,43281917,0,43281917
2024,117140,00121600,University of La Verne,CA,6,,1,NCAA,1057,1572,2629,7,Football,114,,,,114,0,736,83868,0,0,83868,,,,,,730459,,730459,,,,730459,0,730459,658313,,658313,,,,658313,0,658313
2024,160658,00203100,University of Louisiana at Lafayette,LA,1,,1,NCAA,4676,6570,11246,7,Football,142,,,,142,0,21786,3093613,0,0,3093613,,,,,,14846554,,14846554,,,,14846554,0,14846554,14846554,,14846554,,,,14846554,0,14846554
2024,159993,00202000,University of Louisiana at Monroe,LA,1,,1,NCAA,1563,2557,4120,7,Football,117,,,,117,0,13029,1524451,0,0,1524451,,,,,,7772886,,7772886,,,,7772886,0,7772886,7772886,,7772886,,,,7772886,0,7772886
2024,157289,00199900,University of Louisville,KY,1,,1,NCAA,5373,6924,12297,7,Football,120,,,,120,0,26642,3197094,0,0,3197094,,,,,,33090886,,33090886,,,,33090886,0,33090886,30745125,,30745125,,,,30745125,0,30745125
2024,161253,00205300,University of Maine,ME,2,,1,NCAA,3801,3648,7449,7,Football,110,,,,110,0,11317,1244902,0,0,1244902,,,,,,5815078,,5815078,,,,5815078,0,5815078,5815078,,5815078,,,,5815078,0,5815078
2024,200217,00299200,University of Mary,ND,4,,1,NCAA,848,1250,2098,7,Football,90,,,,90,0,2504,225329,0,0,225329,,,,,,1712584,,1712584,,,,1712584,0,1712584,1712584,,1712584,,,,1712584,0,1712584
2024,226471,00358800,University of Mary Hardin-Baylor,TX,6,,1,NCAA,1005,1615,2620,7,Football,167,,,,167,0,1940,324010,0,0,324010,,,,,,1481071,,1481071,,,,1481071,0,1481071,1481071,,1481071,,,,1481071,0,1481071
2024,163286,00210300,University of Maryland-College Park,MD,1,,1,NCAA,14628,14450,29078,7,Football,120,,,,120,0,49673,5960732,0,0,5960732,,,,,,63070858,,63070858,,,,63070858,0,63070858,35502618,,35502618,,,,35502618,0,35502618
2024,166629,00222100,University of Massachusetts-Amherst,MA,1,,1,NCAA,10849,11817,22666,7,Football,111,,,,111,0,17377,1928875,0,0,1928875,,,,,,13419026,,13419026,,,,13419026,0,13419026,13419026,,13419026,,,,13419026,0,13419026
2024,167987,00221000,University of Massachusetts-Dartmouth,MA,6,,1,NCAA,2247,2369,4616,7,Football,114,,,,114,0,1081,123234,0,0,123234,,,,,,327868,,327868,,,,327868,0,327868,310502,,310502,,,,310502,0,310502
2024,220862,00350900,University of Memphis,TN,1,,1,NCAA,4219,6224,10443,7,Football,165,,,,165,0,14171,2338239,0,0,2338239,,,,,,22026675,,22026675,,,,22026675,0,22026675,22026675,,22026675,,,,22026675,0,22026675
2024,135726,00153600,University of Miami,FL,1,,1,NCAA,5712,6854,12566,7,Football,127,,,,127,0,58090,7377416,0,0,7377416,,,,,,99864288,,99864288,,,,99864288,0,99864288,88117956,,88117956,,,,88117956,0,88117956
2024,170976,00232500,University of Michigan-Ann Arbor,MI,1,,1,NCAA,15027,17890,32917,7,Football,139,,,,139,0,63794,8867426,0,0,8867426,,,,,,175299592,,175299592,,,,175299592,0,175299592,61663186,,61663186,,,,61663186,0,61663186
2024,174233,00238800,University of Minnesota-Duluth,MN,4,,1,NCAA,3556,3418,6974,7,Football,101,,,,101,0,3299,333184,0,0,333184,,,,,,2378695,,2378695,,,,2378695,0,2378695,2378695,,2378695,,,,2378695,0,2378695
2024,174251,00238900,University of Minnesota-Morris,MN,6,,1,NCAA,422,461,883,7,Football,71,,,,71,0,1309,92937,0,0,92937,,,,,,307419,,307419,,,,307419,0,307419,291451,,291451,,,,291451,0,291451
2024,174066,00396900,University of Minnesota-Twin Cities,MN,1,,1,NCAA,13657,16155,29812,7,Football,117,,,,117,0,63295,7405502,0,0,7405502,,,,,,101726085,,101726085,,,,101726085,0,101726085,45452693,,45452693,,,,45452693,0,45452693
2024,176017,00244000,University of Mississippi,MS,1,,1,NCAA,8681,11767,20448,7,Football,126,,,,126,0,76420,9628935,0,0,9628935,,,,,,90702621,,90702621,,,,90702621,0,90702621,61846036,,61846036,,,,61846036,0,61846036
2024,178396,00251600,University of Missouri-Columbia,MO,1,,1,NCAA,10330,12648,22978,7,Football,122,,,,122,0,59839,7300308,0,0,7300308,,,,,,53301146,,53301146,,,,53301146,0,53301146,49316139,,49316139,,,,49316139,0,49316139
2024,204185,00308300,University of Mount Union,OH,6,,1,NCAA,1004,974,1978,7,Football,200,,,,200,0,1126,225123,0,0,225123,,,,,,1024071,,1024071,,,,1024071,0,1024071,1024071,,1024071,,,,1024071,0,1024071
2024,181215,00255100,University of Nebraska at Kearney,NE,4,,1,NCAA,1429,2201,3630,7,Football,133,,,,133,0,2846,378560,0,0,378560,,,,,,2453138,,2453138,,,,2453138,0,2453138,2453138,,2453138,,,,2453138,0,2453138
2024,181464,00256500,University of Nebraska-Lincoln,NE,1,,1,NCAA,9185,9205,18390,7,Football,155,,,,155,0,65112,10092299,0,0,10092299,,,,,,122283973,,122283973,,,,122283973,0,122283973,70574668,,70574668,,,,70574668,0,70574668
2024,182281,00256900,University of Nevada-Las Vegas,NV,1,,1,NCAA,8699,11322,20021,7,Football,113,,,,113,0,45978,5195487,0,0,5195487,,,,,,24707431,,24707431,,,,24707431,0,24707431,20854643,,20854643,,,,20854643,0,20854643
2024,182290,00256800,University of Nevada-Reno,NV,1,,1,NCAA,6256,7516,13772,7,Football,117,,,,117,0,31762,3716127,0,0,3716127,,,,,,13624871,,13624871,,,,13624871,0,13624871,12983551,,12983551,,,,12983551,0,12983551
2024,161457,00205000,University of New England,ME,6,,1,NCAA,670,1444,2114,7,Football,106,,,,106,0,1104,117009,0,0,117009,,,,,,761340,,761340,,,,761340,0,761340,777433,,777433,,,,777433,0,777433
2024,183044,00258900,University of New Hampshire-Main Campus,NH,2,,1,NCAA,4867,6209,11076,7,Football,105,,,,105,0,12854,1349721,0,0,1349721,,,,,,6707517,,6707517,,,,6707517,0,6707517,6707517,,6707517,,,,6707517,0,6707517
2024,129941,00139700,University of New Haven,CT,4,,1,NCAA,1753,2809,4562,7,Football,151,,,,151,0,2270,342756,0,0,342756,,,,,,3018239,,3018239,,,,3018239,0,3018239,3018239,,3018239,,,,3018239,0,3018239
2024,187985,00266300,University of New Mexico-Main Campus,NM,1,,1,NCAA,6123,8068,14191,7,Football,117,,,,117,0,29552,3457612,0,0,3457612,,,,,,15266440,,15266440,,,,15266440,0,15266440,14730964,,14730964,,,,14730964,0,14730964
2024,101879,00101600,University of North Alabama,AL,2,,1,NCAA,1863,3107,4970,7,Football,126,,,,126,0,6450,812741,0,0,812741,,,,,,3865496,,3865496,,,,3865496,0,3865496,3865496,,3865496,,,,3865496,0,3865496
2024,199120,00297400,University of North Carolina at Chapel Hill,NC,1,,1,NCAA,7844,12263,20107,7,Football,123,,,,123,0,72044,8861353,0,0,8861353,,,,,,63337093,,63337093,,,,63337093,0,63337093,49145749,,49145749,,,,49145749,0,49145749
2024,199139,00297500,University of North Carolina at Charlotte,NC,1,,1,NCAA,10980,10376,21356,7,Football,122,,,,122,0,33594,4098445,0,0,4098445,,,,,,11946167,,11946167,,,,11946167,0,11946167,15571390,,15571390,,,,15571390,0,15571390
2024,199281,00295400,University of North Carolina at Pembroke,NC,4,,1,NCAA,1575,2368,3943,7,Football,113,,,,113,0,1661,187637,0,0,187637,,,,,,1080776,,1080776,,,,1080776,0,1080776,1072818,,1072818,,,,1072818,0,1072818
2024,200280,00300500,University of North Dakota,ND,2,,1,NCAA,3984,3714,7698,7,Football,107,,,,107,0,10287,1100662,0,0,1100662,,,,,,6918220,,6918220,,,,6918220,0,6918220,6918220,,6918220,,,,6918220,0,6918220
2024,227216,00359400,University of North Texas,TX,1,,1,NCAA,13164,15703,28867,7,Football,165,,,,165,0,28795,4751100,0,0,4751100,,,,,,15382425,,15382425,,,,15382425,0,15382425,15382425,,15382425,,,,15382425,0,15382425
2024,127741,00134900,University of Northern Colorado,CO,2,,1,NCAA,1730,3408,5138,7,Football,120,,,,120,0,11614,1393669,0,0,1393669,,,,,,5701876,,5701876,,,,5701876,0,5701876,5701876,,5701876,,,,5701876,0,5701876
2024,154095,00189000,University of Northern Iowa,IA,2,,1,NCAA,2686,4218,6904,7,Football,105,,,,105,0,9788,1027760,0,0,1027760,,,,,,4676780,,4676780,,,,4676780,0,4676780,4676780,,4676780,,,,4676780,0,4676780
2024,174491,00237100,University of Northwestern-St Paul,MN,6,,1,NCAA,596,728,1324,7,Football,77,,,,77,0,1943,149620,0,0,149620,,,,,,439399,,439399,,,,439399,0,439399,430899,,430899,,,,430899,0,430899
2024,152080,00184000,University of Notre Dame,IN,1,,1,NCAA,4512,4293,8805,7,Football,124,,,,124,0,315792,39158153,0,0,39158153,,,,,,195723436,,195723436,,,,195723436,0,195723436,93255797,,93255797,,,,93255797,0,93255797
2024,207500,00318400,University of Oklahoma-Norman Campus,OK,1,,1,NCAA,9790,10639,20429,7,Football,128,,,,128,0,54495,6975401,0,0,6975401,,,,,,126247146,,126247146,,,,126247146,0,126247146,71184826,,71184826,,,,71184826,0,71184826
2024,209551,00322300,University of Oregon,OR,1,,1,NCAA,8487,10943,19430,7,Football,126,,,,126,0,85268,10743801,0,0,10743801,,,,,,119584907,,119584907,,,,119584907,0,119584907,60847472,,60847472,,,,60847472,0,60847472
2024,215062,00337800,University of Pennsylvania,PA,2,,1,NCAA,4636,5559,10195,7,Football,108,,,,108,0,7023,758524,0,0,758524,,,,,,3467861,,3467861,,,,3467861,0,3467861,3467861,,3467861,,,,3467861,0,3467861
2024,157535,00198000,University of Pikeville,KY,9,,2,NAIA,539,569,1108,7,Football,142,,,,142,0,4643,659335,0,0,659335,,,,,,2259144,,2259144,,,,2259144,0,2259144,2259144,,2259144,,,,2259144,0,2259144
2024,215293,00337900,University of Pittsburgh-Pittsburgh Campus,PA,1,,1,NCAA,8277,11487,19764,7,Football,118,,,,118,0,80434,9491212,0,0,9491212,,,,,,57222645,,57222645,,,,57222645,0,57222645,47141722,,47141722,,,,47141722,0,47141722
2024,236328,00379700,University of Puget Sound,WA,6,,1,NCAA,687,888,1575,7,Football,93,,,,93,0,2179,202603,0,0,202603,,,,,,512913,,512913,,,,512913,0,512913,512913,,512913,,,,512913,0,512913
2024,121691,00132200,University of Redlands,CA,6,,1,NCAA,831,1087,1918,7,Football,141,,,,141,0,1133,159748,0,0,159748,,,,,,795546,,795546,,,,795546,0,795546,756309,,756309,,,,756309,0,756309
2024,217484,00341400,University of Rhode Island,RI,2,,1,NCAA,5271,7486,12757,7,Football,100,,,,100,0,16062,1606230,0,0,1606230,,,,,,6882246,,6882246,,,,6882246,0,6882246,6882246,,6882246,,,,6882246,0,6882246
2024,233374,00374400,University of Richmond,VA,2,,1,NCAA,1324,1563,2887,7,Football,89,,,,89,0,12058,1073173,0,0,1073173,,,,,,8556304,,8556304,,,,8556304,0,8556304,8556304,,8556304,,,,8556304,0,8556304
2024,195030,00289400,University of Rochester,NY,6,,1,NCAA,2950,3172,6122,7,Football,113,,,,113,0,1443,163061,0,0,163061,,,,,,582640,,582640,,,,582640,0,582640,567507,,567507,,,,567507,0,567507
2024,152336,00183200,University of Saint Francis-Fort Wayne,IN,9,,2,NAIA,493,947,1440,7,Football,160,,,,160,0,1577,252304,0,0,252304,,,,,,2175000,,2175000,,,,2175000,0,2175000,2161724,,2161724,,,,2161724,0,2161724
2024,155812,00194300,University of Saint Mary,KS,10,,2,NAIA,426,398,824,7,Football,108,,,,108,0,810,87477,0,0,87477,,,,,,744976,,744976,,,,744976,0,744976,744976,,744976,,,,744976,0,744976
2024,122436,01039500,University of San Diego,CA,2,,1,NCAA,2419,3165,5584,7,Football,99,,,,99,0,8248,816506,0,0,816506,,,,,,2381199,,2381199,,,,2381199,0,2381199,2381199,,2381199,,,,2381199,0,2381199
2024,219383,00346900,University of Sioux Falls,SD,4,,1,NCAA,440,681,1121,7,Football,118,,,,118,0,2431,286834,0,0,286834,,,,,,1951936,,1951936,,,,1951936,0,1951936,1905525,,1905525,,,,1905525,0,1905525
2024,102094,00105700,University of South Alabama,AL,1,,1,NCAA,2909,4881,7790,7,Football,122,,,,122,0,16434,2005002,0,0,2005002,,,,,,13486171,,13486171,,,,13486171,0,13486171,13932976,,13932976,,,,13932976,0,13932976
2024,218663,00344800,University of South Carolina-Columbia,SC,1,,1,NCAA,11726,17289,29015,7,Football,119,,,,119,0,36798,4378958,0,0,4378958,,,,,,76513171,,76513171,,,,76513171,0,76513171,55859501,,55859501,,,,55859501,0,55859501
2024,219471,00347400,University of South Dakota,SD,2,,1,NCAA,1684,3076,4760,7,Football,122,,,,122,0,5083,620112,0,0,620112,,,,,,5990030,,5990030,,,,5990030,0,5990030,5990030,,5990030,,,,5990030,0,5990030
2024,137351,00153700,University of South Florida,FL,1,,1,NCAA,13334,18045,31379,7,Football,130,,,,130,0,69016,8972078,0,0,8972078,,,,,,33352743,,33352743,,,,33352743,0,33352743,33352743,,33352743,,,,33352743,0,33352743
2024,123961,00132800,University of Southern California,CA,1,,1,NCAA,9567,10504,20071,7,Football,116,,,,116,0,49717,5767186,0,0,5767186,,,,,,74014972,,74014972,,,,74014972,0,74014972,74014972,,74014972,,,,74014972,0,74014972
2024,176372,00244100,University of Southern Mississippi,MS,1,,1,NCAA,3208,5471,8679,7,Football,113,,,,113,0,17484,1975712,0,0,1975712,,,,,,11033253,,11033253,,,,11033253,0,11033253,11033253,,11033253,,,,11033253,0,11033253
2024,148584,00166400,University of St Francis,IL,9,,2,NAIA,393,677,1070,7,Football,86,,,,86,0,2013,173076,0,0,173076,,,,,,1529771,,1529771,,,,1529771,0,1529771,1423315,,1423315,,,,1423315,0,1423315
2024,174914,00234500,University of St Thomas,MN,2,,1,NCAA,3072,3054,6126,7,Football,110,,,,110,0,6239,686235,0,0,686235,,,,,,2287073,,2287073,,,,2287073,0,2287073,2287073,,2287073,,,,2287073,0,2287073
2024,156541,00196200,University of the Cumberlands,KY,9,,2,NAIA,1876,3936,5812,7,Football,75,,,,75,0,4191,314322,0,0,314322,,,,,,1401559,,1401559,,,,1401559,0,1401559,1401559,,1401559,,,,1401559,0,1401559
2024,225627,00357800,University of the Incarnate Word,TX,2,,1,NCAA,1408,2587,3995,7,Football,151,,,,151,0,7338,1108098,0,0,1108098,,,,,,6855355,,6855355,,,,6855355,0,6855355,6855355,,6855355,,,,6855355,0,6855355
2024,206084,00313100,University of Toledo,OH,1,,1,NCAA,4250,4409,8659,7,Football,122,,,,122,0,13530,1650705,0,0,1650705,,,,,,12624282,,12624282,,,,12624282,0,12624282,12624282,,12624282,,,,12624282,0,12624282
2024,207971,00318500,University of Tulsa,OK,1,,1,NCAA,1245,1328,2573,7,Football,129,,,,129,0,19238,2481679,0,0,2481679,,,,,,20723869,,20723869,,,,20723869,0,20723869,20723869,,20723869,,,,20723869,0,20723869
2024,230764,00367500,University of Utah,UT,1,,1,NCAA,12375,11294,23669,7,Football,126,,,,126,0,53547,6746923,0,0,6746923,,,,,,95930953,,95930953,,,,95930953,0,95930953,41410554,,41410554,,,,41410554,0,41410554
2024,233897,00374700,University of Virginia's College at Wise,VA,4,,1,NCAA,507,568,1075,7,Football,88,,,,88,0,2436,214380,0,0,214380,,,,,,1291918,,1291918,,,,1291918,0,1291918,1291918,,1291918,,,,1291918,0,1291918
2024,234076,00374500,University of Virginia-Main Campus,VA,1,,1,NCAA,7471,9559,17030,7,Football,127,,,,127,0,47552,6039075,0,0,6039075,,,,,,51441991,,51441991,,,,51441991,0,51441991,33611796,,33611796,,,,33611796,0,33611796
2024,236948,00379800,University of Washington-Seattle Campus,WA,1,,1,NCAA,13000,17141,30141,7,Football,114,,,,114,0,180229,20546056,0,0,20546056,,,,,,121018946,,121018946,,,,121018946,0,121018946,68921774,,68921774,,,,68921774,0,68921774
2024,101587,00102400,University of West Alabama,AL,4,,1,NCAA,629,1778,2407,7,Football,116,,,,116,0,2997,347674,0,0,347674,,,,,,2564085,,2564085,,,,2564085,0,2564085,2503263,,2503263,,,,2503263,0,2503263
2024,138354,00395500,University of West Florida,FL,4,,1,NCAA,2959,3790,6749,7,Football,124,,,,124,0,3285,407315,0,0,407315,,,,,,2598757,,2598757,,,,2598757,0,2598757,2272720,,2272720,,,,2272720,0,2272720
2024,141334,00160100,University of West Georgia,GA,2,,1,NCAA,2312,3613,5925,7,Football,156,,,,156,0,5912,922248,0,0,922248,,,,,,3546805,,3546805,,,,3546805,0,3546805,3546805,,3546805,,,,3546805,0,3546805
2024,240268,00391700,University of Wisconsin-Eau Claire,WI,6,,1,NCAA,3335,4989,8324,7,Football,124,,,,124,0,1761,218304,0,0,218304,,,,,,971643,,971643,,,,971643,0,971643,958002,,958002,,,,958002,0,958002
2024,240329,00391900,University of Wisconsin-La Crosse,WI,6,,1,NCAA,3868,5112,8980,7,Football,115,,,,115,0,2008,230892,0,0,230892,,,,,,878256,,878256,,,,878256,0,878256,751785,,751785,,,,751785,0,751785
2024,240444,00389500,University of Wisconsin-Madison,WI,1,,1,NCAA,16303,18893,35196,7,Football,122,,,,122,0,54431,6640545,0,0,6640545,,,,,,112319593,,112319593,,,,112319593,0,112319593,40903448,,40903448,,,,40903448,0,40903448
2024,240365,00392000,University of Wisconsin-Oshkosh,WI,6,,1,NCAA,2539,3398,5937,7,Football,131,,,,131,0,1896,248391,0,0,248391,,,,,,927655,,927655,,,,927655,0,927655,756031,,756031,,,,756031,0,756031
2024,240462,00392100,University of Wisconsin-Platteville,WI,6,,1,NCAA,3351,2012,5363,7,Football,115,,,,115,0,1359,156278,0,0,156278,,,,,,1079510,,1079510,,,,1079510,0,1079510,1048139,,1048139,,,,1048139,0,1048139
2024,240471,00392300,University of Wisconsin-River Falls,WI,6,,1,NCAA,1486,2433,3919,7,Football,121,,,,121,0,1180,142819,0,0,142819,,,,,,617693,,617693,,,,617693,0,617693,617693,,617693,,,,617693,0,617693
2024,240480,00392400,University of Wisconsin-Stevens Point,WI,6,,1,NCAA,2947,3656,6603,7,Football,123,,,,123,0,636,78270,0,0,78270,,,,,,615505,,615505,,,,615505,0,615505,603847,,603847,,,,603847,0,603847
2024,240417,00391500,University of Wisconsin-Stout,WI,16,,4,NCCAA,2805,2058,4863,7,Football,140,,,,140,0,1548,216682,0,0,216682,,,,,,664638,,664638,,,,664638,0,664638,664638,,664638,,,,664638,0,664638
2024,240189,00392600,University of Wisconsin-Whitewater,WI,6,,1,NCAA,4334,4096,8430,7,Football,112,,,,112,0,1194,133675,0,0,133675,,,,,,719157,,719157,,,,719157,0,719157,687482,,687482,,,,687482,0,687482
2024,240727,00393200,University of Wyoming,WY,1,,1,NCAA,3195,3609,6804,7,Football,117,,,,117,0,13073,1529517,0,0,1529517,,,,,,16630620,,16630620,,,,16630620,0,16630620,13091901,,13091901,,,,13091901,0,13091901
2024,154493,00189300,Upper Iowa University,IA,4,,1,NCAA,467,626,1093,7,Football,106,,,,106,0,1484,157306,0,0,157306,,,,,,1447955,,1447955,,,,1447955,0,1447955,1415825,,1415825,,,,1415825,0,1415825
2024,216524,00338500,Ursinus College,PA,6,,1,NCAA,774,713,1487,7,Football,161,,,,161,0,852,137133,0,0,137133,,,,,,650877,,650877,,,,650877,0,650877,650877,,650877,,,,650877,0,650877
2024,230728,00367700,Utah State University,UT,1,,1,NCAA,7713,8797,16510,7,Football,110,,,,110,0,20551,2260580,0,0,2260580,,,,,,17310081,,17310081,,,,17310081,0,17310081,17310081,,17310081,,,,17310081,0,17310081
2024,230171,00367100,Utah Tech University,UT,2,,1,NCAA,2770,4171,6941,7,Football,109,,,,109,0,9920,1081234,0,0,1081234,,,,,,4730346,,4730346,,,,4730346,0,4730346,4730346,,4730346,,,,4730346,0,4730346
2024,197045,00288300,Utica University,NY,6,,1,NCAA,943,1137,2080,7,Football,170,,,,170,0,1160,197229,0,0,197229,,,,,,810703,,810703,,,,810703,0,810703,712460,,712460,,,,712460,0,712460
2024,141264,00159900,Valdosta State University,GA,4,,1,NCAA,1680,3557,5237,7,Football,143,,,,143,0,2718,388692,0,0,388692,,,,,,2179318,,2179318,,,,2179318,0,2179318,2179318,,2179318,,,,2179318,0,2179318
2024,200572,00300800,Valley City State University,ND,10,,2,NAIA,377,405,782,7,Football,110,,,,110,0,1452,159700,0,0,159700,,,,,,802502,,802502,,,,802502,0,802502,773915,,773915,,,,773915,0,773915
2024,152600,00184200,Valparaiso University,IN,2,,1,NCAA,891,1164,2055,7,Football,132,,,,132,0,3148,415538,0,0,415538,,,,,,1554610,,1554610,,,,1554610,0,1554610,1559690,,1559690,,,,1559690,0,1559690
2024,221999,00353500,Vanderbilt University,TN,1,,1,NCAA,3402,3764,7166,7,Football,116,,,,116,0,48871,5669062,0,0,5669062,,,,,,44124525,,44124525,,,,44124525,0,44124525,44124525,,44124525,,,,44124525,0,44124525
2024,125028,00133400,Ventura College,CA,17,,8,other,1472,1652,3124,7,Football,114,,,,114,0,893,101845,0,0,101845,,,,,,301666,,301666,,,,301666,0,301666,301666,,301666,,,,301666,0,301666
2024,231165,00369800,Vermont State University,VT,8,"4 schools, 3  NCAAlll, one with football, 1 USCAA",8,other,1291,1414,2705,7,Football,102,,,,102,0,1282,130757,0,0,130757,,,,,,431621,,431621,,,,431621,0,431621,371121,,371121,,,,371121,0,371121
2024,125091,00133500,Victor Valley College,CA,17,,8,other,559,878,1437,7,Football,74,,,,74,0,829,61344,0,0,61344,,,,,,169815,,169815,,,,169815,0,169815,166104,,166104,,,,166104,0,166104
2024,216597,00338800,Villanova University,PA,2,,1,NCAA,3066,3664,6730,7,Football,96,,,,96,0,10769,1033777,0,0,1033777,,,,,,8800183,,8800183,,,,8800183,0,8800183,8800183,,8800183,,,,8800183,0,8800183
2024,234085,00375300,Virginia Military Institute,VA,2,,1,NCAA,1307,220,1527,7,Football,105,,,,105,0,5649,593193,0,0,593193,,,,,,5394538,,5394538,,,,5394538,0,5394538,5394538,,5394538,,,,5394538,0,5394538
2024,233921,00375400,Virginia Polytechnic Institute and State University,VA,1,,1,NCAA,16988,13126,30114,7,Football,124,,,,124,0,85067,10548247,0,0,10548247,,,,,,79735756,,79735756,,,,79735756,0,79735756,37803976,,37803976,,,,37803976,0,37803976
2024,234155,00376400,Virginia State University,VA,4,,1,NCAA,2017,2859,4876,7,Football,132,,,,132,0,2731,360513,0,0,360513,,,,,,1827489,,1827489,,,,1827489,0,1827489,1827489,,1827489,,,,1827489,0,1827489
2024,234164,00376600,Virginia Union University,VA,4,,1,NCAA,553,583,1136,7,Football,113,,,,113,0,3622,409323,0,0,409323,,,,,,1837833,,1837833,,,,1837833,0,1837833,1617306,,1617306,,,,1617306,0,1617306
2024,234137,00376200,Virginia University of Lynchburg,VA,15,,4,NCCAA,98,10,108,7,Football,110,,,,110,0,1574,173123,0,0,173123,,,,,,598500,,598500,,,,598500,0,598500,517894,,517894,,,,517894,0,517894
2024,197197,00289900,Wagner College,NY,2,,1,NCAA,632,978,1610,7,Football,167,,,,167,0,989,165138,0,0,165138,,,,,,4489660,,4489660,,,,4489660,0,4489660,4489660,,4489660,,,,4489660,0,4489660
2024,199847,00297800,Wake Forest University,NC,1,,1,NCAA,2427,2986,5413,7,Football,130,,,,130,0,26712,3472586,0,0,3472586,,,,,,39399925,,39399925,,,,39399925,0,39399925,39399925,,39399925,,,,39399925,0,39399925
2024,154518,00189500,Waldorf University,IA,9,,2,NAIA,754,499,1253,7,Football,102,,,,102,0,879,89652,0,0,89652,,,,,,1375189,,1375189,,,,1375189,0,1375189,1375189,,1375189,,,,1375189,0,1375189
2024,206437,00313500,Walsh University,OH,4,,1,NCAA,704,599,1303,7,Football,128,,,,128,0,1601,204990,0,0,204990,,,,,,1809280,,1809280,,,,1809280,0,1809280,1717584,,1717584,,,,1717584,0,1717584
2024,138275,00884800,Warner University,FL,9,,2,NAIA,393,314,707,7,Football,142,,,,142,0,1735,246322,0,0,246322,,,,,,993727,,993727,,,,993727,0,993727,632946,,632946,,,,632946,0,632946
2024,154527,00189600,Wartburg College,IA,6,,1,NCAA,767,637,1404,7,Football,184,,,,184,0,967,177871,0,0,177871,,,,,,557787,,557787,,,,557787,0,557787,557787,,557787,,,,557787,0,557787
2024,156082,00194900,Washburn University,KS,4,,1,NCAA,1302,2510,3812,7,Football,135,,,,135,0,3531,476735,0,0,476735,,,,,,2802770,,2802770,,,,2802770,0,2802770,2802770,,2802770,,,,2802770,0,2802770
2024,216667,00338900,Washington & Jefferson College,PA,6,,1,NCAA,697,591,1288,7,Football,162,,,,162,0,808,130922,0,0,130922,,,,,,616211,,616211,,,,616211,0,616211,610213,,610213,,,,610213,0,610213
2024,234207,00376800,Washington and Lee University,VA,6,,1,NCAA,920,961,1881,7,Football,85,,,,85,0,2497,212203,0,0,212203,,,,,,667954,,667954,,,,667954,0,667954,654373,,654373,,,,654373,0,654373
2024,236939,00380000,Washington State University,WA,1,,1,NCAA,8947,9997,18944,7,Football,124,,,,124,0,34497,4277675,0,0,4277675,,,,,,38831529,,38831529,,,,38831529,0,38831529,22896016,,22896016,,,,22896016,0,22896016
2024,179867,00252000,Washington University in St Louis,MO,6,,1,NCAA,3496,4013,7509,7,Football,106,,,,106,0,1669,176909,0,0,176909,,,,,,875938,,875938,,,,875938,0,875938,849419,,849419,,,,849419,0,849419
2024,229780,00366300,Wayland Baptist University,TX,9,,2,NAIA,735,690,1425,7,Football,142,,,,142,0,1809,256878,0,0,256878,,,,,,1313895,,1313895,,,,1313895,0,1313895,1280795,,1280795,,,,1280795,0,1280795
2024,181783,00256600,Wayne State College,NE,4,,1,NCAA,1190,1610,2800,7,Football,95,,,,95,0,2165,205701,0,0,205701,,,,,,1446909,,1446909,,,,1446909,0,1446909,1446909,,1446909,,,,1446909,0,1446909
2024,172644,00232900,Wayne State University,MI,4,,1,NCAA,5179,7476,12655,7,Football,118,,,,118,0,2831,334112,0,0,334112,,,,,,2520396,,2520396,,,,2520396,0,2520396,2520396,,2520396,,,,2520396,0,2520396
2024,216694,00339100,Waynesburg University,PA,16,,4,NCCAA,483,508,991,7,Football,101,,,,101,0,628,63402,0,0,63402,,,,,,460562,,460562,,,,460562,0,460562,460562,,460562,,,,460562,0,460562
2024,138293,00154000,Webber International University,FL,9,,2,NAIA,570,225,795,7,Football,63,,,,63,0,2758,173765,0,0,173765,,,,,,1941270,,1941270,,,,1941270,0,1941270,1931048,,1931048,,,,1931048,0,1931048
2024,230782,00368000,Weber State University,UT,2,,1,NCAA,4648,6333,10981,7,Football,109,,,,109,0,12386,1350088,0,0,1350088,,,,,,5385486,,5385486,,,,5385486,0,5385486,5385486,,5385486,,,,5385486,0,5385486
2024,130697,00142400,Wesleyan University,CT,6,,1,NCAA,1462,1597,3059,7,Football,108,,,,108,0,1217,131443,0,0,131443,,,,,,1212324,,1212324,,,,1212324,0,1212324,985010,,985010,,,,985010,0,985010
2024,216764,00332800,West Chester University of Pennsylvania,PA,4,,1,NCAA,5422,7578,13000,7,Football,122,,,,122,0,1267,154540,0,0,154540,,,,,,1328427,,1328427,,,,1328427,0,1328427,1175044,,1175044,,,,1175044,0,1175044
2024,237932,00382300,West Liberty University,WV,4,,1,NCAA,578,876,1454,7,Football,97,,,,97,0,1223,118614,0,0,118614,,,,,,1590971,,1590971,,,,1590971,0,1590971,1590971,,1590971,,,,1590971,0,1590971
2024,125471,00859600,West Los Angeles College,CA,17,,8,other,665,912,1577,7,Football,48,,,,48,0,805,38644,0,0,38644,,,,,,128861,,128861,,,,128861,0,128861,126233,,126233,,,,126233,0,126233
2024,229814,00366500,West Texas A & M University,TX,4,,1,NCAA,2228,3147,5375,7,Football,138,,,,138,0,3418,471622,0,0,471622,,,,,,2162920,,2162920,,,,2162920,0,2162920,2162920,,2162920,,,,2162920,0,2162920
2024,237899,00382600,West Virginia State University,WV,4,,1,NCAA,538,674,1212,7,Football,129,,,,129,0,1952,251847,0,0,251847,,,,,,1575870,,1575870,,,,1575870,0,1575870,1550825,,1550825,,,,1550825,0,1550825
2024,238032,00382700,West Virginia University,WV,1,,1,NCAA,8212,8599,16811,7,Football,127,,,,127,0,32151,4083125,0,0,4083125,,,,,,47642113,,47642113,,,,47642113,0,47642113,35250569,,35250569,,,,35250569,0,35250569
2024,237969,00383000,West Virginia Wesleyan College,WV,4,,1,NCAA,466,483,949,7,Football,127,,,,127,0,1654,210040,0,0,210040,,,,,,1117905,,1117905,,,,1117905,0,1117905,1117905,,1117905,,,,1117905,0,1117905
2024,200004,00298100,Western Carolina University,NC,2,,1,NCAA,3594,4661,8255,7,Football,120,,,,120,0,7273,872749,0,0,872749,,,,,,3907722,,3907722,,,,3907722,0,3907722,3907722,,3907722,,,,3907722,0,3907722
2024,128391,00137200,Western Colorado University,CO,4,,1,NCAA,822,612,1434,7,Football,147,,,,147,0,1651,242634,0,0,242634,,,,,,2121742,,2121742,,,,2121742,0,2121742,2121742,,2121742,,,,2121742,0,2121742
2024,130776,00138000,Western Connecticut State University,CT,6,,1,NCAA,1593,1588,3181,7,Football,142,,,,142,0,1189,168881,0,0,168881,,,,,,592737,,592737,,,,592737,0,592737,592737,,592737,,,,592737,0,592737
2024,149772,00178000,Western Illinois University,IL,2,,1,NCAA,1550,2186,3736,7,Football,114,,,,114,0,843,96073,0,0,96073,,,,,,3514501,,3514501,,,,3514501,0,3514501,3514501,,3514501,,,,3514501,0,3514501
2024,157951,00200200,Western Kentucky University,KY,1,,1,NCAA,4325,6774,11099,7,Football,112,,,,112,0,30173,3379407,0,0,3379407,,,,,,11040244,,11040244,,,,11040244,0,11040244,11040244,,11040244,,,,11040244,0,11040244
2024,172699,00233000,Western Michigan University,MI,1,,1,NCAA,5256,5715,10971,7,Football,113,,,,113,0,22108,2498192,0,0,2498192,,,,,,11409469,,11409469,,,,11409469,0,11409469,11409469,,11409469,,,,11409469,0,11409469
2024,168254,00222600,Western New England University,MA,6,,1,NCAA,1432,1111,2543,7,Football,120,,,,120,0,1250,149997,0,0,149997,,,,,,602881,,602881,,,,602881,0,602881,561437,,561437,,,,561437,0,561437
2024,188304,00266400,Western New Mexico University,NM,4,,1,NCAA,486,763,1249,7,Football,114,,,,114,0,2608,297285,0,0,297285,,,,,,1966578,,1966578,,,,1966578,0,1966578,1964609,,1964609,,,,1964609,0,1964609
2024,210429,00320900,Western Oregon University,OR,4,,1,NCAA,948,1709,2657,7,Football,128,,,,128,0,5358,685859,0,0,685859,,,,,,2006095,,2006095,,,,2006095,0,2006095,2006095,,2006095,,,,2006095,0,2006095
2024,168263,00218900,Westfield State University,MA,6,,1,NCAA,1435,1754,3189,7,Football,81,,,,81,0,1290,104506,0,0,104506,,,,,,210273,,210273,,,,210273,0,210273,207727,,207727,,,,207727,0,207727
2024,179946,00252300,Westminster College,MO,6,,1,NCAA,362,257,619,7,Football,85,,,,85,0,1206,102534,0,0,102534,,,,,,459305,,459305,,,,459305,0,459305,459305,,459305,,,,459305,0,459305
2024,216807,00339200,Westminster College,PA,6,,1,NCAA,529,504,1033,7,Football,140,,,,140,0,1653,231375,0,0,231375,,,,,,608238,,608238,,,,608238,0,608238,608238,,608238,,,,608238,0,608238
2024,149781,00178100,Wheaton College,IL,6,,1,NCAA,954,1135,2089,7,Football,127,,,,127,0,5031,638926,0,0,638926,,,,,,1339822,,1339822,,,,1339822,0,1339822,1339822,,1339822,,,,1339822,0,1339822
2024,238078,00383100,Wheeling University,WV,4,,1,NCAA,351,231,582,7,Football,130,,,,130,0,2530,328858,0,0,328858,,,,,,2505944,,2505944,,,,2505944,0,2505944,2395945,,2395945,,,,2395945,0,2395945
2024,237066,00380400,Whitworth University,WA,6,,1,NCAA,817,1013,1830,7,Football,128,,,,128,0,2206,282386,0,0,282386,,,,,,986887,,986887,,,,986887,0,986887,974129,,974129,,,,974129,0,974129
2024,216852,00331300,Widener University,PA,6,,1,NCAA,1108,1668,2776,7,Football,107,,,,107,0,348,37234,0,0,37234,,,,,,598387,,598387,,,,598387,0,598387,527052,,527052,,,,527052,0,527052
2024,216931,00339400,Wilkes University,PA,6,,1,NCAA,927,966,1893,7,Football,117,,,,117,0,1984,232150,0,0,232150,,,,,,806512,,806512,,,,806512,0,806512,806512,,806512,,,,806512,0,806512
2024,210401,00322700,Willamette University,OR,6,,1,NCAA,604,974,1578,7,Football,77,,,,77,0,1574,121184,0,0,121184,,,,,,524638,,524638,,,,524638,0,524638,524638,,524638,,,,524638,0,524638
2024,231624,00370500,William & Mary,VA,2,,1,NCAA,2878,4093,6971,7,Football,105,,,,105,0,15317,1608238,0,0,1608238,,,,,,5465674,,5465674,,,,5465674,0,5465674,8965485,,8965485,,,,8965485,0,8965485
2024,179955,00252400,William Jewell College,MO,4,,1,NCAA,459,420,879,7,Football,111,,,,111,0,2326,258210,0,0,258210,,,,,,1949859,,1949859,,,,1949859,0,1949859,1939046,,1939046,,,,1939046,0,1939046
2024,187444,00262500,William Paterson University of New Jersey,NJ,6,,1,NCAA,2120,3116,5236,7,Football,91,,,,91,0,912,83030,0,0,83030,,,,,,396367,,396367,,,,396367,0,396367,394867,,394867,,,,394867,0,394867
2024,154590,00190000,William Penn University,IA,9,,2,NAIA,666,572,1238,7,Football,139,,,,139,0,728,101260,0,0,101260,,,,,,2699754,,2699754,,,,2699754,0,2699754,2689936,,2689936,,,,2689936,0,2689936
2024,179964,00252500,William Woods University,MO,9,,2,NAIA,442,594,1036,7,Football,76,,,,76,0,4363,331599,0,0,331599,,,,,,2017360,,2017360,,,,2017360,0,2017360,1993262,,1993262,,,,1993262,0,1993262
2024,168342,00222900,Williams College,MA,6,,1,NCAA,987,1089,2076,7,Football,87,,,,87,0,1102,95894,0,0,95894,,,,,,703828,,703828,,,,703828,0,703828,703828,,703828,,,,703828,0,703828
2024,206507,00314200,Wilmington College,OH,6,,1,NCAA,457,503,960,7,Football,84,,,,84,0,1488,124957,0,0,124957,,,,,,405568,,405568,,,,405568,0,405568,410525,,410525,,,,410525,0,410525
2024,199962,00298500,Wingate University,NC,4,,1,NCAA,1080,1531,2611,7,Football,200,,,,200,0,976,195262,0,0,195262,,,,,,2203347,,2203347,,,,2203347,0,2203347,2143442,,2143442,,,,2143442,0,2143442
2024,175272,00239400,Winona State University,MN,4,,1,NCAA,1394,3063,4457,7,Football,120,,,,120,0,1768,212164,0,0,212164,,,,,,1766206,,1766206,,,,1766206,0,1766206,1766206,,1766206,,,,1766206,0,1766206
2024,199999,00298600,Winston-Salem State University,NC,4,,1,NCAA,1017,2741,3758,7,Football,116,,,,116,0,1997,231619,0,0,231619,,,,,,2145957,,2145957,,,,2145957,0,2145957,2145957,,2145957,,,,2145957,0,2145957
2024,240338,02136600,Wisconsin Lutheran College,WI,6,,1,NCAA,448,481,929,7,Football,90,,,,90,0,1934,174045,0,0,174045,,,,,,437716,,437716,,,,437716,0,437716,437716,,437716,,,,437716,0,437716
2024,206525,00314300,Wittenberg University,OH,6,,1,NCAA,634,575,1209,7,Football,186,,,,186,0,639,118816,0,0,118816,,,,,,740616,,740616,,,,740616,0,740616,740616,,740616,,,,740616,0,740616
2024,218973,00345700,Wofford College,SC,2,,1,NCAA,870,935,1805,7,Football,118,,,,118,0,5172,610289,0,0,610289,,,,,,7018564,,7018564,,,,7018564,0,7018564,7018564,,7018564,,,,7018564,0,7018564
2024,168421,00223300,Worcester Polytechnic Institute,MA,6,,1,NCAA,3583,1747,5330,7,Football,106,,,,106,0,879,93168,0,0,93168,,,,,,566370,,566370,,,,566370,0,566370,566370,,566370,,,,566370,0,566370
2024,168430,00219000,Worcester State University,MA,6,,1,NCAA,1346,2029,3375,7,Football,93,,,,93,0,538,50078,0,0,50078,,,,,,196228,,196228,,,,196228,0,196228,181499,,181499,,,,181499,0,181499
2024,130794,00142600,Yale University,CT,2,,1,NCAA,3275,3477,6752,7,Football,121,,,,121,0,10342,1251415,0,0,1251415,,,,,,7810316,,7810316,,,,7810316,0,7810316,7810316,,7810316,,,,7810316,0,7810316
2024,206695,00314500,Youngstown State University,OH,2,,1,NCAA,3186,3630,6816,7,Football,123,,,,123,0,8100,996342,0,0,996342,,,,,,5024652,,5024652,,,,5024652,0,5024652,5024652,,5024652,,,,5024652,0,5024652
2024,126119,00134400,Yuba College,CA,17,,8,other,639,842,1481,7,Football,68,,,,68,0,399,27145,0,0,27145,,,,,,82384,,82384,,,,82384,0,82384,82384,,82384,,,,82384,0,82384
